起点类别,起点名称,中文关系,终点类别,终点名称,声明性质,适用范围,确定性,来源,原文页码,原文引用,关系ID,声明ID
状态,滤器压差持续偏低,记载于,来源,MAIB Safety Digest 2013 lubrication and bearing cases,provenance_index,仅在本声明来源及构型范围内使用,stated,02_reports/MAIB_2013_Safety_Digest_lubrication_bearing_cases.pdf,23,consistently low reading on the filter differential oil pressure gauge,edge:0002383b9bed793342da3423,assertion:693531c7758ea41defeb2aca
故障,压气机叶片损坏,适用于,设备,废气涡轮增压器,applicability_index,船用废气涡轮增压器；拆装细节为VTR400示例，必须服从适用机型手册。,stated,01_datasets/marine_diesel_RAG_corpus_All_data/All_data/test/船机帮船舶柴油机废气涡轮增压器振动的主要原因有哪些.md,,由于涡轮叶片上严重积炭或叶片变形、折断、压气机叶轮、叶片变形或损坏等都会使转子质量分布发生变化,edge:001e54c074b6a26e6d453fa3,assertion:d6daa88360ebf43fc29e1f74
状态,两台压缩机供气不足,记载于,来源,MAIB Safety Digest 2013 lubrication and bearing cases,provenance_index,仅在本声明来源及构型范围内使用,stated,02_reports/MAIB_2013_Safety_Digest_lubrication_bearing_cases.pdf,15,Neither compressor had been able to keep up with demand,edge:0023afe7a67d3cc4e28bb19c,assertion:5cce5c813d7c451b21c52ad7
检查方法,检查齿轮箱润滑剂状态,记载于,来源,船机帮船用齿轮箱故障分析与管理对策,provenance_index,仅在本声明来源及构型范围内使用,stated,01_datasets/marine_diesel_RAG_corpus_All_data/All_data/test/船机帮船用齿轮箱故障分析与管理对策.md,,应该经常检查润滑部位是否达到润滑效果，以及润滑剂有无杂质，是否失效，并重点监控滑油温度。,edge:00392be73f0f0060f05da24c,assertion:3ec8beb328f55ab15ef0b1ad
运维措施,按认可设计增设机脚限位器,记载于,来源,船机帮柴油机轴瓦抱轴故障分析,provenance_index,仅在本声明来源及构型范围内使用,stated,01_datasets/marine_diesel_RAG_corpus_All_data/All_data/test/船机帮柴油机轴瓦抱轴故障分析.md,,"需进一步加强对中控制,并增加机脚限位器。",edge:004ec61a28ed5b6328f3b8cb,assertion:4123fdcda617a032898df689
运维措施,按厂家设计配置发电机防凝露加热器,记载于,来源,STAMFORD AGN040 winding insulation system,provenance_index,仅在本声明来源及构型范围内使用,stated,02_reports/STAMFORD_AGN040_winding_insulation.pdf,5,the option of an Anti- Condensation Heater is recommended,edge:0056986a9bfbf67eb52fbe3f,assertion:38c06b17a69fb3013b8ad971
状态,副机冷却水供给中断,促成,状态,副机高温保护停机,secondary_source_statement,文中共享中央淡水冷却回路；须核对本船空压机冷却器与副机回路连接,possible,01_datasets/marine_diesel_RAG_corpus_All_data/All_data/test/船机帮一起副机冷却水失压停车故障的处理和原因分析.md,,"No.1 副机高温冷却淡水低压报警, 温度很快上升, 部分负荷卸载后仍达到停车保护极限温度而自动停车",edge:005a54f38e94c1f423e95421,assertion:07cbe827c576e5d14966dbfb
事故案例,ME2主轴承断油失效,涉及,故障,曲轴主轴承与曲柄销断油,case_index,仅在本声明来源及构型范围内使用,stated,02_reports/MAIB_2022_04_Wight_Sky_multiple_engine_failures.pdf,84,oilway to the main journal and crankpin was blocked off when the bearing shells turned,edge:007693b98b1834db35b777e3,assertion:dc2f67474cc5074d52d6a650
故障,高压共轨燃油泄漏,适用于,设备,高压共轨燃油喷射装置,applicability_index,航浚6008/MAN L32/44CR与CR2.2；轨压数值、扭矩与拆装必须核对本机手册。,stated,01_datasets/marine_diesel_RAG_corpus_All_data/All_data/test/船机帮高压共轨柴油机燃油喷射系统故障分析.md,,高压燃油一旦出现泄漏故障，须及时定位排除，否则将有击伤、火灾甚至爆炸危险。,edge:0080296d49157154c8e418e3,assertion:677406f1268b9c446a3e7807
船舶,Kommandor Susan,发生案例,事故案例,DG1发电机故障与失电,case_index,仅在本声明来源及构型范围内使用,stated,02_reports/MAIB_2026_10_Kommandor_Susan_generator_bearing_failure.pdf,1,catastrophic failure of a diesel generator engine,edge:00d2a0af433023ca449122a2,assertion:9adda470c300b6edfd3f1745
运维措施,停用故障主机并查明报警原因,记载于,来源,Windcat 8 connecting rod big-end bearing failure,provenance_index,仅在本声明来源及构型范围内使用,stated,02_reports/MAIB_2018_01_Windcat8_bearing_failure_fire.pdf,11,stop the affected engine when a high oil temperature alarm activates,edge:00d80effa2d037b41400beb1,assertion:fae62305f381afd9a05088b8
运维措施,按机型维护要求保持空气冷却器清洁,作用于,部件,空气冷却器,source_recommendation,船用废气涡轮增压器；拆装细节为VTR400示例，必须服从适用机型手册。,stated,01_datasets/marine_diesel_RAG_corpus_All_data/All_data/test/船机帮船舶柴油机废气涡轮增压器振动的主要原因有哪些.md,,管理中注意压气机进气滤器、叶轮、扩压器、空气冷却器、进气口和排气口、涡轮喷嘴环、叶片等流通部分的清洁，就会防止和消除喘振，也就会使振动消失。,edge:00e7d9a59b3b4884c2c67ba7,assertion:5fcdbfbe773f7340edfb6e3f
检查方法,按本机公差测量曲轴轴向间隙,适用于,设备,柴油机,applicability_index,某型巡逻船试航故障二次报道；排查中已排除的原因不作为本案正向根因，油品及公差不能跨机型使用。,stated,01_datasets/marine_diesel_RAG_corpus_All_data/All_data/test/船机帮柴油机轴瓦抱轴故障分析.md,,检查曲轴轴向间隙，轴向间隙0.04mm，远小于要求值；,edge:011e999c087f53bfb9eb5256,assertion:4942409be0a638a2930075dd
故障,连杆大端轴瓦失效,记载于,来源,Windcat 8 connecting rod big-end bearing failure,provenance_index,仅在本声明来源及构型范围内使用,stated,02_reports/MAIB_2018_01_Windcat8_bearing_failure_fire.pdf,1,A high oil temperature alarm prior to the engine failure,edge:0121eb775f77931affef15a0,assertion:9c3713b608b6e42598164a57
检查方法,隔离断电后测量主开关联锁触点通断,检查,状态,安全停车联锁触点断开,source_check,DG2、施耐德NW08-63和文中扩展箱构型；仅合格电气人员可按本船隔离规程检修。,stated,01_datasets/marine_diesel_RAG_corpus_All_data/All_data/test/船机帮船舶柴油发电机主开关并网合闸失败故障的分析与排查.md,,利用万用表的欧姆档对串联在线圈 MN 的控制信号触点进行通断测量,edge:01352a6db8b5a6c912f6ae23,assertion:0961373013faa45e157cdc42
故障,喷油控制电磁阀小开度卡滞,记载于,来源,船机帮高压共轨柴油机燃油喷射系统故障分析,provenance_index,仅在本声明来源及构型范围内使用,stated,01_datasets/marine_diesel_RAG_corpus_All_data/All_data/test/船机帮高压共轨柴油机燃油喷射系统故障分析.md,,某缸排温偏低，而喷油时长明显大于其他缸时，可能是喷油控制电磁阀堵塞或卡在较小开度位置，需解体清洁活络阀芯,edge:013f7054ad0a3862de76165f,assertion:47e176379f2dba7fbd41a7f3
故障,增压空气流道堵塞,促成,故障,压气机喘振,source_statement,船用废气涡轮增压器；拆装细节为VTR400示例，必须服从适用机型手册。,stated,01_datasets/marine_diesel_RAG_corpus_All_data/All_data/test/船机帮船舶柴油机废气涡轮增压器振动的主要原因有哪些.md,,增压系统流道阻塞是增压器喘振的常见原因。,edge:0158148681f6268f2c64ed1c,assertion:b04ab3f49ec482cb7cd3c254
部件,气阀,记载于,来源,船机帮船舶动力设备日常维护要点与常见故障排除,provenance_index,仅在本声明来源及构型范围内使用,stated,01_datasets/marine_diesel_RAG_corpus_All_data/All_data/test/船机帮船舶动力设备日常维护要点与常见故障排除.md,,按规范调整气门间隙，同时清洗增压器喷嘴环,edge:01670ea8c8e3dbfbbaa6c8a9,assertion:201c9944955025a2ee764629
事故案例,控制空气不足与离合器脱开,涉及,运维措施,修订备用气瓶切换与隔离检查卡,case_index,仅在本声明来源及构型范围内使用,stated,02_reports/MAIB_2013_Safety_Digest_lubrication_bearing_cases.pdf,15,need to isolate the main air cylinder,edge:016cebacf31ca94d3e66e2c5,assertion:bfa154f897bda3f65e5a29ba
检查方法,停机隔离后检查喷油器针阀变形,记载于,来源,船机帮船舶发电机常见故障及对策,provenance_index,仅在本声明来源及构型范围内使用,stated,01_datasets/marine_diesel_RAG_corpus_All_data/All_data/test/船机帮船舶发电机常见故障及对策.md,,卸下喷油嘴并校验其喷油压力，若发现孔道阻塞现象需将喷油嘴进行拆卸，检查针阀和底座有无变形损坏,edge:017ae2b39c29bc18baa936c2,assertion:24dfca809b9204f14c15398a
检查方法,测量遥控电源空载电压,记载于,来源,船机帮某型船主机遥控系统典型故障分析,provenance_index,仅在本声明来源及构型范围内使用,stated,01_datasets/marine_diesel_RAG_corpus_All_data/All_data/test/船机帮某型船主机遥控系统典型故障分析.md,,用福禄克F124型示波器检测各电源模块输出端绝缘正常，输出稳定；测量空载电压，纹波在0.1 V以内；按照各电源模块设计负荷的60%通过电子负载进行带载试验,edge:018c6bf5f2a51c4e897cf7ba,assertion:fe4f65f48f4c45384bfd1ede
设备,控制空气供给与主机离合装置,包含部件,部件,压缩机润滑油排出管,asset_index,仅在本声明来源及构型范围内使用,stated,02_reports/MAIB_2013_Safety_Digest_lubrication_bearing_cases.pdf,14,ro-ro passenger ferry,edge:019eb8a3a379bfb563a98ce3,assertion:1bde8c3788b222f66df87913
影响因素,增压器长期停运缺少适当维护,导致,故障,增压器转子弯曲变形,source_statement,船用废气涡轮增压器；拆装细节为VTR400示例，必须服从适用机型手册。,possible,01_datasets/marine_diesel_RAG_corpus_All_data/All_data/test/船机帮船舶柴油机废气涡轮增压器振动的主要原因有哪些.md,,增压器转子就会由于长期不运转其自重使其产生弯曲变形，破坏了转子与壳体、气封等的配合间隙，使转子失中。,edge:01a2dda8bc120d238a232b3a,assertion:4f0af8e685a7dab0ce40d222
运维措施,安装前清洁增压器轴承箱,适用于,设备,废气涡轮增压器,applicability_index,船用废气涡轮增压器；拆装细节为VTR400示例，必须服从适用机型手册。,stated,01_datasets/marine_diesel_RAG_corpus_All_data/All_data/test/船机帮船舶柴油机废气涡轮增压器振动的主要原因有哪些.md,,在重新安装前应把轴承箱清洁干净，轴承备件准备好,edge:01a313d97d7eefd3516d90e9,assertion:4d631c16325353a9581ded41
设备,右舷可调螺距桨液压装置,是概念的实例,设备,右舷可调螺距桨液压装置,concept_alignment,仅在本声明来源及构型范围内使用,stated,02_reports/MAIB_2015_22_Pride_of_Canterbury_CPP_hydraulic_fire.pdf,30,Pride of Canterbury,edge:01c0a68bbac56d431042858f,assertion:d83af8e46942807739165fa4
故障,电容内部电弧与介质汽化,记载于,来源,RMS Queen Mary 2 harmonic-filter capacitor failure and blackout,provenance_index,仅在本声明来源及构型范围内使用,stated,02_reports/MAIB_2011_28_Queen_Mary_2_harmonic_filter_failure.pdf,13,Internal arcing between the capacitor plates developed,edge:01c4131130bbc8839eaad332,assertion:83091c303cb558cd88d6b6b6
故障,主机离合器脱开,适用于,设备,控制空气供给与主机离合装置,applicability_index,本报告案例，不外推为所有船舶已证实根因,stated,02_reports/MAIB_2013_Safety_Digest_lubrication_bearing_cases.pdf,14,three main engine clutches disengaged almost simultaneously,edge:01fd2d26281d15dce1e56ae2,assertion:0fc9f65b564b4fb47a661893
检查方法,日常检查排气阀阀壳状态,适用于,设备,共轨柴油机,applicability_index,共轨柴油机排气阀，厂家与具体型号未确定；仅作机理检索测试，不作直接操作授权。,stated,01_datasets/marine_diesel_RAG_corpus_All_data/All_data/test/船机帮船用共轨柴油机排气阀常见故障与排除.md,,包括对喷油器、排气阀阀杆、弹簧、阀壳等检查，确保各部件工况正常。,edge:022dbf0275c4f1ecdc5809e5,assertion:c1db41eb7a5f0a78a34c1bed
运维措施,航行中保持驾驶台值守与报警响应,记载于,来源,MAIB Safety Digest 2016 generator oil fire case,provenance_index,仅在本声明来源及构型范围内使用,stated,02_reports/MAIB_2016_Safety_Digest_generator_oil_fire.pdf,60,Never leave the wheelhouse unmanned when underway,edge:0234ce30c5a56625335d4330,assertion:ffbe78b06315a0364d209a71
状态,遥控电源带载能力下降,促成,状态,主机遥控系统工作不稳定,source_statement,12V20/27、双机双轴双桨定距推进的文中闭环调速构型；信号接口及间隙不可跨机型套用。,stated,01_datasets/marine_diesel_RAG_corpus_All_data/All_data/test/船机帮某型船主机遥控系统典型故障分析.md,,电源绝缘不良、输出不稳、直流电源纹波大、带载能力下降都会导致系统工作不稳甚至崩溃。,edge:0242c1491f98df0819ead72f,assertion:c680999654c5ed60f8ea4e84
故障,排气管未恢复保温,适用于,设备,柴油发电机润滑与排气装置,applicability_index,本报告案例，不外推为所有船舶已证实根因,stated,02_reports/MAIB_2016_Safety_Digest_generator_oil_fire.pdf,28,radiate heat to the protective casing,edge:027b262a4fa62a53f9642223,assertion:12299b2a7d87b78dd4fb46a2
检查方法,检测冷却水硬度和抑制剂浓度,检查,影响因素,冷却水水质或处理不当,source_guidance_statement,MAN四冲程柴油机闭式淡水冷却；水质要求与添加剂须按具体机型手册确认。,guidance,02_reports/MAN_SL2016_623_cooling_water.pdf,3,quality of the freshwater must be checked,edge:02886b3d82f4243c0eb74683,assertion:065f892690dc149d85784d2b
运维措施,将螺旋桨出水风险纳入耐波决策,记载于,来源,Spirit of Discovery loss of propulsion in heavy weather,provenance_index,仅在本声明来源及构型范围内使用,stated,02_reports/MAIB_2026_06_Spirit_of_Discovery_propulsion_loss.pdf,53,includes propeller exposure in wave heights up to 10.5m,edge:028b035df16c6c0740adbea9,assertion:85f50ccb0c59381be5883ee6
影响因素,非原厂轴承材料粘结较弱,是概念的实例,影响因素,非原厂轴承材料粘结较弱,concept_alignment,仅在本声明来源及构型范围内使用,stated,02_reports/MAIB_2026_10_Kommandor_Susan_generator_bearing_failure.pdf,5,most likely root cause for the bearing failure is weak bonding of the copper layer,edge:029221cb8b5e2da1363a3705,assertion:4102534ffbc59089ff7934eb
状态,油路磨粒与污染,促成,故障,主轴承瓦片转位,source_case_statement,本报告案例，不外推为所有船舶已证实根因,possible,02_reports/MAIB_2022_04_Wight_Sky_multiple_engine_failures.pdf,84,silica sand and other abrasive particles embedded in the main bearing shells,edge:02a8c9c24e5b47a01d493db5,assertion:df447f17f07dd214f7448883
运维措施,按认可设计提供发电机总质量支承,作用于,设备,交流发电机,source_manufacturer_recommendation,STAMFORD/AvK发电机：滚动轴承与滑动轴承、单/双轴承构型分别适用，不能跨型号套用。,guidance,02_reports/STAMFORD_AGN076_alternator_bearings.pdf,7,Provide the necessary support for the total mass of the alternator,edge:02af6064b973129ccbc9bed6,assertion:23b76cfead86710cc885984b
故障,主轴承咬死,导致,状态,曲轴与机座需大修,source_guidance_statement,主机滑动轴承；烧瓦是检索用的工程统称，不能把全部轴瓦疲劳、瓦片转位或轴承失效直接标成已证实烧瓦。,guidance,02_reports/MAN_SL2013_569_bearing_wear_monitoring.pdf,2,comprehensive repair of the crankshaft and bearing,edge:02b00113b04bab89dcc8ca4d,assertion:2020a7324b7430c27da0a9e1
状态,缸套油膜难以维持,导致,故障,缸套黏着拉伤,source_statement,船用柴油机摩擦副；二次维修文章，机型及根因须核实；不能以某一症状直接确诊拉缸。,stated,01_datasets/marine_diesel_RAG_corpus_All_data/All_data/test/船机帮船用柴油机的拉缸故障.md,,一旦缺少气缸滑油，不能正常的产生油膜，会造粘着摩擦，最终造成拉缸。,edge:02f61b519005607c06d54db9,assertion:9ee16b75dadf09c73c3b0e64
设备,吊舱推进装置,是概念的实例,设备,吊舱推进装置,concept_alignment,仅在本声明来源及构型范围内使用,stated,02_reports/MAIB_2026_06_Spirit_of_Discovery_propulsion_loss.pdf,42,propellers to come out of the water,edge:0313df3b6503ba1e2854e157,assertion:69e15e95b41c786b01f0e288
故障,活塞咬死,记载于,来源,MAIB Safety Digest 2013 lubrication and bearing cases,provenance_index,仅在本声明来源及构型范围内使用,stated,02_reports/MAIB_2013_Safety_Digest_lubrication_bearing_cases.pdf,21,seizure of several pistons,edge:0319f3e6dceeec8a5fb9011f,assertion:67d37c608e64dbb8b47f7876
状态,船舶高压电网不稳定,是概念的实例,状态,船舶高压电网不稳定,concept_alignment,仅在本声明来源及构型范围内使用,stated,02_reports/MAIB_2011_28_Queen_Mary_2_harmonic_filter_failure.pdf,13,caused general instability in the electrical network,edge:031b6219648a6fe87fdc20c2,assertion:a3fbdc97b37c384160848dd1
状态,发动机超速或缸内液击,促成,故障,扭振减振器失效,source_guidance_statement,MAN L16/24、L21/31、L27/38等通函列明机型；不得推广其维护周期到其它机型。,possible,02_reports/MAN_SL2017_654_torsional_damper.pdf,1,over-speed,edge:032665f74e14066424b65e73,assertion:bc9d70a8db9258143b31316e
状态,失去操纵能力,是概念的实例,状态,失去操纵能力,concept_alignment,仅在本声明来源及构型范围内使用,stated,02_reports/MAIB_2026_06_Spirit_of_Discovery_propulsion_loss.pdf,51,both pods being parked at 90° to the vessel’s heading,edge:0332b5f88c045395669604fb,assertion:3cd92bb75d2bdf04737e4e06
检查方法,取样检测滑油外源污染元素,记载于,来源,船机帮船舶动力系统滑油水污染故障实例分析,provenance_index,仅在本声明来源及构型范围内使用,stated,01_datasets/marine_diesel_RAG_corpus_All_data/All_data/test/船机帮船舶动力系统滑油水污染故障实例分析.md,,油液理化指标、金属磨粒指标、外源污染元素,edge:034cd520d394cb2963a183bf,assertion:4e803b3e13d9d9cf49de214f
运维措施,隔离泄压后按手册扭矩复紧高压燃油接头,应对,故障,高压燃油接头泄漏,source_recommendation,航浚6008/MAN L32/44CR与CR2.2；轨压数值、扭矩与拆装必须核对本机手册。,stated,01_datasets/marine_diesel_RAG_corpus_All_data/All_data/test/船机帮高压共轨柴油机燃油喷射系统故障分析.md,,可先尝试按规定扭力复紧接头；如果没有改善，再拆开检查密封面,edge:03653a541207b3a29175bde4,assertion:5d56cd31154d277bf8f2a184
运维措施,按机型维护要求保持进气滤器清洁,记载于,来源,船机帮船舶柴油机废气涡轮增压器振动的主要原因有哪些,provenance_index,仅在本声明来源及构型范围内使用,stated,01_datasets/marine_diesel_RAG_corpus_All_data/All_data/test/船机帮船舶柴油机废气涡轮增压器振动的主要原因有哪些.md,,管理中注意压气机进气滤器、叶轮、扩压器、空气冷却器、进气口和排气口、涡轮喷嘴环、叶片等流通部分的清洁，就会防止和消除喘振，也就会使振动消失。,edge:036f99f519724c025c67771e,assertion:1b95c35dca4066777a2d415f
检查方法,按说明书进行喷油器试压,记载于,来源,船机帮船用共轨柴油机排气阀常见故障与排除,provenance_index,仅在本声明来源及构型范围内使用,stated,01_datasets/marine_diesel_RAG_corpus_All_data/All_data/test/船机帮船用共轨柴油机排气阀常见故障与排除.md,,喷油器使用前轮机员要严格按照说明书进行试压、雾化试验、密封性等检查,edge:03cb21f0da5de3168d1768a6,assertion:be1fa85a7950de85e97d662a
状态,失去推进,记载于,来源,Spirit of Discovery loss of propulsion in heavy weather,provenance_index,仅在本声明来源及构型范围内使用,stated,02_reports/MAIB_2026_06_Spirit_of_Discovery_propulsion_loss.pdf,42,"port pod automatically shut down, followed shortly afterwards by its starboard pod",edge:03dba2301c3ce6c13e16bfcb,assertion:1d8703977fafd1b835254c95
运维措施,按厂家压差或周期要求更换滑油滤芯,适用于,设备,船舶动力装置,applicability_index,综合维护二次文章，原厂和标准出处未独立证实；不采纳文中统一周期、报警值、压力值、浮动轴承加脂和未经验证改造方案。以下仅用于检索维护主题，由适用机型规程决定具体操作。,stated,01_datasets/marine_diesel_RAG_corpus_All_data/All_data/test/船机帮船舶动力设备日常维护要点与常见故障排除.md,,必须更换滤芯,edge:03f0e8a540aae19ff6ce5966,assertion:bc5396554088f982e853a432
事故案例,谐波滤波电容失效与全船失电,涉及,故障,谐波滤波电容退化,case_index,仅在本声明来源及构型范围内使用,stated,02_reports/MAIB_2011_28_Queen_Mary_2_harmonic_filter_failure.pdf,62,likely to have been caused by one or both,edge:0400b67d4f2714760847e2a6,assertion:c19518e28f65bf74a38972d9
状态,主轴承润滑油膜厚度减小,导致,状态,滑油承载能力下降,source_statement,某型巡逻船试航故障二次报道；排查中已排除的原因不作为本案正向根因，油品及公差不能跨机型使用。,stated,01_datasets/marine_diesel_RAG_corpus_All_data/All_data/test/船机帮柴油机轴瓦抱轴故障分析.md,,"机油粘度下降会导致油膜厚度的减小,机油承载能力降低",edge:04079150cce4b74301bf516a,assertion:d72597cb0af890226080ccc1
故障,应急供电无法启动便携泵,记载于,来源,MAIB Safety Digest 2016 generator oil fire case,provenance_index,仅在本声明来源及构型范围内使用,stated,02_reports/MAIB_2016_Safety_Digest_generator_oil_fire.pdf,40,running on emergency power only,edge:0416dae15e2533a82346bf9b,assertion:8b35650b8a2bd0b0f12d6e17
检查方法,停机隔离后按手册拆检连杆,记载于,来源,船机帮柴油机轴瓦抱轴故障分析,provenance_index,仅在本声明来源及构型范围内使用,stated,01_datasets/marine_diesel_RAG_corpus_All_data/All_data/test/船机帮柴油机轴瓦抱轴故障分析.md,,对故障柴油机进行拆检，拆下柴油机外围管路、气缸盖，拆除活塞、连杆组件和曲轴。,edge:0419c99c887b036cf6c9990c,assertion:1c1eb11ec178e3cc13055958
运维措施,复核联轴器正常与失火工况转矩和热负荷裕量,适用于,系统,电力与控制系统,functional_classification,内燃机-发电机传动链一般机理；证据支持扭振导致失效风险及电气故障转矩冲击，但未建立某大型船主轴联轴器断裂的已证实事故链。,stated,02_reports/STAMFORD_AGN235_torsional_analysis.pdf,7,engine normal and misfire scenarios,edge:042121d51902069d8b4d2cca,assertion:5d765c5a41338fd09ddf42ee
影响因素,缸套铁素体含量超标,增加风险,故障,缸套黏着拉伤,source_statement,船用柴油机摩擦副；二次维修文章，机型及根因须核实；不能以某一症状直接确诊拉缸。,possible,01_datasets/marine_diesel_RAG_corpus_All_data/All_data/test/船机帮船用柴油机的拉缸故障.md,,常见的原因有缸套本身的材质不过关，铸造后的金相组织到不到要求，铁素体含量超标，较高，石墨聚集现象；,edge:04433e3532ae1f8e3ad5017d,assertion:272db108e5eea00de425f2db
故障,连杆小端疲劳断裂,导致,故障,主机灾难性失效,source_case_statement,本报告案例，不外推为所有船舶已证实根因,reported,02_reports/MAIB_2021_02_Finlandia_Seaways_connecting_rod_failure.pdf,9,fracture of the connecting rod small end had led to the sudden failure of the main engine,edge:0447ed4b907debc2da95bff0,assertion:81950e47db29d7c293b68e47
状态,船艏撞击泊位,记载于,来源,MAIB Safety Digest 2013 lubrication and bearing cases,provenance_index,仅在本声明来源及构型范围内使用,stated,02_reports/MAIB_2013_Safety_Digest_lubrication_bearing_cases.pdf,15,ferry’s bow hitting her berth at a speed of 2.5kts,edge:044a236917540da893b3d945,assertion:dfdfd51ed784f729678f63c6
检查方法,修复后进行滑油取样复检,检查,状态,滑油含水污染,source_check,海水冷却的推进柴油机滑油系统；匿名二次报道。文中压力试验参数和标准引用未独立核实，不作为通用操作依据。,stated,01_datasets/marine_diesel_RAG_corpus_All_data/All_data/test/船机帮船舶动力系统滑油水污染故障实例分析.md,,滑油取样复检,edge:046765278f072ca811048237,assertion:079a56581410023710e3f2c4
事故案例,DG1发电机故障与失电,涉及,影响因素,非原厂轴承材料粘结较弱,case_index,仅在本声明来源及构型范围内使用,stated,02_reports/MAIB_2026_10_Kommandor_Susan_generator_bearing_failure.pdf,5,most likely root cause for the bearing failure is weak bonding of the copper layer,edge:047210fa668a86b6392a15d3,assertion:f8d2d636ccf1f09be44ddbe5
故障,海水隔离阀执行器缺陷,记载于,来源,MAIB Safety Digest 2016 generator oil fire case,provenance_index,仅在本声明来源及构型范围内使用,stated,02_reports/MAIB_2016_Safety_Digest_generator_oil_fire.pdf,41,giving an impression that the valve was fully closed when it was not,edge:048ad6f74caf3aabc2c2a3ba,assertion:27e12208483f3b9d403693a0
系统,电力与控制系统,记载于,来源,Spirit of Discovery loss of propulsion in heavy weather,provenance_index,仅在本声明来源及构型范围内使用,stated,02_reports/MAIB_2026_06_Spirit_of_Discovery_propulsion_loss.pdf,42,propellers to come out of the water,edge:04a5f6955bb4126c96902f2a,assertion:c607909cb4c59c8965692256
故障,海水泵密封摩擦副磨损,记载于,来源,船机帮船舶动力系统滑油水污染故障实例分析,provenance_index,仅在本声明来源及构型范围内使用,stated,01_datasets/marine_diesel_RAG_corpus_All_data/All_data/test/船机帮船舶动力系统滑油水污染故障实例分析.md,,海水含固体颗粒加剧摩擦副磨损，导致密封失效；,edge:04b11302d5c90c97b5493e7d,assertion:4eabf82753899896a0c4352e
影响因素,未核验大修零件真伪,相关联,影响因素,装入非原厂轴承,migration_association_not_causation,本报告案例，不外推为所有船舶已证实根因,reported,02_reports/MAIB_2026_10_Kommandor_Susan_generator_bearing_failure.pdf,8,no verification of authenticity for the parts used,edge:04c71c3809c5109b33e420db,assertion:4253725cf11c3d913bd32684
事故案例,谐波滤波电容失效与全船失电,涉及,状态,全部推进电机停机,case_index,仅在本声明来源及构型范围内使用,stated,02_reports/MAIB_2011_28_Queen_Mary_2_harmonic_filter_failure.pdf,13,all four propulsion motors shut down,edge:04f443b4a605e073d56137f0,assertion:44c4f8c76be16e25285bbc01
故障,高温报警线束烧损短路,记载于,来源,MAIB Safety Digest 2013 lubrication and bearing cases,provenance_index,仅在本声明来源及构型范围内使用,stated,02_reports/MAIB_2013_Safety_Digest_lubrication_bearing_cases.pdf,41,causing it to short circuit and set off the alarm,edge:04fc97a7f45a7f3c531fa594,assertion:a0e07d45904bada330f42202
检查方法,按适用规程荧光渗透检测缸套裂纹,记载于,来源,船机帮船舶动力系统滑油水污染故障实例分析,provenance_index,仅在本声明来源及构型范围内使用,stated,01_datasets/marine_diesel_RAG_corpus_All_data/All_data/test/船机帮船舶动力系统滑油水污染故障实例分析.md,,通过超声波探伤或荧光渗透法检查缸套表面及内部裂纹,edge:054576aaee8059eb42e1e2ae,assertion:803d601655705e2a55a36923
运维措施,按本机滤器切换规程平衡滤腔压力,作用于,设备,双联滑油滤器,source_recommendation,综合维护二次文章，原厂和标准出处未独立证实；不采纳文中统一周期、报警值、压力值、浮动轴承加脂和未经验证改造方案。以下仅用于检索维护主题，由适用机型规程决定具体操作。,stated,01_datasets/marine_diesel_RAG_corpus_All_data/All_data/test/船机帮船舶动力设备日常维护要点与常见故障排除.md,,双联滤器切换前需先开启旁通阀平衡压力,edge:0548750ed9f9df8ecf93aedc,assertion:5ff7d0e6599f3280650538f7
故障,油道堵塞,是概念的实例,故障,油道堵塞,concept_alignment,仅在本声明来源及构型范围内使用,stated,02_reports/MAIB_2013_Safety_Digest_lubrication_bearing_cases.pdf,21,rotation of bearing shells and the blockage of oil ways,edge:0556e65e2e0fbb3f82647260,assertion:7309781b450910f84c56252b
影响因素,回油管缺少有效超压释放,是概念的实例,影响因素,回油管缺少有效超压释放,concept_alignment,仅在本声明来源及构型范围内使用,stated,02_reports/MAIB_2015_22_Pride_of_Canterbury_CPP_hydraulic_fire.pdf,29,no means within the system to effectively relieve excess pressure,edge:05804b23b6ae02c8b75d9734,assertion:1c66d98b3a46b211958d8b34
故障,曲轴主轴承与曲柄销断油,导致,故障,主机灾难性失效,source_case_statement,本报告案例，不外推为所有船舶已证实根因,reported,02_reports/MAIB_2022_04_Wight_Sky_multiple_engine_failures.pdf,84,ME2 failed catastrophically due to a sudden loss of lubricating oil supply,edge:0582849827ce9a1f80ce0ff1,assertion:aefb6e58ca3aec0c7736d93e
状态,压缩终了温度下降,导致,状态,燃油着火延迟,source_statement,柴油机水冷机理二次资料；文中80–90℃等数值不能当作所有机型阈值。,possible,01_datasets/marine_diesel_RAG_corpus_All_data/All_data/test/船机帮柴油机冷却水过高或过低的危害.md,,将造成压缩终了温度下降、着火延迟和燃烧条件恶化，导致燃烧不完全、柴油机工作粗暴和排气冒黑烟。,edge:0584ca1dd8562300c8c3e458,assertion:dd664c1b801e5a05b36caba5
运维措施,按本船批准设定恢复冷却报警阈值,记载于,来源,船机帮船舶动力设备日常维护要点与常见故障排除,provenance_index,仅在本声明来源及构型范围内使用,stated,01_datasets/marine_diesel_RAG_corpus_All_data/All_data/test/船机帮船舶动力设备日常维护要点与常见故障排除.md,,更换故障传感器并恢复报警阈值,edge:058b96e0c3ba66955c2de4f3,assertion:c0493eecc881fce53de42903
状态,绕组表面潮湿或污染,记载于,来源,STAMFORD AGN040 winding insulation system,provenance_index,仅在本声明来源及构型范围内使用,stated,02_reports/STAMFORD_AGN040_winding_insulation.pdf,6,Surface moisture,edge:0598db4e1214d234cd795277,assertion:8a5addac517a6a3b0a41f1a6
故障,高压油泵卡死,适用于,设备,高压共轨燃油喷射装置,applicability_index,航浚6008/MAN L32/44CR与CR2.2；轨压数值、扭矩与拆装必须核对本机手册。,stated,01_datasets/marine_diesel_RAG_corpus_All_data/All_data/test/船机帮高压共轨柴油机燃油喷射系统故障分析.md,,保持换油过程温度、粘度平缓变化，防止变化过急造成各阀件卡阻或高压油泵卡死,edge:05a2da34a569e89470e3e3d6,assertion:3eacc8c5a2f53b6a97afb849
故障,增压空气冷却器污损,适用于,设备,试验柴油机,native_dataset_label,Marine Engine Fault Dataset原始标签；不推导未在数据中证明的机理,dataset_label,01_datasets/Marine_Engine_Fault_Data_v1/Marine_Engine_Fault_Data/dataset_index.csv,,"AC_Fouling/AC_Fouling_60_Load.csv,scenario,Air-cooler fouling,60%,single load condition,3,6698,73,""binary (0=pre-anomaly, 1=anomaly)"",Pre-anomaly and anomaly segments.",edge:05b3078f4a7ccee760ffc509,assertion:2cccc0fd4915a40b2457d6fd
设备,冷却报警装置,记载于,来源,船机帮船舶动力设备日常维护要点与常见故障排除,provenance_index,仅在本声明来源及构型范围内使用,stated,01_datasets/marine_diesel_RAG_corpus_All_data/All_data/test/船机帮船舶动力设备日常维护要点与常见故障排除.md,,更换故障传感器并恢复报警阈值,edge:05b6d0688f86715693ff53ae,assertion:b10fe84a90a26e300e4147ab
故障,齿轮径向劈裂,记载于,来源,船机帮船用齿轮箱故障分析与管理对策,provenance_index,仅在本声明来源及构型范围内使用,stated,01_datasets/marine_diesel_RAG_corpus_All_data/All_data/test/船机帮船用齿轮箱故障分析与管理对策.md,,本案例中大齿轮径向裂开的首要原因是金属材料热处理不当。,edge:05bd7beec7eb29ca78242f58,assertion:356bc7e63b96448da07fb312
事故案例,DG1发电机故障与失电,涉及,状态,机舱火灾,case_index,仅在本声明来源及构型范围内使用,stated,02_reports/MAIB_2026_10_Kommandor_Susan_generator_bearing_failure.pdf,1,The failure resulted in an engine room fire and a complete power blackout,edge:05dc5f6f57b8279e50cb5037,assertion:ca8d23d9e7055d790d808364
状态,球鼻艏破损,记载于,来源,MAIB Safety Digest 2016 generator oil fire case,provenance_index,仅在本声明来源及构型范围内使用,stated,02_reports/MAIB_2016_Safety_Digest_generator_oil_fire.pdf,29,bulbous bow was holed,edge:05f8acd30485113b7d7247ab,assertion:b68293d1b578a9b9f0a211db
状态,驾驶台丧失右舷螺距控制,记载于,来源,MAIB Safety Digest 2016 generator oil fire case,provenance_index,仅在本声明来源及构型范围内使用,stated,02_reports/MAIB_2016_Safety_Digest_generator_oil_fire.pdf,20,master lost bridge control of that propeller,edge:062aed63a36c7af8b9fa190d,assertion:9fbf1d9f1e4343d88cd51a1b
故障,CPP倒车响应迟缓,记载于,来源,MAIB Safety Digest 2016 generator oil fire case,provenance_index,仅在本声明来源及构型范围内使用,stated,02_reports/MAIB_2016_Safety_Digest_generator_oil_fire.pdf,29,parameters for astern pitch control had been incorrectly set,edge:0632d8feb40d103cd2d32658,assertion:ea10fba495110cbb3d969ded
检查方法,按电气隔离规程检测发电机绝缘,检查,故障,发电机绕组绝缘劣化,source_check,S6U-PTK与文中船舶发电机经验；部分表述不严谨，不采纳未经原厂确认的轴承结构改造建议。,stated,01_datasets/marine_diesel_RAG_corpus_All_data/All_data/test/船机帮船舶发电机常见故障及对策.md,,确保清洁，定期检测绝缘值,edge:06333356a2fb3e59efecc1d8,assertion:9a99509db5c9eef934ddda00
影响因素,排气阀固定螺栓紧固过度,促成,故障,排气阀阀壳裂纹,source_statement,共轨柴油机排气阀，厂家与具体型号未确定；仅作机理检索测试，不作直接操作授权。,possible,01_datasets/marine_diesel_RAG_corpus_All_data/All_data/test/船机帮船用共轨柴油机排气阀常见故障与排除.md,,阀壳产生裂纹，通常由于安装时将固定螺栓拧得太紧造成的。,edge:064ed60c5ac41da91f83a1af,assertion:7b8bd9e902ab4a9d99a03426
运维措施,严重表面污染时由合格人员拆机清洁定子绕组,记载于,来源,STAMFORD AGN040 winding insulation system,provenance_index,仅在本声明来源及构型范围内使用,stated,02_reports/STAMFORD_AGN040_winding_insulation.pdf,8,the alternator must be removed from the engine and stripped down,edge:066331cdaa42affe6120e25d,assertion:cd5fec1cd91cb2df1de2ceb3
部件,发电机滑动轴承,记载于,来源,STAMFORD AGN076 alternator bearings,provenance_index,仅在本声明来源及构型范围内使用,stated,02_reports/STAMFORD_AGN076_alternator_bearings.pdf,6,hydrostatic jacking equipment is highly recommended,edge:0665eaa5e1ae44fec199ca71,assertion:cc92ec175ed289c12f40b305
运维措施,检查其余机组非原厂轴承并计划更换,记载于,来源,Kommandor Susan catastrophic engine failure and fire,provenance_index,仅在本声明来源及构型范围内使用,stated,02_reports/MAIB_2026_10_Kommandor_Susan_generator_bearing_failure.pdf,6,Check the use of non-Caterpillar bearings in the other engines,edge:06bfeb9647d35f80497b8160,assertion:bde795b7a46a8e44d9b6056d
影响因素,齿轮热处理残余应力控制不当,增加风险,故障,齿轮变形,source_statement,GW系列船用齿轮箱；通用机理与A/B船匿名案例须区分，尺寸不能跨机型套用。,possible,01_datasets/marine_diesel_RAG_corpus_All_data/All_data/test/船机帮船用齿轮箱故障分析与管理对策.md,,如热处理的残余应力控制不当，会引起钢件在一定时间后或在随后的切削加工中产生变形或裂纹,edge:06ed3679f29939fea7dec19b,assertion:9e116bafaaae2d9f4fa56a86
状态,船艏进水,记载于,来源,MAIB Safety Digest 2016 generator oil fire case,provenance_index,仅在本声明来源及构型范围内使用,stated,02_reports/MAIB_2016_Safety_Digest_generator_oil_fire.pdf,19,water ingress into the vessel’s forward spaces,edge:0706108c311e9809d3ba24f1,assertion:623f858677af2333c0c410b6
船舶,Spirit of Discovery,发生案例,事故案例,大风浪中吊舱推进丧失,case_index,仅在本声明来源及构型范围内使用,stated,02_reports/MAIB_2026_06_Spirit_of_Discovery_propulsion_loss.pdf,42,propellers to come out of the water,edge:072b3c1c229c48430ac99759,assertion:305eb8d4bdb449090c6ec05d
运维措施,按机型维护要求保持空气冷却器清洁,适用于,设备,废气涡轮增压器,applicability_index,船用废气涡轮增压器；拆装细节为VTR400示例，必须服从适用机型手册。,stated,01_datasets/marine_diesel_RAG_corpus_All_data/All_data/test/船机帮船舶柴油机废气涡轮增压器振动的主要原因有哪些.md,,管理中注意压气机进气滤器、叶轮、扩压器、空气冷却器、进气口和排气口、涡轮喷嘴环、叶片等流通部分的清洁，就会防止和消除喘振，也就会使振动消失。,edge:073441fdee3ba199daea0cfc,assertion:bd89fffcf2aa4442800e6729
影响因素,齿轮制造加工误差,促成,状态,齿轮偏心,source_statement,GW系列船用齿轮箱；通用机理与A/B船匿名案例须区分，尺寸不能跨机型套用。,possible,01_datasets/marine_diesel_RAG_corpus_All_data/All_data/test/船机帮船用齿轮箱故障分析与管理对策.md,,由于刀具、车床的误差及其安装不当等原因，可能造成齿轮产生偏心、周节误差、基节误差、齿形误差等。,edge:07368e999bcc22470c603a11,assertion:731e078738f17bc0479674a5
故障,主轴承咬死,适用于,系统,润滑与轴承系统,functional_classification,主机滑动轴承；烧瓦是检索用的工程统称，不能把全部轴瓦疲劳、瓦片转位或轴承失效直接标成已证实烧瓦。,stated,02_reports/MAN_SL2013_569_bearing_wear_monitoring.pdf,2,sudden ingress of foreign matter,edge:0754c70f55d3b0d1401902d0,assertion:939bf99c30454c0b5258b63d
事故案例,主机重装后轴承失效与火灾,涉及,故障,主机灾难性失效,case_index,仅在本声明来源及构型范围内使用,stated,02_reports/MAIB_2018_14_Wight_Sky_engine_bearing_fire.pdf,14,resulting in destructive failure,edge:076ab293a18e2f6b1a07dae7,assertion:788ba376f3a4ee4ec3591ba1
状态,发电机滑油低压报警,记载于,来源,MAIB Safety Digest 2016 generator oil fire case,provenance_index,仅在本声明来源及构型范围内使用,stated,02_reports/MAIB_2016_Safety_Digest_generator_oil_fire.pdf,26,low oil pressure alarm on one of the generators,edge:07adc5735cabf5b00eb9e3a3,assertion:620662af2c71b33463c512aa
状态,油雾探测器反复报警,记载于,来源,MAIB Safety Digest 2013 lubrication and bearing cases,provenance_index,仅在本声明来源及构型范围内使用,stated,02_reports/MAIB_2013_Safety_Digest_lubrication_bearing_cases.pdf,21,OMD alarm activated again,edge:07bcdb1f28651d8f1a844605,assertion:da1191d52312a8adc0e8a022
运维措施,按设计要求更换消耗超限的牺牲阳极,记载于,来源,船机帮船舶动力系统滑油水污染故障实例分析,provenance_index,仅在本声明来源及构型范围内使用,stated,01_datasets/marine_diesel_RAG_corpus_All_data/All_data/test/船机帮船舶动力系统滑油水污染故障实例分析.md,,定期检测阳极消耗量，剩余质量不符合要求时立即予以更换,edge:07dcedc76877301391785dbd,assertion:d20fc90d65cf709567501d77
故障,齿轮疲劳裂纹,记载于,来源,船机帮船用齿轮箱故障分析与管理对策,provenance_index,仅在本声明来源及构型范围内使用,stated,01_datasets/marine_diesel_RAG_corpus_All_data/All_data/test/船机帮船用齿轮箱故障分析与管理对策.md,,若齿轮突然过载就可能会超负荷造成突然断裂；若非突然断裂，齿轮重复受过载力，造成应力集中，也会导致疲劳裂纹，进而导致疲劳断裂。,edge:07f59ebfd715dd76162197af,assertion:37277b1dba2fff8f9748dbbf
影响因素,柴油机隔振器支脚压缩高度超差,增加风险,故障,柴油机轴瓦损坏,source_statement,某型巡逻船试航故障二次报道；排查中已排除的原因不作为本案正向根因，油品及公差不能跨机型使用。,possible,01_datasets/marine_diesel_RAG_corpus_All_data/All_data/test/船机帮柴油机轴瓦抱轴故障分析.md,,"在隔振器安装支脚压缩高度严重超差及其他外部原因等多重因素下,引发轴瓦损坏概率增加。",edge:082afda7870feae792bf13a5,assertion:45c2674ac3fd76ab78ff0a2c
状态,缸壁润滑油结焦积炭,导致,状态,气缸零件磨损加快,source_statement,柴油机水冷机理二次资料；文中80–90℃等数值不能当作所有机型阈值。,possible,01_datasets/marine_diesel_RAG_corpus_All_data/All_data/test/船机帮柴油机冷却水过高或过低的危害.md,,由于气缸的温度太高，缸壁上的润滑油容易烧焦、积炭，促使零件磨损加快，严重时会造成拉缸、抱轴和烧瓦等事故。,edge:0838d321d4640b9b47787fea,assertion:bb91a43299764a5cbb5b5f65
运维措施,按机型维护要求保持涡轮喷嘴环清洁,应对,故障,压气机喘振,source_recommendation,船用废气涡轮增压器；拆装细节为VTR400示例，必须服从适用机型手册。,stated,01_datasets/marine_diesel_RAG_corpus_All_data/All_data/test/船机帮船舶柴油机废气涡轮增压器振动的主要原因有哪些.md,,管理中注意压气机进气滤器、叶轮、扩压器、空气冷却器、进气口和排气口、涡轮喷嘴环、叶片等流通部分的清洁，就会防止和消除喘振，也就会使振动消失。,edge:086d7ac919ba9a0878c7a393,assertion:a9fc2c8b503d06a4b704f8e8
影响因素,齿轮回火不及时,记载于,来源,船机帮船用齿轮箱故障分析与管理对策,provenance_index,仅在本声明来源及构型范围内使用,stated,01_datasets/marine_diesel_RAG_corpus_All_data/All_data/test/船机帮船用齿轮箱故障分析与管理对策.md,,回火不及时会使钢件发生变形甚至开裂。,edge:086f1f42183e4788488d5523,assertion:7d71aded9532e36673dc94a3
事故案例,大风浪中吊舱推进丧失,涉及,运维措施,改进吊舱舱底传感器布置,case_index,仅在本声明来源及构型范围内使用,stated,02_reports/MAIB_2026_06_Spirit_of_Discovery_propulsion_loss.pdf,53,Improved the position of the SISHIp eSiPODs bilge sensor arrangements,edge:08939ce2c1c24504ec2a5200,assertion:49b260819225d51c86dddac9
状态,电动锚机无法释放锚,记载于,来源,Kommandor Susan catastrophic engine failure and fire,provenance_index,仅在本声明来源及构型范围内使用,stated,02_reports/MAIB_2026_10_Kommandor_Susan_generator_bearing_failure.pdf,1,anchor winches required electrical power to operate,edge:089c5149756ccbc273b86edf,assertion:67c0f04472f7ceb2b292f85a
状态,两台压缩机供气不足,导致,状态,控制空气压力不足,source_case_statement,本报告案例，不外推为所有船舶已证实根因,reported,02_reports/MAIB_2013_Safety_Digest_lubrication_bearing_cases.pdf,14,air pressure in the main air receiver was dropping,edge:08a4086dab9883276b001604,assertion:4973e658a062ca78009a2927
参数,燃油输送泵压力原始电压信号,表征,设备,试验柴油机,native_variable_dictionary,仅在本声明来源及构型范围内使用,stated,01_datasets/Marine_Engine_Fault_Data_v1/Marine_Engine_Fault_Data/variable_dictionary.csv,,"Fuel transfer pump Press.,Pl_fuel,V,number,TRUE,TRUE,pressure / derived pressure,raw voltage signal associated with fuel-side pressure; not converted to engineering pressure units",edge:08aa94b44d5a3ab4f1b538a7,assertion:d74617dec02f0c50aec21a3d
事故案例,控制空气不足与离合器脱开,涉及,故障,压缩机下端轴承过热失效,case_index,仅在本声明来源及构型范围内使用,stated,02_reports/MAIB_2013_Safety_Digest_lubrication_bearing_cases.pdf,14,bottom end bearing had overheated and failed,edge:08b64b6eacdf454f01730388,assertion:615b6ad0cc278dfd4ed65d31
参数,涡轮前排气能量率,表征,设备,试验柴油机,native_variable_dictionary,仅在本声明来源及构型范围内使用,stated,01_datasets/Marine_Engine_Fault_Data_v1/Marine_Engine_Fault_Data/variable_dictionary.csv,,"Exh.Gas Total Power,Qexh1,kW,number,TRUE,TRUE,other,",edge:08c1274ffb835e19a0f13914,assertion:4dc2108f3fa388735e0ea7d0
设备,ME3主机燃油供给与排气装置,记载于,来源,Stena Europe pressurised fuel spray and engine-room fire,provenance_index,仅在本声明来源及构型范围内使用,stated,02_reports/MAIB_2024_20_Stena_Europe_fuel_spray_fire.pdf,7,fuel leaking under pressure,edge:08d2d1ad9ddd1251a9ef6935,assertion:4c70852a6886c604a37cb7a9
状态,机舱火灾,记载于,来源,Pride of Canterbury CPP hydraulic overpressure and fire,provenance_index,仅在本声明来源及构型范围内使用,stated,02_reports/MAIB_2015_22_Pride_of_Canterbury_CPP_hydraulic_fire.pdf,29,fire was initiated following the spray,edge:08ebe386f104923c61d5bf14,assertion:e049461790fda4ca86a44641
状态,增压器轴承摩擦力矩增大,记载于,来源,船机帮船舶柴油机废气涡轮增压器振动的主要原因有哪些,provenance_index,仅在本声明来源及构型范围内使用,stated,01_datasets/marine_diesel_RAG_corpus_All_data/All_data/test/船机帮船舶柴油机废气涡轮增压器振动的主要原因有哪些.md,,轴承长时间使用后产生磨损、变形、裂纹和烧伤时，使摩擦力矩增大，转速下降，振动和噪声大增。,edge:08ee00d102d4c503fba257f2,assertion:2a8320e2588c01ccfe563d43
故障,活塞偏磨,适用于,设备,柴油机,applicability_index,船用柴油机摩擦副；二次维修文章，机型及根因须核实；不能以某一症状直接确诊拉缸。,stated,01_datasets/marine_diesel_RAG_corpus_All_data/All_data/test/船机帮船用柴油机的拉缸故障.md,,活塞不对中，造成活塞偏磨，甚至活塞裙磨到缸套，造成部分区域拉伤,edge:08fcf03c4ac0d7eb6c2e7afc,assertion:bc55e681df57c3c10597a167
事故案例,主机连杆小端疲劳断裂,涉及,部件,主机A5连杆小端,case_index,仅在本声明来源及构型范围内使用,stated,02_reports/MAIB_2021_02_Finlandia_Seaways_connecting_rod_failure.pdf,9,fracture of the connecting rod small end,edge:0929d75577db8a2c7a23c2ba,assertion:af4bb53d4173589af0d4bd67
参数,其他损失功率,表征,设备,试验柴油机,native_variable_dictionary,仅在本声明来源及构型范围内使用,stated,01_datasets/Marine_Engine_Fault_Data_v1/Marine_Engine_Fault_Data/variable_dictionary.csv,,"Other Loss,Qother,kW,number,TRUE,TRUE,performance / derived,",edge:094b528067b20ca11a9117f6,assertion:cc3a2c2c8a496587c29d04ab
故障,缸套黏着拉伤,表现为,状态,发动机声音沉闷异常,source_statement,船用柴油机摩擦副；二次维修文章，机型及根因须核实；不能以某一症状直接确诊拉缸。,stated,01_datasets/marine_diesel_RAG_corpus_All_data/All_data/test/船机帮船用柴油机的拉缸故障.md,,发动机声音沉闷、异常，有时有震动现象；,edge:097ebe24bfc5d7fba5f5e5ee,assertion:98389a5d858eb8fa4a0f88e8
运维措施,按厂家要求清洁空气预滤器,适用于,设备,柴油发电机,applicability_index,Caterpillar3512冬季维护经验，原始应用场景不一定为船舶；仅提取可迁移维护主题，必须核对船用构型，排除未获批准的自主回油改造及统一数值。,stated,01_datasets/marine_diesel_RAG_corpus_All_data/All_data/test/船机帮冬季卡特柴油发电机组的安全运行.md,,每天检查空气预滤器，根据需要清除一切脏物和碎屑。,edge:0987be8caebbeb3dc105e6ed,assertion:5432d427077946cf6040a03b
影响因素,维护冲洗残留水未排净,促成,状态,滑油含水污染,source_statement,海水冷却的推进柴油机滑油系统；匿名二次报道。文中压力试验参数和标准引用未独立核实，不作为通用操作依据。,possible,01_datasets/marine_diesel_RAG_corpus_All_data/All_data/test/船机帮船舶动力系统滑油水污染故障实例分析.md,,装备冲洗作业残留水未彻底排除即启动润滑系统。,edge:098917c6f3910c342b0e8e30,assertion:954efa2bc8afe4c261a33503
运维措施,仅按原厂更换要求使用合格连杆螺栓,记载于,来源,船机帮船舶动力设备日常维护要点与常见故障排除,provenance_index,仅在本声明来源及构型范围内使用,stated,01_datasets/marine_diesel_RAG_corpus_All_data/All_data/test/船机帮船舶动力设备日常维护要点与常见故障排除.md,,连杆螺栓禁止重复使用，拆卸后强制换新,edge:098d9f9a3efba778de0430bd,assertion:9266219dfc34aa6a72c39bc2
运维措施,按手册调整转速传感器齿顶对中位置,适用于,设备,主机遥控控制装置,applicability_index,12V20/27、双机双轴双桨定距推进的文中闭环调速构型；信号接口及间隙不可跨机型套用。,stated,01_datasets/marine_diesel_RAG_corpus_All_data/All_data/test/船机帮某型船主机遥控系统典型故障分析.md,,通过加垫片将转速传感器感应部向外适当移动,edge:09d368a6545ce7e9e4b35c06,assertion:4de135008ff52fdb38f965e1
影响因素,增压器轴承安装不正确,增加风险,状态,增压器转子对中不良,source_statement,船用废气涡轮增压器；拆装细节为VTR400示例，必须服从适用机型手册。,possible,01_datasets/marine_diesel_RAG_corpus_All_data/All_data/test/船机帮船舶柴油机废气涡轮增压器振动的主要原因有哪些.md,,如果减振弹簧片安装不正确或产生变形、断裂或轴承在减振装置内安装不正确等，都直接影响轴承的位置，因而与转子轴线对中不良，各配合间隙不符合标准，增压器运转时产生振动。,edge:09f685db6606a45197263cb8,assertion:d063f1ad978fdd5f35b709df
参数,发动机冷却水带走热功率,表征,设备,试验柴油机,native_variable_dictionary,仅在本声明来源及构型范围内使用,stated,01_datasets/Marine_Engine_Fault_Data_v1/Marine_Engine_Fault_Data/variable_dictionary.csv,,"Loss with cooling water,Qrej_eng,kW,number,TRUE,TRUE,performance / derived,",edge:0a0339f9768511207b8a1d6a,assertion:77cd449cd2a5cc3d423f3fee
事故案例,控制空气不足与离合器脱开,涉及,状态,两台压缩机供气不足,case_index,仅在本声明来源及构型范围内使用,stated,02_reports/MAIB_2013_Safety_Digest_lubrication_bearing_cases.pdf,15,Neither compressor had been able to keep up with demand,edge:0a0f94500609b680c3ae6102,assertion:f114f05931214ab819cce237
影响因素,冷却水温度骤变,记载于,来源,船机帮船舶动力系统滑油水污染故障实例分析,provenance_index,仅在本声明来源及构型范围内使用,stated,01_datasets/marine_diesel_RAG_corpus_All_data/All_data/test/船机帮船舶动力系统滑油水污染故障实例分析.md,,高温冷却水急冷急热导致密封面产生微观裂纹,edge:0a1919963bec6d2c2a8739da,assertion:1ed54c404c42ef6215eb344e
故障,连杆大端轴瓦失效,适用于,设备,DG1柴油发电机,applicability_index,本报告案例，不外推为所有船舶已证实根因,stated,02_reports/MAIB_2026_10_Kommandor_Susan_generator_bearing_failure.pdf,5,most likely root cause for the bearing failure is weak bonding of the copper layer,edge:0a20b2e85b25ac932f790019,assertion:a9762b7e25245dddd1223e37
检查方法,核验调速器与油泵零位对应关系,适用于,设备,柴油机调速器,applicability_index,调速器维修经验；不同调速器针阀与补偿调节不可照抄，飞车必须执行本船应急规程。,stated,01_datasets/marine_diesel_RAG_corpus_All_data/All_data/test/船机帮船用柴油机调速器的维护与保养十飞车故障.md,,柴油机不能停车——检查调速器“0”位是否与高压油泵“0”位相符合，并检查停车电磁阀及仪表箱电源电压。,edge:0a29a3d24e5111495f96a239,assertion:6baa23f4f85cbed434b6fe41
部件,风扇驱动轴承,记载于,来源,船机帮冬季卡特柴油发电机组的安全运行,provenance_index,仅在本声明来源及构型范围内使用,stated,01_datasets/marine_diesel_RAG_corpus_All_data/All_data/test/船机帮冬季卡特柴油发电机组的安全运行.md,,加注风扇驱动轴承的润滑脂加注嘴,edge:0a491ba232d747dd3ed608eb,assertion:6b679bad8b8c91d82be30553
状态,缸体水套渗水通道形成,记载于,来源,船机帮船舶动力系统滑油水污染故障实例分析,provenance_index,仅在本声明来源及构型范围内使用,stated,01_datasets/marine_diesel_RAG_corpus_All_data/All_data/test/船机帮船舶动力系统滑油水污染故障实例分析.md,,水套腔体砂眼或裂纹在交变应力下扩展，形成渗水通道。,edge:0a64efe505b2976e23fe2366,assertion:5a0bc6d0c192fe8d77cabf48
影响因素,活塞装配对中不当,导致,故障,活塞偏磨,source_statement,船用柴油机摩擦副；二次维修文章，机型及根因须核实；不能以某一症状直接确诊拉缸。,possible,01_datasets/marine_diesel_RAG_corpus_All_data/All_data/test/船机帮船用柴油机的拉缸故障.md,,活塞不对中，造成活塞偏磨，甚至活塞裙磨到缸套，造成部分区域拉伤,edge:0a6bf2c6dca4e59dea3f640b,assertion:885de9f1b58ebfb9b7761667
影响因素,气阀弹簧材质不合格,促成,故障,气阀弹簧断裂,source_statement,共轨柴油机排气阀，厂家与具体型号未确定；仅作机理检索测试，不作直接操作授权。,possible,01_datasets/marine_diesel_RAG_corpus_All_data/All_data/test/船机帮船用共轨柴油机排气阀常见故障与排除.md,,气阀弹簧断裂，大多是因为振动造成的，也可能是因为材质、热处理不符合要求或在保管中锈蚀所致。,edge:0a82a88e29e546d4759552ed,assertion:b7ebb1eba04dee42874166ee
状态,发电机定转子碰摩,导致,故障,发电机内部短路,source_statement,S6U-PTK与文中船舶发电机经验；部分表述不严谨，不采纳未经原厂确认的轴承结构改造建议。,stated,01_datasets/marine_diesel_RAG_corpus_All_data/All_data/test/船机帮船舶发电机常见故障及对策.md,,轴承内的滚珠因碎裂而移位，导致发电机转子下沉，缩短了定子与转子之间的距离，两者摩擦不断加重，最终引起发电机的短路故障。,edge:0a911f6f80d1d673bdc765b9,assertion:80ade866cd4b85148f9a9efe
事故案例,DG1发电机故障与失电,涉及,设备,DG1柴油发电机,case_index,仅在本声明来源及构型范围内使用,stated,02_reports/MAIB_2026_10_Kommandor_Susan_generator_bearing_failure.pdf,1,catastrophic failure of a diesel generator engine,edge:0a946b2aceda05ea64488cd1,assertion:bc620e19bd3592871ba4bf9a
检查方法,测量停车仪表箱电源电压,记载于,来源,船机帮船用柴油机调速器的维护与保养十飞车故障,provenance_index,仅在本声明来源及构型范围内使用,stated,01_datasets/marine_diesel_RAG_corpus_All_data/All_data/test/船机帮船用柴油机调速器的维护与保养十飞车故障.md,,柴油机不能停车——检查调速器“0”位是否与高压油泵“0”位相符合，并检查停车电磁阀及仪表箱电源电压。,edge:0aa185bcfadeac87c7bf107a,assertion:587206c1e82be9f0f362d8bd
检查方法,热成像巡检运行机组裸露热点,记载于,来源,Stena Europe pressurised fuel spray and engine-room fire,provenance_index,仅在本声明来源及构型范围内使用,stated,02_reports/MAIB_2024_20_Stena_Europe_fuel_spray_fire.pdf,32,thermal imaging cameras,edge:0aa99094c4a92ac24fdbeeaa,assertion:a47d0359b6fc334b4c7e366b
状态,单缸排气温度降低,记载于,来源,船机帮5S60ME船用柴油机喷油器故障分析与对策,provenance_index,仅在本声明来源及构型范围内使用,stated,01_datasets/marine_diesel_RAG_corpus_All_data/All_data/test/船机帮5S60ME船用柴油机喷油器故障分析与对策.md,,"高温燃气引起针阀过热，最终卡死在针阀体内,使主机该缸喷油量减少,排温降低,继而主机降速",edge:0acbad1e86819cdc52a02017,assertion:a58b3a26ac2662633859c804
状态,缸套表面防锈油变黑,提示,故障,缸套黏着拉伤,source_statement,船用柴油机摩擦副；二次维修文章，机型及根因须核实；不能以某一症状直接确诊拉缸。,possible,01_datasets/marine_diesel_RAG_corpus_All_data/All_data/test/船机帮船用柴油机的拉缸故障.md,,缸套外表面油漆面变黄，防锈油变黑；,edge:0adf4cb867090e51c2146bb9,assertion:036db738bfd59f4440d63dc2
运维措施,核查CPP法兰额定压力与喷溅防护,适用于,设备,右舷可调螺距桨液压装置,applicability_index,本报告案例，不外推为所有船舶已证实根因,stated,02_reports/MAIB_2015_22_Pride_of_Canterbury_CPP_hydraulic_fire.pdf,35,all CPP system flanges are fitted with protective coverings,edge:0ae29283126457d976263517,assertion:854c0552f33479170a50b214
运维措施,按厂家程序及时降负荷并核查气缸润滑,记载于,来源,MAN SL2016-633 hard-coated piston rings and liner scuffing,provenance_index,仅在本声明来源及构型范围内使用,stated,02_reports/MAN_SL2016_633_piston_rings_scuffing.pdf,2,increased lubrication and reduced load,edge:0af35fe1444102e3d83f38b6,assertion:3cc82ff34df88cf8c31290e5
部件,故障主机5号主轴承,是概念的实例,部件,故障主机5号主轴承,concept_alignment,仅在本声明来源及构型范围内使用,stated,02_reports/MAIB_2018_14_Wight_Sky_engine_bearing_fire.pdf,1,debris in the engine’s oil channels following rebuild,edge:0afa7c719ed8162649ad88e7,assertion:a22c60b151e0b7567c8690ee
状态,泵轴轴向位移超过密封补偿能力,记载于,来源,船机帮船舶动力系统滑油水污染故障实例分析,provenance_index,仅在本声明来源及构型范围内使用,stated,01_datasets/marine_diesel_RAG_corpus_All_data/All_data/test/船机帮船舶动力系统滑油水污染故障实例分析.md,,轴承磨损导致泵轴轴向位移超过密封件补偿能力。,edge:0b0bd4a3e54adcb2cdd07a82,assertion:2bb5c5c2c803ed3dd810938e
运维措施,按本机规程校准冷却恒温阀,适用于,设备,船舶动力装置,applicability_index,综合维护二次文章，原厂和标准出处未独立证实；不采纳文中统一周期、报警值、压力值、浮动轴承加脂和未经验证改造方案。以下仅用于检索维护主题，由适用机型规程决定具体操作。,stated,01_datasets/marine_diesel_RAG_corpus_All_data/All_data/test/船机帮船舶动力设备日常维护要点与常见故障排除.md,,系统调试需校准恒温阀，验证热交换器温差并调整皮带挠度,edge:0b30cb89fc9afb42b03589cd,assertion:48ec4c05f3aec57efdc12ac5
影响因素,齿轮材料热处理不当,促成,故障,齿轮径向劈裂,secondary_case_conclusion,GW系列船用齿轮箱；通用机理与A/B船匿名案例须区分，尺寸不能跨机型套用。,stated,01_datasets/marine_diesel_RAG_corpus_All_data/All_data/test/船机帮船用齿轮箱故障分析与管理对策.md,,本案例中大齿轮径向裂开的首要原因是金属材料热处理不当。,edge:0b678017c50891736e4776f6,assertion:08b040944b6c313f6f784f23
故障,连杆盖配合面微动磨损,记载于,来源,Wight Sky multiple engine failures,provenance_index,仅在本声明来源及构型范围内使用,stated,02_reports/MAIB_2022_04_Wight_Sky_multiple_engine_failures.pdf,84,transposition of the bearing caps reduced the metal-to-metal contact,edge:0b7700d0a3e68efc645fd067,assertion:4fffe7e79259d136c6cfd3fa
运维措施,修订进水停机序列并允许船员干预,记载于,来源,Spirit of Discovery loss of propulsion in heavy weather,provenance_index,仅在本声明来源及构型范围内使用,stated,02_reports/MAIB_2026_06_Spirit_of_Discovery_propulsion_loss.pdf,53,revised WLS sequence activation that allows the crew to intervene,edge:0b7f52bd50862942859d4dd5,assertion:bdd4bc98bf12101134922e0e
状态,气缸壁水蒸气凝结,记载于,来源,船机帮柴油机冷却水过高或过低的危害,provenance_index,仅在本声明来源及构型范围内使用,stated,01_datasets/marine_diesel_RAG_corpus_All_data/All_data/test/船机帮柴油机冷却水过高或过低的危害.md,,气缸内的水蒸气易凝结于缸壁上,edge:0b98c1ce2c838628836293c4,assertion:eb87d3fee94368f1677f7907
检查方法,检查CPP背压阀和安全阀功能,适用于,设备,右舷可调螺距桨液压装置,applicability_index,本报告案例，不外推为所有船舶已证实根因,stated,02_reports/MAIB_2015_22_Pride_of_Canterbury_CPP_hydraulic_fire.pdf,35,their function checked once every 5 years,edge:0bb23cc40902fc71f28119ce,assertion:89378c305d9b77239c096feb
运维措施,委托合格机构校验压缩空气安全阀,作用于,部件,压缩空气安全阀,source_recommendation,综合维护二次文章，原厂和标准出处未独立证实；不采纳文中统一周期、报警值、压力值、浮动轴承加脂和未经验证改造方案。以下仅用于检索维护主题，由适用机型规程决定具体操作。,stated,01_datasets/marine_diesel_RAG_corpus_All_data/All_data/test/船机帮船舶动力设备日常维护要点与常见故障排除.md,,每半年进行安全阀送岸校验,edge:0bdf356b942e87548eead50c,assertion:602d62a3f0ced41ecbc3bf98
参数,由转速推算的排气标准体积流量,表征,设备,试验柴油机,native_variable_dictionary,仅在本声明来源及构型范围内使用,stated,01_datasets/Marine_Engine_Fault_Data_v1/Marine_Engine_Fault_Data/variable_dictionary.csv,,"Exh.Gas Vol. Flow (From Engine Speed),qexh,NL/min,number,TRUE,TRUE,flow / fuel / air,",edge:0c00ef03508514bd890c2f90,assertion:004842d4aa8b8e84d61f1c10
检查方法,核查轴电压电流与轴承接地绝缘方案,记载于,来源,STAMFORD AGN033 shaft bearing currents,provenance_index,仅在本声明来源及构型范围内使用,stated,02_reports/STAMFORD_AGN033_bearing_currents.pdf,3,shaft voltage measurement,edge:0c1bd2800238e4b624b4b5e6,assertion:6a3808a9204e6e1d7d750fde
部件,飞轮壳,记载于,来源,STAMFORD AGN076 alternator bearings,provenance_index,仅在本声明来源及构型范围内使用,stated,02_reports/STAMFORD_AGN076_alternator_bearings.pdf,7,suitable flywheel housing design in terms of stiffness and rigidity,edge:0c2ff75b7154b502d5671330,assertion:080ccd7e118eb195d4c5b7dc
状态,滑油黏度降低,导致,状态,主轴承润滑油膜厚度减小,source_statement,某型巡逻船试航故障二次报道；排查中已排除的原因不作为本案正向根因，油品及公差不能跨机型使用。,stated,01_datasets/marine_diesel_RAG_corpus_All_data/All_data/test/船机帮柴油机轴瓦抱轴故障分析.md,,"机油粘度下降会导致油膜厚度的减小,机油承载能力降低",edge:0c461fa6ea4437fcf890b7b0,assertion:6b80d3ba4477f25c1eb89325
参数,增压空气冷却器空气温度出口,表征,设备,试验柴油机,native_variable_dictionary,仅在本声明来源及构型范围内使用,stated,01_datasets/Marine_Engine_Fault_Data_v1/Marine_Engine_Fault_Data/variable_dictionary.csv,,"Charge Air IC Air Temp. Out,T15,°C,number,TRUE,TRUE,temperature,",edge:0ca2eaf34e770bf6c13bdadf,assertion:8ebf94ab3d06360e352edca7
故障,船舶电网电压频率振荡,适用于,系统,电力与控制系统,functional_classification,2021论文三类船舶的实测电网信号，含轴带发电化学品船；不是所有振荡都超限。DP船风浪影响主要作用于基波与频率，不能一概说风浪显著放大所有谐波。,stated,03_papers/Frontiers_2021_marine_converter_oscillations.pdf,2,sating torque of,edge:0cc83bd029fe4c30a6001241,assertion:36239f374a43e44b3f8d9f43
故障,压气机喘振,适用于,设备,废气涡轮增压器,applicability_index,船用废气涡轮增压器；拆装细节为VTR400示例，必须服从适用机型手册。,stated,01_datasets/marine_diesel_RAG_corpus_All_data/All_data/test/船机帮船舶柴油机废气涡轮增压器振动的主要原因有哪些.md,,增压系统流道阻塞是增压器喘振的常见原因。,edge:0cd0f759e2cc4c82fdfd7059,assertion:391a39e04b94358db9f0a4f9
运维措施,检修后核验堵头紧固与排气保温,记载于,来源,MAIB Safety Digest 2016 generator oil fire case,provenance_index,仅在本声明来源及构型范围内使用,stated,02_reports/MAIB_2016_Safety_Digest_generator_oil_fire.pdf,26,exhaust piping had been left unlagged,edge:0cde2dddd7a4d71fab0a706c,assertion:36aefeee28bc4bfdd1c024a0
状态,遥控设定转速异常,导致,状态,主机转速显示偏差,source_statement,12V20/27、双机双轴双桨定距推进的文中闭环调速构型；信号接口及间隙不可跨机型套用。,possible,01_datasets/marine_diesel_RAG_corpus_All_data/All_data/test/船机帮某型船主机遥控系统典型故障分析.md,,车钟指令的传递和接收不正常会导致集控室转速控制器对当前车令判断与实际不一致，转速控制器设定转速不正确导致柴油机实际转速波动或显示值与正常值存在较大偏差。,edge:0ce43f17f9d8c69bb54ff8f1,assertion:61bf804b5450041802fac0db
运维措施,按手册清洁活络共轨节流阀顶杆,应对,故障,高压油泵节流阀小开度卡滞,source_recommendation,航浚6008/MAN L32/44CR与CR2.2；轨压数值、扭矩与拆装必须核对本机手册。,stated,01_datasets/marine_diesel_RAG_corpus_All_data/All_data/test/船机帮高压共轨柴油机燃油喷射系统故障分析.md,,一般需拆检各节流阀，清洁、活络各节流阀电磁阀顶杆和阀芯部分，装复后，即可恢复正常。,edge:0ce57e418b0893ffe242ef89,assertion:50fac530ada4e2b741b39278
状态,缸套表面防锈油变黑,记载于,来源,船机帮船用柴油机的拉缸故障,provenance_index,仅在本声明来源及构型范围内使用,stated,01_datasets/marine_diesel_RAG_corpus_All_data/All_data/test/船机帮船用柴油机的拉缸故障.md,,缸套外表面油漆面变黄，防锈油变黑；,edge:0cfeb753885b2cf11745fc1a,assertion:211324e25effc56354e26114
故障,主机海水冷却管疑似失效,导致,状态,机舱进水,source_case_statement,本报告案例，不外推为所有船舶已证实根因,probable,02_reports/MAIB_2016_Safety_Digest_generator_oil_fire.pdf,60,suggests the failure of a main engine sea water cooling pipe,edge:0d04abb7b944a41ba33a3b1f,assertion:671a861c78a3ca246ecebf0e
检查方法,定期进行齿轮箱滑油色谱分析,检查,故障,齿轮箱内部磨损,source_check,GW系列船用齿轮箱；通用机理与A/B船匿名案例须区分，尺寸不能跨机型套用。,stated,01_datasets/marine_diesel_RAG_corpus_All_data/All_data/test/船机帮船用齿轮箱故障分析与管理对策.md,,检查滑油过滤器的杂质，通过观察初步判断内部的磨损情况。定期进行滑油的色谱分析，进一步根据滑油的杂质来掌握磨损。,edge:0d07382c46ce7615d075cb0e,assertion:84c17d66946ab41e0988e350
状态,失去推进,是概念的实例,状态,失去推进,concept_alignment,仅在本声明来源及构型范围内使用,stated,02_reports/MAIB_2013_Safety_Digest_lubrication_bearing_cases.pdf,21,With propulsion lost,edge:0d3cd8328b0a99ab61f1da2e,assertion:9fc7f9ac837e93e1436de9a3
参数,涡轮后排气能量率,记载于,来源,variable_dictionary,provenance_index,仅在本声明来源及构型范围内使用,stated,01_datasets/Marine_Engine_Fault_Data_v1/Marine_Engine_Fault_Data/variable_dictionary.csv,,"Exh.Gas Power,Qexh2,kW,number,TRUE,TRUE,other,",edge:0d4202b458da72a9b2825181,assertion:a7c7e6b0495926a2aba9f19a
运维措施,绝缘恢复合格后按厂家要求涂覆相容树脂,适用于,设备,交流发电机,applicability_index,STAMFORD/AvK对应交流发电机型号；AGN040应与本机Owner Manual联合使用；干燥与绝缘处置仅由合格人员实施。,stated,02_reports/STAMFORD_AGN040_winding_insulation.pdf,8,over coating resin that is compatible with the original factory impregnation,edge:0d777e4b4016866771c94a78,assertion:2d9ca4c7f75c626daa675d19
运维措施,确认带载试验不合格后更换遥控电源模块,记载于,来源,船机帮某型船主机遥控系统典型故障分析,provenance_index,仅在本声明来源及构型范围内使用,stated,01_datasets/marine_diesel_RAG_corpus_All_data/All_data/test/船机帮某型船主机遥控系统典型故障分析.md,,否则需要更换电源模块。,edge:0d9dcaa933fd6020a708c9a2,assertion:e766585e677f2ec866996e66
故障,涡轮叶片折断,适用于,设备,废气涡轮增压器,applicability_index,船用废气涡轮增压器；拆装细节为VTR400示例，必须服从适用机型手册。,stated,01_datasets/marine_diesel_RAG_corpus_All_data/All_data/test/船机帮船舶柴油机废气涡轮增压器振动的主要原因有哪些.md,,由于涡轮叶片上严重积炭或叶片变形、折断、压气机叶轮、叶片变形或损坏等都会使转子质量分布发生变化,edge:0db2016dc54dc9a766661f6d,assertion:8b2a461f497566ea1c232456
状态,全船失电,导致,状态,失去推进,source_case_statement,本报告案例，不外推为所有船舶已证实根因,reported,02_reports/MAIB_2026_10_Kommandor_Susan_generator_bearing_failure.pdf,1,The vessel lost propulsion and began drifting eastwards,edge:0ddcabec0988885c9d9c8d56,assertion:42eab7eed3824bcd1d6524b7
部件,二号压缩机排气阀,记载于,来源,MAIB Safety Digest 2013 lubrication and bearing cases,provenance_index,仅在本声明来源及构型范围内使用,stated,02_reports/MAIB_2013_Safety_Digest_lubrication_bearing_cases.pdf,14,ro-ro passenger ferry,edge:0e03aa6149427691eda94549,assertion:b1728885aa7aecd06be85c9e
影响因素,主机安装基座平面度不良,记载于,来源,船机帮柴油机轴瓦抱轴故障分析,provenance_index,仅在本声明来源及构型范围内使用,stated,01_datasets/marine_diesel_RAG_corpus_All_data/All_data/test/船机帮柴油机轴瓦抱轴故障分析.md,,"主机安装基座平面度可能导致柴油机各隔振器压缩量存在差异,使各隔振器高度不一致,造成隔振器刚度不一致,影响柴油机运行过程中的对中状态。",edge:0e0709f8e8961b33c640b6e4,assertion:6867daacf78d2dd7395d5518
部件,停车电磁阀,记载于,来源,船机帮船用柴油机调速器的维护与保养十飞车故障,provenance_index,仅在本声明来源及构型范围内使用,stated,01_datasets/marine_diesel_RAG_corpus_All_data/All_data/test/船机帮船用柴油机调速器的维护与保养十飞车故障.md,,柴油机不能停车——检查调速器“0”位是否与高压油泵“0”位相符合，并检查停车电磁阀及仪表箱电源电压。,edge:0e10a3e6ffe1ed38121f235e,assertion:781de89900fa7cddfe00984f
设备,可调螺距桨推进装置,是概念的实例,设备,可调螺距桨推进装置,concept_alignment,仅在本声明来源及构型范围内使用,stated,02_reports/MAIB_2016_Safety_Digest_generator_oil_fire.pdf,29,chemical tanker,edge:0e67fac4581a50d149f6195e,assertion:b3d8d15bbbad35d8c1618228
故障,滑油泵堵头振松,记载于,来源,MAIB Safety Digest 2016 generator oil fire case,provenance_index,仅在本声明来源及构型范围内使用,stated,02_reports/MAIB_2016_Safety_Digest_generator_oil_fire.pdf,26,insufficiently tightened by shore staff,edge:0e7d4bf4f1f00f933054e8d5,assertion:9266669a6b7053cba48d4a7f
状态,谐波滤波器爆炸,先于发生,状态,全部推进电机停机,source_case_statement,本报告案例，不外推为所有船舶已证实根因,reported,02_reports/MAIB_2011_28_Queen_Mary_2_harmonic_filter_failure.pdf,13,all four propulsion motors shut down,edge:0e8c5409236dea3e2f0e9fae,assertion:6f2e0353f0a29e6e016cb11d
状态,靠泊推进制动能力丧失,记载于,来源,MAIB Safety Digest 2013 lubrication and bearing cases,provenance_index,仅在本声明来源及构型范围内使用,stated,02_reports/MAIB_2013_Safety_Digest_lubrication_bearing_cases.pdf,15,ferry’s bow hitting her berth,edge:0eb0df09fcd8dcc852fd9db4,assertion:de3f7651611664e1cdd4f6b6
影响因素,冷却水水质或处理不当,导致,故障,冷却水通道结垢堵塞,source_guidance_statement,MAN四冲程柴油机闭式淡水冷却；水质要求与添加剂须按具体机型手册确认。,guidance,02_reports/MAN_SL2016_623_cooling_water.pdf,2,deposits of limescale and/or rust,edge:0ebcb8e7687a0f1786985c72,assertion:73be7ed51db099178cccdfd8
运维措施,按厂家要求清洁空气预滤器,作用于,部件,空气预滤器,source_recommendation,Caterpillar3512冬季维护经验，原始应用场景不一定为船舶；仅提取可迁移维护主题，必须核对船用构型，排除未获批准的自主回油改造及统一数值。,stated,01_datasets/marine_diesel_RAG_corpus_All_data/All_data/test/船机帮冬季卡特柴油发电机组的安全运行.md,,每天检查空气预滤器，根据需要清除一切脏物和碎屑。,edge:0ebe73a7174436dea017f4bf,assertion:a991babbc1e992fc67a5ed1d
故障,滑油冷却器焊缝开裂,记载于,来源,船机帮船舶动力系统滑油水污染故障实例分析,provenance_index,仅在本声明来源及构型范围内使用,stated,01_datasets/marine_diesel_RAG_corpus_All_data/All_data/test/船机帮船舶动力系统滑油水污染故障实例分析.md,,船舶运行中机械振动导致冷却器焊缝开裂或管束断裂。,edge:0ec8b0e952c8bf227682f2e9,assertion:1d171bc6a6f146050d9593bf
状态,缸壁油膜被燃油冲洗,记载于,来源,船机帮柴油机冷却水过高或过低的危害,provenance_index,仅在本声明来源及构型范围内使用,stated,01_datasets/marine_diesel_RAG_corpus_All_data/All_data/test/船机帮柴油机冷却水过高或过低的危害.md,,成液滴状的燃油进入气缸后会冲洗气缸壁上的润滑油膜，并渗入到曲轴箱内,edge:0eda273c8501339aadc24310,assertion:a1e0057473ae8445233990df
检查方法,测量总体振动并分析频谱,适用于,设备,柴油发电机润滑与排气装置,applicability_index,本报告案例，不外推为所有船舶已证实根因,stated,02_reports/MAIB_2016_Safety_Digest_generator_oil_fire.pdf,28,frequency analysis of the vibration waveform,edge:0f17094fed77d9ec8d5363fd,assertion:8ccbb242af0f749db910af7d
状态,右舷螺距保持前进,记载于,来源,MAIB Safety Digest 2016 generator oil fire case,provenance_index,仅在本声明来源及构型范围内使用,stated,02_reports/MAIB_2016_Safety_Digest_generator_oil_fire.pdf,20,continued to thrust at over half ahead,edge:0f1dd9b541350427d45eface,assertion:97b45f8c0166eb704353691a
状态,缸套油膜难以维持,促成,故障,缸套黏着拉伤,source_guidance_statement,MAN B&W两冲程柴油机缸套/活塞环；2016通函用于机理，润滑油选择须查2023通函及本机手册。不能把活塞咬死一概等同于已证实拉缸。,possible,02_reports/MAN_SL2016_633_piston_rings_scuffing.pdf,2,high friction and seizures that will not recover (liner scuffing),edge:0f44ae5c3460b26fcdfd8c8a,assertion:f9b8c6d1997350aba2da6db0
运维措施,在洁净环境装配并整体安装主机,应对,状态,油道残留碎屑,source_case_statement,本报告案例，不外推为所有船舶已证实根因,reported_action,02_reports/MAIB_2018_14_Wight_Sky_engine_bearing_fire.pdf,14,Rebuilding the engine in a clean and controlled environment,edge:0f65adc181572c7709e55913,assertion:35cce6d52c71a35a2a444a5e
故障,遥控电源绝缘不良,记载于,来源,船机帮某型船主机遥控系统典型故障分析,provenance_index,仅在本声明来源及构型范围内使用,stated,01_datasets/marine_diesel_RAG_corpus_All_data/All_data/test/船机帮某型船主机遥控系统典型故障分析.md,,电源绝缘不良、输出不稳、直流电源纹波大、带载能力下降都会导致系统工作不稳甚至崩溃。,edge:0f678b815d2ba4f09a9e9be3,assertion:1880f8ea9b57d050fcf39977
检查方法,按手册拆检共轨节流阀,检查,故障,高压油泵节流阀小开度卡滞,source_check,航浚6008/MAN L32/44CR与CR2.2；轨压数值、扭矩与拆装必须核对本机手册。,stated,01_datasets/marine_diesel_RAG_corpus_All_data/All_data/test/船机帮高压共轨柴油机燃油喷射系统故障分析.md,,一般需拆检各节流阀，清洁、活络各节流阀电磁阀顶杆和阀芯部分，装复后，即可恢复正常。,edge:0f71fc7c1fc1c75e1e04ef81,assertion:1cddca6201e86d0b6df0b705
检查方法,按轴承型式核查润滑及对中,记载于,来源,STAMFORD AGN076 alternator bearings,provenance_index,仅在本声明来源及构型范围内使用,stated,02_reports/STAMFORD_AGN076_alternator_bearings.pdf,4,lack of grease or misalignment damage,edge:0f80dbd924f3b8b71cef7c7f,assertion:dc3792c827bb89377114f186
故障,CPP背压阀磨损卡滞,记载于,来源,Pride of Canterbury CPP hydraulic overpressure and fire,provenance_index,仅在本声明来源及构型范围内使用,stated,02_reports/MAIB_2015_22_Pride_of_Canterbury_CPP_hydraulic_fire.pdf,29,back pressure valve (PSV3) becoming jammed in the closed position,edge:0f88368d4671879ed67bd175,assertion:d968ef5b951f700384058eaf
故障,缸套黏着拉伤,适用于,设备,柴油机,applicability_index,船用柴油机摩擦副；二次维修文章，机型及根因须核实；不能以某一症状直接确诊拉缸。,stated,01_datasets/marine_diesel_RAG_corpus_All_data/All_data/test/船机帮船用柴油机的拉缸故障.md,,若由于某种原因，油膜变薄或遭到破坏，因润滑不良出现干摩擦或半干摩擦，缸套与活塞环的摩擦系数突然增大，造成局部高温粘附磨损的过程。,edge:0f888ecc0a21726b88d2ce8f,assertion:b99cdb47e4cccf67920d11ca
事故案例,左舷主机轴瓦失效与火灾,记载于,来源,Windcat 8 connecting rod big-end bearing failure,provenance_index,仅在本声明来源及构型范围内使用,stated,02_reports/MAIB_2018_01_Windcat8_bearing_failure_fire.pdf,1,failure of a piston connecting rod big end shell bearing,edge:0f8a7e6e428df2bb7b99bad4,assertion:91ae5ac9a16110dcf3616d5e
运维措施,按本机规程平稳控制换油温度与黏度,记载于,来源,船机帮高压共轨柴油机燃油喷射系统故障分析,provenance_index,仅在本声明来源及构型范围内使用,stated,01_datasets/marine_diesel_RAG_corpus_All_data/All_data/test/船机帮高压共轨柴油机燃油喷射系统故障分析.md,,保持换油过程温度、粘度平缓变化，防止变化过急造成各阀件卡阻或高压油泵卡死,edge:0fab81aa5f9724a66e781e07,assertion:ee3fd75f4cf9dba4b313c1f8
影响因素,吊舱舱底传感器位置偏低,记载于,来源,Spirit of Discovery loss of propulsion in heavy weather,provenance_index,仅在本声明来源及构型范围内使用,stated,02_reports/MAIB_2026_06_Spirit_of_Discovery_propulsion_loss.pdf,43,low position of the bilge sensor meant that it could be activated by a relatively small amount of liquid,edge:0fc42ddb64a6eb6db838e834,assertion:24e664fc258e476c9dda020b
影响因素,缸套扫气口锐边,增加风险,故障,缸套黏着拉伤,source_statement,船用柴油机摩擦副；二次维修文章，机型及根因须核实；不能以某一症状直接确诊拉缸。,possible,01_datasets/marine_diesel_RAG_corpus_All_data/All_data/test/船机帮船用柴油机的拉缸故障.md,,缸套注油口油槽有毛刺和高点，缸套扫气口有凸点或锐边，缸套内径尺寸到不到图纸要求，过大或过小。,edge:0fde9a623bfd569bb6538fdf,assertion:9e24c7f7f59a25a1d0b70108
状态,失去推进,记载于,来源,MAIB Safety Digest 2013 lubrication and bearing cases,provenance_index,仅在本声明来源及构型范围内使用,stated,02_reports/MAIB_2013_Safety_Digest_lubrication_bearing_cases.pdf,21,With propulsion lost,edge:0fed4d6cd58e52c8e58f6bde,assertion:2437bb5be00d0c13544fb28d
影响因素,可调螺距桨倒车参数设置错误,是概念的实例,影响因素,可调螺距桨倒车参数设置错误,concept_alignment,仅在本声明来源及构型范围内使用,stated,02_reports/MAIB_2016_Safety_Digest_generator_oil_fire.pdf,29,parameters for astern pitch control had been incorrectly set,edge:104b3b5ac0224bbaa5f2f967,assertion:1523939eb2f5f04ac09a3fea
状态,滑油流动性变差,记载于,来源,船机帮柴油机冷却水过高或过低的危害,provenance_index,仅在本声明来源及构型范围内使用,stated,01_datasets/marine_diesel_RAG_corpus_All_data/All_data/test/船机帮柴油机冷却水过高或过低的危害.md,,冷却水温度过低，润滑油温度随之下降，机油在低温时粘度较大，流动性差,edge:10579d8abc25f0335a0332da,assertion:2cb05cf124e3f3b12a86da67
状态,气缸燃烧异常,增加风险,状态,气缸爆燃,source_statement,柴油机水冷机理二次资料；文中80–90℃等数值不能当作所有机型阈值。,possible,01_datasets/marine_diesel_RAG_corpus_All_data/All_data/test/船机帮柴油机冷却水过高或过低的危害.md,,冷却水温度过高，致使活塞、活塞环、气缸套、缸盖和气门等零件的工作温度升高，导致充气不足，燃烧不正常，容易引起敲缸、爆燃。,edge:1096b559dadff14dd066a8e2,assertion:eee9693ba43fdca334771c2b
事故案例,油抹布落至排气歧管起火,涉及,检查方法,首启后巡视机舱泄漏与火灾隐患,case_index,仅在本声明来源及构型范围内使用,stated,02_reports/MAIB_2013_Safety_Digest_lubrication_bearing_cases.pdf,42,visiting the engine room(s) soon after starting equipment,edge:109921197b47671676e9a5b4,assertion:e50231d8a1589867971da037
运维措施,仅按原厂更换要求使用合格连杆螺栓,作用于,部件,连杆螺栓,source_recommendation,综合维护二次文章，原厂和标准出处未独立证实；不采纳文中统一周期、报警值、压力值、浮动轴承加脂和未经验证改造方案。以下仅用于检索维护主题，由适用机型规程决定具体操作。,stated,01_datasets/marine_diesel_RAG_corpus_All_data/All_data/test/船机帮船舶动力设备日常维护要点与常见故障排除.md,,连杆螺栓禁止重复使用，拆卸后强制换新,edge:10993f5af0f5c8ec6dcd529d,assertion:74a0ff2601c57ceb338ba9c6
状态,关键设备失电,是概念的实例,状态,关键设备失电,concept_alignment,仅在本声明来源及构型范围内使用,stated,02_reports/MAIB_2018_14_Wight_Sky_engine_bearing_fire.pdf,14,essential services switchboard aft circuit breaker had been left in manual mode,edge:10a124ec9b0c9bfeb75dee9d,assertion:77252b019f38eb9bb9ca0dc1
故障,压气机空气滤清器堵塞,记载于,来源,dataset_index,provenance_index,仅在本声明来源及构型范围内使用,stated,01_datasets/Marine_Engine_Fault_Data_v1/Marine_Engine_Fault_Data/dataset_index.csv,,"AF_Clogging/AF_Clogging_40_Load.csv,scenario,Air-filter clogging (compressor),40%,single load condition,3,4820,73,""binary (0=pre-anomaly, 1=anomaly)"",Pre-anomaly and anomaly segments.",edge:10a2208be1b0a06bdad8a619,assertion:88be12e37f2e529c10c37899
运维措施,按本机规程维持备车供油与共轨冲洗,记载于,来源,船机帮高压共轨柴油机燃油喷射系统故障分析,provenance_index,仅在本声明来源及构型范围内使用,stated,01_datasets/marine_diesel_RAG_corpus_All_data/All_data/test/船机帮高压共轨柴油机燃油喷射系统故障分析.md,,停车后或备车时的盘车过程，都要保持供油单元正常运行，以保证对共轨系统的冲洗,edge:10c06c93452d772f81227740,assertion:ee33afdead34b9f695da9e31
故障,海水隔离阀执行器缺陷,是概念的实例,故障,海水隔离阀执行器缺陷,concept_alignment,仅在本声明来源及构型范围内使用,stated,02_reports/MAIB_2016_Safety_Digest_generator_oil_fire.pdf,41,giving an impression that the valve was fully closed when it was not,edge:10e4509726eaa1ffbe8c3567,assertion:f7f329a777bcc66177e1a60b
运维措施,将谐波滤波器纳入关键设备与保护测试,记载于,来源,RMS Queen Mary 2 harmonic-filter capacitor failure and blackout,provenance_index,仅在本声明来源及构型范围内使用,stated,02_reports/MAIB_2011_28_Queen_Mary_2_harmonic_filter_failure.pdf,70,procedures exist for regular testing of their protection systems,edge:10ec7fafdc27dc975e5c56f1,assertion:73fc9de1ae370a59a53d29a6
状态,船艏撞击码头,记载于,来源,MAIB Safety Digest 2016 generator oil fire case,provenance_index,仅在本声明来源及构型范围内使用,stated,02_reports/MAIB_2016_Safety_Digest_generator_oil_fire.pdf,29,vessel’s bow struck the quay,edge:10fc25322755815f642f88fa,assertion:8829bdd5d2453a43eb6014ce
状态,备用空气均压后仍不足,记载于,来源,MAIB Safety Digest 2013 lubrication and bearing cases,provenance_index,仅在本声明来源及构型范围内使用,stated,02_reports/MAIB_2013_Safety_Digest_lubrication_bearing_cases.pdf,15,air pressure equalised at a level that was insufficient,edge:110ae1ab6531c87ff4d59ef8,assertion:77ed0ea5d6491f30389eb281
故障,缸套裂纹,记载于,来源,船机帮船舶动力系统滑油水污染故障实例分析,provenance_index,仅在本声明来源及构型范围内使用,stated,01_datasets/marine_diesel_RAG_corpus_All_data/All_data/test/船机帮船舶动力系统滑油水污染故障实例分析.md,,通过超声波探伤或荧光渗透法检查缸套表面及内部裂纹,edge:110ba15a7ee5b89ed3d45f45,assertion:63982e9bef5797e777680f8e
故障,CPP背压阀磨损卡滞,导致,故障,CPP系统超压,source_case_statement,本报告案例，不外推为所有船舶已证实根因,reported,02_reports/MAIB_2015_22_Pride_of_Canterbury_CPP_hydraulic_fire.pdf,29,back pressure valve (PSV3) becoming jammed in the closed position,edge:112396b98587d519d928f93b,assertion:8f420e16eb6ba20bb61df0da
状态,增压器转子对中不良,导致,状态,增压器振动增大,source_statement,船用废气涡轮增压器；拆装细节为VTR400示例，必须服从适用机型手册。,stated,01_datasets/marine_diesel_RAG_corpus_All_data/All_data/test/船机帮船舶柴油机废气涡轮增压器振动的主要原因有哪些.md,,轴承中的减振弹簧片的磨损、变形或断裂等使转子安装位置发生变化，转子对中不良产生强烈振动。,edge:112c16185e8bfedf12893524,assertion:e35311567ce20cdd9c98a15f
检查方法,停机隔离后检查喷油器针阀变形,适用于,设备,柴油发电机,applicability_index,S6U-PTK与文中船舶发电机经验；部分表述不严谨，不采纳未经原厂确认的轴承结构改造建议。,stated,01_datasets/marine_diesel_RAG_corpus_All_data/All_data/test/船机帮船舶发电机常见故障及对策.md,,卸下喷油嘴并校验其喷油压力，若发现孔道阻塞现象需将喷油嘴进行拆卸，检查针阀和底座有无变形损坏,edge:113428288d0bf9fb80fe8873,assertion:67b1d21a5da9105ff1036a33
故障,柴油发电机扩展箱故障,记载于,来源,船机帮船舶柴油发电机主开关并网合闸失败故障的分析与排查,provenance_index,仅在本声明来源及构型范围内使用,stated,01_datasets/marine_diesel_RAG_corpus_All_data/All_data/test/船机帮船舶柴油发电机主开关并网合闸失败故障的分析与排查.md,,若扩展箱存在问题，会导致“安全停车”信号断开。,edge:1138f87b301b4aaefb6f6add,assertion:68db81067141283a8f1a476a
部件,盘车机构,记载于,来源,MAIB Safety Digest 2013 lubrication and bearing cases,provenance_index,仅在本声明来源及构型范围内使用,stated,02_reports/MAIB_2013_Safety_Digest_lubrication_bearing_cases.pdf,16,specialist cargo ship,edge:11640608a440e68366da34da,assertion:d2467e68120d37c8afd70723
部件,曲轴,记载于,来源,船机帮柴油机轴瓦抱轴故障分析,provenance_index,仅在本声明来源及构型范围内使用,stated,01_datasets/marine_diesel_RAG_corpus_All_data/All_data/test/船机帮柴油机轴瓦抱轴故障分析.md,,检查曲轴轴向间隙，轴向间隙0.04mm，远小于要求值；,edge:116b4a641cac4aa7a81875c1,assertion:7414091996653acdadc44ed6
状态,排气阀密封不良,记载于,来源,船机帮船用共轨柴油机排气阀常见故障与排除,provenance_index,仅在本声明来源及构型范围内使用,stated,01_datasets/marine_diesel_RAG_corpus_All_data/All_data/test/船机帮船用共轨柴油机排气阀常见故障与排除.md,,排气阀烧损，一般是排气阀密封不良，造成高温燃气泄漏，烧穿金属材料。,edge:1170dd3a2d192d7c0e303610,assertion:cb57795c5c32d90786b2b3b4
检查方法,检测遥控电源模块绝缘,适用于,设备,主机遥控控制装置,applicability_index,12V20/27、双机双轴双桨定距推进的文中闭环调速构型；信号接口及间隙不可跨机型套用。,stated,01_datasets/marine_diesel_RAG_corpus_All_data/All_data/test/船机帮某型船主机遥控系统典型故障分析.md,,用福禄克F124型示波器检测各电源模块输出端绝缘正常，输出稳定；测量空载电压，纹波在0.1 V以内；按照各电源模块设计负荷的60%通过电子负载进行带载试验,edge:11bbf21d5d51ee7bc8f807ea,assertion:178d9dbbce36cb06ea432e00
状态,缸套外表面油漆变黄,提示,故障,缸套黏着拉伤,source_statement,船用柴油机摩擦副；二次维修文章，机型及根因须核实；不能以某一症状直接确诊拉缸。,possible,01_datasets/marine_diesel_RAG_corpus_All_data/All_data/test/船机帮船用柴油机的拉缸故障.md,,缸套外表面油漆面变黄，防锈油变黑；,edge:11cccf9ddd6497f3ceb068f5,assertion:4d7a90fd8e24ba7955e58387
故障,发电机轴承机械磨损,记载于,来源,STAMFORD AGN076 alternator bearings,provenance_index,仅在本声明来源及构型范围内使用,stated,02_reports/STAMFORD_AGN076_alternator_bearings.pdf,4,lack of grease or misalignment damage,edge:11e1d4c8a01663b0ddab16d3,assertion:793d20db49e46d232e0dc97d
状态,舱底高液位报警,是概念的实例,状态,舱底高液位报警,concept_alignment,仅在本声明来源及构型范围内使用,stated,02_reports/MAIB_2016_Safety_Digest_generator_oil_fire.pdf,59,bilge high level alarm was illuminated and sounding,edge:1235dbe1ee17ca3c218ce498,assertion:4a0e1e09fd045f08cc7077c5
故障,共轨冲洗单向阀止回失效,记载于,来源,船机帮高压共轨柴油机燃油喷射系统故障分析,provenance_index,仅在本声明来源及构型范围内使用,stated,01_datasets/marine_diesel_RAG_corpus_All_data/All_data/test/船机帮高压共轨柴油机燃油喷射系统故障分析.md,,冲洗单向阀 12 止回功能失效，使整个共轨系统直接与 12bar 的供油管路相通，无法建立轨压而启动失败。,edge:127d3e732881e068964d4515,assertion:21603e50e978a53ca3c31bea
状态,离合器摩擦片压紧不足,记载于,来源,船机帮船用齿轮箱故障分析与管理对策,provenance_index,仅在本声明来源及构型范围内使用,stated,01_datasets/marine_diesel_RAG_corpus_All_data/All_data/test/船机帮船用齿轮箱故障分析与管理对策.md,,内凹圈已顶住了从动齿轮，外凸圈(见图4)却无法压紧摩擦片(本该压紧)。,edge:128459d5d76355ecfb3f80ad,assertion:c1b0dde71003fae0b68c8602
检查方法,以振动频谱验证齿轮箱修复状态,记载于,来源,船机帮船用齿轮箱故障分析与管理对策,provenance_index,仅在本声明来源及构型范围内使用,stated,01_datasets/marine_diesel_RAG_corpus_All_data/All_data/test/船机帮船用齿轮箱故障分析与管理对策.md,,状态监控(振动频谱测量)也是很必要的验证环节。,edge:129682a127ab33c484a9cc8d,assertion:6f84734830fa4f5f644465dd
设备,左舷主机,包含部件,部件,左舷主机6号连杆大端轴瓦,asset_index,仅在本声明来源及构型范围内使用,stated,02_reports/MAIB_2018_01_Windcat8_bearing_failure_fire.pdf,1,failure of a piston connecting rod big end shell bearing,edge:12a8c9684bcaa32bd5cf95b1,assertion:1e79e95737091abfbbad7e2d
运维措施,按机型维护要求保持进气滤器清洁,作用于,部件,进气滤器,source_recommendation,船用废气涡轮增压器；拆装细节为VTR400示例，必须服从适用机型手册。,stated,01_datasets/marine_diesel_RAG_corpus_All_data/All_data/test/船机帮船舶柴油机废气涡轮增压器振动的主要原因有哪些.md,,管理中注意压气机进气滤器、叶轮、扩压器、空气冷却器、进气口和排气口、涡轮喷嘴环、叶片等流通部分的清洁，就会防止和消除喘振，也就会使振动消失。,edge:12cd33d4638adc1adc253506,assertion:090f4ba94b63cc1275ecf90b
状态,吊舱转至90度停放,加剧,状态,失去操纵能力,source_case_statement,本报告案例，不外推为所有船舶已证实根因,reported,02_reports/MAIB_2026_06_Spirit_of_Discovery_propulsion_loss.pdf,51,both pods being parked at 90° to the vessel’s heading,edge:12da7091e574f9631ddd702f,assertion:4cbb9191b19d6e5b54e078db
状态,进水停机序列启动,记载于,来源,Spirit of Discovery loss of propulsion in heavy weather,provenance_index,仅在本声明来源及构型范围内使用,stated,02_reports/MAIB_2026_06_Spirit_of_Discovery_propulsion_loss.pdf,43,low position of the bilge sensor meant that it could be activated by a relatively small amount of liquid,edge:12e5865dd4508d1e9ba8096a,assertion:1bc0482fd51e6d26a337e08d
运维措施,按机型维护要求保持空气冷却器清洁,记载于,来源,船机帮船舶柴油机废气涡轮增压器振动的主要原因有哪些,provenance_index,仅在本声明来源及构型范围内使用,stated,01_datasets/marine_diesel_RAG_corpus_All_data/All_data/test/船机帮船舶柴油机废气涡轮增压器振动的主要原因有哪些.md,,管理中注意压气机进气滤器、叶轮、扩压器、空气冷却器、进气口和排气口、涡轮喷嘴环、叶片等流通部分的清洁，就会防止和消除喘振，也就会使振动消失。,edge:12e99043bce4d3fcd260a7d2,assertion:46f0ce8ed4b3436746cb9b8a
运维措施,按原厂认可方式保护电气接头免受盐雾腐蚀,记载于,来源,船机帮船舶动力设备日常维护要点与常见故障排除,provenance_index,仅在本声明来源及构型范围内使用,stated,01_datasets/marine_diesel_RAG_corpus_All_data/All_data/test/船机帮船舶动力设备日常维护要点与常见故障排除.md,,对电气接头涂抹 CX-80 防盐雾复合脂,edge:12f9a1db2bc75e05fd1898e6,assertion:13ee71fa6e57455e8ab401d5
检查方法,确认共轨泄漏盒出口真实出油,检查,故障,高压共轨燃油泄漏,source_check,航浚6008/MAN L32/44CR与CR2.2；轨压数值、扭矩与拆装必须核对本机手册。,stated,01_datasets/marine_diesel_RAG_corpus_All_data/All_data/test/船机帮高压共轨柴油机燃油喷射系统故障分析.md,,先确认泄漏盒出口漏斗确实有油流出，以排除传感器误报警,edge:12ffc0f5b6065f44c6b86d46,assertion:bcceaefda6e3fb3a91b472e4
参数,增压器滑油冷却水流量,记载于,来源,variable_dictionary,provenance_index,仅在本声明来源及构型范围内使用,stated,01_datasets/Marine_Engine_Fault_Data_v1/Marine_Engine_Fault_Data/variable_dictionary.csv,,"TCH LO Cooling water flow,Qw_turb,m3/h,number,TRUE,TRUE,flow / fuel / air,",edge:1307763e3c1f1b424f8f0724,assertion:a400f69892ebb5106e40d3d9
系统,传动与推进系统,属于上级系统,系统,船舶动力系统,curator_functional_taxonomy,实验本体的功能分组，不作为来源报告的原始因果结论,stated,01_datasets/marine_diesel_RAG_corpus_All_data/All_data/test/船机帮船舶动力设备日常维护要点与常见故障排除.md,,船舶动力系统作为船舶航行与电力供给的中枢单元,edge:1320926ddf1ceea1c8d39833,assertion:9ed7ca5c9c28e2574eb4c381
部件,DG1 5号连杆大端轴瓦,记载于,来源,Kommandor Susan catastrophic engine failure and fire,provenance_index,仅在本声明来源及构型范围内使用,stated,02_reports/MAIB_2026_10_Kommandor_Susan_generator_bearing_failure.pdf,1,catastrophic failure of a diesel generator engine,edge:133acfba078e0a224d12112a,assertion:5e4d7624e3b5c7813d5f41ac
参数,机械效率,记载于,来源,variable_dictionary,provenance_index,仅在本声明来源及构型范围内使用,stated,01_datasets/Marine_Engine_Fault_Data_v1/Marine_Engine_Fault_Data/variable_dictionary.csv,,"Mechanical Efficiency,Effn,%,number,TRUE,TRUE,performance / derived,",edge:1340505860ef7ad3a8481245,assertion:42e80f08b4794e60a4d6f927
故障,电容内部电弧与介质汽化,记载于,来源,RMS Queen Mary 2 harmonic-filter capacitor failure and blackout,provenance_index,仅在本声明来源及构型范围内使用,stated,02_reports/MAIB_2011_28_Queen_Mary_2_harmonic_filter_failure.pdf,13,Internal arcing between the capacitor plates developed,edge:134f370fd4826332d17b37e1,assertion:496b67bd87a18f961e1d332b
部件,转速传感器,记载于,来源,船机帮某型船主机遥控系统典型故障分析,provenance_index,仅在本声明来源及构型范围内使用,stated,01_datasets/marine_diesel_RAG_corpus_All_data/All_data/test/船机帮某型船主机遥控系统典型故障分析.md,,用万用表测量转速传感器转速信号频率，与车令对应转速设定值一致，通过示波表监测转速信号波形，发现部分波形有幅值偏低的现象。,edge:136677eb87eb247f697e40f4,assertion:656693ce65b92e92da3f4e6c
事故案例,谐波滤波电容失效与全船失电,涉及,故障,电容内压升高与壳体破裂,case_index,仅在本声明来源及构型范围内使用,stated,02_reports/MAIB_2011_28_Queen_Mary_2_harmonic_filter_failure.pdf,13,caused the capacitor casing to rupture,edge:13741c059e3fa51b9bd83a48,assertion:abe1d13fc3433eab97fd4101
状态,气缸壁温度过高,增加风险,故障,缸套黏着拉伤,source_statement,柴油机水冷机理二次资料；文中80–90℃等数值不能当作所有机型阈值。,possible,01_datasets/marine_diesel_RAG_corpus_All_data/All_data/test/船机帮柴油机冷却水过高或过低的危害.md,,由于气缸的温度太高，缸壁上的润滑油容易烧焦、积炭，促使零件磨损加快，严重时会造成拉缸、抱轴和烧瓦等事故。,edge:139d3f877dc896e7d05afd27,assertion:cdd6e9434005a1e52ef02d0e
参数,指示效率,表征,设备,试验柴油机,native_variable_dictionary,仅在本声明来源及构型范围内使用,stated,01_datasets/Marine_Engine_Fault_Data_v1/Marine_Engine_Fault_Data/variable_dictionary.csv,,"Indicated Efficiency,Effi,%,number,TRUE,TRUE,performance / derived,",edge:13a3ae58c729fe00917d7c4b,assertion:2d80a0aaaf0dc70a84a98b37
设备,滑油冷却器,服务于系统,系统,润滑与轴承系统,functional_classification,仅在本声明来源及构型范围内使用,stated,01_datasets/marine_diesel_RAG_corpus_All_data/All_data/test/船机帮船舶动力系统滑油水污染故障实例分析.md,,水分侵入会破坏油膜完整性，引发乳化变质和酸性腐蚀,edge:13c5eef6ad06e193f7500eeb,assertion:612dc8b4deee38d2d560b1e1
检查方法,用电压相轨迹辅助识别振荡且保留局限,适用于,系统,电力与控制系统,functional_classification,2021论文三类船舶的实测电网信号，含轴带发电化学品船；不是所有振荡都超限。DP船风浪影响主要作用于基波与频率，不能一概说风浪显著放大所有谐波。,stated,03_papers/Frontiers_2021_marine_converter_oscillations.pdf,12,phase portraits can be used,edge:13c92f90796b757731c041f1,assertion:ac2cdd653401dee0435a25fa
故障,盘车安全联锁失效,发生于,设备,主机启动与盘车装置,case_equipment_index,仅在本声明来源及构型范围内使用,stated,02_reports/MAIB_2013_Safety_Digest_lubrication_bearing_cases.pdf,16,"interlock, the last remaining safety barrier, had failed",edge:13d97fc9a719e167f16bc314,assertion:2acba61231cd8830d198b1ad
故障,缸套黏着拉伤,记载于,来源,船机帮柴油机冷却水过高或过低的危害,provenance_index,仅在本声明来源及构型范围内使用,stated,01_datasets/marine_diesel_RAG_corpus_All_data/All_data/test/船机帮柴油机冷却水过高或过低的危害.md,,由于气缸的温度太高，缸壁上的润滑油容易烧焦、积炭，促使零件磨损加快，严重时会造成拉缸、抱轴和烧瓦等事故。,edge:13dfe1092ddf8def870cfff6,assertion:c3510ee25e88dba239e0178c
影响因素,极端载荷冲击,记载于,来源,船机帮船舶动力设备日常维护要点与常见故障排除,provenance_index,仅在本声明来源及构型范围内使用,stated,01_datasets/marine_diesel_RAG_corpus_All_data/All_data/test/船机帮船舶动力设备日常维护要点与常见故障排除.md,,盐雾腐蚀、机械疲劳、极端载荷冲击以及系统老化等因素交互作用，故障发生概率显著上升。,edge:13ebfec3727655ccd29a2e07,assertion:ce26626647a855a6c8650454
状态,扫气空气冷却器水流量过低,记载于,来源,MAN efficiency improvements main engine auxiliary systems,provenance_index,仅在本声明来源及构型范围内使用,stated,02_reports/MAN_main_engine_auxiliary_efficiency.pdf,11,A flow which is too low may cause local boiling,edge:13ef0f8a57194bf01c163c8c,assertion:4e0c444a22b17a3789b6452c
部件,电流不平衡互感器,记载于,来源,RMS Queen Mary 2 harmonic-filter capacitor failure and blackout,provenance_index,仅在本声明来源及构型范围内使用,stated,02_reports/MAIB_2011_28_Queen_Mary_2_harmonic_filter_failure.pdf,13,explosion was triggered by deterioration in the capacitors,edge:13f25f74e8c1ec81f39b007c,assertion:ebebcc2b6f9bb3a9bc2b71bb
运维措施,按维护规程清洁冷却液加注口盖,记载于,来源,船机帮冬季卡特柴油发电机组的安全运行,provenance_index,仅在本声明来源及构型范围内使用,stated,01_datasets/marine_diesel_RAG_corpus_All_data/All_data/test/船机帮冬季卡特柴油发电机组的安全运行.md,,清洁冷却系统加注口盖。,edge:141d0ee6a929bddaab7a1637,assertion:15eaa31fdc3738cf65e062d9
故障,发电机内部短路,记载于,来源,船机帮船舶发电机常见故障及对策,provenance_index,仅在本声明来源及构型范围内使用,stated,01_datasets/marine_diesel_RAG_corpus_All_data/All_data/test/船机帮船舶发电机常见故障及对策.md,,轴承内的滚珠因碎裂而移位，导致发电机转子下沉，缩短了定子与转子之间的距离，两者摩擦不断加重，最终引起发电机的短路故障。,edge:142882daa3e4e0c8167e859c,assertion:7b5ef3a6a70647201269f40e
部件,二号压缩机排气阀,是概念的实例,部件,二号压缩机排气阀,concept_alignment,仅在本声明来源及构型范围内使用,stated,02_reports/MAIB_2013_Safety_Digest_lubrication_bearing_cases.pdf,14,ro-ro passenger ferry,edge:143b97fa4e62d24ab0687852,assertion:142bd7ffe0316d327b5cccd9
运维措施,按本船规程确认备用发电机可启动并网,适用于,设备,发电机主开关,applicability_index,DG2、施耐德NW08-63和文中扩展箱构型；仅合格电气人员可按本船隔离规程检修。,stated,01_datasets/marine_diesel_RAG_corpus_All_data/All_data/test/船机帮船舶柴油发电机主开关并网合闸失败故障的分析与排查.md,,要保证另一台停车的柴油发电机处于第一备用状态，能够正常起动并网，并把电站切换到自动模式。,edge:143d1b5f6123c045f85e87e8,assertion:051030f19219bfdcad281146
状态,柴油机径向跳动超差,增加风险,故障,主轴承损伤,source_statement,某型巡逻船试航故障二次报道；排查中已排除的原因不作为本案正向根因，油品及公差不能跨机型使用。,possible,01_datasets/marine_diesel_RAG_corpus_All_data/All_data/test/船机帮柴油机轴瓦抱轴故障分析.md,,"对中超差后柴油机轴向跳动会对柴油机止推轴承造成损伤,而径向跳动超差会对柴油机主轴承造成损伤。",edge:1441c9aa6796e8087e908e23,assertion:64c602b57e64eae518750a07
运维措施,按本机间隙要求更换磨损活塞环,作用于,部件,活塞环,source_recommendation,综合维护二次文章，原厂和标准出处未独立证实；不采纳文中统一周期、报警值、压力值、浮动轴承加脂和未经验证改造方案。以下仅用于检索维护主题，由适用机型规程决定具体操作。,stated,01_datasets/marine_diesel_RAG_corpus_All_data/All_data/test/船机帮船舶动力设备日常维护要点与常见故障排除.md,,当活塞环侧隙＞ 0.25 mm或背隙＞ 1.2 mm 时换新,edge:144f8fc82b54edea752a74ee,assertion:57d9b6594cc68ab2dac400f6
检查方法,检查停车电磁阀,适用于,设备,柴油机调速器,applicability_index,调速器维修经验；不同调速器针阀与补偿调节不可照抄，飞车必须执行本船应急规程。,stated,01_datasets/marine_diesel_RAG_corpus_All_data/All_data/test/船机帮船用柴油机调速器的维护与保养十飞车故障.md,,柴油机不能停车——检查调速器“0”位是否与高压油泵“0”位相符合，并检查停车电磁阀及仪表箱电源电压。,edge:1473e36f1bcef999b065b25b,assertion:9e1831a0ac20c1953914de8a
故障,增压器减振弹簧片磨损,导致,状态,增压器转子安装位置变化,source_statement,船用废气涡轮增压器；拆装细节为VTR400示例，必须服从适用机型手册。,stated,01_datasets/marine_diesel_RAG_corpus_All_data/All_data/test/船机帮船舶柴油机废气涡轮增压器振动的主要原因有哪些.md,,轴承中的减振弹簧片的磨损、变形或断裂等使转子安装位置发生变化，转子对中不良产生强烈振动。,edge:147ececa3c9724d004e2e704,assertion:31feca204ad56d4a59d531aa
影响因素,气缸油灰分过高,记载于,来源,船机帮船用柴油机的拉缸故障,provenance_index,仅在本声明来源及构型范围内使用,stated,01_datasets/marine_diesel_RAG_corpus_All_data/All_data/test/船机帮船用柴油机的拉缸故障.md,,灰分过高会导致燃烧室，活塞头，顶环沉积过多，一些不溶灰分也会造成磨损。,edge:14de9a73248e0f54b93033d7,assertion:009f4c1d42eda1acc6919e3f
影响因素,连杆大端轴承盖配对错装,导致,故障,连杆盖配合面微动磨损,source_case_statement,本报告案例，不外推为所有船舶已证实根因,reported,02_reports/MAIB_2022_04_Wight_Sky_multiple_engine_failures.pdf,84,transposition of the bearing caps reduced the metal-to-metal contact,edge:14ec06a809ca044549d455c1,assertion:4f44d89b251217b6134ee6f4
检查方法,首启后巡视机舱泄漏与火灾隐患,记载于,来源,MAIB Safety Digest 2013 lubrication and bearing cases,provenance_index,仅在本声明来源及构型范围内使用,stated,02_reports/MAIB_2013_Safety_Digest_lubrication_bearing_cases.pdf,42,visiting the engine room(s) soon after starting equipment,edge:14ef84208ec10f3b90144d49,assertion:271e2e947e7220e2a82110ad
状态,主轴承间隙过小,导致,状态,主轴承润滑油膜无法建立,source_statement,某型巡逻船试航故障二次报道；排查中已排除的原因不作为本案正向根因，油品及公差不能跨机型使用。,possible,01_datasets/marine_diesel_RAG_corpus_All_data/All_data/test/船机帮柴油机轴瓦抱轴故障分析.md,,"对中状态异常引起各档主轴承间隙变化,当主轴承间隙过小时易使主轴承油膜无法建立,最终出现轴瓦磨损失效。",edge:150af98fb88b1509f7bde6fd,assertion:081188e608149df0206d6e6a
运维措施,按厂家要求保持发电机绕组干燥,记载于,来源,STAMFORD AGN040 winding insulation system,provenance_index,仅在本声明来源及构型范围内使用,stated,02_reports/STAMFORD_AGN040_winding_insulation.pdf,7,keep the wound component clean and dry,edge:151215d402436a468c5e7b5a,assertion:355bb3ef1ccb081531aa0c39
故障,喷油控制电磁阀大开度卡滞,促成,状态,单缸排气温度偏高且喷油时长偏短,source_statement,航浚6008/MAN L32/44CR与CR2.2；轨压数值、扭矩与拆装必须核对本机手册。,possible,01_datasets/marine_diesel_RAG_corpus_All_data/All_data/test/船机帮高压共轨柴油机燃油喷射系统故障分析.md,,如果该缸喷油时长明显小于其他各缸，则基本可以断定该缸喷油控制电磁阀故障，一般是磨损造成通流面积变大所致，需换新喷油控制电磁阀；也有可能是阀芯卡在较大开度位置所致，需解体清洁活络阀芯。,edge:1516aae116fa9f8b8a099949,assertion:c505240cd596523f8a787596
设备,可调螺距桨推进控制装置,记载于,来源,MAIB Safety Digest 2016 generator oil fire case,provenance_index,仅在本声明来源及构型范围内使用,stated,02_reports/MAIB_2016_Safety_Digest_generator_oil_fire.pdf,19,large roll-on roll-off passenger ferry,edge:1533c125511b472a48174c3f,assertion:524c7a7be9824e8db943e00a
故障,发电机绝缘热劣化,适用于,系统,冷却与海水系统,functional_classification,STAMFORD/AvK发电机；检测与干燥作业须停电隔离，由合格人员依本机手册执行，本文不提供通用阈值或操作命令。,stated,02_reports/STAMFORD_AGN035_fault_protection.pdf,2,thermal degradation,edge:1540e609785f625f8e5e67f3,assertion:8d111a96f0e56888888dd2c8
检查方法,核查车钟数字量指令同步性,适用于,设备,主机遥控控制装置,applicability_index,12V20/27、双机双轴双桨定距推进的文中闭环调速构型；信号接口及间隙不可跨机型套用。,stated,01_datasets/marine_diesel_RAG_corpus_All_data/All_data/test/船机帮某型船主机遥控系统典型故障分析.md,,观察集控室转速控制器4路数字量，车钟指令输入信号与实际车钟显示同步并一致，测量数字量信号幅值正常。,edge:154397d1e4e25ef026762aff,assertion:94336483edc8a4c17f589fc5
运维措施,按本机规程校准冷却恒温阀,记载于,来源,船机帮船舶动力设备日常维护要点与常见故障排除,provenance_index,仅在本声明来源及构型范围内使用,stated,01_datasets/marine_diesel_RAG_corpus_All_data/All_data/test/船机帮船舶动力设备日常维护要点与常见故障排除.md,,系统调试需校准恒温阀，验证热交换器温差并调整皮带挠度,edge:1561fb3c6a11a634bdba27db,assertion:1e79fe6ce5937501e3dca58f
故障,齿轮突然断裂,属于概念类别,故障,齿轮断裂,curator_concept_taxonomy,依据该文故障枚举整理的概念包含关系，非事故根因关系,stated,01_datasets/marine_diesel_RAG_corpus_All_data/All_data/test/船机帮船用齿轮箱故障分析与管理对策.md,,齿轮断裂在斜齿轮和宽直齿齿轮上发生较多,edge:156336960f633128552f163a,assertion:fc50b49dacf6e08ed9dd523b
状态,排气歧管裸露高温,记载于,来源,Stena Europe pressurised fuel spray and engine-room fire,provenance_index,仅在本声明来源及构型范围内使用,stated,02_reports/MAIB_2024_20_Stena_Europe_fuel_spray_fire.pdf,29,insulation and shielding,edge:1573e5bff6d79642eb9f72bf,assertion:3933cf500ea2b483d8d7ff44
故障,电容内压升高与壳体破裂,适用于,设备,艉部谐波滤波器,applicability_index,本报告案例，不外推为所有船舶已证实根因,stated,02_reports/MAIB_2011_28_Queen_Mary_2_harmonic_filter_failure.pdf,13,caused the capacitor casing to rupture,edge:15889f2363d3495dbccd920c,assertion:d123cac460a0b7e97961f7b3
运维措施,仅按并网与调速规程调整发电频率,记载于,来源,船机帮冬季卡特柴油发电机组的安全运行,provenance_index,仅在本声明来源及构型范围内使用,stated,01_datasets/marine_diesel_RAG_corpus_All_data/All_data/test/船机帮冬季卡特柴油发电机组的安全运行.md,,应及时调整频率和电压，使其保持额定值,edge:15e37734f59dd79e5b49c4d3,assertion:3eec77abe90b5c13d0be3a4f
运维措施,按机型工艺更换磨损离合器活塞,记载于,来源,船机帮船用齿轮箱故障分析与管理对策,provenance_index,仅在本声明来源及构型范围内使用,stated,01_datasets/marine_diesel_RAG_corpus_All_data/All_data/test/船机帮船用齿轮箱故障分析与管理对策.md,,针对故障原因更换了活塞，调整了内凹圈与从动齿轮的端向间隙。,edge:160f620f89415e4a588c0f9e,assertion:17aff9410e374c55bcf0e4e2
状态,燃油喷束指向缸套内壁,导致,状态,活塞环附近局部过热,source_statement,船用柴油机摩擦副；二次维修文章，机型及根因须核实；不能以某一症状直接确诊拉缸。,possible,01_datasets/marine_diesel_RAG_corpus_All_data/All_data/test/船机帮船用柴油机的拉缸故障.md,,喷油器定位销位置错误反装了180°，这样喷油器的喷口喷向缸套内壁，过热的温度集中在活塞环附近，很难形成油膜，缸套很快会拉伤掉。,edge:1637067aa2ca40489e8dc694,assertion:2fdf452a4ff7b75f0c36d0d5
故障,主轴瓦磨损失效,适用于,设备,柴油机,applicability_index,某型巡逻船试航故障二次报道；排查中已排除的原因不作为本案正向根因，油品及公差不能跨机型使用。,stated,01_datasets/marine_diesel_RAG_corpus_All_data/All_data/test/船机帮柴油机轴瓦抱轴故障分析.md,,"对中状态异常引起各档主轴承间隙变化,当主轴承间隙过小时易使主轴承油膜无法建立,最终出现轴瓦磨损失效。",edge:16466f834367e73c94c9718b,assertion:d0236dee8c24c9393b4f32af
故障,齿轮径向劈裂,适用于,设备,减速齿轮箱,applicability_index,GW系列船用齿轮箱；通用机理与A/B船匿名案例须区分，尺寸不能跨机型套用。,stated,01_datasets/marine_diesel_RAG_corpus_All_data/All_data/test/船机帮船用齿轮箱故障分析与管理对策.md,,本案例中大齿轮径向裂开的首要原因是金属材料热处理不当。,edge:164c34ee6f4a7878170a37d8,assertion:4a233115c76f3c685d586877
运维措施,开展机舱与驾驶台故障沟通演练,应对,状态,控制空气压力不足,source_case_statement,本报告案例，不外推为所有船舶已证实根因,reported_action,02_reports/MAIB_2013_Safety_Digest_lubrication_bearing_cases.pdf,15,conducting realistic machinery drills,edge:1667ea3c692e3002a15a0509,assertion:9cc17dbf0be527648f0a66e8
故障,柴油发电机灾难性失效,适用于,设备,DG1柴油发电机,applicability_index,本报告案例，不外推为所有船舶已证实根因,stated,02_reports/MAIB_2026_10_Kommandor_Susan_generator_bearing_failure.pdf,5,most likely root cause is failure of connecting rod bearing number five,edge:166bd465cf8bfd7619b9b4bd,assertion:a829c4f9eb21926a35e8468d
检查方法,测试备用和应急推进控制,检查,状态,驾驶台丧失右舷螺距控制,source_case_statement,本报告案例，不外推为所有船舶已证实根因,reported_action,02_reports/MAIB_2016_Safety_Digest_generator_oil_fire.pdf,21,Regular testing of back-up and emergency control systems,edge:1670955bff4c5581f063646a,assertion:0536ad94cc8fbdf828fc67dd
状态,飞轮齿圈有效转速信号丢失,记载于,来源,船机帮某型船主机遥控系统典型故障分析,provenance_index,仅在本声明来源及构型范围内使用,stated,01_datasets/marine_diesel_RAG_corpus_All_data/All_data/test/船机帮某型船主机遥控系统典型故障分析.md,,传感器安装距离过近，主机运行过程中由于振动导致的飞轮偏心可能会导致飞轮齿顶损坏传感器感应端；传感器安装距离过远，可能会导致飞轮齿圈上某些齿的有效感应信号丢失造成主机游车。,edge:168dbd107aadc4580952ad9c,assertion:2b24b208e9910d1ce2acea7d
检查方法,检测滑油酸值变化,适用于,设备,滑油冷却器,applicability_index,海水冷却的推进柴油机滑油系统；匿名二次报道。文中压力试验参数和标准引用未独立核实，不作为通用操作依据。,stated,01_datasets/marine_diesel_RAG_corpus_All_data/All_data/test/船机帮船舶动力系统滑油水污染故障实例分析.md,,重点关注水分、黏度、酸值等指标变化，超标时及时预警并检查排故。,edge:16b2a5fc1449da0aec133dcf,assertion:9582c989b68a5470e1e62e0c
检查方法,按轴承型式核查润滑及对中,检查,故障,发电机滚动轴承磨损失效,source_guidance_statement,有滚动轴承的发电机或轴带发电机构型；滚动轴承与主机滑动轴瓦的失效机理不得混用。,derived_action,02_reports/STAMFORD_AGN076_alternator_bearings.pdf,4,lack of grease or misalignment damage,edge:16c23a8505c5a1104ec06a65,assertion:2e5da2e15f87ec3fd53d9315
故障,缸套黏着拉伤,适用于,系统,润滑与轴承系统,functional_classification,MAN B&W两冲程柴油机缸套/活塞环；2016通函用于机理，润滑油选择须查2023通函及本机手册。不能把活塞咬死一概等同于已证实拉缸。,stated,02_reports/MAN_SL2016_633_piston_rings_scuffing.pdf,2,high friction and seizures that will not recover (liner scuffing),edge:16d418630279d1ec18e95acf,assertion:ae178425c6393b0973492161
运维措施,按认可设计增设机脚限位器,应对,影响因素,柴油机对中调整顶丝顶死,source_recommendation,某型巡逻船试航故障二次报道；排查中已排除的原因不作为本案正向根因，油品及公差不能跨机型使用。,stated,01_datasets/marine_diesel_RAG_corpus_All_data/All_data/test/船机帮柴油机轴瓦抱轴故障分析.md,,"需进一步加强对中控制,并增加机脚限位器。",edge:17062b62d737d6b501182ff1,assertion:4fbc3d52c3abd61475aa01a5
部件,可调螺距桨备用模式按钮,是概念的实例,部件,可调螺距桨备用模式按钮,concept_alignment,仅在本声明来源及构型范围内使用,stated,02_reports/MAIB_2016_Safety_Digest_generator_oil_fire.pdf,19,large roll-on roll-off passenger ferry,edge:171720efcb2095334fe9db55,assertion:332fff738bbdf367a5ea5837
系统,冷却与海水系统,属于上级系统,系统,船舶动力系统,curator_functional_taxonomy,实验本体的功能分组，不作为来源报告的原始因果结论,stated,01_datasets/marine_diesel_RAG_corpus_All_data/All_data/test/船机帮船舶动力设备日常维护要点与常见故障排除.md,,船舶动力系统作为船舶航行与电力供给的中枢单元,edge:172c84abad497db177e21a62,assertion:691b49a634187114e9f5f971
影响因素,润滑油质量不符合要求,促成,状态,滑油系统油泥沉积,secondary_source_statement,二次转载文章，船舶/原始报告身份未核实；不计入正式事故案例,possible,01_datasets/marine_diesel_RAG_corpus_All_data/All_data/train/油品课堂第六讲某船使用假冒润滑油导致主机烧瓦事故案例.md,,这批假油，不但油膜强度不足，而且容易变质形成漆膜和油泥等沉积物，堵塞机油滤清器和油道，影响正常供油，导致烧瓦,edge:173d9c88204851daf378c9d3,assertion:a3e1c549fd94a94966935adb
故障,误选CPP备用控制模式,导致,状态,驾驶台丧失右舷螺距控制,source_case_statement,本报告案例，不外推为所有船舶已证实根因,reported,02_reports/MAIB_2016_Safety_Digest_generator_oil_fire.pdf,20,master lost bridge control of that propeller,edge:174c6333c6d343d575934dd7,assertion:64cde7691a8122d350b514fd
影响因素,连杆小端轴套更换产生应力集中,记载于,来源,Finlandia Seaways engine failure and fire,provenance_index,仅在本声明来源及构型范围内使用,stated,02_reports/MAIB_2021_02_Finlandia_Seaways_connecting_rod_failure.pdf,9,introduced stress raisers that signficantly increased the likelihood of crack initiation and fatigue failure,edge:17737d7df87a5afc4ff9930d,assertion:f82ddbd7f0a20cae7c536ad9
状态,气缸壁温度过高,导致,状态,缸壁润滑油结焦积炭,source_statement,柴油机水冷机理二次资料；文中80–90℃等数值不能当作所有机型阈值。,possible,01_datasets/marine_diesel_RAG_corpus_All_data/All_data/test/船机帮柴油机冷却水过高或过低的危害.md,,由于气缸的温度太高，缸壁上的润滑油容易烧焦、积炭，促使零件磨损加快，严重时会造成拉缸、抱轴和烧瓦等事故。,edge:179858e7c2f3b251dbf14161,assertion:40c7b39096d67049a95cf9ff
检查方法,定期检查冷却管路支架状态,适用于,设备,滑油冷却器,applicability_index,海水冷却的推进柴油机滑油系统；匿名二次报道。文中压力试验参数和标准引用未独立核实，不作为通用操作依据。,stated,01_datasets/marine_diesel_RAG_corpus_All_data/All_data/test/船机帮船舶动力系统滑油水污染故障实例分析.md,,定期检查管路支架状态，消除应力集中点。,edge:17beb296d7402872c86f87d4,assertion:18961ac556a2731e65730605
检查方法,检查扫气冷却器流量及水侧状态,适用于,系统,燃油与进排气系统,functional_classification,扫气空气冷却器水侧；该证据描述低流量局部沸腾及管路汽蚀，不等同于已证明所有冷却泵汽蚀由此引起。,stated,02_reports/MAN_main_engine_auxiliary_efficiency.pdf,11,maintains a constant cooling water flow,edge:17c7b17574a82aa9c3403707,assertion:de2914ea19745aec19e16ab1
参数,增压空气冷却器冷却水流量,表征,设备,试验柴油机,native_variable_dictionary,仅在本声明来源及构型范围内使用,stated,01_datasets/Marine_Engine_Fault_Data_v1/Marine_Engine_Fault_Data/variable_dictionary.csv,,"Charge Air IC Cooling water flow,Qw_air,m3/h,number,TRUE,TRUE,flow / fuel / air,",edge:17c9554a16e487ff2fbce275,assertion:309192dcde07fadcded02785
状态,液压油喷向高温排气管,导致,状态,机舱火灾,source_case_statement,本报告案例，不外推为所有船舶已证实根因,reported,02_reports/MAIB_2015_22_Pride_of_Canterbury_CPP_hydraulic_fire.pdf,29,fire was initiated following the spray,edge:17cb92fb4976648037a64a3c,assertion:4ffa405bc4a6f1e5c0cce81e
状态,油雾探测器反复报警,相关联,故障,主轴承咬死,source_guidance_statement,主机滑动轴承；烧瓦是检索用的工程统称，不能把全部轴瓦疲劳、瓦片转位或轴承失效直接标成已证实烧瓦。,guidance,02_reports/MAN_SL2013_569_bearing_wear_monitoring.pdf,2,OMD system,edge:17e20b1224ba1b61124d78c0,assertion:b310cf1606a07729dbcf1c27
运维措施,按机型规程更换测速板整形比较器,记载于,来源,船机帮某型船主机遥控系统典型故障分析,provenance_index,仅在本声明来源及构型范围内使用,stated,01_datasets/marine_diesel_RAG_corpus_All_data/All_data/test/船机帮某型船主机遥控系统典型故障分析.md,,更换转速处理板上用于信号整形和隔离的比较器后试验,edge:17ee7c00a5d98aca945af383,assertion:6b5847e75ce9cc43447620b1
部件,调速器传动齿轮,记载于,来源,船机帮船用柴油机调速器的维护与保养十飞车故障,provenance_index,仅在本声明来源及构型范围内使用,stated,01_datasets/marine_diesel_RAG_corpus_All_data/All_data/test/船机帮船用柴油机调速器的维护与保养十飞车故障.md,,转速调节失效——重点查离合器电机、各齿轮等,edge:1803435ca9c9f42ef9dda220,assertion:e1c34b3583e773107cc866ae
参数,轴功率,记载于,来源,variable_dictionary,provenance_index,仅在本声明来源及构型范围内使用,stated,01_datasets/Marine_Engine_Fault_Data_v1/Marine_Engine_Fault_Data/variable_dictionary.csv,,"Shaft Power,Ws,kW,number,TRUE,TRUE,other,",edge:1812a6ff7222e050f753b83c,assertion:0481b02315951b4a20e43fab
状态,机舱火灾,是概念的实例,状态,机舱火灾,concept_alignment,仅在本声明来源及构型范围内使用,stated,02_reports/MAIB_2018_01_Windcat8_bearing_failure_fire.pdf,11,fire resulted from the ignition of oil vapour released from the damaged crankcase,edge:181671cd178796c7be66892b,assertion:0dd0bb39eae0296b45620126
检查方法,比较单缸排温与各缸喷油时长,记载于,来源,船机帮高压共轨柴油机燃油喷射系统故障分析,provenance_index,仅在本声明来源及构型范围内使用,stated,01_datasets/marine_diesel_RAG_corpus_All_data/All_data/test/船机帮高压共轨柴油机燃油喷射系统故障分析.md,,如果该缸喷油时长明显小于其他各缸，则基本可以断定该缸喷油控制电磁阀故障，一般是磨损造成通流面积变大所致，需换新喷油控制电磁阀；也有可能是阀芯卡在较大开度位置所致，需解体清洁活络阀芯。,edge:184151bd2b7a37896e3c71f4,assertion:d5bf2ba0ad0405b29548ab56
故障,增压器轴承烧伤,表现为,状态,增压器噪声增大,source_statement,船用废气涡轮增压器；拆装细节为VTR400示例，必须服从适用机型手册。,stated,01_datasets/marine_diesel_RAG_corpus_All_data/All_data/test/船机帮船舶柴油机废气涡轮增压器振动的主要原因有哪些.md,,轴承长时间使用后产生磨损、变形、裂纹和烧伤时，使摩擦力矩增大，转速下降，振动和噪声大增。,edge:1846b531433357744c3af7cc,assertion:53b7eafcf632afa0c4d70423
运维措施,按手册清洁活络共轨节流阀阀芯,应对,故障,高压油泵节流阀小开度卡滞,source_recommendation,航浚6008/MAN L32/44CR与CR2.2；轨压数值、扭矩与拆装必须核对本机手册。,stated,01_datasets/marine_diesel_RAG_corpus_All_data/All_data/test/船机帮高压共轨柴油机燃油喷射系统故障分析.md,,一般需拆检各节流阀，清洁、活络各节流阀电磁阀顶杆和阀芯部分，装复后，即可恢复正常。,edge:1878105d787c56323a80245d,assertion:a13600b4d4b50586ce17337b
故障,增压器轴承变形,表现为,状态,增压器轴承摩擦力矩增大,source_statement,船用废气涡轮增压器；拆装细节为VTR400示例，必须服从适用机型手册。,stated,01_datasets/marine_diesel_RAG_corpus_All_data/All_data/test/船机帮船舶柴油机废气涡轮增压器振动的主要原因有哪些.md,,轴承长时间使用后产生磨损、变形、裂纹和烧伤时，使摩擦力矩增大，转速下降，振动和噪声大增。,edge:187c1fa476c3e1f866c217a5,assertion:c310f3b3ea030e928c3dcf92
状态,船舶仅剩应急电源,记载于,来源,MAIB Safety Digest 2016 generator oil fire case,provenance_index,仅在本声明来源及构型范围内使用,stated,02_reports/MAIB_2016_Safety_Digest_generator_oil_fire.pdf,40,running on emergency power only,edge:18a64c35ec0089a64cd45ea8,assertion:52f7c4d50efe94dad5685fd6
故障,油底壳道门垫片老化,记载于,来源,船机帮船舶动力系统滑油水污染故障实例分析,provenance_index,仅在本声明来源及构型范围内使用,stated,01_datasets/marine_diesel_RAG_corpus_All_data/All_data/test/船机帮船舶动力系统滑油水污染故障实例分析.md,,道门垫片老化或紧固螺栓松动导致机舱积水渗入。,edge:18a716c97a76d2b949ed45e5,assertion:a91f90c5617b7b4b03146f8a
运维措施,确认测量故障后更换温度传感器,记载于,来源,船机帮船舶动力设备日常维护要点与常见故障排除,provenance_index,仅在本声明来源及构型范围内使用,stated,01_datasets/marine_diesel_RAG_corpus_All_data/All_data/test/船机帮船舶动力设备日常维护要点与常见故障排除.md,,更换故障传感器并恢复报警阈值,edge:18a7a9afce67a4eb98f03ae4,assertion:7d18f49a798ab245ed0536ca
状态,齿轮突然过载,记载于,来源,船机帮船用齿轮箱故障分析与管理对策,provenance_index,仅在本声明来源及构型范围内使用,stated,01_datasets/marine_diesel_RAG_corpus_All_data/All_data/test/船机帮船用齿轮箱故障分析与管理对策.md,,若齿轮突然过载就可能会超负荷造成突然断裂；若非突然断裂，齿轮重复受过载力，造成应力集中，也会导致疲劳裂纹，进而导致疲劳断裂。,edge:18b88db9a68bd1cff775b0ca,assertion:c6dc4e6bca9496b47133bd97
参数,增压空气冷却器冷却水流量,记载于,来源,variable_dictionary,provenance_index,仅在本声明来源及构型范围内使用,stated,01_datasets/Marine_Engine_Fault_Data_v1/Marine_Engine_Fault_Data/variable_dictionary.csv,,"Charge Air IC Cooling water flow,Qw_air,m3/h,number,TRUE,TRUE,flow / fuel / air,",edge:18c90e81f8ea781ba7ebcb67,assertion:0ac0dba118356f6069346c15
故障,燃油法兰螺钉松动,导致,故障,压力燃油泄漏,source_case_statement,本报告案例，不外推为所有船舶已证实根因,reported,02_reports/MAIB_2024_20_Stena_Europe_fuel_spray_fire.pdf,29,screw in a two-screw flange within the fuel oil pipework loosened,edge:18d746afc5c1833e888b3a3e,assertion:c108bc2f512517d89cc00d6f
事故案例,燃油法兰松动与主机火灾,涉及,部件,ME3燃油双螺钉法兰,case_index,仅在本声明来源及构型范围内使用,stated,02_reports/MAIB_2024_20_Stena_Europe_fuel_spray_fire.pdf,7,fuel leaking under pressure,edge:190c8c6cca64c068587c1b66,assertion:13ccc1a15d445961118e3f73
状态,排气温度升高,记载于,来源,船机帮船用柴油机的拉缸故障,provenance_index,仅在本声明来源及构型范围内使用,stated,01_datasets/marine_diesel_RAG_corpus_All_data/All_data/test/船机帮船用柴油机的拉缸故障.md,,排温升高，高温水出水温度升高；,edge:1936efe1107e85e6454a11d2,assertion:7d156c99c09493709970aac0
状态,齿轮箱热膨胀改变轴线位置,记载于,来源,STAMFORD AGN039 marine shaft generators,provenance_index,仅在本声明来源及构型范围内使用,stated,02_reports/STAMFORD_AGN039_marine_shaft_generators.pdf,2,thermal expansion of the hot gearbox,edge:1957643175ca73b4239bf23f,assertion:9f375b1df70724f0e5c67ef9
运维措施,确认泄漏后按认可标准更换燃油管段,适用于,设备,船舶动力装置,applicability_index,综合维护二次文章，原厂和标准出处未独立证实；不采纳文中统一周期、报警值、压力值、浮动轴承加脂和未经验证改造方案。以下仅用于检索维护主题，由适用机型规程决定具体操作。,stated,01_datasets/marine_diesel_RAG_corpus_All_data/All_data/test/船机帮船舶动力设备日常维护要点与常见故障排除.md,,更换合规管段，解决泄漏故障,edge:195b10fe89297857075ecaf7,assertion:2e8f7b4a6f6c914dd50e9a5f
故障,轴瓦烧伤,适用于,设备,柴油机,applicability_index,柴油机水冷机理二次资料；文中80–90℃等数值不能当作所有机型阈值。,stated,01_datasets/marine_diesel_RAG_corpus_All_data/All_data/test/船机帮柴油机冷却水过高或过低的危害.md,,由于气缸的温度太高，缸壁上的润滑油容易烧焦、积炭，促使零件磨损加快，严重时会造成拉缸、抱轴和烧瓦等事故。,edge:1977df457e58e3bce7bde857,assertion:8cf1076b29b8ffdca13f36f1
故障,扭振减振器失效,适用于,系统,润滑与轴承系统,functional_classification,MAN L16/24、L21/31、L27/38等通函列明机型；不得推广其维护周期到其它机型。,stated,02_reports/MAN_SL2017_654_torsional_damper.pdf,1,will reduce the service life,edge:198df403dfd2cf7f6ba34b86,assertion:67360ec1076111b4883c8ffc
运维措施,增设CPP回油旁通止回阀与高压报警,应对,影响因素,回油管缺少有效超压释放,source_case_statement,本报告案例，不外推为所有船舶已证实根因,reported_action,02_reports/MAIB_2015_22_Pride_of_Canterbury_CPP_hydraulic_fire.pdf,35,Added a full flow check-valve,edge:199c772620bc82b92a5f31ea,assertion:fef97caeafbe717c7fc2660f
部件,增压器排气口,记载于,来源,船机帮船舶柴油机废气涡轮增压器振动的主要原因有哪些,provenance_index,仅在本声明来源及构型范围内使用,stated,01_datasets/marine_diesel_RAG_corpus_All_data/All_data/test/船机帮船舶柴油机废气涡轮增压器振动的主要原因有哪些.md,,管理中注意压气机进气滤器、叶轮、扩压器、空气冷却器、进气口和排气口、涡轮喷嘴环、叶片等流通部分的清洁，就会防止和消除喘振，也就会使振动消失。,edge:19a2543e559465b36c98dcba,assertion:320250824346f5031febb51a
检查方法,转速调节失效时检查调速器齿轮,适用于,设备,柴油机调速器,applicability_index,调速器维修经验；不同调速器针阀与补偿调节不可照抄，飞车必须执行本船应急规程。,stated,01_datasets/marine_diesel_RAG_corpus_All_data/All_data/test/船机帮船用柴油机调速器的维护与保养十飞车故障.md,,转速调节失效——重点查离合器电机、各齿轮等,edge:19b08ca5c7226e2d6a70198f,assertion:e85787702b7b3bd14ba00422
事故案例,ME2主轴承断油失效,涉及,状态,主机不对中与异常振动,case_index,仅在本声明来源及构型范围内使用,stated,02_reports/MAIB_2022_04_Wight_Sky_multiple_engine_failures.pdf,84,"engine misalignment, high levels of vibration, and contaminated lubricating oil might all have contributed",edge:19b1dbea021bd58fbc686577,assertion:f2de8394e3d617d7739b04dc
状态,滤器压差持续偏低,是概念的实例,状态,滤器压差持续偏低,concept_alignment,仅在本声明来源及构型范围内使用,stated,02_reports/MAIB_2013_Safety_Digest_lubrication_bearing_cases.pdf,23,consistently low reading on the filter differential oil pressure gauge,edge:19b31adf66995d7d8d6552da,assertion:419c95017826d9e7573bb138
检查方法,核查调速器动态调速率,适用于,设备,柴油机调速器,applicability_index,调速器维修经验；不同调速器针阀与补偿调节不可照抄，飞车必须执行本船应急规程。,stated,01_datasets/marine_diesel_RAG_corpus_All_data/All_data/test/船机帮船用柴油机调速器的维护与保养十飞车故障.md,,调速器灵敏度差，即动态调速率大,edge:19bcb2c652d3eb0b7fa42345,assertion:02202598573f9aa0cc7cd1db
部件,温度传感器,记载于,来源,船机帮船舶动力设备日常维护要点与常见故障排除,provenance_index,仅在本声明来源及构型范围内使用,stated,01_datasets/marine_diesel_RAG_corpus_All_data/All_data/test/船机帮船舶动力设备日常维护要点与常见故障排除.md,,更换故障传感器并恢复报警阈值,edge:19cc9e0f858394a27d2a1735,assertion:7e46f3a0408ed6fe80ffde64
故障,调速器阀杆卡滞,适用于,设备,柴油发电机,applicability_index,S6U-PTK与文中船舶发电机经验；部分表述不严谨，不采纳未经原厂确认的轴承结构改造建议。,stated,01_datasets/marine_diesel_RAG_corpus_All_data/All_data/test/船机帮船舶发电机常见故障及对策.md,,检查调速器，包括各汽缸的清洁和油位，阀杆是否卡阻，调速器内部转动及反馈系统。,edge:19d5558003851f9a09c5e4d6,assertion:c1ddcc4994c91943a41f6e12
运维措施,按本机间隙要求更换磨损活塞环,适用于,设备,船舶动力装置,applicability_index,综合维护二次文章，原厂和标准出处未独立证实；不采纳文中统一周期、报警值、压力值、浮动轴承加脂和未经验证改造方案。以下仅用于检索维护主题，由适用机型规程决定具体操作。,stated,01_datasets/marine_diesel_RAG_corpus_All_data/All_data/test/船机帮船舶动力设备日常维护要点与常见故障排除.md,,当活塞环侧隙＞ 0.25 mm或背隙＞ 1.2 mm 时换新,edge:19e8ccdd7979485d418f19eb,assertion:d06aef8e73f4aba9e879816b
参数,压气机空气滤器压差,记载于,来源,variable_dictionary,provenance_index,仅在本声明来源及构型范围内使用,stated,01_datasets/Marine_Engine_Fault_Data_v1/Marine_Engine_Fault_Data/variable_dictionary.csv,,"Compressor Filter Loss,dPf,Pa,number,TRUE,TRUE,pressure / derived pressure,""Present in all scenario files for schema uniformity; recorded values in 10 of 15 scenario files. Empty (not recorded) in: AC_Fouling_85_Load.csv, Clogged_Injector_Nozzle1_40_60_85_Load.csv, Clogged_Injector_Nozzle2_LoadProgram.csv, CW_Pump_Cavitation_60_Load.csv, CW_Pump_Cavitation_85_Load.csv.""",edge:19ee8767ca87545adcac3958,assertion:601ff1a66dceff80874edaea
状态,进水套管内冷却水流通受阻,记载于,来源,船机帮MANKSZ型柴油机活塞冷却系统故障分析,provenance_index,仅在本声明来源及构型范围内使用,stated,01_datasets/marine_diesel_RAG_corpus_All_data/All_data/val/船机帮MANKSZ型柴油机活塞冷却系统故障分析.md,,活塞冷却水进口套管中的水量失去流通性，在进水套管中不断被其往复运动压缩升温,edge:19efb88ba200615f0d735d6f,assertion:9db3e3a65b236d160bcb3fbe
故障,压缩机滑油排出管脱开,是概念的实例,故障,压缩机滑油排出管脱开,concept_alignment,仅在本声明来源及构型范围内使用,stated,02_reports/MAIB_2013_Safety_Digest_lubrication_bearing_cases.pdf,14,bottom end bearing had overheated and failed,edge:19f265c0f9ffaddb9aaded46,assertion:c2df16526616d53caa4d568d
部件,高温报警线束,记载于,来源,MAIB Safety Digest 2013 lubrication and bearing cases,provenance_index,仅在本声明来源及构型范围内使用,stated,02_reports/MAIB_2013_Safety_Digest_lubrication_bearing_cases.pdf,40,small passenger catamaran,edge:19f68351c32f58b635df9077,assertion:e4670f2016c9570a72c390fd
状态,控制空气低压报警,是概念的实例,状态,控制空气低压报警,concept_alignment,仅在本声明来源及构型范围内使用,stated,02_reports/MAIB_2013_Safety_Digest_lubrication_bearing_cases.pdf,14,multiple alarms sounded in the ECR warning of low control air pressure,edge:1a140bc710975ebd54080f81,assertion:d2f4f75ffcb3d38794c105aa
检查方法,检查停车电磁阀,记载于,来源,船机帮船用柴油机调速器的维护与保养十飞车故障,provenance_index,仅在本声明来源及构型范围内使用,stated,01_datasets/marine_diesel_RAG_corpus_All_data/All_data/test/船机帮船用柴油机调速器的维护与保养十飞车故障.md,,柴油机不能停车——检查调速器“0”位是否与高压油泵“0”位相符合，并检查停车电磁阀及仪表箱电源电压。,edge:1a26bed66adaae230db831d5,assertion:0e84d3ba6690e2392f1c6020
运维措施,追溯并控制滑油污染来源,应对,状态,滑油系统污染,source_recommendation,综合维护二次文章，原厂和标准出处未独立证实；不采纳文中统一周期、报警值、压力值、浮动轴承加脂和未经验证改造方案。以下仅用于检索维护主题，由适用机型规程决定具体操作。,stated,01_datasets/marine_diesel_RAG_corpus_All_data/All_data/test/船机帮船舶动力设备日常维护要点与常见故障排除.md,,超标时需整批换油并追溯污染源,edge:1a293b03719cb81f0b512107,assertion:eb55086cad030ddca789d729
检查方法,测量车钟数字量信号幅值,检查,故障,车钟指令传递接收异常,source_check,12V20/27、双机双轴双桨定距推进的文中闭环调速构型；信号接口及间隙不可跨机型套用。,stated,01_datasets/marine_diesel_RAG_corpus_All_data/All_data/test/船机帮某型船主机遥控系统典型故障分析.md,,观察集控室转速控制器4路数字量，车钟指令输入信号与实际车钟显示同步并一致，测量数字量信号幅值正常。,edge:1a4ac8387791cfff3b0a11d5,assertion:ef2c17fe56cb6c0c4d0b814e
检查方法,用电压相轨迹辅助识别振荡且保留局限,记载于,来源,Comparative Case Study on Oscillatory Behavior in Power Systems of Marine Vessels With High Power Converters,provenance_index,仅在本声明来源及构型范围内使用,stated,03_papers/Frontiers_2021_marine_converter_oscillations.pdf,12,phase portraits can be used,edge:1a62f9aae4e543803c8645a6,assertion:3fe31f18518597bcc16343e7
故障,盘车安全联锁失效,是概念的实例,故障,盘车安全联锁失效,concept_alignment,仅在本声明来源及构型范围内使用,stated,02_reports/MAIB_2013_Safety_Digest_lubrication_bearing_cases.pdf,16,"interlock, the last remaining safety barrier, had failed",edge:1a8e79db744edb9e551d9e51,assertion:a6737f1b619614ef214c67dd
影响因素,转速传感器安装间隙过大,记载于,来源,船机帮某型船主机遥控系统典型故障分析,provenance_index,仅在本声明来源及构型范围内使用,stated,01_datasets/marine_diesel_RAG_corpus_All_data/All_data/test/船机帮某型船主机遥控系统典型故障分析.md,,传感器安装距离过近，主机运行过程中由于振动导致的飞轮偏心可能会导致飞轮齿顶损坏传感器感应端；传感器安装距离过远，可能会导致飞轮齿圈上某些齿的有效感应信号丢失造成主机游车。,edge:1ac59f89606fa70c26312175,assertion:113964fc8bae3469eb69dfeb
影响因素,气阀弹簧保管中锈蚀,促成,故障,气阀弹簧断裂,source_statement,共轨柴油机排气阀，厂家与具体型号未确定；仅作机理检索测试，不作直接操作授权。,possible,01_datasets/marine_diesel_RAG_corpus_All_data/All_data/test/船机帮船用共轨柴油机排气阀常见故障与排除.md,,气阀弹簧断裂，大多是因为振动造成的，也可能是因为材质、热处理不符合要求或在保管中锈蚀所致。,edge:1acc003754c8d2177e526a6b,assertion:fb23df8aa5e509a5fe1bd737
事故案例,液压背压阀卡滞与火灾,涉及,运维措施,增设CPP回油旁通止回阀与高压报警,case_index,仅在本声明来源及构型范围内使用,stated,02_reports/MAIB_2015_22_Pride_of_Canterbury_CPP_hydraulic_fire.pdf,35,Added a full flow check-valve,edge:1adde37eeb5b7fca35f1225e,assertion:314f347c36888f621135d273
状态,推进电机扭矩骤降,记载于,来源,Spirit of Discovery loss of propulsion in heavy weather,provenance_index,仅在本声明来源及构型范围内使用,stated,02_reports/MAIB_2026_06_Spirit_of_Discovery_propulsion_loss.pdf,42,This caused a sudden reduction in torque on the propulsion motor,edge:1b33173e1316d989d3e12a1d,assertion:0e23b179bc23ec82fabbcdd4
状态,船艏撞击泊位,是概念的实例,状态,船艏撞击泊位,concept_alignment,仅在本声明来源及构型范围内使用,stated,02_reports/MAIB_2013_Safety_Digest_lubrication_bearing_cases.pdf,15,ferry’s bow hitting her berth at a speed of 2.5kts,edge:1b348e01e87e394797074579,assertion:b5f07fad4610d9bbde330dac
故障,活塞环与缸套磨损,适用于,系统,燃油与进排气系统,functional_classification,MAN B&W两冲程柴油机缸套/活塞环；2016通函用于机理，润滑油选择须查2023通函及本机手册。不能把活塞咬死一概等同于已证实拉缸。,stated,02_reports/MAN_SL2019_685_ring_coating_wear.pdf,2,high iron content,edge:1b5b5e930343b5b0f8df9713,assertion:35a59446b32a0abc25691160
状态,油雾探测器反复报警,先于发生,状态,主机无法继续运行,source_case_statement,本报告案例，不外推为所有船舶已证实根因,reported,02_reports/MAIB_2013_Safety_Digest_lubrication_bearing_cases.pdf,21,OMD alarm activated again,edge:1b5ce5a0d8359b45c73bb518,assertion:92c7cd9bb95f621badc83948
状态,主机不对中与异常振动,促成,故障,主轴承瓦片转位,source_case_statement,本报告案例，不外推为所有船舶已证实根因,possible,02_reports/MAIB_2022_04_Wight_Sky_multiple_engine_failures.pdf,84,"engine misalignment, high levels of vibration, and contaminated lubricating oil might all have contributed",edge:1b5d7d17a1e9e69eb1b99e20,assertion:d40580fa93e3bf99ffcfa230
状态,发电机滑油低压报警,提示,故障,压力滑油喷漏,source_case_statement,本报告案例，不外推为所有船舶已证实根因,reported,02_reports/MAIB_2016_Safety_Digest_generator_oil_fire.pdf,26,low oil pressure alarm on one of the generators,edge:1b67382c2b2bdc3613491cec,assertion:4bef03a62f48fa51e11878ae
运维措施,按规定使用周期更换增压器轴承,记载于,来源,船机帮船舶柴油机废气涡轮增压器振动的主要原因有哪些,provenance_index,仅在本声明来源及构型范围内使用,stated,01_datasets/marine_diesel_RAG_corpus_All_data/All_data/test/船机帮船舶柴油机废气涡轮增压器振动的主要原因有哪些.md,,为此应按轴承规定的使用期按时更换轴承，发生损坏时更应即时更换轴承。,edge:1b7d0c2a478105c78bf05b10,assertion:2d4c1c473f448558ccb88f88
事故案例,误选可调螺距桨备用模式与泊位碰撞,记载于,来源,MAIB Safety Digest 2016 generator oil fire case,provenance_index,仅在本声明来源及构型范围内使用,stated,02_reports/MAIB_2016_Safety_Digest_generator_oil_fire.pdf,19,large roll-on roll-off passenger ferry,edge:1bbe6997d0a832b9ad1757c1,assertion:d48699f8b0eabb14a0e9445b
检查方法,核对连杆与轴承盖配对编号,记载于,来源,Wight Sky multiple engine failures,provenance_index,仅在本声明来源及构型范围内使用,stated,02_reports/MAIB_2022_04_Wight_Sky_multiple_engine_failures.pdf,72,serial numbers on the connecting rods and caps were not routinely checked,edge:1beb7904518484931172780b,assertion:f59ef0da507c8c606c8a9e33
运维措施,按本机要求调整传动皮带张紧,作用于,部件,传动皮带,source_recommendation,综合维护二次文章，原厂和标准出处未独立证实；不采纳文中统一周期、报警值、压力值、浮动轴承加脂和未经验证改造方案。以下仅用于检索维护主题，由适用机型规程决定具体操作。,stated,01_datasets/marine_diesel_RAG_corpus_All_data/All_data/test/船机帮船舶动力设备日常维护要点与常见故障排除.md,,系统调试需校准恒温阀，验证热交换器温差并调整皮带挠度,edge:1bf06bdd729f683c4b1ada2c,assertion:739969827a481c17cf30c336
运维措施,按电气隔离规程清理集电环,记载于,来源,船机帮船舶动力设备日常维护要点与常见故障排除,provenance_index,仅在本声明来源及构型范围内使用,stated,01_datasets/marine_diesel_RAG_corpus_All_data/All_data/test/船机帮船舶动力设备日常维护要点与常见故障排除.md,,集电环清理需同步绝缘检测,edge:1bf9e0634804edac6ca4e5cb,assertion:a388f5ad224d522f28563fd2
状态,船舶撞击跳板与泊位,记载于,来源,MAIB Safety Digest 2016 generator oil fire case,provenance_index,仅在本声明来源及构型范围内使用,stated,02_reports/MAIB_2016_Safety_Digest_generator_oil_fire.pdf,19,made heavy contact with the concrete berth,edge:1bfab63ce26b2dd1bcf35bfe,assertion:f3683ff7b63262e32bdef47c
影响因素,海水管多年未检查更新,记载于,来源,MAIB Safety Digest 2016 generator oil fire case,provenance_index,仅在本声明来源及构型范围内使用,stated,02_reports/MAIB_2016_Safety_Digest_generator_oil_fire.pdf,60,not been inspected or renewed for many years,edge:1bfb0ce65fe947412ac64d1c,assertion:352122090c02e2b77d998abe
事故案例,盘车联锁失效与启动损坏,记载于,来源,MAIB Safety Digest 2013 lubrication and bearing cases,provenance_index,仅在本声明来源及构型范围内使用,stated,02_reports/MAIB_2013_Safety_Digest_lubrication_bearing_cases.pdf,16,specialist cargo ship,edge:1c02cc182e989d0d5f9c9456,assertion:cb412c83e48f710d58b55976
状态,两台压缩机供气不足,是概念的实例,状态,两台压缩机供气不足,concept_alignment,仅在本声明来源及构型范围内使用,stated,02_reports/MAIB_2013_Safety_Digest_lubrication_bearing_cases.pdf,15,Neither compressor had been able to keep up with demand,edge:1c23e033934a9fc6da03960f,assertion:ad92eb3fe7149f0db72a5081
运维措施,检查其余机组非原厂轴承并计划更换,应对,影响因素,装入非原厂轴承,source_case_statement,本报告案例，不外推为所有船舶已证实根因,reported_action,02_reports/MAIB_2026_10_Kommandor_Susan_generator_bearing_failure.pdf,6,Check the use of non-Caterpillar bearings in the other engines,edge:1c2867aa5d6370b8b33c2b2f,assertion:d8e4396892c97e7e0102c64a
运维措施,按机型维护要求保持空气冷却器清洁,应对,故障,压气机喘振,source_recommendation,船用废气涡轮增压器；拆装细节为VTR400示例，必须服从适用机型手册。,stated,01_datasets/marine_diesel_RAG_corpus_All_data/All_data/test/船机帮船舶柴油机废气涡轮增压器振动的主要原因有哪些.md,,管理中注意压气机进气滤器、叶轮、扩压器、空气冷却器、进气口和排气口、涡轮喷嘴环、叶片等流通部分的清洁，就会防止和消除喘振，也就会使振动消失。,edge:1c35136ef4c38703f8bbd534,assertion:2557291e63f906fac51de84d
状态,曲轴箱冒烟,记载于,来源,船机帮船用柴油机的拉缸故障,provenance_index,仅在本声明来源及构型范围内使用,stated,01_datasets/marine_diesel_RAG_corpus_All_data/All_data/test/船机帮船用柴油机的拉缸故障.md,,四冲程机器还伴随着滑油大幅度损耗，有时会出现曲轴箱冒烟。,edge:1c6ccdc8c0d4c0046a6f9366,assertion:e77c3805c1104a0324785031
检查方法,取样检测滑油理化指标,记载于,来源,船机帮船舶动力系统滑油水污染故障实例分析,provenance_index,仅在本声明来源及构型范围内使用,stated,01_datasets/marine_diesel_RAG_corpus_All_data/All_data/test/船机帮船舶动力系统滑油水污染故障实例分析.md,,油液理化指标、金属磨粒指标、外源污染元素,edge:1c86ac37a40ac9f4820a1fa8,assertion:02f03e6db5b20a8a33ba72d3
状态,海水经泵进口管大量流入,记载于,来源,MAIB Safety Digest 2016 generator oil fire case,provenance_index,仅在本声明来源及构型范围内使用,stated,02_reports/MAIB_2016_Safety_Digest_generator_oil_fire.pdf,40,water started to flow from the inlet pipe,edge:1c8f7188578276f7f7195a50,assertion:5d2c78a200f5f193f615d66b
影响因素,调光与推进安全按钮相邻相似,记载于,来源,MAIB Safety Digest 2016 generator oil fire case,provenance_index,仅在本声明来源及构型范围内使用,stated,02_reports/MAIB_2016_Safety_Digest_generator_oil_fire.pdf,21,close proximity of the safety-critical propulsion control buttons,edge:1c912cc8940a55082f0b96c2,assertion:e8c82e9ce8d08bd6a5855304
故障,排气阀阀杆断裂,记载于,来源,船机帮船用共轨柴油机排气阀常见故障与排除,provenance_index,仅在本声明来源及构型范围内使用,stated,01_datasets/marine_diesel_RAG_corpus_All_data/All_data/test/船机帮船用共轨柴油机排气阀常见故障与排除.md,,这种断裂大多由于频繁撞击引起金属疲劳以及高温下金属的机械强度降低造成的。,edge:1c97b4fc644a739801d0c9ff,assertion:9a837a58aadd45ebc46cbac8
检查方法,按说明书检查喷油器密封性,检查,部件,喷油器,source_check,共轨柴油机排气阀，厂家与具体型号未确定；仅作机理检索测试，不作直接操作授权。,stated,01_datasets/marine_diesel_RAG_corpus_All_data/All_data/test/船机帮船用共轨柴油机排气阀常见故障与排除.md,,喷油器使用前轮机员要严格按照说明书进行试压、雾化试验、密封性等检查,edge:1c9c065023d845af9d10ba31,assertion:de9fb04b30e131a67aa1f576
故障,主轴承咬死,记载于,来源,船机帮柴油机冷却水过高或过低的危害,provenance_index,仅在本声明来源及构型范围内使用,stated,01_datasets/marine_diesel_RAG_corpus_All_data/All_data/test/船机帮柴油机冷却水过高或过低的危害.md,,由于气缸的温度太高，缸壁上的润滑油容易烧焦、积炭，促使零件磨损加快，严重时会造成拉缸、抱轴和烧瓦等事故。,edge:1c9cffc1936eae7529badd39,assertion:08152b110385f1459e3bd62b
状态,油路磨粒与污染,记载于,来源,Wight Sky multiple engine failures,provenance_index,仅在本声明来源及构型范围内使用,stated,02_reports/MAIB_2022_04_Wight_Sky_multiple_engine_failures.pdf,84,silica sand and other abrasive particles embedded in the main bearing shells,edge:1ca8c7b0049dbbbddd335504,assertion:6fe429fe984eaec64210a983
状态,停机时并联机组拖转,加剧,故障,主机灾难性失效,source_case_statement,本报告案例，不外推为所有船舶已证实根因,reported,02_reports/MAIB_2022_04_Wight_Sky_multiple_engine_failures.pdf,85,inability to immediately declutch and therefore stop an engine,edge:1cadf9f0dbc3a8b9eb016097,assertion:59577882513b69068fba414a
参数,转速传感器信号频率,记载于,来源,船机帮某型船主机遥控系统典型故障分析,provenance_index,仅在本声明来源及构型范围内使用,stated,01_datasets/marine_diesel_RAG_corpus_All_data/All_data/test/船机帮某型船主机遥控系统典型故障分析.md,,用万用表测量转速传感器转速信号频率,edge:1cb1ed87ad2a0dd64f0e4c03,assertion:235a0dfc501f88e53ffcdc5d
运维措施,按本机手册处理冷却水并定期送检,应对,影响因素,冷却水水质或处理不当,source_guidance_statement,MAN四冲程柴油机闭式淡水冷却；水质要求与添加剂须按具体机型手册确认。,guidance,02_reports/MAN_SL2016_623_cooling_water.pdf,3,send a coolant sample to an,edge:1cfda596273cfcff53475371,assertion:126082bde93b35c3bcddf10b
参数,1缸排气温度,表征,设备,试验柴油机,native_variable_dictionary,仅在本声明来源及构型范围内使用,stated,01_datasets/Marine_Engine_Fault_Data_v1/Marine_Engine_Fault_Data/variable_dictionary.csv,,"No.1 Exh.Gas Temp.,T1,°C,number,TRUE,TRUE,temperature,",edge:1d1e6ef823423a95b96feab6,assertion:bbb2322e2ab8dac19d33247c
状态,排气阀高温强度降低,记载于,来源,船机帮船用共轨柴油机排气阀常见故障与排除,provenance_index,仅在本声明来源及构型范围内使用,stated,01_datasets/marine_diesel_RAG_corpus_All_data/All_data/test/船机帮船用共轨柴油机排气阀常见故障与排除.md,,这种断裂大多由于频繁撞击引起金属疲劳以及高温下金属的机械强度降低造成的。,edge:1d22228d3e92317deb425269,assertion:f5fa487ad32fccd4ef689776
设备,双联滑油滤器,记载于,来源,船机帮船舶动力设备日常维护要点与常见故障排除,provenance_index,仅在本声明来源及构型范围内使用,stated,01_datasets/marine_diesel_RAG_corpus_All_data/All_data/test/船机帮船舶动力设备日常维护要点与常见故障排除.md,,双联滤器切换前需先开启旁通阀平衡压力,edge:1d41c2e3b601e2a969061128,assertion:30a92e61897fabc9d9ced5f0
影响因素,盘车状态未标识与操作说明被涂覆,促成,故障,盘车机构未脱开启动,source_case_statement,本报告案例，不外推为所有船舶已证实根因,reported,02_reports/MAIB_2013_Safety_Digest_lubrication_bearing_cases.pdf,16,not marked in any way to show whether it was engaged or disengaged,edge:1d90f6e9c644cd38ee5ae4dd,assertion:ce4bc13f149bf8a34f90bfef
状态,气阀间隙过小,导致,故障,排气阀阀杆卡紧,source_statement,共轨柴油机排气阀，厂家与具体型号未确定；仅作机理检索测试，不作直接操作授权。,stated,01_datasets/marine_diesel_RAG_corpus_All_data/All_data/test/船机帮船用共轨柴油机排气阀常见故障与排除.md,,气阀间隙过小或气阀导管中沉积物增多会导致阀杆卡住。,edge:1daa41b8b9b51913dd6bd1be,assertion:75266aab5f629dd3a575f5f8
设备,右舷可调螺距桨液压装置,服务于系统,系统,电力与控制系统,functional_classification,仅在本声明来源及构型范围内使用,stated,02_reports/MAIB_2015_22_Pride_of_Canterbury_CPP_hydraulic_fire.pdf,30,Pride of Canterbury,edge:1dadc42812f3b2a3acb7e2c5,assertion:dae3bf6b3e8569bbf8c09c6d
运维措施,按制造商要求实施齿轮箱两端轴系校中,适用于,设备,减速齿轮箱,applicability_index,GW系列船用齿轮箱；通用机理与A/B船匿名案例须区分，尺寸不能跨机型套用。,stated,01_datasets/marine_diesel_RAG_corpus_All_data/All_data/test/船机帮船用齿轮箱故障分析与管理对策.md,,严格进行轴系校中，确保齿轮箱两端与轴系的对中。,edge:1dc32c23a190177a87cc266f,assertion:fad214213fe96d23f0da33a6
故障,滑油冷却器焊缝开裂,适用于,设备,滑油冷却器,applicability_index,海水冷却的推进柴油机滑油系统；匿名二次报道。文中压力试验参数和标准引用未独立核实，不作为通用操作依据。,stated,01_datasets/marine_diesel_RAG_corpus_All_data/All_data/test/船机帮船舶动力系统滑油水污染故障实例分析.md,,船舶运行中机械振动导致冷却器焊缝开裂或管束断裂。,edge:1dd34456c7d34443b94b3992,assertion:d339a8898266b1522da75611
状态,关键设备失电,记载于,来源,Wight Sky catastrophic main engine bearing failure,provenance_index,仅在本声明来源及构型范围内使用,stated,02_reports/MAIB_2018_14_Wight_Sky_engine_bearing_fire.pdf,14,essential services switchboard aft circuit breaker had been left in manual mode,edge:1ddd62f9716a81c01caf8bd0,assertion:9e03ff09b85afb8bfeb590b1
检查方法,停机隔离后按手册拆检活塞,适用于,设备,柴油机,applicability_index,某型巡逻船试航故障二次报道；排查中已排除的原因不作为本案正向根因，油品及公差不能跨机型使用。,stated,01_datasets/marine_diesel_RAG_corpus_All_data/All_data/test/船机帮柴油机轴瓦抱轴故障分析.md,,对故障柴油机进行拆检，拆下柴油机外围管路、气缸盖，拆除活塞、连杆组件和曲轴。,edge:1de6a0608c27eb9b9a516115,assertion:f8358f679327138b6908b792
运维措施,确认堵塞超限后更换海水滤网,适用于,设备,船舶动力装置,applicability_index,综合维护二次文章，原厂和标准出处未独立证实；不采纳文中统一周期、报警值、压力值、浮动轴承加脂和未经验证改造方案。以下仅用于检索维护主题，由适用机型规程决定具体操作。,stated,01_datasets/marine_diesel_RAG_corpus_All_data/All_data/test/船机帮船舶动力设备日常维护要点与常见故障排除.md,,清洗或更换堵塞率超 40% 的海水滤网,edge:1df57d73611ec5894f504d26,assertion:27ce6129a4eed088bacba4a6
检查方法,检查活塞顶部冷却喷孔通畅性,适用于,设备,柴油机,applicability_index,MAN K9SZ52/105B/BL活塞水冷机型，不能推广到油冷活塞,stated,01_datasets/marine_diesel_RAG_corpus_All_data/All_data/val/船机帮MANKSZ型柴油机活塞冷却系统故障分析.md,,只有6个孔是通畅的，其余全被脏物封死,edge:1e1508f07287363c779495da,assertion:6fc6cc8491dd57cd47b72340
参数,总有效功率,记载于,来源,variable_dictionary,provenance_index,仅在本声明来源及构型范围内使用,stated,01_datasets/Marine_Engine_Fault_Data_v1/Marine_Engine_Fault_Data/variable_dictionary.csv,,"Total Effective Work,We_tot,kW,number,TRUE,TRUE,performance / derived,",edge:1e1e1c2c81f7000a5454ff6d,assertion:bc54c82f327c82bf0ea61dae
检查方法,追溯发电机低绝缘的储存环境,检查,影响因素,发电机储存环境不当,source_manufacturer_check,STAMFORD/AvK对应交流发电机型号；AGN040应与本机Owner Manual联合使用；干燥与绝缘处置仅由合格人员实施。,guidance,02_reports/STAMFORD_AGN040_winding_insulation.pdf,6,investigation undertaken into the storage conditions,edge:1e29fa895062e757e32e3b53,assertion:a0ca2261ef6ed334c383fbd5
运维措施,追溯并控制滑油污染来源,适用于,设备,船舶动力装置,applicability_index,综合维护二次文章，原厂和标准出处未独立证实；不采纳文中统一周期、报警值、压力值、浮动轴承加脂和未经验证改造方案。以下仅用于检索维护主题，由适用机型规程决定具体操作。,stated,01_datasets/marine_diesel_RAG_corpus_All_data/All_data/test/船机帮船舶动力设备日常维护要点与常见故障排除.md,,超标时需整批换油并追溯污染源,edge:1e2a7b3231aa2a0d0435eef4,assertion:4cf9a1aec7875bf00607babe
影响因素,气阀弹簧热处理不合格,记载于,来源,船机帮船用共轨柴油机排气阀常见故障与排除,provenance_index,仅在本声明来源及构型范围内使用,stated,01_datasets/marine_diesel_RAG_corpus_All_data/All_data/test/船机帮船用共轨柴油机排气阀常见故障与排除.md,,气阀弹簧断裂，大多是因为振动造成的，也可能是因为材质、热处理不符合要求或在保管中锈蚀所致。,edge:1e34d0a4e29a4becee7cc64a,assertion:54466e96e36b446a31ac2f7c
检查方法,检查齿轮箱滑油杂质,记载于,来源,船机帮船用齿轮箱故障分析与管理对策,provenance_index,仅在本声明来源及构型范围内使用,stated,01_datasets/marine_diesel_RAG_corpus_All_data/All_data/test/船机帮船用齿轮箱故障分析与管理对策.md,,应该经常检查润滑部位是否达到润滑效果，以及润滑剂有无杂质，是否失效，并重点监控滑油温度。,edge:1e3e3715be3884981924482a,assertion:8a4e77045a92aed98f602f5b
状态,滑油含水污染,促成,状态,滑油乳化变质,source_statement,海水冷却的推进柴油机滑油系统；匿名二次报道。文中压力试验参数和标准引用未独立核实，不作为通用操作依据。,possible,01_datasets/marine_diesel_RAG_corpus_All_data/All_data/test/船机帮船舶动力系统滑油水污染故障实例分析.md,,水分侵入会破坏油膜完整性，引发乳化变质和酸性腐蚀,edge:1e428668b314c3a5ad576037,assertion:1578525d78c737c0635f7172
状态,滑油酸性腐蚀,记载于,来源,船机帮船舶动力系统滑油水污染故障实例分析,provenance_index,仅在本声明来源及构型范围内使用,stated,01_datasets/marine_diesel_RAG_corpus_All_data/All_data/test/船机帮船舶动力系统滑油水污染故障实例分析.md,,水分侵入会破坏油膜完整性，引发乳化变质和酸性腐蚀,edge:1e49fa9180779f5ecf6091c5,assertion:41242b2a3de7f220d2c13e37
事故案例,燃油法兰松动与主机火灾,涉及,故障,燃油法兰螺钉松动,case_index,仅在本声明来源及构型范围内使用,stated,02_reports/MAIB_2024_20_Stena_Europe_fuel_spray_fire.pdf,29,screw in a two-screw flange within the fuel oil pipework loosened,edge:1e4c221adb366704fe1dd7e9,assertion:2592005855e6710b7e85de05
参数,涡轮排气背压,记载于,来源,variable_dictionary,provenance_index,仅在本声明来源及构型范围内使用,stated,01_datasets/Marine_Engine_Fault_Data_v1/Marine_Engine_Fault_Data/variable_dictionary.csv,,"Turbine Back Pressure,dPex,Pa,number,FALSE,TRUE,pressure / derived pressure,""Present in all scenario files for schema uniformity; recorded values in 10 of 15 scenario files. Empty (not recorded) in: AC_Fouling_85_Load.csv, Clogged_Injector_Nozzle1_40_60_85_Load.csv, Clogged_Injector_Nozzle2_LoadProgram.csv, CW_Pump_Cavitation_60_Load.csv, CW_Pump_Cavitation_85_Load.csv.""",edge:1e6ef6ae42b3ac452f11f8bb,assertion:2cac6a9a538a21c7da007e45
检查方法,核查调速器动态调速率,记载于,来源,船机帮船用柴油机调速器的维护与保养十飞车故障,provenance_index,仅在本声明来源及构型范围内使用,stated,01_datasets/marine_diesel_RAG_corpus_All_data/All_data/test/船机帮船用柴油机调速器的维护与保养十飞车故障.md,,调速器灵敏度差，即动态调速率大,edge:1e6f99f8168129e2027286db,assertion:be3a83df173c0974d2e8b123
检查方法,检查缸套阻水圈,检查,部件,缸套阻水圈,source_check,海水冷却的推进柴油机滑油系统；匿名二次报道。文中压力试验参数和标准引用未独立核实，不作为通用操作依据。,stated,01_datasets/marine_diesel_RAG_corpus_All_data/All_data/test/船机帮船舶动力系统滑油水污染故障实例分析.md,,定期检测缸套水腔密封性，重点检查缸套阻水圈、水腔盖板垫片等薄弱点，发现渗漏立即更换密封件,edge:1ebdbb99583bfb815c757c10,assertion:144ef285e2ac1e60def74e0b
故障,活塞环卡滞,适用于,设备,柴油机,applicability_index,船用柴油机摩擦副；二次维修文章，机型及根因须核实；不能以某一症状直接确诊拉缸。,stated,01_datasets/marine_diesel_RAG_corpus_All_data/All_data/test/船机帮船用柴油机的拉缸故障.md,,另外活塞环的变形，在活塞环内出现卡滞，活塞环尺寸不对，环槽间隙过小，受到热膨胀无间隙，也会出现拉缸，活塞环无弹力，也可造成拉缸。,edge:1ebe7883176b91050be34ba3,assertion:ecf5f92e68a5991920b85d13
参数,发动机冷却水带走热功率,记载于,来源,variable_dictionary,provenance_index,仅在本声明来源及构型范围内使用,stated,01_datasets/Marine_Engine_Fault_Data_v1/Marine_Engine_Fault_Data/variable_dictionary.csv,,"Loss with cooling water,Qrej_eng,kW,number,TRUE,TRUE,performance / derived,",edge:1ed450c2b3a39ca362b6cad8,assertion:d5ad33c468728bf16a01371a
状态,隔振器刚度不一致,记载于,来源,船机帮柴油机轴瓦抱轴故障分析,provenance_index,仅在本声明来源及构型范围内使用,stated,01_datasets/marine_diesel_RAG_corpus_All_data/All_data/test/船机帮柴油机轴瓦抱轴故障分析.md,,"主机安装基座平面度可能导致柴油机各隔振器压缩量存在差异,使各隔振器高度不一致,造成隔振器刚度不一致,影响柴油机运行过程中的对中状态。",edge:1ede6538fa6359bb32971a4a,assertion:b6340764d271e5d6033f841e
检查方法,检查滑油滤清器与油道沉积,适用于,设备,柴油机,applicability_index,二次转载文章，船舶/原始报告身份未核实；不计入正式事故案例,stated,01_datasets/marine_diesel_RAG_corpus_All_data/All_data/train/油品课堂第六讲某船使用假冒润滑油导致主机烧瓦事故案例.md,,拆检发现机油滤清器淤塞严重，油底壳及油道拐弯等处沉积有大量油泥,edge:1ef578ff4b475a826bd544b1,assertion:87478f06cbc6c1ea4e93a63a
运维措施,按本机规程定期清洁启动空气管路,适用于,设备,柴油发电机,applicability_index,S6U-PTK与文中船舶发电机经验；部分表述不严谨，不采纳未经原厂确认的轴承结构改造建议。,stated,01_datasets/marine_diesel_RAG_corpus_All_data/All_data/test/船机帮船舶发电机常见故障及对策.md,,要定期清理船舶的管路,edge:1f0035dcf5dd83e7f52b16ba,assertion:accc36b8355acfbcfe65496a
状态,扫气温度升高,记载于,来源,船机帮船用柴油机的拉缸故障,provenance_index,仅在本声明来源及构型范围内使用,stated,01_datasets/marine_diesel_RAG_corpus_All_data/All_data/test/船机帮船用柴油机的拉缸故障.md,,柴油机参数异常没及时发现，高温水温度过高，冷却效果差，低温水温度过高，造成扫气温度高，排温偏高长期运行可造成拉缸，长时间超负荷运行，也可造成拉缸，长时间用劣质的燃油也可造成拉缸，应该定期检查做好早发现早预防，避免重大损失。,edge:1f3cc40d53ec9d710c2e6c6e,assertion:5bd600894a9319b6333e2d43
检查方法,分析瞬时频率基波及谐波的调制特征,记载于,来源,Comparative Case Study on Oscillatory Behavior in Power Systems of Marine Vessels With High Power Converters,provenance_index,仅在本声明来源及构型范围内使用,stated,03_papers/Frontiers_2021_marine_converter_oscillations.pdf,1,om- D,edge:1f5ead5e43528b69c1fb79bc,assertion:b679db5b2cdc4656eb5c9bd0
参数,增压空气压力,表征,设备,试验柴油机,native_variable_dictionary,仅在本声明来源及构型范围内使用,stated,01_datasets/Marine_Engine_Fault_Data_v1/Marine_Engine_Fault_Data/variable_dictionary.csv,,"Charge Air Press.,Pturb,kgf/cm2,number,TRUE,TRUE,pressure / derived pressure,",edge:1f7b27d2aa028cc93b09bb3d,assertion:a6b8608bbcb203012094448d
部件,燃烧室,记载于,来源,船机帮柴油机轴瓦抱轴故障分析,provenance_index,仅在本声明来源及构型范围内使用,stated,01_datasets/marine_diesel_RAG_corpus_All_data/All_data/test/船机帮柴油机轴瓦抱轴故障分析.md,,使用内窥镜检查燃烧室情况,edge:1f7fa0c10026df8cdc23876c,assertion:c00242e6beac6b55688df847
部件,ME4连杆大端轴承盖,记载于,来源,Wight Sky multiple engine failures,provenance_index,仅在本声明来源及构型范围内使用,stated,02_reports/MAIB_2022_04_Wight_Sky_multiple_engine_failures.pdf,84,ME4 failed catastrophically because of an assembly error,edge:1fa5acf39c87e1a1ae5607c0,assertion:5ac0c79a1199a005bbb89f03
事故案例,发电机滑油泵堵头松脱火灾,涉及,状态,机舱火灾,case_index,仅在本声明来源及构型范围内使用,stated,02_reports/MAIB_2016_Safety_Digest_generator_oil_fire.pdf,26,exhaust casing of the adjacent engine caught fire,edge:1fa5f36e897e2cad5500411c,assertion:bbd099e93a984703efcf28ee
运维措施,冷却停机后按规程释放冷却回路压力,适用于,设备,柴油发电机,applicability_index,Caterpillar3512冬季维护经验，原始应用场景不一定为船舶；仅提取可迁移维护主题，必须核对船用构型，排除未获批准的自主回油改造及统一数值。,stated,01_datasets/marine_diesel_RAG_corpus_All_data/All_data/test/船机帮冬季卡特柴油发电机组的安全运行.md,,以释放全部压力。,edge:1fe0fc5d69a8114f4e8dd5d7,assertion:5440e998b520fbd15f801c10
部件,DG1 5号连杆大端轴瓦,是概念的实例,部件,DG1 5号连杆大端轴瓦,concept_alignment,仅在本声明来源及构型范围内使用,stated,02_reports/MAIB_2026_10_Kommandor_Susan_generator_bearing_failure.pdf,1,catastrophic failure of a diesel generator engine,edge:1feaec481f9491f81bff687d,assertion:5e528d7058d468e4ee843a2c
部件,背压阀PSV3,是概念的实例,部件,背压阀PSV3,concept_alignment,仅在本声明来源及构型范围内使用,stated,02_reports/MAIB_2015_22_Pride_of_Canterbury_CPP_hydraulic_fire.pdf,30,Pride of Canterbury,edge:20089c847858e8f1ed6694f2,assertion:f7abeb3f142e8400f616929f
运维措施,追踪缺陷记录与厂家技术通告,记载于,来源,Stena Europe pressurised fuel spray and engine-room fire,provenance_index,仅在本声明来源及构型范围内使用,stated,02_reports/MAIB_2024_20_Stena_Europe_fuel_spray_fire.pdf,31,review process to manage service bulletins,edge:201048a738c366e7d807e170,assertion:0cbeecfa713b5dbf8b4afbd4
检查方法,核查热态对中和风浪工况下振动,记载于,来源,STAMFORD AGN039 marine shaft generators,provenance_index,仅在本声明来源及构型范围内使用,stated,02_reports/STAMFORD_AGN039_marine_shaft_generators.pdf,2,alignment is not accurate,edge:2010f7b4ffcd996eddd8fb39,assertion:85f521538f52e9ac5b329aec
设备,增压器自带油泵,记载于,来源,船机帮船舶柴油机废气涡轮增压器振动的主要原因有哪些,provenance_index,仅在本声明来源及构型范围内使用,stated,01_datasets/marine_diesel_RAG_corpus_All_data/All_data/test/船机帮船舶柴油机废气涡轮增压器振动的主要原因有哪些.md,,对自带油泵轴线进行检查,edge:2050d893cf4634623a7917b2,assertion:d89f00d3abbd59cf825fd77b
影响因素,未核对阀位即拆进口法兰,是概念的实例,影响因素,未核对阀位即拆进口法兰,concept_alignment,仅在本声明来源及构型范围内使用,stated,02_reports/MAIB_2016_Safety_Digest_generator_oil_fire.pdf,40,water started to flow from the inlet pipe,edge:205e6e8e3aefb9d46e056caa,assertion:5c1d14da1aad0cf73569fb71
故障,冷却水管路汽蚀,适用于,系统,燃油与进排气系统,functional_classification,扫气空气冷却器水侧；该证据描述低流量局部沸腾及管路汽蚀，不等同于已证明所有冷却泵汽蚀由此引起。,stated,02_reports/MAN_main_engine_auxiliary_efficiency.pdf,11,may lead to cavitation in the cooling water pipes,edge:2090ca656ac76e6be0d77d87,assertion:86e8b939d0084997840497e2
影响因素,缸套扫气口锐边,记载于,来源,船机帮船用柴油机的拉缸故障,provenance_index,仅在本声明来源及构型范围内使用,stated,01_datasets/marine_diesel_RAG_corpus_All_data/All_data/test/船机帮船用柴油机的拉缸故障.md,,缸套注油口油槽有毛刺和高点，缸套扫气口有凸点或锐边，缸套内径尺寸到不到图纸要求，过大或过小。,edge:209f2e4f587c4084a5fce1b4,assertion:9779c4e85ce5cd53efdeb60f
运维措施,按机型维护要求保持扩压器清洁,应对,故障,压气机喘振,source_recommendation,船用废气涡轮增压器；拆装细节为VTR400示例，必须服从适用机型手册。,stated,01_datasets/marine_diesel_RAG_corpus_All_data/All_data/test/船机帮船舶柴油机废气涡轮增压器振动的主要原因有哪些.md,,管理中注意压气机进气滤器、叶轮、扩压器、空气冷却器、进气口和排气口、涡轮喷嘴环、叶片等流通部分的清洁，就会防止和消除喘振，也就会使振动消失。,edge:20a1deb8c3ea00b952943a52,assertion:2973050aafa1d289cbf0a097
状态,驾驶台丧失右舷螺距控制,是概念的实例,状态,驾驶台丧失右舷螺距控制,concept_alignment,仅在本声明来源及构型范围内使用,stated,02_reports/MAIB_2016_Safety_Digest_generator_oil_fire.pdf,20,master lost bridge control of that propeller,edge:20cae958a8bde7b2418d3237,assertion:2e5a2c43a6efcc996258554d
参数,电气比例阀驱动电流,记载于,来源,船机帮某型船主机遥控系统典型故障分析,provenance_index,仅在本声明来源及构型范围内使用,stated,01_datasets/marine_diesel_RAG_corpus_All_data/All_data/test/船机帮某型船主机遥控系统典型故障分析.md,,通过给EP阀线圈串联电流表监测各工况驱动电流信号,edge:20d44dff02b47cf6edefa233,assertion:344580d856d6953fc9333e33
检查方法,停机隔离后按手册拆检曲轴,适用于,设备,柴油机,applicability_index,某型巡逻船试航故障二次报道；排查中已排除的原因不作为本案正向根因，油品及公差不能跨机型使用。,stated,01_datasets/marine_diesel_RAG_corpus_All_data/All_data/test/船机帮柴油机轴瓦抱轴故障分析.md,,对故障柴油机进行拆检，拆下柴油机外围管路、气缸盖，拆除活塞、连杆组件和曲轴。,edge:20e7ee991a666f1667f451bb,assertion:e90615d20e00c24366d65b87
部件,压缩机润滑油排出管,记载于,来源,MAIB Safety Digest 2013 lubrication and bearing cases,provenance_index,仅在本声明来源及构型范围内使用,stated,02_reports/MAIB_2013_Safety_Digest_lubrication_bearing_cases.pdf,14,ro-ro passenger ferry,edge:2115592d8aeae3f967a911a9,assertion:f2c246d155f50739a9e329f6
检查方法,测量柴油机各缸负荷分配,适用于,设备,柴油发电机,applicability_index,S6U-PTK与文中船舶发电机经验；部分表述不严谨，不采纳未经原厂确认的轴承结构改造建议。,stated,01_datasets/marine_diesel_RAG_corpus_All_data/All_data/test/船机帮船舶发电机常见故障及对策.md,,各汽缸的负荷要定时测量,edge:2130a01ef37f91ff67c10263,assertion:9c923eb58430187c6fbd9e04
运维措施,确认泄漏后按认可标准更换燃油管段,记载于,来源,船机帮船舶动力设备日常维护要点与常见故障排除,provenance_index,仅在本声明来源及构型范围内使用,stated,01_datasets/marine_diesel_RAG_corpus_All_data/All_data/test/船机帮船舶动力设备日常维护要点与常见故障排除.md,,更换合规管段，解决泄漏故障,edge:21388a5b646c2c3e8eae63aa,assertion:89e4c65ddfc4326caeb5d5b6
状态,副机高温保护停机,记载于,来源,船机帮一起副机冷却水失压停车故障的处理和原因分析,provenance_index,仅在本声明来源及构型范围内使用,stated,01_datasets/marine_diesel_RAG_corpus_All_data/All_data/test/船机帮一起副机冷却水失压停车故障的处理和原因分析.md,,"No.1 副机高温冷却淡水低压报警, 温度很快上升, 部分负荷卸载后仍达到停车保护极限温度而自动停车",edge:2145261efe61dd69eb28c129,assertion:3a399ef81775e6f121880961
设备,可调螺距桨推进控制装置,服务于系统,系统,电力与控制系统,functional_classification,仅在本声明来源及构型范围内使用,stated,02_reports/MAIB_2016_Safety_Digest_generator_oil_fire.pdf,19,large roll-on roll-off passenger ferry,edge:217c745648e046226e7f5443,assertion:ff0e6e79da664c883f374210
影响因素,调速器加减油方向错误,记载于,来源,船机帮船用柴油机调速器的维护与保养十飞车故障,provenance_index,仅在本声明来源及构型范围内使用,stated,01_datasets/marine_diesel_RAG_corpus_All_data/All_data/test/船机帮船用柴油机调速器的维护与保养十飞车故障.md,,喷油泵齿条的零油量位置、全油量位置与调速器内动力活塞的行程是否相对应。调速器加减油方向与喷油泵是否一致。,edge:218ef4d457a009e3541c3dd3,assertion:44215dab4bb961b59742eea1
影响因素,空气启动马达吸入异物,记载于,来源,船机帮船舶发电机常见故障及对策,provenance_index,仅在本声明来源及构型范围内使用,stated,01_datasets/marine_diesel_RAG_corpus_All_data/All_data/test/船机帮船舶发电机常见故障及对策.md,,在叶轮的高速运转中被异物击坏，致使叶轮断裂并带动其他叶轮的损坏。,edge:219aef0db3ffc732a5ce8784,assertion:fc2c1d131842b0825293fd24
参数,3缸最低缸压,记载于,来源,variable_dictionary,provenance_index,仅在本声明来源及构型范围内使用,stated,01_datasets/Marine_Engine_Fault_Data_v1/Marine_Engine_Fault_Data/variable_dictionary.csv,,"Min. In-Cylinder Press. No.3,Pmin,MPa,number,TRUE,TRUE,pressure / derived pressure,shorthand label is reused across cylinder-resolved and/or aggregate variables; use the full variable-name row during preprocessing",edge:21b41c4945acfda424e5927f,assertion:c29b9a67b646dbeaf3f4e387
运维措施,隔离泄压后按手册扭矩复紧高压燃油接头,记载于,来源,船机帮高压共轨柴油机燃油喷射系统故障分析,provenance_index,仅在本声明来源及构型范围内使用,stated,01_datasets/marine_diesel_RAG_corpus_All_data/All_data/test/船机帮高压共轨柴油机燃油喷射系统故障分析.md,,可先尝试按规定扭力复紧接头；如果没有改善，再拆开检查密封面,edge:21b93204888c87387d1dddd3,assertion:9f478aad3cd124571ee5d0b3
设备,柴油机,服务于系统,系统,冷却与海水系统,functional_classification,仅在本声明来源及构型范围内使用,stated,01_datasets/marine_diesel_RAG_corpus_All_data/All_data/test/船机帮柴油机冷却水过高或过低的危害.md,,冷却水温度过高，致使活塞、活塞环、气缸套、缸盖和气门等零件的工作温度升高，导致充气不足，燃烧不正常，容易引起敲缸、爆燃。,edge:21ca920e23408d2e5d758778,assertion:4e017f52cc9452d0d040610b
事故案例,可调螺距桨倒车响应迟缓与码头碰撞,涉及,状态,船长不熟悉CPP备用按钮,case_index,仅在本声明来源及构型范围内使用,stated,02_reports/MAIB_2016_Safety_Digest_generator_oil_fire.pdf,29,Regular drills simulating propulsion system failure and recovery,edge:21db158509f0150969f6d892,assertion:4bd8e855dc811b0fff56bbc5
影响因素,可调螺距桨倒车参数设置错误,导致,故障,CPP倒车响应迟缓,source_case_statement,本报告案例，不外推为所有船舶已证实根因,reported,02_reports/MAIB_2016_Safety_Digest_generator_oil_fire.pdf,29,parameters for astern pitch control had been incorrectly set,edge:21f5a211145fc564adf08081,assertion:c6e341620903cc2cca158c4d
运维措施,更换改进设计的滤波电容,应对,故障,谐波滤波电容退化,source_case_statement,本报告案例，不外推为所有船舶已证实根因,reported_action,02_reports/MAIB_2011_28_Queen_Mary_2_harmonic_filter_failure.pdf,70,improved and safer design,edge:2216585acbe8c3e2361442c6,assertion:7d1db48722e8c671ed4d6e1d
设备,主机启动与盘车装置,服务于系统,系统,电力与控制系统,functional_classification,仅在本声明来源及构型范围内使用,stated,02_reports/MAIB_2013_Safety_Digest_lubrication_bearing_cases.pdf,16,specialist cargo ship,edge:222b36754704bebae00aa560,assertion:3815452d3068bdb07a4d7983
部件,双联滑油滤器,是概念的实例,部件,双联滑油滤器,concept_alignment,仅在本声明来源及构型范围内使用,stated,02_reports/MAIB_2013_Safety_Digest_lubrication_bearing_cases.pdf,21,fully loaded cargo ship,edge:222be4fe1c424e50f3ff4650,assertion:bbb75dab20f9cedc1a6ac49c
事故案例,控制空气不足与离合器脱开,涉及,部件,主机离合器,case_index,仅在本声明来源及构型范围内使用,stated,02_reports/MAIB_2013_Safety_Digest_lubrication_bearing_cases.pdf,14,ro-ro passenger ferry,edge:2234b7b30011d7154956036d,assertion:93a3c56835abb45fa54920fc
运维措施,按环境要求配置发电机机罩空间加热,适用于,设备,交流发电机,applicability_index,STAMFORD/AvK对应交流发电机型号；AGN040应与本机Owner Manual联合使用；干燥与绝缘处置仅由合格人员实施。,stated,02_reports/STAMFORD_AGN040_winding_insulation.pdf,7,capable of maintaining low RH values within the Generating Set enclosure,edge:224b60e2c6764bfe8354a11c,assertion:242e3812e3c21f9cbe0f0544
状态,推进电机保护跳闸,导致,状态,失去推进,source_case_statement,本报告案例，不外推为所有船舶已证实根因,reported,02_reports/MAIB_2026_06_Spirit_of_Discovery_propulsion_loss.pdf,42,"port pod automatically shut down, followed shortly afterwards by its starboard pod",edge:226155362fefeb62e6dc624c,assertion:87ba764922fc6f4031c14aca
运维措施,按机型与燃料选择气缸油并检查缸况,适用于,系统,润滑与轴承系统,functional_classification,MAN B&W两冲程柴油机缸套/活塞环；2016通函用于机理，润滑油选择须查2023通函及本机手册。不能把活塞咬死一概等同于已证实拉缸。,stated,02_reports/MAN_SL2023_737_cylinder_lubrication.pdf,1,maintaining an adequate oil film,edge:2262a32eeec5b1dfa11d9f98,assertion:44d7c74f54a5fa7937442641
设备,主机,包含部件,部件,主机A5连杆小端,asset_index,仅在本声明来源及构型范围内使用,stated,02_reports/MAIB_2021_02_Finlandia_Seaways_connecting_rod_failure.pdf,9,fracture of the connecting rod small end,edge:227b2d8524dfab05991b3fed,assertion:c637eccd21c929952497221d
故障,压缩机下端轴承过热失效,促成,状态,两台压缩机供气不足,source_case_statement,本报告案例，不外推为所有船舶已证实根因,reported,02_reports/MAIB_2013_Safety_Digest_lubrication_bearing_cases.pdf,15,Neither compressor had been able to keep up with demand,edge:2281f7ee87786a733ad8c093,assertion:4424fb18714ec682e7f2bab6
检查方法,检查调速器阀杆卡阻,记载于,来源,船机帮船舶发电机常见故障及对策,provenance_index,仅在本声明来源及构型范围内使用,stated,01_datasets/marine_diesel_RAG_corpus_All_data/All_data/test/船机帮船舶发电机常见故障及对策.md,,检查调速器，包括各汽缸的清洁和油位，阀杆是否卡阻，调速器内部转动及反馈系统。,edge:228bf7a610ab8bd03611608a,assertion:862f37baabfed0f7637d0335
检查方法,检查调速器阀杆卡阻,适用于,设备,柴油发电机,applicability_index,S6U-PTK与文中船舶发电机经验；部分表述不严谨，不采纳未经原厂确认的轴承结构改造建议。,stated,01_datasets/marine_diesel_RAG_corpus_All_data/All_data/test/船机帮船舶发电机常见故障及对策.md,,检查调速器，包括各汽缸的清洁和油位，阀杆是否卡阻，调速器内部转动及反馈系统。,edge:22ab1b298bbba86afdf7af04,assertion:2d884dc0c96176cd8977c74b
状态,一台主机数周不能运行,记载于,来源,Stena Europe pressurised fuel spray and engine-room fire,provenance_index,仅在本声明来源及构型范围内使用,stated,02_reports/MAIB_2024_20_Stena_Europe_fuel_spray_fire.pdf,7,one of its four main engines inoperative for several weeks,edge:22c602f6e0286d3f6a39bbda,assertion:2204173ccead1d4e53ad5bca
运维措施,定期演练推进失效与恢复,记载于,来源,MAIB Safety Digest 2016 generator oil fire case,provenance_index,仅在本声明来源及构型范围内使用,stated,02_reports/MAIB_2016_Safety_Digest_generator_oil_fire.pdf,29,Regular drills simulating propulsion system failure and recovery,edge:22f1fb0a33bdc37f1607e3f7,assertion:4d476c92c41511356a481372
部件,右舷可调螺距桨,记载于,来源,MAIB Safety Digest 2016 generator oil fire case,provenance_index,仅在本声明来源及构型范围内使用,stated,02_reports/MAIB_2016_Safety_Digest_generator_oil_fire.pdf,19,large roll-on roll-off passenger ferry,edge:22f63532b889b66b381bc0ee,assertion:acb4eeb12e2ec58bf9b795aa
部件,海水隔离阀执行器,记载于,来源,MAIB Safety Digest 2016 generator oil fire case,provenance_index,仅在本声明来源及构型范围内使用,stated,02_reports/MAIB_2016_Safety_Digest_generator_oil_fire.pdf,40,general cargo vessel,edge:2314c2898fd271d7a6bbda12,assertion:2b0322ab4409a4f4b58e9088
状态,排气歧管裸露高温,是概念的实例,状态,排气歧管裸露高温,concept_alignment,仅在本声明来源及构型范围内使用,stated,02_reports/MAIB_2024_20_Stena_Europe_fuel_spray_fire.pdf,29,insulation and shielding,edge:232106e8efc133a868e1c353,assertion:0b397a437b65d054d8170899
运维措施,按本机要求调整传动皮带张紧,适用于,设备,船舶动力装置,applicability_index,综合维护二次文章，原厂和标准出处未独立证实；不采纳文中统一周期、报警值、压力值、浮动轴承加脂和未经验证改造方案。以下仅用于检索维护主题，由适用机型规程决定具体操作。,stated,01_datasets/marine_diesel_RAG_corpus_All_data/All_data/test/船机帮船舶动力设备日常维护要点与常见故障排除.md,,系统调试需校准恒温阀，验证热交换器温差并调整皮带挠度,edge:2323bdbefcb412290b7a1c9f,assertion:355e81aac9b769593cc3b60e
故障,压缩机下端轴承过热失效,记载于,来源,MAIB Safety Digest 2013 lubrication and bearing cases,provenance_index,仅在本声明来源及构型范围内使用,stated,02_reports/MAIB_2013_Safety_Digest_lubrication_bearing_cases.pdf,14,bottom end bearing had overheated and failed,edge:2332d733d5fc7c293509fb86,assertion:36e3a64f79cab7d550e7f633
影响因素,连杆大端轴承盖配对错装,记载于,来源,Wight Sky multiple engine failures,provenance_index,仅在本声明来源及构型范围内使用,stated,02_reports/MAIB_2022_04_Wight_Sky_multiple_engine_failures.pdf,84,transposition of the bearing caps reduced the metal-to-metal contact,edge:233a0ce349a9a5a2da53492d,assertion:6012aff5be667cf6a7f1aa79
状态,增压器转子质量分布不均,导致,状态,增压器转子动不平衡,source_statement,船用废气涡轮增压器；拆装细节为VTR400示例，必须服从适用机型手册。,stated,01_datasets/marine_diesel_RAG_corpus_All_data/All_data/test/船机帮船舶柴油机废气涡轮增压器振动的主要原因有哪些.md,,破坏了转子原有的动平衡精度，即偏心距值增大超过规范要求，造成转子不平衡。,edge:2342a1d57257369657f07dd7,assertion:9381a993bfffd79f04641843
检查方法,比较车令设定转速与测量转速,适用于,设备,主机遥控控制装置,applicability_index,12V20/27、双机双轴双桨定距推进的文中闭环调速构型；信号接口及间隙不可跨机型套用。,stated,01_datasets/marine_diesel_RAG_corpus_All_data/All_data/test/船机帮某型船主机遥控系统典型故障分析.md,,用万用表测量转速传感器转速信号频率，与车令对应转速设定值一致，通过示波表监测转速信号波形，发现部分波形有幅值偏低的现象。,edge:23493ad397904df427520f5c,assertion:a4a806df6f5988c135ad1356
影响因素,连杆大端轴承盖配对错装,记载于,来源,Wight Sky multiple engine failures,provenance_index,仅在本声明来源及构型范围内使用,stated,02_reports/MAIB_2022_04_Wight_Sky_multiple_engine_failures.pdf,84,transposition of the bearing caps reduced the metal-to-metal contact,edge:2363384c27b507f895b9d680,assertion:fe6cdd494e0848d5c7bc857e
故障,压力燃油泄漏,发生于,设备,ME3主机燃油供给与排气装置,case_equipment_index,仅在本声明来源及构型范围内使用,stated,02_reports/MAIB_2024_20_Stena_Europe_fuel_spray_fire.pdf,29,screw in a two-screw flange within the fuel oil pipework loosened,edge:237be8612ffae3a5d74da5ae,assertion:fb9abedb39c3246c9d39c155
状态,橡胶密封件高温失弹,促成,故障,柴油机密封件漏油,source_statement,柴油机水冷机理二次资料；文中80–90℃等数值不能当作所有机型阈值。,possible,01_datasets/marine_diesel_RAG_corpus_All_data/All_data/test/船机帮柴油机冷却水过高或过低的危害.md,,一些纸质、橡胶密封件因高温而失去弹性或者密封功能下降，造成柴油机密封件部位向外漏油,edge:239028840e4bc734fc4154a7,assertion:44fd1cef554c28c4b54c990c
故障,喷油器喷嘴堵塞,适用于,设备,试验柴油机,native_dataset_label,Marine Engine Fault Dataset原始标签；不推导未在数据中证明的机理,dataset_label,01_datasets/Marine_Engine_Fault_Data_v1/Marine_Engine_Fault_Data/dataset_index.csv,,"Injector_Nozzle/Clogged_Injector_Nozzle2_LoadProgram.csv,scenario,Injection-valve nozzle clogging,load program (~40-85%),two-hole plugged nozzle / load program,3,6791,73,all-anomaly (no baseline segment),Anomalous operation only (no baseline segment). Compressor Filter Loss (dPf) and Turbine Back Pressure (dPex) not recorded in this run (columns present but empty).",edge:239895bf584d48153c526b4d,assertion:f4daef8976296ae09cc6f182
状态,缸套与活塞环干摩擦,记载于,来源,船机帮船用柴油机的拉缸故障,provenance_index,仅在本声明来源及构型范围内使用,stated,01_datasets/marine_diesel_RAG_corpus_All_data/All_data/test/船机帮船用柴油机的拉缸故障.md,,若由于某种原因，油膜变薄或遭到破坏，因润滑不良出现干摩擦或半干摩擦，缸套与活塞环的摩擦系数突然增大，造成局部高温粘附磨损的过程。,edge:23b8e3be0223502099ecbc0d,assertion:84d48b02baa37d300c2ae355
故障,连杆大端轴瓦失效,适用于,设备,左舷主机,applicability_index,本报告案例，不外推为所有船舶已证实根因,stated,02_reports/MAIB_2018_01_Windcat8_bearing_failure_fire.pdf,1,A high oil temperature alarm prior to the engine failure,edge:23be4183558cf8d9810e12b0,assertion:78c2cc25d9ae84010176d794
状态,失去推进,记载于,来源,Kommandor Susan catastrophic engine failure and fire,provenance_index,仅在本声明来源及构型范围内使用,stated,02_reports/MAIB_2026_10_Kommandor_Susan_generator_bearing_failure.pdf,1,The vessel lost propulsion and began drifting eastwards,edge:23bf9e38d61b2a7cbba49cc2,assertion:5e4c7b682f8d4194709fd0b4
故障,主轴承瓦片转位,发生于,设备,主机润滑装置,case_equipment_index,仅在本声明来源及构型范围内使用,stated,02_reports/MAIB_2013_Safety_Digest_lubrication_bearing_cases.pdf,21,rotation of bearing shells and the blockage of oil ways,edge:23c09b686cd0ab57739736db,assertion:9570b0196fb058e71f8bd08a
事故案例,可调螺距桨倒车响应迟缓与码头碰撞,涉及,检查方法,核验CPP倒车控制参数,case_index,仅在本声明来源及构型范围内使用,stated,02_reports/MAIB_2016_Safety_Digest_generator_oil_fire.pdf,29,parameters for astern pitch control had been incorrectly set,edge:23d9d82dee033376fc962266,assertion:23ddca775ffe8289650ccead
故障,曲轴箱被连杆击穿,记载于,来源,Windcat 8 connecting rod big-end bearing failure,provenance_index,仅在本声明来源及构型范围内使用,stated,02_reports/MAIB_2018_01_Windcat8_bearing_failure_fire.pdf,1,connecting rod assembly releasing and penetrating through the engine crankcase,edge:23e50f70e64b261a5db904a3,assertion:c98fac50c7907cbcccbad30b
状态,共轨燃油系统污染,记载于,来源,船机帮高压共轨柴油机燃油喷射系统故障分析,provenance_index,仅在本声明来源及构型范围内使用,stated,01_datasets/marine_diesel_RAG_corpus_All_data/All_data/test/船机帮高压共轨柴油机燃油喷射系统故障分析.md,,轻重油频繁切换，容易造成共轨系统被污染，导致柴油机启动故障及零件的异常磨损，使用中尽量避免轻重油频繁切换。,edge:23e813b84d38aa95945c566f,assertion:9fd46824dfc7ef9ef7753e4b
状态,气缸爆发压力降低,提示,故障,缸套黏着拉伤,source_statement,船用柴油机摩擦副；二次维修文章，机型及根因须核实；不能以某一症状直接确诊拉缸。,possible,01_datasets/marine_diesel_RAG_corpus_All_data/All_data/test/船机帮船用柴油机的拉缸故障.md,,缸套和活塞环被拉伤，会出现串气、压缩压力和爆发压力降低，燃油油耗偏高；,edge:241961bb73aedf04a548223f,assertion:dd3e26e4f04eb75f1c1aa58c
运维措施,按适用缓蚀剂规范更换不合格冷却液,应对,影响因素,冷却水水质或处理不当,source_recommendation,海水冷却的推进柴油机滑油系统；匿名二次报道。文中压力试验参数和标准引用未独立核实，不作为通用操作依据。,stated,01_datasets/marine_diesel_RAG_corpus_All_data/All_data/test/船机帮船舶动力系统滑油水污染故障实例分析.md,,按照柴油机冷却系统缓蚀剂规范及时更换与补加冷却液。,edge:2421ebd4a889928cae88ed75,assertion:e98da43ca8390488934c84ee
运维措施,按厂家要求清洁空气预滤器,记载于,来源,船机帮冬季卡特柴油发电机组的安全运行,provenance_index,仅在本声明来源及构型范围内使用,stated,01_datasets/marine_diesel_RAG_corpus_All_data/All_data/test/船机帮冬季卡特柴油发电机组的安全运行.md,,每天检查空气预滤器，根据需要清除一切脏物和碎屑。,edge:24358cca80ea994f970aef22,assertion:1e17e2df70a840d250ae4a29
状态,冷却水温度过高,导致,状态,滑油温度升高,source_statement,柴油机水冷机理二次资料；文中80–90℃等数值不能当作所有机型阈值。,possible,01_datasets/marine_diesel_RAG_corpus_All_data/All_data/test/船机帮柴油机冷却水过高或过低的危害.md,,会使润滑油温度升高而变得过稀、机油压力变低,edge:2467938c3287da9cbafffb60,assertion:292b635fbecc8703a6814bcf
运维措施,按认可设计增设机脚限位器,适用于,设备,柴油机,applicability_index,某型巡逻船试航故障二次报道；排查中已排除的原因不作为本案正向根因，油品及公差不能跨机型使用。,stated,01_datasets/marine_diesel_RAG_corpus_All_data/All_data/test/船机帮柴油机轴瓦抱轴故障分析.md,,"需进一步加强对中控制,并增加机脚限位器。",edge:246e9d79e43f53d189f2d844,assertion:8a1e1a8a86a5477170ccf13e
故障,电容内部电弧与介质汽化,适用于,设备,艉部谐波滤波器,applicability_index,本报告案例，不外推为所有船舶已证实根因,stated,02_reports/MAIB_2011_28_Queen_Mary_2_harmonic_filter_failure.pdf,13,Internal arcing between the capacitor plates developed,edge:246f2c70ebb87755ece1cdab,assertion:01be690fc6a6b73ac4d89e47
设备,ME4主机,服务于系统,系统,传动与推进系统,functional_classification,仅在本声明来源及构型范围内使用,stated,02_reports/MAIB_2022_04_Wight_Sky_multiple_engine_failures.pdf,84,ME4 failed catastrophically because of an assembly error,edge:247102446dd87e2169a33d44,assertion:d5a32ca5e832f64ce685ea3b
设备,主机,服务于系统,系统,传动与推进系统,functional_classification,仅在本声明来源及构型范围内使用,stated,02_reports/MAIB_2021_02_Finlandia_Seaways_connecting_rod_failure.pdf,9,fracture of the connecting rod small end,edge:2478603d1ad3d74bd30c9514,assertion:5d5ec129bdaf2562e4408a1a
部件,曲轴主轴承,记载于,来源,MAIB Safety Digest 2013 lubrication and bearing cases,provenance_index,仅在本声明来源及构型范围内使用,stated,02_reports/MAIB_2013_Safety_Digest_lubrication_bearing_cases.pdf,21,fully loaded cargo ship,edge:2493bdaa6d486c367d25981c,assertion:91b38a87cf9d564d964ccc6a
影响因素,喷油定时过迟,促成,状态,排气温度升高,source_statement,S6U-PTK与文中船舶发电机经验；部分表述不严谨，不采纳未经原厂确认的轴承结构改造建议。,possible,01_datasets/marine_diesel_RAG_corpus_All_data/All_data/test/船机帮船舶发电机常见故障及对策.md,,喷油时间过迟，部分燃油未充分燃烧便于废气一同进入排气管中引起黑烟，且伴随较高温度。,edge:2496fe7ae3093f187e04d346,assertion:127b6846d2f52bc9ead4d71e
事故案例,可调螺距桨倒车响应迟缓与码头碰撞,涉及,影响因素,可调螺距桨倒车参数设置错误,case_index,仅在本声明来源及构型范围内使用,stated,02_reports/MAIB_2016_Safety_Digest_generator_oil_fire.pdf,29,parameters for astern pitch control had been incorrectly set,edge:24a04256555f9437a4d4a5a0,assertion:dd73116b5948f4a7d13b9393
事故案例,海水冷却管疑似失效与沉没,涉及,影响因素,驾驶台无人导致舱底报警漏察,case_index,仅在本声明来源及构型范围内使用,stated,02_reports/MAIB_2016_Safety_Digest_generator_oil_fire.pdf,60,Never leave the wheelhouse unmanned when underway,edge:24bc327d8f4607e3646e3d5f,assertion:8e77686b6520c2d100ceab3b
部件,背压阀PSV3,记载于,来源,Pride of Canterbury CPP hydraulic overpressure and fire,provenance_index,仅在本声明来源及构型范围内使用,stated,02_reports/MAIB_2015_22_Pride_of_Canterbury_CPP_hydraulic_fire.pdf,30,Pride of Canterbury,edge:24c4e778bc1df88bd7030f6c,assertion:59a89b59291ead20bc241bef
状态,故障电流切除超出热损伤时间范围,导致,故障,发电机绝缘热劣化,source_guidance_statement,STAMFORD/AvK发电机；检测与干燥作业须停电隔离，由合格人员依本机手册执行，本文不提供通用阈值或操作命令。,guidance,02_reports/STAMFORD_AGN035_fault_protection.pdf,2,thermal degradation,edge:24c5079c67439930ce9f0171,assertion:928c1a687f180e6f068bb1c5
故障,主轴承瓦片转位,发生于,设备,ME2主机,case_equipment_index,仅在本声明来源及构型范围内使用,stated,02_reports/MAIB_2022_04_Wight_Sky_multiple_engine_failures.pdf,84,oilway to the main journal and crankpin was blocked off when the bearing shells turned,edge:24c532303759d7d36f97a222,assertion:08532c5274481456578cff2c
状态,滑油黏度降低,导致,状态,滑油压力降低,source_statement,柴油机水冷机理二次资料；文中80–90℃等数值不能当作所有机型阈值。,possible,01_datasets/marine_diesel_RAG_corpus_All_data/All_data/test/船机帮柴油机冷却水过高或过低的危害.md,,会使润滑油温度升高而变得过稀、机油压力变低,edge:24c98420519b05fde7abebe0,assertion:77d9ba510ff86d4f507a8552
检查方法,检查齿轮箱滑油杂质,检查,状态,齿轮箱滑油污染,source_check,GW系列船用齿轮箱；通用机理与A/B船匿名案例须区分，尺寸不能跨机型套用。,stated,01_datasets/marine_diesel_RAG_corpus_All_data/All_data/test/船机帮船用齿轮箱故障分析与管理对策.md,,应该经常检查润滑部位是否达到润滑效果，以及润滑剂有无杂质，是否失效，并重点监控滑油温度。,edge:24e3cde74ea48af7e02a964d,assertion:a0c7e3b4486b2f4de6205ca0
部件,主机A5连杆小端,记载于,来源,Finlandia Seaways engine failure and fire,provenance_index,仅在本声明来源及构型范围内使用,stated,02_reports/MAIB_2021_02_Finlandia_Seaways_connecting_rod_failure.pdf,9,fracture of the connecting rod small end,edge:24f9a5a34de2bd25b9184b00,assertion:439aa00458ee5b0e3ceb0c34
故障,冷却回路汽蚀,记载于,来源,MAN efficiency improvements main engine auxiliary systems,provenance_index,仅在本声明来源及构型范围内使用,stated,02_reports/MAN_main_engine_auxiliary_efficiency.pdf,11,A flow which is too low may cause local boiling,edge:251855c31581d39f8857ab35,assertion:e406a8b4cfa7db011588a469
运维措施,确认失衡后按厂家程序校正转子动平衡,记载于,来源,船机帮船舶动力设备日常维护要点与常见故障排除,provenance_index,仅在本声明来源及构型范围内使用,stated,01_datasets/marine_diesel_RAG_corpus_All_data/All_data/test/船机帮船舶动力设备日常维护要点与常见故障排除.md,,若偏差过大需离线进行动平衡校正,edge:254d817a357974a71613294b,assertion:142cefe2237ea07c99dd9b5b
检查方法,比较单缸排温与各缸喷油时长,检查,故障,喷油控制电磁阀磨损,source_check,航浚6008/MAN L32/44CR与CR2.2；轨压数值、扭矩与拆装必须核对本机手册。,stated,01_datasets/marine_diesel_RAG_corpus_All_data/All_data/test/船机帮高压共轨柴油机燃油喷射系统故障分析.md,,如果该缸喷油时长明显小于其他各缸，则基本可以断定该缸喷油控制电磁阀故障，一般是磨损造成通流面积变大所致，需换新喷油控制电磁阀；也有可能是阀芯卡在较大开度位置所致，需解体清洁活络阀芯。,edge:2558398225d5c08a2d104f5f,assertion:48f1a44e6604c8ab54441877
设备,艉部谐波滤波器,包含部件,部件,谐波滤波电容器,asset_index,仅在本声明来源及构型范围内使用,stated,02_reports/MAIB_2011_28_Queen_Mary_2_harmonic_filter_failure.pdf,13,explosion was triggered by deterioration in the capacitors,edge:25613bfabce3ed6353f994b5,assertion:787cf59be598e7d16dbb8023
检查方法,断电核验主开关蓄能马达,适用于,设备,发电机主开关,applicability_index,DG2、施耐德NW08-63和文中扩展箱构型；仅合格电气人员可按本船隔离规程检修。,stated,01_datasets/marine_diesel_RAG_corpus_All_data/All_data/test/船机帮船舶柴油发电机主开关并网合闸失败故障的分析与排查.md,,对其蓄能马达进行测量未发现问题，然后利用万用表对主开关的控制分闸线圈 MN 与 XF 进行测量,edge:25686ef77b6a991842b31bfe,assertion:65ed86d2730c237955ea464c
影响因素,缸套珩磨纹角度不当,增加风险,故障,缸套黏着拉伤,source_statement,船用柴油机摩擦副；二次维修文章，机型及根因须核实；不能以某一症状直接确诊拉缸。,possible,01_datasets/marine_diesel_RAG_corpus_All_data/All_data/test/船机帮船用柴油机的拉缸故障.md,,缸套加工的本身粗糙度过高，珩磨纹倾斜不对，缸套硬度太低，达不到图纸要求；,edge:257d23d3d3f21071477a865a,assertion:7a37ef65001d233bc449af6e
故障,连杆小端疲劳断裂,适用于,设备,主机,applicability_index,本报告案例，不外推为所有船舶已证实根因,stated,02_reports/MAIB_2021_02_Finlandia_Seaways_connecting_rod_failure.pdf,9,introduced stress raisers that signficantly increased the likelihood of crack initiation and fatigue failure,edge:2588cd5616e734821f0dd77e,assertion:2eb460a59a30c997541314fc
运维措施,按原厂周期清洗更换增压器滤网,记载于,来源,船机帮船舶发电机常见故障及对策,provenance_index,仅在本声明来源及构型范围内使用,stated,01_datasets/marine_diesel_RAG_corpus_All_data/All_data/test/船机帮船舶发电机常见故障及对策.md,,定时清洗并更换滤网；,edge:25924a2c5eac87f659bcc7cf,assertion:fd2da6dd993aff91bdbc0ed1
故障,连杆大端轴瓦失效,记载于,来源,Kommandor Susan catastrophic engine failure and fire,provenance_index,仅在本声明来源及构型范围内使用,stated,02_reports/MAIB_2026_10_Kommandor_Susan_generator_bearing_failure.pdf,5,most likely root cause for the bearing failure is weak bonding of the copper layer,edge:25abca66bc8197c0068a9b13,assertion:83998e837ab14ce62b0aacef
检查方法,测量车钟数字量信号幅值,适用于,设备,主机遥控控制装置,applicability_index,12V20/27、双机双轴双桨定距推进的文中闭环调速构型；信号接口及间隙不可跨机型套用。,stated,01_datasets/marine_diesel_RAG_corpus_All_data/All_data/test/船机帮某型船主机遥控系统典型故障分析.md,,观察集控室转速控制器4路数字量，车钟指令输入信号与实际车钟显示同步并一致，测量数字量信号幅值正常。,edge:25ac96b0f67c00074aed70fb,assertion:9209c43f45193cb15e1edcb2
故障,喷油嘴喷孔扩大,适用于,设备,高压共轨燃油喷射装置,applicability_index,航浚6008/MAN L32/44CR与CR2.2；轨压数值、扭矩与拆装必须核对本机手册。,stated,01_datasets/marine_diesel_RAG_corpus_All_data/All_data/test/船机帮高压共轨柴油机燃油喷射系统故障分析.md,,如弹簧断裂、喷油嘴喷孔变大等也会出现排温偏高的情况,edge:25ad75fcdd5ef852d816c27a,assertion:d2f583ff48dbb0c66c52f172
运维措施,启动前安全清除机组表面油污,适用于,设备,柴油发电机,applicability_index,Caterpillar3512冬季维护经验，原始应用场景不一定为船舶；仅提取可迁移维护主题，必须核对船用构型，排除未获批准的自主回油改造及统一数值。,stated,01_datasets/marine_diesel_RAG_corpus_All_data/All_data/test/船机帮冬季卡特柴油发电机组的安全运行.md,,将附着在机组上的水迹、油迹和铁绣等杂物清除干净。,edge:25b069e323ed45999e7c48b0,assertion:fd1b5cf9ef1316e5fc326c6f
运维措施,由合格人员修复检验确认的空压机冷却器渗漏,记载于,来源,船机帮一起副机冷却水失压停车故障的处理和原因分析,provenance_index,仅在本声明来源及构型范围内使用,stated,01_datasets/marine_diesel_RAG_corpus_All_data/All_data/test/船机帮一起副机冷却水失压停车故障的处理和原因分析.md,,修复 No.3 主空压机高压冷却器后单独使用该机,edge:25b63ce91ecd27b932b93562,assertion:715c65ffeb68cd299478e47e
状态,遥控直流电源纹波增大,以参数描述,参数,遥控直流电源纹波,explicit_parameter_description,仅在本声明来源及构型范围内使用,stated,01_datasets/marine_diesel_RAG_corpus_All_data/All_data/test/船机帮某型船主机遥控系统典型故障分析.md,,直流电源纹波大,edge:25bc832bdf04224e9632008b,assertion:ea318a160044577372a6c29d
故障,发电机绕组绝缘电阻降低,适用于,系统,电力与控制系统,functional_classification,STAMFORD/AvK发电机；检测与干燥作业须停电隔离，由合格人员依本机手册执行，本文不提供通用阈值或操作命令。,stated,02_reports/STAMFORD_AGN040_winding_insulation.pdf,6,Surface moisture,edge:25cbc45025eca75f115416d5,assertion:25d712e34419312c8146142e
状态,气缸燃烧不完全,导致,状态,柴油机排气冒黑烟,source_statement,S6U-PTK与文中船舶发电机经验；部分表述不严谨，不采纳未经原厂确认的轴承结构改造建议。,possible,01_datasets/marine_diesel_RAG_corpus_All_data/All_data/test/船机帮船舶发电机常见故障及对策.md,,气阀机构回受热膨胀，过小的间隙造成关闭不严，漏气而导致燃烧不充分，出现黑烟现象；,edge:25d689f613132363ba6948bd,assertion:fde0a896aa84424001005a0a
故障,冷却水泵汽蚀,适用于,设备,试验柴油机,native_dataset_label,Marine Engine Fault Dataset原始标签；不推导未在数据中证明的机理,dataset_label,01_datasets/Marine_Engine_Fault_Data_v1/Marine_Engine_Fault_Data/dataset_index.csv,,"Pump_Cavitation/CW_Pump_Cavitation_85_Load.csv,scenario,Cooling-water pump cavitation,85%,single load condition,3,6263,73,""binary (0=pre-anomaly, 1=anomaly)"",Pre-anomaly and anomaly segments. Compressor Filter Loss (dPf) and Turbine Back Pressure (dPex) not recorded in this run (columns present but empty).",edge:260451b317837a32d53e9fc5,assertion:e430a589079525cd073cfa74
检查方法,取样检测滑油金属磨粒,检查,状态,滑油含水污染,source_check,海水冷却的推进柴油机滑油系统；匿名二次报道。文中压力试验参数和标准引用未独立核实，不作为通用操作依据。,stated,01_datasets/marine_diesel_RAG_corpus_All_data/All_data/test/船机帮船舶动力系统滑油水污染故障实例分析.md,,油液理化指标、金属磨粒指标、外源污染元素,edge:2643ee90dd8787b58616f10a,assertion:4f2ff2cf81893b7d4c2fc0a1
检查方法,核实在线滤腔滤芯实际安装,适用于,设备,主机润滑装置,applicability_index,本报告案例，不外推为所有船舶已证实根因,stated,02_reports/MAIB_2013_Safety_Digest_lubrication_bearing_cases.pdf,21,without a filter cartridge,edge:2648dc29debc1de2ff3c2fc5,assertion:5312bce22197ba3f7cee9e19
运维措施,冷却停机后按规程释放冷却回路压力,作用于,设备,冷却回路,source_recommendation,Caterpillar3512冬季维护经验，原始应用场景不一定为船舶；仅提取可迁移维护主题，必须核对船用构型，排除未获批准的自主回油改造及统一数值。,stated,01_datasets/marine_diesel_RAG_corpus_All_data/All_data/test/船机帮冬季卡特柴油发电机组的安全运行.md,,以释放全部压力。,edge:26549d9aae8bab8a3d514fc7,assertion:09fa85b768568608b34753b1
状态,转速信号整形输出间歇丢失,记载于,来源,船机帮某型船主机遥控系统典型故障分析,provenance_index,仅在本声明来源及构型范围内使用,stated,01_datasets/marine_diesel_RAG_corpus_All_data/All_data/test/船机帮某型船主机遥控系统典型故障分析.md,,发现转速信号进入测速板后，首先通过比较器6N139进行整形，整形比较器输出不稳定，有偶发性无输出现象。,edge:26744b6fa604a8043345c2f7,assertion:370f9de2aaff2fd9109721e5
事故案例,ME4连杆轴承盖错装失效,涉及,检查方法,核对连杆与轴承盖配对编号,case_index,仅在本声明来源及构型范围内使用,stated,02_reports/MAIB_2022_04_Wight_Sky_multiple_engine_failures.pdf,72,serial numbers on the connecting rods and caps were not routinely checked,edge:267f88291ca518053749dd95,assertion:92b8afd1569f22b10706fae8
设备,柴油发电机,记载于,来源,STAMFORD AGN040 winding insulation system,provenance_index,仅在本声明来源及构型范围内使用,stated,02_reports/STAMFORD_AGN040_winding_insulation.pdf,7,Regular Use as part of Planned Maintenance,edge:2695471f4637a4d0b127f874,assertion:c955d1fb6718886be3c0a333
故障,主机灾难性失效,适用于,设备,故障主机,applicability_index,本报告案例，不外推为所有船舶已证实根因,stated,02_reports/MAIB_2018_14_Wight_Sky_engine_bearing_fire.pdf,14,resulting in destructive failure,edge:26bf915a2878db727473fcc2,assertion:ff1889a29872364e47f3d958
检查方法,比较车令设定转速与测量转速,记载于,来源,船机帮某型船主机遥控系统典型故障分析,provenance_index,仅在本声明来源及构型范围内使用,stated,01_datasets/marine_diesel_RAG_corpus_All_data/All_data/test/船机帮某型船主机遥控系统典型故障分析.md,,用万用表测量转速传感器转速信号频率，与车令对应转速设定值一致，通过示波表监测转速信号波形，发现部分波形有幅值偏低的现象。,edge:26c49adb809663b36edb0c7c,assertion:bac3335b6955e4e38afb8cb1
事故案例,盘车联锁失效与启动损坏,涉及,检查方法,定期功能测试盘车启动联锁,case_index,仅在本声明来源及构型范围内使用,stated,02_reports/MAIB_2013_Safety_Digest_lubrication_bearing_cases.pdf,18,no record of it having been tested,edge:26cb9ce2e513eb128db93cc7,assertion:99912e4b93707857c97493d7
事故案例,油抹布落至排气歧管起火,涉及,故障,油抹布接触高温排气歧管,case_index,仅在本声明来源及构型范围内使用,stated,02_reports/MAIB_2013_Safety_Digest_lubrication_bearing_cases.pdf,41,Vibration caused the oil-soaked rag to fall,edge:26cc1be8eb2da01b26c1f6b2,assertion:b07358c7310815c697d03467
状态,电机磁场不对称产生轴电压,记载于,来源,STAMFORD AGN033 shaft bearing currents,provenance_index,仅在本声明来源及构型范围内使用,stated,02_reports/STAMFORD_AGN033_bearing_currents.pdf,1,voltage (electrical pressure) generated,edge:26d0403c23eb1386761eec27,assertion:2a2579e6dec1afb892040ba9
状态,扫气空气温度升高,促成,故障,气缸磨损增加,source_guidance_statement,扫气空气冷却器水侧；该证据描述低流量局部沸腾及管路汽蚀，不等同于已证明所有冷却泵汽蚀由此引起。,guidance,02_reports/MAN_main_engine_auxiliary_efficiency.pdf,11,increase cylinder wear,edge:26fe720a3b567928bd9c2b5a,assertion:947feeb13d5cb69bb50afd6b
故障,增压器减振弹簧片变形,导致,状态,增压器转子安装位置变化,source_statement,船用废气涡轮增压器；拆装细节为VTR400示例，必须服从适用机型手册。,stated,01_datasets/marine_diesel_RAG_corpus_All_data/All_data/test/船机帮船舶柴油机废气涡轮增压器振动的主要原因有哪些.md,,轴承中的减振弹簧片的磨损、变形或断裂等使转子安装位置发生变化，转子对中不良产生强烈振动。,edge:2729c07d6f3d3d79437db6c1,assertion:afd3fea062a0ca6ce39e9fd0
事故案例,油抹布落至排气歧管起火,涉及,影响因素,油污抹布遗留在歧管上方,case_index,仅在本声明来源及构型范围内使用,stated,02_reports/MAIB_2013_Safety_Digest_lubrication_bearing_cases.pdf,41,Vibration caused the oil-soaked rag to fall,edge:272ab94919ba0cd94a3254e6,assertion:1b7508bf04a4cd64107174e4
故障,车钟指令传递接收异常,适用于,设备,主机遥控控制装置,applicability_index,12V20/27、双机双轴双桨定距推进的文中闭环调速构型；信号接口及间隙不可跨机型套用。,stated,01_datasets/marine_diesel_RAG_corpus_All_data/All_data/test/船机帮某型船主机遥控系统典型故障分析.md,,车钟指令的传递和接收不正常会导致集控室转速控制器对当前车令判断与实际不一致，转速控制器设定转速不正确导致柴油机实际转速波动或显示值与正常值存在较大偏差。,edge:272b6a0f857ddd30bf9176de,assertion:670ff05f0e1ba5deb64573f4
事故案例,发电机滑油泵堵头松脱火灾,涉及,部件,滑油泵堵头,case_index,仅在本声明来源及构型范围内使用,stated,02_reports/MAIB_2016_Safety_Digest_generator_oil_fire.pdf,26,fully loaded ro-ro passenger ferry,edge:2749c2bb0567c055fa9338f7,assertion:6f56b3f00c923267f78e2c06
状态,驾驶台丧失左舷螺距控制,记载于,来源,MAIB Hebrides CPP actuator coupling failure,provenance_index,仅在本声明来源及构型范围内使用,stated,02_reports/MAIB_2017_20_Hebrides_CPP_coupling.pdf,30,control of the ferry’s port CPP was lost,edge:274c11519ba92c480c16a832,assertion:0c1086239647b712da493e35
检查方法,热成像巡检运行机组裸露热点,适用于,设备,ME3主机燃油供给与排气装置,applicability_index,本报告案例，不外推为所有船舶已证实根因,stated,02_reports/MAIB_2024_20_Stena_Europe_fuel_spray_fire.pdf,32,thermal imaging cameras,edge:276584c10bcb34da72c80978,assertion:1139f44dd088406545faf61c
检查方法,定期检查冷却管路支架状态,记载于,来源,船机帮船舶动力系统滑油水污染故障实例分析,provenance_index,仅在本声明来源及构型范围内使用,stated,01_datasets/marine_diesel_RAG_corpus_All_data/All_data/test/船机帮船舶动力系统滑油水污染故障实例分析.md,,定期检查管路支架状态，消除应力集中点。,edge:276ab271473376ca1122dcf6,assertion:68d362cfd459c8f7c3d58aa4
部件,左舷主机6号连杆大端轴瓦,记载于,来源,Windcat 8 connecting rod big-end bearing failure,provenance_index,仅在本声明来源及构型范围内使用,stated,02_reports/MAIB_2018_01_Windcat8_bearing_failure_fire.pdf,1,failure of a piston connecting rod big end shell bearing,edge:2771e8a7892285a44d6234c7,assertion:1fca7d9988739b627af3e0e4
状态,船舶振动,记载于,来源,船机帮船舶动力系统滑油水污染故障实例分析,provenance_index,仅在本声明来源及构型范围内使用,stated,01_datasets/marine_diesel_RAG_corpus_All_data/All_data/test/船机帮船舶动力系统滑油水污染故障实例分析.md,,船舶振动引起填料压紧力下降，形成轴向泄漏通道,edge:2786f0788c5cc08872cdf042,assertion:269a5629b8a40f3406165fa5
运维措施,按机型设计调整离合器活塞端向间隙,记载于,来源,船机帮船用齿轮箱故障分析与管理对策,provenance_index,仅在本声明来源及构型范围内使用,stated,01_datasets/marine_diesel_RAG_corpus_All_data/All_data/test/船机帮船用齿轮箱故障分析与管理对策.md,,针对故障原因更换了活塞，调整了内凹圈与从动齿轮的端向间隙。,edge:279da1138fa69b4da2731254,assertion:d212f6912c38773c156f7518
影响因素,齿轮材料热处理不当,记载于,来源,船机帮船用齿轮箱故障分析与管理对策,provenance_index,仅在本声明来源及构型范围内使用,stated,01_datasets/marine_diesel_RAG_corpus_All_data/All_data/test/船机帮船用齿轮箱故障分析与管理对策.md,,本案例中大齿轮径向裂开的首要原因是金属材料热处理不当。,edge:27a54be61a6b73e9c5e81b75,assertion:04f8f1273b8e581ed6c78dd1
状态,增压器转子安装位置变化,导致,状态,增压器转子对中不良,source_statement,船用废气涡轮增压器；拆装细节为VTR400示例，必须服从适用机型手册。,stated,01_datasets/marine_diesel_RAG_corpus_All_data/All_data/test/船机帮船舶柴油机废气涡轮增压器振动的主要原因有哪些.md,,轴承中的减振弹簧片的磨损、变形或断裂等使转子安装位置发生变化，转子对中不良产生强烈振动。,edge:27d62d5629abea5d0fcc6647,assertion:d732d042cce880e2003ba7b8
事故案例,左舷主机轴瓦失效与火灾,涉及,状态,轴瓦本体可能存在薄弱点,case_index,仅在本声明来源及构型范围内使用,stated,02_reports/MAIB_2018_01_Windcat8_bearing_failure_fire.pdf,9,It is more likely that the failure was due to a weakness in the thin-walled shell bearing itself,edge:27e9f2266d279fc219963377,assertion:90c5c99255dc1104bb3c4b87
事故案例,盘车联锁失效与启动损坏,涉及,影响因素,盘车状态未标识与操作说明被涂覆,case_index,仅在本声明来源及构型范围内使用,stated,02_reports/MAIB_2013_Safety_Digest_lubrication_bearing_cases.pdf,16,not marked in any way to show whether it was engaged or disengaged,edge:27f583b65ff33b0ffeb66fee,assertion:8a0a14c4597c04a83dc4d4a4
故障,压缩机下端轴承过热失效,适用于,设备,控制空气供给与主机离合装置,applicability_index,本报告案例，不外推为所有船舶已证实根因,stated,02_reports/MAIB_2013_Safety_Digest_lubrication_bearing_cases.pdf,14,bottom end bearing had overheated and failed,edge:27fc9a7b36c7a696ef8dd238,assertion:4dc1742dc537d58dd6da13b1
故障,柴油发电机灾难性失效,记载于,来源,Kommandor Susan catastrophic engine failure and fire,provenance_index,仅在本声明来源及构型范围内使用,stated,02_reports/MAIB_2026_10_Kommandor_Susan_generator_bearing_failure.pdf,5,most likely root cause is failure of connecting rod bearing number five,edge:283847346349c04b5436fb6c,assertion:89647bee10f4edc6810b1bc5
运维措施,按适用冷却液规格补充膨胀水箱,记载于,来源,船机帮船舶动力设备日常维护要点与常见故障排除,provenance_index,仅在本声明来源及构型范围内使用,stated,01_datasets/marine_diesel_RAG_corpus_All_data/All_data/test/船机帮船舶动力设备日常维护要点与常见故障排除.md,,每日记录高温淡水、膨胀水箱水位，补水频次异常增加可能预示有内漏。,edge:284226a9474f9f76b19f2b42,assertion:49c6dc2bfba05afa7fbdedc4
故障,压缩机滑油排出管脱开,适用于,设备,控制空气供给与主机离合装置,applicability_index,本报告案例，不外推为所有船舶已证实根因,stated,02_reports/MAIB_2013_Safety_Digest_lubrication_bearing_cases.pdf,14,bottom end bearing had overheated and failed,edge:285373d6696a5d1a3342aada,assertion:08a3b4dcaaa3af831516a1fe
故障,喷油嘴喷孔扩大,促成,状态,单缸排气温度偏高,source_statement,航浚6008/MAN L32/44CR与CR2.2；轨压数值、扭矩与拆装必须核对本机手册。,possible,01_datasets/marine_diesel_RAG_corpus_All_data/All_data/test/船机帮高压共轨柴油机燃油喷射系统故障分析.md,,如弹簧断裂、喷油嘴喷孔变大等也会出现排温偏高的情况,edge:285ac4d64ce09a121db3444d,assertion:8e17f920b4ce6d8a6a4e2246
故障,压气机叶片损坏,导致,状态,增压器转子质量分布不均,source_statement,船用废气涡轮增压器；拆装细节为VTR400示例，必须服从适用机型手册。,stated,01_datasets/marine_diesel_RAG_corpus_All_data/All_data/test/船机帮船舶柴油机废气涡轮增压器振动的主要原因有哪些.md,,由于涡轮叶片上严重积炭或叶片变形、折断、压气机叶轮、叶片变形或损坏等都会使转子质量分布发生变化,edge:28983c7647b424453775e061,assertion:e3b5041cb7d8219cedcca960
影响因素,反复燃油漏泄未完整报告,记载于,来源,Stena Europe pressurised fuel spray and engine-room fire,provenance_index,仅在本声明来源及构型范围内使用,stated,02_reports/MAIB_2024_20_Stena_Europe_fuel_spray_fire.pdf,31,review process to manage service bulletins,edge:28a6fc81986b5124890d7a67,assertion:638198980ae503a98e727ae6
运维措施,按本机滤器切换规程平衡滤腔压力,记载于,来源,船机帮船舶动力设备日常维护要点与常见故障排除,provenance_index,仅在本声明来源及构型范围内使用,stated,01_datasets/marine_diesel_RAG_corpus_All_data/All_data/test/船机帮船舶动力设备日常维护要点与常见故障排除.md,,双联滤器切换前需先开启旁通阀平衡压力,edge:28d18e7ef5f2911a310f9122,assertion:b16454ec3adcb4339c8fe883
故障,主轴承瓦片转位,记载于,来源,Wight Sky catastrophic main engine bearing failure,provenance_index,仅在本声明来源及构型范围内使用,stated,02_reports/MAIB_2018_14_Wight_Sky_engine_bearing_fire.pdf,14,Debris in the engine’s oil channels was most probably responsible for initiating the failure,edge:28d64905bfe9cbc5fd2a4ff4,assertion:4bd0621d68248ab2b85e301b
故障,主机灾难性失效,记载于,来源,Finlandia Seaways engine failure and fire,provenance_index,仅在本声明来源及构型范围内使用,stated,02_reports/MAIB_2021_02_Finlandia_Seaways_connecting_rod_failure.pdf,9,fracture of the connecting rod small end had led to the sudden failure of the main engine,edge:28d8de7895dfdc1fdf4e2d81,assertion:8175972183efdc60bc9d9394
运维措施,按本机规程维持备车供油与共轨冲洗,适用于,设备,高压共轨燃油喷射装置,applicability_index,航浚6008/MAN L32/44CR与CR2.2；轨压数值、扭矩与拆装必须核对本机手册。,stated,01_datasets/marine_diesel_RAG_corpus_All_data/All_data/test/船机帮高压共轨柴油机燃油喷射系统故障分析.md,,停车后或备车时的盘车过程，都要保持供油单元正常运行，以保证对共轨系统的冲洗,edge:28e4a2aeb133ea461b4681d5,assertion:b6138eee12214cb1c9e0841b
影响因素,缸套石墨聚集,增加风险,故障,缸套黏着拉伤,source_statement,船用柴油机摩擦副；二次维修文章，机型及根因须核实；不能以某一症状直接确诊拉缸。,possible,01_datasets/marine_diesel_RAG_corpus_All_data/All_data/test/船机帮船用柴油机的拉缸故障.md,,常见的原因有缸套本身的材质不过关，铸造后的金相组织到不到要求，铁素体含量超标，较高，石墨聚集现象；,edge:28f047e39bb42a98014b6e1d,assertion:483c786100c7c79bedf74f22
状态,船长不熟悉CPP备用按钮,记载于,来源,MAIB Safety Digest 2016 generator oil fire case,provenance_index,仅在本声明来源及构型范围内使用,stated,02_reports/MAIB_2016_Safety_Digest_generator_oil_fire.pdf,29,Regular drills simulating propulsion system failure and recovery,edge:28fd403e2dacfd33a39e353c,assertion:4240dc9863c9e581f0fd5f64
状态,主机无法继续运行,导致,状态,失去推进,source_case_statement,本报告案例，不外推为所有船舶已证实根因,reported,02_reports/MAIB_2013_Safety_Digest_lubrication_bearing_cases.pdf,21,With propulsion lost,edge:291303010ff02be85b657a85,assertion:1f516fb7a02caa433d0f2a1a
检查方法,用电压相轨迹辅助识别振荡且保留局限,检查,故障,船舶电网电压频率振荡,source_guidance_statement,2021论文三类船舶的实测电网信号，含轴带发电化学品船；不是所有振荡都超限。DP船风浪影响主要作用于基波与频率，不能一概说风浪显著放大所有谐波。,derived_action,03_papers/Frontiers_2021_marine_converter_oscillations.pdf,12,phase portraits can be used,edge:2930cae6983acbdecb1f8cd5,assertion:d0d486f4a3b92014a826bebe
检查方法,核验CPP倒车控制参数,适用于,设备,可调螺距桨推进装置,applicability_index,本报告案例，不外推为所有船舶已证实根因,stated,02_reports/MAIB_2016_Safety_Digest_generator_oil_fire.pdf,29,parameters for astern pitch control had been incorrectly set,edge:293d542b830916e3217f83e3,assertion:a1ee5b4737650077e225ec93
影响因素,坞修后滑油泵堵头紧固不足,记载于,来源,MAIB Safety Digest 2016 generator oil fire case,provenance_index,仅在本声明来源及构型范围内使用,stated,02_reports/MAIB_2016_Safety_Digest_generator_oil_fire.pdf,26,insufficiently tightened by shore staff,edge:29584ff736c9454feb9ef3f4,assertion:03ab16ccbd8c37e1057bd1ac
状态,燃油喷向裸露高温排气歧管,记载于,来源,Stena Europe pressurised fuel spray and engine-room fire,provenance_index,仅在本声明来源及构型范围内使用,stated,02_reports/MAIB_2024_20_Stena_Europe_fuel_spray_fire.pdf,29,fuel sprayed onto the exposed exhaust manifold,edge:2969aee4014887281e06fb0a,assertion:c5cc73408bb6adb9d4920c15
事故案例,压载泵检修隔离失效与机舱进水,记载于,来源,MAIB Safety Digest 2016 generator oil fire case,provenance_index,仅在本声明来源及构型范围内使用,stated,02_reports/MAIB_2016_Safety_Digest_generator_oil_fire.pdf,40,general cargo vessel,edge:29a81ad7331bd8328d489a71,assertion:03398fbb19bb2ebcde18401e
检查方法,监测润滑油和冷却液状态,适用于,设备,ME2主机,applicability_index,本报告案例，不外推为所有船舶已证实根因,stated,02_reports/MAIB_2022_04_Wight_Sky_multiple_engine_failures.pdf,84,condition of the engine lubricating oil and coolant was not closely monitored,edge:29afbd13428ac832639de91b,assertion:55f6be13709741ca4c639082
部件,喷油器,记载于,来源,船机帮船舶动力设备日常维护要点与常见故障排除,provenance_index,仅在本声明来源及构型范围内使用,stated,01_datasets/marine_diesel_RAG_corpus_All_data/All_data/test/船机帮船舶动力设备日常维护要点与常见故障排除.md,,积碳严重时采用超声波进行清洗,edge:29c263fc3184500ba9521c8c,assertion:f0ce5b64f52f356686c9290f
影响因素,气阀弹簧材质不合格,记载于,来源,船机帮船用共轨柴油机排气阀常见故障与排除,provenance_index,仅在本声明来源及构型范围内使用,stated,01_datasets/marine_diesel_RAG_corpus_All_data/All_data/test/船机帮船用共轨柴油机排气阀常见故障与排除.md,,气阀弹簧断裂，大多是因为振动造成的，也可能是因为材质、热处理不符合要求或在保管中锈蚀所致。,edge:29d47a8ac43a570b769a68e8,assertion:5ce57e4f63701358345ab00d
运维措施,修订进水停机序列并允许船员干预,适用于,设备,吊舱推进装置,applicability_index,本报告案例，不外推为所有船舶已证实根因,stated,02_reports/MAIB_2026_06_Spirit_of_Discovery_propulsion_loss.pdf,53,revised WLS sequence activation that allows the crew to intervene,edge:29e0b921d02efb505ec5bb64,assertion:8eac191a06b41f72cfe66ae0
系统,传动与推进系统,记载于,来源,Wight Sky multiple engine failures,provenance_index,仅在本声明来源及构型范围内使用,stated,02_reports/MAIB_2022_04_Wight_Sky_multiple_engine_failures.pdf,84,ME2 failed catastrophically due to a sudden loss of lubricating oil supply,edge:29e698e1b881b7bd41a73518,assertion:7c7a1bfeed08db653d7a9334
状态,单缸排气温度偏高,记载于,来源,船机帮高压共轨柴油机燃油喷射系统故障分析,provenance_index,仅在本声明来源及构型范围内使用,stated,01_datasets/marine_diesel_RAG_corpus_All_data/All_data/test/船机帮高压共轨柴油机燃油喷射系统故障分析.md,,如弹簧断裂、喷油嘴喷孔变大等也会出现排温偏高的情况,edge:29ee98789e9f4e0580ee53fd,assertion:45c961149add5e19bf2934dd
参数,总输入能量率,记载于,来源,variable_dictionary,provenance_index,仅在本声明来源及构型范围内使用,stated,01_datasets/Marine_Engine_Fault_Data_v1/Marine_Engine_Fault_Data/variable_dictionary.csv,,"Total Input Energy,Qtotal,W,number,TRUE,TRUE,other,",edge:2a07a42427ef3eb3a9ba058b,assertion:e8c95abcce7829fc572ff3c9
设备,燃油管路,记载于,来源,船机帮船舶动力设备日常维护要点与常见故障排除,provenance_index,仅在本声明来源及构型范围内使用,stated,01_datasets/marine_diesel_RAG_corpus_All_data/All_data/test/船机帮船舶动力设备日常维护要点与常见故障排除.md,,更换燃油系统滤器并进行手动排气，通过试验台校准雾化锥角,edge:2a0d30d8500bed714e235109,assertion:c69c665f437bef7cf4be9406
状态,驾驶台丧失右舷螺距控制,导致,状态,右舷螺距保持前进,source_case_statement,本报告案例，不外推为所有船舶已证实根因,reported,02_reports/MAIB_2016_Safety_Digest_generator_oil_fire.pdf,20,continued to thrust at over half ahead,edge:2a10b6b0eee057172fa67d92,assertion:2f992d18218dc1250ec9caed
状态,离合器活塞端向间隙不足,导致,状态,离合器摩擦片压紧不足,source_statement,GW系列船用齿轮箱；通用机理与A/B船匿名案例须区分，尺寸不能跨机型套用。,stated,01_datasets/marine_diesel_RAG_corpus_All_data/All_data/test/船机帮船用齿轮箱故障分析与管理对策.md,,内凹圈已顶住了从动齿轮，外凸圈(见图4)却无法压紧摩擦片(本该压紧)。,edge:2a2cb6254f738b1573e094a1,assertion:24f3115397493707c78dc6d8
事故案例,主机重装后轴承失效与火灾,涉及,影响因素,关键断路器置于手动位,case_index,仅在本声明来源及构型范围内使用,stated,02_reports/MAIB_2018_14_Wight_Sky_engine_bearing_fire.pdf,14,essential services switchboard aft circuit breaker had been left in manual mode,edge:2a3461e6708b5b9ab4c52078,assertion:25d67dd12e6b84202e63ed79
状态,船艏进水,是概念的实例,状态,船艏进水,concept_alignment,仅在本声明来源及构型范围内使用,stated,02_reports/MAIB_2016_Safety_Digest_generator_oil_fire.pdf,19,water ingress into the vessel’s forward spaces,edge:2a60680960c3a39993e7a523,assertion:01f4edf449b06793d01f5d5d
运维措施,按厂家认可清洗方式清洁发动机散热器,适用于,设备,柴油发电机,applicability_index,Caterpillar3512冬季维护经验，原始应用场景不一定为船舶；仅提取可迁移维护主题，必须核对船用构型，排除未获批准的自主回油改造及统一数值。,stated,01_datasets/marine_diesel_RAG_corpus_All_data/All_data/test/船机帮冬季卡特柴油发电机组的安全运行.md,,及时清理发动机散热器,edge:2a622bb015e18fcd7baf1ef5,assertion:138fdd9c08f31d9636899efb
影响因素,坞修后滑油泵堵头紧固不足,记载于,来源,MAIB Safety Digest 2016 generator oil fire case,provenance_index,仅在本声明来源及构型范围内使用,stated,02_reports/MAIB_2016_Safety_Digest_generator_oil_fire.pdf,26,insufficiently tightened by shore staff,edge:2a6811df118a28ea88fb09b3,assertion:518a89eae3efbd28bc0b7d26
故障,测速板整形比较器输出故障,适用于,设备,主机遥控控制装置,applicability_index,12V20/27、双机双轴双桨定距推进的文中闭环调速构型；信号接口及间隙不可跨机型套用。,stated,01_datasets/marine_diesel_RAG_corpus_All_data/All_data/test/船机帮某型船主机遥控系统典型故障分析.md,,发现转速信号进入测速板后，首先通过比较器6N139进行整形，整形比较器输出不稳定，有偶发性无输出现象。,edge:2a6d31be6b05d3e52b1f5e47,assertion:32275bb702a6c2ef76bc1be6
部件,滑油泵堵头,记载于,来源,MAIB Safety Digest 2016 generator oil fire case,provenance_index,仅在本声明来源及构型范围内使用,stated,02_reports/MAIB_2016_Safety_Digest_generator_oil_fire.pdf,26,fully loaded ro-ro passenger ferry,edge:2a783171b757db792676221d,assertion:e0c3d2b44a09e74a35038192
运维措施,按启动空气规程排空气路积水,适用于,设备,柴油发电机,applicability_index,Caterpillar3512冬季维护经验，原始应用场景不一定为船舶；仅提取可迁移维护主题，必须核对船用构型，排除未获批准的自主回油改造及统一数值。,stated,01_datasets/marine_diesel_RAG_corpus_All_data/All_data/test/船机帮冬季卡特柴油发电机组的安全运行.md,,要及时排空气路内的积水,edge:2a8216e12b6d1aed578ff525,assertion:cf4bacc376651d7bdc9da6e2
状态,滑油压力降低,以参数描述,参数,滑油压力,explicit_parameter_description,仅在本声明来源及构型范围内使用,stated,01_datasets/marine_diesel_RAG_corpus_All_data/All_data/test/船机帮柴油机冷却水过高或过低的危害.md,,机油压力变低,edge:2a9408dc3a9a9fbcecc744aa,assertion:1e12f610c8eceaded9cdc01b
状态,齿轮箱热膨胀改变轴线位置,相关联,状态,轴带发电机与齿轮箱对中失准,source_guidance_statement,通过齿轮箱及联轴器驱动的轴带发电机；不能推广到所有同轴无附加轴承的构型。,guidance,02_reports/STAMFORD_AGN039_marine_shaft_generators.pdf,2,thermal expansion of the hot gearbox,edge:2aae6d7502cf3a5c561676ee,assertion:b3e746c870f7c50fed39b602
检查方法,停机隔离后按手册拆检连杆,适用于,设备,柴油机,applicability_index,某型巡逻船试航故障二次报道；排查中已排除的原因不作为本案正向根因，油品及公差不能跨机型使用。,stated,01_datasets/marine_diesel_RAG_corpus_All_data/All_data/test/船机帮柴油机轴瓦抱轴故障分析.md,,对故障柴油机进行拆检，拆下柴油机外围管路、气缸盖，拆除活塞、连杆组件和曲轴。,edge:2ab190969f70aa51996abccd,assertion:109145b62fa84cb09b29c7f9
检查方法,确认共轨泄漏盒出口真实出油,适用于,设备,高压共轨燃油喷射装置,applicability_index,航浚6008/MAN L32/44CR与CR2.2；轨压数值、扭矩与拆装必须核对本机手册。,stated,01_datasets/marine_diesel_RAG_corpus_All_data/All_data/test/船机帮高压共轨柴油机燃油喷射系统故障分析.md,,先确认泄漏盒出口漏斗确实有油流出，以排除传感器误报警,edge:2abee3199de8c1a77cacd9a4,assertion:892cadf45e6960b7b32b1947
系统,传动与推进系统,记载于,来源,Windcat 8 connecting rod big-end bearing failure,provenance_index,仅在本声明来源及构型范围内使用,stated,02_reports/MAIB_2018_01_Windcat8_bearing_failure_fire.pdf,1,failure of a piston connecting rod big end shell bearing,edge:2ad1f011b548cc7567c89496,assertion:66ca68c7deda28c9e5eaa0bf
事故案例,盘车联锁失效与启动损坏,涉及,状态,船舶停航一个月,case_index,仅在本声明来源及构型范围内使用,stated,02_reports/MAIB_2013_Safety_Digest_lubrication_bearing_cases.pdf,16,disabled the ship for a month,edge:2aeac582dfee7e62771acee7,assertion:de59a56149883bc63108756c
故障,增压器轴承磨损,表现为,状态,增压器转速下降,source_statement,船用废气涡轮增压器；拆装细节为VTR400示例，必须服从适用机型手册。,stated,01_datasets/marine_diesel_RAG_corpus_All_data/All_data/test/船机帮船舶柴油机废气涡轮增压器振动的主要原因有哪些.md,,轴承长时间使用后产生磨损、变形、裂纹和烧伤时，使摩擦力矩增大，转速下降，振动和噪声大增。,edge:2af70ab6b2566b2e63a53b8f,assertion:c622f3d42342fab755192c5d
状态,机舱火灾,记载于,来源,船机帮高压共轨柴油机燃油喷射系统故障分析,provenance_index,仅在本声明来源及构型范围内使用,stated,01_datasets/marine_diesel_RAG_corpus_All_data/All_data/test/船机帮高压共轨柴油机燃油喷射系统故障分析.md,,高压燃油一旦出现泄漏故障，须及时定位排除，否则将有击伤、火灾甚至爆炸危险。,edge:2b0e887b55515490c0637d9f,assertion:a18239b990a9584fc63ccae3
故障,轴系扭转共振风险,适用于,系统,传动与推进系统,functional_classification,内燃机-发电机传动链一般机理；证据支持扭振导致失效风险及电气故障转矩冲击，但未建立某大型船主轴联轴器断裂的已证实事故链。,stated,02_reports/STAMFORD_AGN235_torsional_analysis.pdf,1,pulses can excite very significant resonant responses,edge:2b4caf7494237d7eb9ff142f,assertion:f082b3e716dfe3c7ec7a4cbc
状态,调速器油位异常,记载于,来源,船机帮船舶发电机常见故障及对策,provenance_index,仅在本声明来源及构型范围内使用,stated,01_datasets/marine_diesel_RAG_corpus_All_data/All_data/test/船机帮船舶发电机常见故障及对策.md,,检查调速器，包括各汽缸的清洁和油位，阀杆是否卡阻，调速器内部转动及反馈系统。,edge:2b6bcc1904e024afa5809b6c,assertion:df93615d57d85fa0ab278702
状态,油路磨粒与污染,是概念的实例,状态,油路磨粒与污染,concept_alignment,仅在本声明来源及构型范围内使用,stated,02_reports/MAIB_2022_04_Wight_Sky_multiple_engine_failures.pdf,84,silica sand and other abrasive particles embedded in the main bearing shells,edge:2b77c58dcef3b91fa2a1c252,assertion:5851a673066f72ad90997e91
运维措施,安装前清洁增压器轴承箱,应对,故障,增压器轴承磨损,source_recommendation,船用废气涡轮增压器；拆装细节为VTR400示例，必须服从适用机型手册。,stated,01_datasets/marine_diesel_RAG_corpus_All_data/All_data/test/船机帮船舶柴油机废气涡轮增压器振动的主要原因有哪些.md,,在重新安装前应把轴承箱清洁干净，轴承备件准备好,edge:2b784d88ebc4a77791c284ca,assertion:b34f0b68fd40df926af18202
状态,主机高温报警,是概念的实例,状态,主机高温报警,concept_alignment,仅在本声明来源及构型范围内使用,stated,02_reports/MAIB_2013_Safety_Digest_lubrication_bearing_cases.pdf,41,set off the alarm in the wheelhouse,edge:2b800c0fa0acfcb2d2264af3,assertion:95841c396c5c0f37ea99f3f8
运维措施,启动前安全清除机组表面油污,记载于,来源,船机帮冬季卡特柴油发电机组的安全运行,provenance_index,仅在本声明来源及构型范围内使用,stated,01_datasets/marine_diesel_RAG_corpus_All_data/All_data/test/船机帮冬季卡特柴油发电机组的安全运行.md,,将附着在机组上的水迹、油迹和铁绣等杂物清除干净。,edge:2b85345051ed7764f608c4af,assertion:878fbcb4f0d6df1f2f449135
运维措施,按厂家程序及时降负荷并核查气缸润滑,适用于,系统,润滑与轴承系统,functional_classification,MAN B&W两冲程柴油机缸套/活塞环；2016通函用于机理，润滑油选择须查2023通函及本机手册。不能把活塞咬死一概等同于已证实拉缸。,stated,02_reports/MAN_SL2016_633_piston_rings_scuffing.pdf,2,increased lubrication and reduced load,edge:2b9524edf22eb3cdefdb529e,assertion:4aef477566f3f38e8171e5a1
事故案例,压载泵检修隔离失效与机舱进水,涉及,运维措施,船员停止主机与发电机,case_index,仅在本声明来源及构型范围内使用,stated,02_reports/MAIB_2016_Safety_Digest_generator_oil_fire.pdf,40,stop the generator and main engine,edge:2ba365e840b2c60039564ec9,assertion:201c527688d5eac50569ccad
检查方法,监测润滑油和冷却液状态,记载于,来源,Wight Sky multiple engine failures,provenance_index,仅在本声明来源及构型范围内使用,stated,02_reports/MAIB_2022_04_Wight_Sky_multiple_engine_failures.pdf,84,condition of the engine lubricating oil and coolant was not closely monitored,edge:2ba6510eff8884a46c4d24a9,assertion:03d48bfc502c762f21c892c9
影响因素,润滑油质量不符合要求,记载于,来源,油品课堂第六讲某船使用假冒润滑油导致主机烧瓦事故案例,provenance_index,仅在本声明来源及构型范围内使用,stated,01_datasets/marine_diesel_RAG_corpus_All_data/All_data/train/油品课堂第六讲某船使用假冒润滑油导致主机烧瓦事故案例.md,,这批假油，不但油膜强度不足，而且容易变质形成漆膜和油泥等沉积物，堵塞机油滤清器和油道，影响正常供油，导致烧瓦,edge:2ba6e1a62e922b913d9ed216,assertion:93e770fbf63dcb5d111d86e8
事故案例,主机连杆小端疲劳断裂,涉及,设备,主机,case_index,仅在本声明来源及构型范围内使用,stated,02_reports/MAIB_2021_02_Finlandia_Seaways_connecting_rod_failure.pdf,9,fracture of the connecting rod small end,edge:2bb5f062633b361991acff7e,assertion:da135620dd6f8240a9330f54
影响因素,增压器轴承安装不正确,记载于,来源,船机帮船舶柴油机废气涡轮增压器振动的主要原因有哪些,provenance_index,仅在本声明来源及构型范围内使用,stated,01_datasets/marine_diesel_RAG_corpus_All_data/All_data/test/船机帮船舶柴油机废气涡轮增压器振动的主要原因有哪些.md,,如果减振弹簧片安装不正确或产生变形、断裂或轴承在减振装置内安装不正确等，都直接影响轴承的位置，因而与转子轴线对中不良，各配合间隙不符合标准，增压器运转时产生振动。,edge:2bd88037a200c3d70548922d,assertion:d70014540ff286a97a0e6238
参数,发动机冷却水温度出口 II,表征,设备,试验柴油机,native_variable_dictionary,仅在本声明来源及构型范围内使用,stated,01_datasets/Marine_Engine_Fault_Data_v1/Marine_Engine_Fault_Data/variable_dictionary.csv,,"Cooling Water Temp. Engine Out II,T8,°C,number,TRUE,TRUE,temperature,",edge:2c041d1d9737068f086837d7,assertion:9d472302485493e713ff2b0a
状态,船舶仅剩应急电源,记载于,来源,MAIB Safety Digest 2016 generator oil fire case,provenance_index,仅在本声明来源及构型范围内使用,stated,02_reports/MAIB_2016_Safety_Digest_generator_oil_fire.pdf,40,running on emergency power only,edge:2c050565c6efd1413515e59b,assertion:2ce0484c517f875890cee5fd
检查方法,委托合格机构检验主轴瓦材料质量,检查,部件,主轴瓦,source_check,某型巡逻船试航故障二次报道；排查中已排除的原因不作为本案正向根因，油品及公差不能跨机型使用。,stated,01_datasets/marine_diesel_RAG_corpus_All_data/All_data/test/船机帮柴油机轴瓦抱轴故障分析.md,,"对故障机主轴瓦送第三方公司检测,未发现异常。",edge:2c0e3c5b3e518aec80c893a1,assertion:fc28a56882bf6fdcafdf40be
检查方法,追溯发电机低绝缘的储存环境,适用于,设备,交流发电机,applicability_index,STAMFORD/AvK对应交流发电机型号；AGN040应与本机Owner Manual联合使用；干燥与绝缘处置仅由合格人员实施。,stated,02_reports/STAMFORD_AGN040_winding_insulation.pdf,6,investigation undertaken into the storage conditions,edge:2c4552f7937114a17961e15d,assertion:95260e02f220104425c5aabb
检查方法,停机隔离后按手册拆检气缸盖,适用于,设备,柴油机,applicability_index,某型巡逻船试航故障二次报道；排查中已排除的原因不作为本案正向根因，油品及公差不能跨机型使用。,stated,01_datasets/marine_diesel_RAG_corpus_All_data/All_data/test/船机帮柴油机轴瓦抱轴故障分析.md,,对故障柴油机进行拆检，拆下柴油机外围管路、气缸盖，拆除活塞、连杆组件和曲轴。,edge:2c4ff6d0ea4e406863790793,assertion:127faca499536d98c3655463
参数,齿轮箱滑油温度,记载于,来源,船机帮船用齿轮箱故障分析与管理对策,provenance_index,仅在本声明来源及构型范围内使用,stated,01_datasets/marine_diesel_RAG_corpus_All_data/All_data/test/船机帮船用齿轮箱故障分析与管理对策.md,,润滑油的温度持续升高,edge:2c4ffcc01b9291706362a622,assertion:737b4cc5a96b3731d8e33aaa
检查方法,检查调速器油位,记载于,来源,船机帮船舶发电机常见故障及对策,provenance_index,仅在本声明来源及构型范围内使用,stated,01_datasets/marine_diesel_RAG_corpus_All_data/All_data/test/船机帮船舶发电机常见故障及对策.md,,检查调速器，包括各汽缸的清洁和油位，阀杆是否卡阻，调速器内部转动及反馈系统。,edge:2c6a76c268345f1edd9ef449,assertion:5d74d5ae248e6b09ad7cccf1
检查方法,检查高压油泵卡阻,记载于,来源,船机帮船用柴油机调速器的维护与保养十飞车故障,provenance_index,仅在本声明来源及构型范围内使用,stated,01_datasets/marine_diesel_RAG_corpus_All_data/All_data/test/船机帮船用柴油机调速器的维护与保养十飞车故障.md,,供油联接机构、高压油泵是否有阻卡。,edge:2c91058db2a7137393129eed,assertion:9d1fd1edf7e3c93b91617706
故障,主机灾难性失效,是概念的实例,故障,主机灾难性失效,concept_alignment,仅在本声明来源及构型范围内使用,stated,02_reports/MAIB_2022_04_Wight_Sky_multiple_engine_failures.pdf,84,ME4 failed catastrophically because of an assembly error,edge:2c96ab3ddb45dd086f8dd14a,assertion:8357aa56bc0575b302d2c6d5
事故案例,海水冷却管疑似失效与沉没,涉及,状态,海水进口阀被淹无法接近,case_index,仅在本声明来源及构型范围内使用,stated,02_reports/MAIB_2016_Safety_Digest_generator_oil_fire.pdf,59,could not reach the two sea water inlet valves,edge:2c99ae25da2fa8279a8868f4,assertion:c27ce344bf81a61917c65c89
检查方法,检查柴油机异常振动与气阀磨损,适用于,设备,共轨柴油机,applicability_index,共轨柴油机排气阀，厂家与具体型号未确定；仅作机理检索测试，不作直接操作授权。,stated,01_datasets/marine_diesel_RAG_corpus_All_data/All_data/test/船机帮船用共轨柴油机排气阀常见故障与排除.md,,经常检查柴油机振动情况，以免因异常振动造成排气阀过度磨损而引起密封不良,edge:2ca7c4461228bf204c41e65f,assertion:84f4d1a200eb355b6e35939f
部件,发电机防滴百叶,记载于,来源,STAMFORD AGN040 winding insulation system,provenance_index,仅在本声明来源及构型范围内使用,stated,02_reports/STAMFORD_AGN040_winding_insulation.pdf,5,The addition of drip proof louvres is recommended,edge:2cd1c4e799ea3b911e7de468,assertion:d60d38507848263692df2fcc
部件,阴极保护装置,记载于,来源,船机帮船舶动力系统滑油水污染故障实例分析,provenance_index,仅在本声明来源及构型范围内使用,stated,01_datasets/marine_diesel_RAG_corpus_All_data/All_data/test/船机帮船舶动力系统滑油水污染故障实例分析.md,,定期检查防污防腐电流设定是否在保护范围内,edge:2cd2c8b8a44d532453ddf363,assertion:506fe7c9cda2f4944e603e1a
影响因素,反复燃油漏泄未完整报告,记载于,来源,Stena Europe pressurised fuel spray and engine-room fire,provenance_index,仅在本声明来源及构型范围内使用,stated,02_reports/MAIB_2024_20_Stena_Europe_fuel_spray_fire.pdf,31,review process to manage service bulletins,edge:2cef4b022160b8563cb9954c,assertion:654edd1d143db02069c182c2
事故案例,滑油滤芯漏装与主机抱轴,涉及,故障,活塞咬死,case_index,仅在本声明来源及构型范围内使用,stated,02_reports/MAIB_2013_Safety_Digest_lubrication_bearing_cases.pdf,21,seizure of several pistons,edge:2cf5366308383fb5c75ccc04,assertion:31aa9d859df39a93a3e3d5f5
状态,燃油进入曲轴箱,记载于,来源,船机帮柴油机冷却水过高或过低的危害,provenance_index,仅在本声明来源及构型范围内使用,stated,01_datasets/marine_diesel_RAG_corpus_All_data/All_data/test/船机帮柴油机冷却水过高或过低的危害.md,,成液滴状的燃油进入气缸后会冲洗气缸壁上的润滑油膜，并渗入到曲轴箱内,edge:2d05963bc05647385a7eac6a,assertion:74b8b25dfea13996402d818c
检查方法,停机隔离后检查喷油器底座损伤,适用于,设备,柴油发电机,applicability_index,S6U-PTK与文中船舶发电机经验；部分表述不严谨，不采纳未经原厂确认的轴承结构改造建议。,stated,01_datasets/marine_diesel_RAG_corpus_All_data/All_data/test/船机帮船舶发电机常见故障及对策.md,,卸下喷油嘴并校验其喷油压力，若发现孔道阻塞现象需将喷油嘴进行拆卸，检查针阀和底座有无变形损坏,edge:2d535ad04399a5721f6a2b88,assertion:9cd7aa1ec8cf7bff11444345
运维措施,按电气隔离规程清理集电环,适用于,设备,船舶动力装置,applicability_index,综合维护二次文章，原厂和标准出处未独立证实；不采纳文中统一周期、报警值、压力值、浮动轴承加脂和未经验证改造方案。以下仅用于检索维护主题，由适用机型规程决定具体操作。,stated,01_datasets/marine_diesel_RAG_corpus_All_data/All_data/test/船机帮船舶动力设备日常维护要点与常见故障排除.md,,集电环清理需同步绝缘检测,edge:2da1d8ba14892eadb5e4c8ee,assertion:408796ba88cb3f7ea7370e2d
故障,调速器驱动轴扭断,适用于,设备,柴油机调速器,applicability_index,调速器维修经验；不同调速器针阀与补偿调节不可照抄，飞车必须执行本船应急规程。,stated,01_datasets/marine_diesel_RAG_corpus_All_data/All_data/test/船机帮船用柴油机调速器的维护与保养十飞车故障.md,,调速器驱动轴是否扭断。,edge:2da399b2f4d6943d06731da7,assertion:b1d5009b2a621a90ae2280d6
状态,齿轮齿形误差,记载于,来源,船机帮船用齿轮箱故障分析与管理对策,provenance_index,仅在本声明来源及构型范围内使用,stated,01_datasets/marine_diesel_RAG_corpus_All_data/All_data/test/船机帮船用齿轮箱故障分析与管理对策.md,,由于刀具、车床的误差及其安装不当等原因，可能造成齿轮产生偏心、周节误差、基节误差、齿形误差等。,edge:2db57e1ca8e44000b3deeda6,assertion:8f753f2d20f3d61afd3b9175
故障,轴承与活塞断油过热,适用于,设备,主机润滑装置,applicability_index,本报告案例，不外推为所有船舶已证实根因,stated,02_reports/MAIB_2013_Safety_Digest_lubrication_bearing_cases.pdf,21,subsequent oil starvation and overheating,edge:2ddfefffb57435cfa4372087,assertion:cef66883006314dafa2ee296
设备,滑油冷却器,记载于,来源,船机帮船舶动力系统滑油水污染故障实例分析,provenance_index,仅在本声明来源及构型范围内使用,stated,01_datasets/marine_diesel_RAG_corpus_All_data/All_data/test/船机帮船舶动力系统滑油水污染故障实例分析.md,,水分侵入会破坏油膜完整性，引发乳化变质和酸性腐蚀,edge:2df2dd83a068f2827d26954b,assertion:88dc1acbbc63bc04a842b82a
故障,转速传感器感应端损伤,适用于,设备,主机遥控控制装置,applicability_index,12V20/27、双机双轴双桨定距推进的文中闭环调速构型；信号接口及间隙不可跨机型套用。,stated,01_datasets/marine_diesel_RAG_corpus_All_data/All_data/test/船机帮某型船主机遥控系统典型故障分析.md,,传感器安装距离过近，主机运行过程中由于振动导致的飞轮偏心可能会导致飞轮齿顶损坏传感器感应端；传感器安装距离过远，可能会导致飞轮齿圈上某些齿的有效感应信号丢失造成主机游车。,edge:2e124439973858649b75b054,assertion:0a4e54f500072c221fcf6a89
运维措施,核查CPP法兰额定压力与喷溅防护,应对,影响因素,回油法兰未设喷溅保护,source_case_statement,本报告案例，不外推为所有船舶已证实根因,reported_action,02_reports/MAIB_2015_22_Pride_of_Canterbury_CPP_hydraulic_fire.pdf,35,all CPP system flanges are fitted with protective coverings,edge:2e275f0a188c0061bc2dda7f,assertion:dda9114c42e10c8aa43202c7
事故案例,发电机滑油泵堵头松脱火灾,涉及,部件,相邻机组排气保温,case_index,仅在本声明来源及构型范围内使用,stated,02_reports/MAIB_2016_Safety_Digest_generator_oil_fire.pdf,26,fully loaded ro-ro passenger ferry,edge:2e2a48057f3df6e1b95927b7,assertion:d7ae6861905c6c2ff0b015f3
部件,启动蓄电池,记载于,来源,船机帮船舶动力设备日常维护要点与常见故障排除,provenance_index,仅在本声明来源及构型范围内使用,stated,01_datasets/marine_diesel_RAG_corpus_All_data/All_data/test/船机帮船舶动力设备日常维护要点与常见故障排除.md,,补充电气系统电解液至 1.28 g/cm³，更换碳刷,edge:2e3cc9f68fe3556730e75024,assertion:f869c392ed47d13be72516d4
影响因素,驾驶台无人导致舱底报警漏察,记载于,来源,MAIB Safety Digest 2016 generator oil fire case,provenance_index,仅在本声明来源及构型范围内使用,stated,02_reports/MAIB_2016_Safety_Digest_generator_oil_fire.pdf,60,Never leave the wheelhouse unmanned when underway,edge:2e4f485a3a6634b7b57b775e,assertion:15c36c8a5ad8e4065c1d1846
检查方法,日常检查排气阀阀壳状态,检查,部件,排气阀阀壳,source_check,共轨柴油机排气阀，厂家与具体型号未确定；仅作机理检索测试，不作直接操作授权。,stated,01_datasets/marine_diesel_RAG_corpus_All_data/All_data/test/船机帮船用共轨柴油机排气阀常见故障与排除.md,,包括对喷油器、排气阀阀杆、弹簧、阀壳等检查，确保各部件工况正常。,edge:2e560a55bcfb842d25e6e3f3,assertion:7c3628696ac86358ea30a33e
检查方法,检查连杆小端内孔刻痕与热损伤,检查,影响因素,连杆小端轴套更换产生应力集中,source_case_statement,本报告案例，不外推为所有船舶已证实根因,derived_action,02_reports/MAIB_2021_02_Finlandia_Seaways_connecting_rod_failure.pdf,56,seven of the intact 11 small ends removed from Finlandia Seaways’ engine were found to have notch damage,edge:2e57efc094fda5aa1013f15d,assertion:4868b06ca3ed18b1890b9847
影响因素,齿轮制造加工误差,促成,状态,齿轮基节误差,source_statement,GW系列船用齿轮箱；通用机理与A/B船匿名案例须区分，尺寸不能跨机型套用。,possible,01_datasets/marine_diesel_RAG_corpus_All_data/All_data/test/船机帮船用齿轮箱故障分析与管理对策.md,,由于刀具、车床的误差及其安装不当等原因，可能造成齿轮产生偏心、周节误差、基节误差、齿形误差等。,edge:2e624ede1a10b3b73598943f,assertion:6f825822ae8dd71fc35063c5
检查方法,检查高压油泵卡阻,适用于,设备,柴油机调速器,applicability_index,调速器维修经验；不同调速器针阀与补偿调节不可照抄，飞车必须执行本船应急规程。,stated,01_datasets/marine_diesel_RAG_corpus_All_data/All_data/test/船机帮船用柴油机调速器的维护与保养十飞车故障.md,,供油联接机构、高压油泵是否有阻卡。,edge:2e818ea9ced8460f8cc6dad5,assertion:6e5cabf3ede9b7a7ab508dcd
故障,连杆大端轴瓦失效,记载于,来源,Kommandor Susan catastrophic engine failure and fire,provenance_index,仅在本声明来源及构型范围内使用,stated,02_reports/MAIB_2026_10_Kommandor_Susan_generator_bearing_failure.pdf,5,most likely root cause for the bearing failure is weak bonding of the copper layer,edge:2e91bfa4cb53099424a89e6e,assertion:97322cb61536b89a8dc795f0
部件,冷却液加注口盖,记载于,来源,船机帮冬季卡特柴油发电机组的安全运行,provenance_index,仅在本声明来源及构型范围内使用,stated,01_datasets/marine_diesel_RAG_corpus_All_data/All_data/test/船机帮冬季卡特柴油发电机组的安全运行.md,,清洁冷却系统加注口盖。,edge:2ec0f6f6edc34fe166c2b3ff,assertion:d7ce90429c8868b654a30ce5
影响因素,冷却水处理剂与密封材料不相容,记载于,来源,船机帮船舶动力系统滑油水污染故障实例分析,provenance_index,仅在本声明来源及构型范围内使用,stated,01_datasets/marine_diesel_RAG_corpus_All_data/All_data/test/船机帮船舶动力系统滑油水污染故障实例分析.md,,冷却水处理剂与密封材料发生溶胀反应,edge:2ed27ff2ade1c8dfa86c2897,assertion:85c0287a5cc7c65875947cb0
故障,增压器转子弯曲变形,适用于,设备,废气涡轮增压器,applicability_index,船用废气涡轮增压器；拆装细节为VTR400示例，必须服从适用机型手册。,stated,01_datasets/marine_diesel_RAG_corpus_All_data/All_data/test/船机帮船舶柴油机废气涡轮增压器振动的主要原因有哪些.md,,增压器转子就会由于长期不运转其自重使其产生弯曲变形，破坏了转子与壳体、气封等的配合间隙，使转子失中。,edge:2ed93e166206a6364ddcdda8,assertion:6a3ce31eb5e67cce6de71677
参数,涡轮前排气能量率,记载于,来源,variable_dictionary,provenance_index,仅在本声明来源及构型范围内使用,stated,01_datasets/Marine_Engine_Fault_Data_v1/Marine_Engine_Fault_Data/variable_dictionary.csv,,"Exh.Gas Total Power,Qexh1,kW,number,TRUE,TRUE,other,",edge:2edd33da6ecd600142aee262,assertion:6443b37e9554a28b65b2883f
检查方法,检查调速器油位,检查,状态,调速器油位异常,source_check,S6U-PTK与文中船舶发电机经验；部分表述不严谨，不采纳未经原厂确认的轴承结构改造建议。,stated,01_datasets/marine_diesel_RAG_corpus_All_data/All_data/test/船机帮船舶发电机常见故障及对策.md,,检查调速器，包括各汽缸的清洁和油位，阀杆是否卡阻，调速器内部转动及反馈系统。,edge:2ef7cf7b5e3f034d3f7a6d52,assertion:4e2ecf382cb3aa7226e12f3e
故障,活塞环变形,记载于,来源,船机帮船用柴油机的拉缸故障,provenance_index,仅在本声明来源及构型范围内使用,stated,01_datasets/marine_diesel_RAG_corpus_All_data/All_data/test/船机帮船用柴油机的拉缸故障.md,,另外活塞环的变形，在活塞环内出现卡滞，活塞环尺寸不对，环槽间隙过小，受到热膨胀无间隙，也会出现拉缸，活塞环无弹力，也可造成拉缸。,edge:2f123a0525f615cebcd7f9f3,assertion:f4540e93fdb41119c24077eb
运维措施,开展机舱与驾驶台故障沟通演练,记载于,来源,MAIB Safety Digest 2013 lubrication and bearing cases,provenance_index,仅在本声明来源及构型范围内使用,stated,02_reports/MAIB_2013_Safety_Digest_lubrication_bearing_cases.pdf,15,conducting realistic machinery drills,edge:2f28fb0c9c2ccdc89a614dba,assertion:bdebaa52bf1e84220e546dbd
故障,连杆盖螺栓松动与断裂,适用于,设备,ME4主机,applicability_index,本报告案例，不外推为所有船舶已证实根因,stated,02_reports/MAIB_2022_04_Wight_Sky_multiple_engine_failures.pdf,84,"fretting wear between the mating faces, which would have led to loosening and rapid failure",edge:2f366c4151ad9b48ea14ffc5,assertion:659cb4cecf436a7d7385a814
检查方法,联合核查调速器AVR与变流器控制变量,记载于,来源,Comparative Case Study on Oscillatory Behavior in Power Systems of Marine Vessels With High Power Converters,provenance_index,仅在本声明来源及构型范围内使用,stated,03_papers/Frontiers_2021_marine_converter_oscillations.pdf,13,"governors, and AVRs settings",edge:2f457fbb0e1ce5ddfe7d486d,assertion:16e81f5b9912fcbffe1ef572
事故案例,滑油滤芯漏装与主机抱轴,涉及,状态,润滑油系统污染,case_index,仅在本声明来源及构型范围内使用,stated,02_reports/MAIB_2013_Safety_Digest_lubrication_bearing_cases.pdf,21,duplex filter was found without a filter cartridge,edge:2f5dc4ab491faf42a28f132d,assertion:d525fde1de44cd74dff3b3e5
故障,增压空气冷却器污损,适用于,设备,试验柴油机,native_dataset_label,Marine Engine Fault Dataset原始标签；不推导未在数据中证明的机理,dataset_label,01_datasets/Marine_Engine_Fault_Data_v1/Marine_Engine_Fault_Data/dataset_index.csv,,"AC_Fouling/AC_Fouling_75_Load.csv,scenario,Air-cooler fouling,75%,single load condition,3,6354,73,""binary (0=pre-anomaly, 1=anomaly)"",Pre-anomaly and anomaly segments.",edge:2f96dee54ed5645f9cd683d7,assertion:5b7b816089fd78408b0f098b
检查方法,日常检查喷油器状态,记载于,来源,船机帮船用共轨柴油机排气阀常见故障与排除,provenance_index,仅在本声明来源及构型范围内使用,stated,01_datasets/marine_diesel_RAG_corpus_All_data/All_data/test/船机帮船用共轨柴油机排气阀常见故障与排除.md,,包括对喷油器、排气阀阀杆、弹簧、阀壳等检查，确保各部件工况正常。,edge:2fa11d095d395100b3a24495,assertion:3119be0eef0b195979a35bc3
事故案例,燃油法兰松动与主机火灾,记载于,来源,Stena Europe pressurised fuel spray and engine-room fire,provenance_index,仅在本声明来源及构型范围内使用,stated,02_reports/MAIB_2024_20_Stena_Europe_fuel_spray_fire.pdf,7,fuel leaking under pressure,edge:2fc4e0679a0428ba377f3c2d,assertion:7363caaff723077cfa6ac00b
参数,涡轮排气温度进口,记载于,来源,variable_dictionary,provenance_index,仅在本声明来源及构型范围内使用,stated,01_datasets/Marine_Engine_Fault_Data_v1/Marine_Engine_Fault_Data/variable_dictionary.csv,,"Exh.Gas Temp. Turbine In,T4,°C,number,TRUE,TRUE,temperature,",edge:2fc58c5118cc37f15acf5269,assertion:4c77ae6e36355e3b04029df6
参数,1缸最高缸压,表征,设备,试验柴油机,native_variable_dictionary,仅在本声明来源及构型范围内使用,stated,01_datasets/Marine_Engine_Fault_Data_v1/Marine_Engine_Fault_Data/variable_dictionary.csv,,"Max. In-Cylinder Press. No.1,Pmax,MPa,number,TRUE,TRUE,pressure / derived pressure,shorthand label is reused across cylinder-resolved and/or aggregate variables; use the full variable-name row during preprocessing",edge:2fcbe8746df13cb3f9b2c698,assertion:013f34a3b540dcc1734194e1
运维措施,按手册更换密封面损伤的高压油管,记载于,来源,船机帮高压共轨柴油机燃油喷射系统故障分析,provenance_index,仅在本声明来源及构型范围内使用,stated,01_datasets/marine_diesel_RAG_corpus_All_data/All_data/test/船机帮高压共轨柴油机燃油喷射系统故障分析.md,,可清洁密封面并涂专用白油，按说明书要求规范对中安装；发现有明显伤痕，则需更换高压油管或有关零部件。,edge:2ff8112b6c3fda0658d4b6c7,assertion:c0a6e433b4bb6b08bb043f1c
运维措施,按厂家认可清洗方式清洁发动机散热器,记载于,来源,船机帮冬季卡特柴油发电机组的安全运行,provenance_index,仅在本声明来源及构型范围内使用,stated,01_datasets/marine_diesel_RAG_corpus_All_data/All_data/test/船机帮冬季卡特柴油发电机组的安全运行.md,,及时清理发动机散热器,edge:3021b83ead84a57a6d07e204,assertion:484a48e919f0fcbf25304e5e
检查方法,隔离后由合格人员检测绝缘电阻与极化指数,检查,故障,发电机绕组绝缘电阻降低,source_guidance_statement,STAMFORD/AvK发电机；检测与干燥作业须停电隔离，由合格人员依本机手册执行，本文不提供通用阈值或操作命令。,guidance,02_reports/STAMFORD_AGN040_winding_insulation.pdf,6,Polarization Index,edge:3025d107edb8e7704a6816be,assertion:2f718c7b48e74061f7343531
参数,3缸指示功,记载于,来源,variable_dictionary,provenance_index,仅在本声明来源及构型范围内使用,stated,01_datasets/Marine_Engine_Fault_Data_v1/Marine_Engine_Fault_Data/variable_dictionary.csv,,"Indicated Work No.3,Wi,J,number,TRUE,TRUE,performance / derived,shorthand label is reused across cylinder-resolved and/or aggregate variables; use the full variable-name row during preprocessing",edge:3050d31f9ea6a7e437e5ad57,assertion:5da72db1c69ebadf6ddbd2fb
故障,曲轴箱被连杆击穿,适用于,设备,左舷主机,applicability_index,本报告案例，不外推为所有船舶已证实根因,stated,02_reports/MAIB_2018_01_Windcat8_bearing_failure_fire.pdf,1,connecting rod assembly releasing and penetrating through the engine crankcase,edge:30697b892148a4e25f357a60,assertion:d217389177f367c1bd5799b1
检查方法,结合缸压与惯量刚度进行扭振分析并试验验证,适用于,系统,传动与推进系统,functional_classification,内燃机-发电机传动链一般机理；证据支持扭振导致失效风险及电气故障转矩冲击，但未建立某大型船主轴联轴器断裂的已证实事故链。,stated,02_reports/STAMFORD_AGN235_torsional_analysis.pdf,7,require validation by test,edge:3072b78b2452ffc5ce22a848,assertion:0052d27594b44a5b1865045b
影响因素,增压器修理质量不良,增加风险,状态,增压器转子与壳体气封碰摩,source_statement,船用废气涡轮增压器；拆装细节为VTR400示例，必须服从适用机型手册。,possible,01_datasets/marine_diesel_RAG_corpus_All_data/All_data/test/船机帮船舶柴油机废气涡轮增压器振动的主要原因有哪些.md,,如修理质量差或修后装配不良时，就会造成增压器运转时转子与壳体或气封相碰，产生摩擦导致振动。,edge:308a3df4a88fb8cf08e196d7,assertion:1fb8c52d7fa1adb62975986f
影响因素,调光与推进安全按钮相邻相似,增加风险,故障,误选CPP备用控制模式,source_case_statement,本报告案例，不外推为所有船舶已证实根因,reported,02_reports/MAIB_2016_Safety_Digest_generator_oil_fire.pdf,21,close proximity of the safety-critical propulsion control buttons,edge:308ce48c92bf60981b17734f,assertion:38a46e93a27160affb31107a
影响因素,动力设备长期老化,增加风险,状态,动力设备故障风险增加,source_statement,综合维护二次文章，原厂和标准出处未独立证实；不采纳文中统一周期、报警值、压力值、浮动轴承加脂和未经验证改造方案。以下仅用于检索维护主题，由适用机型规程决定具体操作。,possible,01_datasets/marine_diesel_RAG_corpus_All_data/All_data/test/船机帮船舶动力设备日常维护要点与常见故障排除.md,,盐雾腐蚀、机械疲劳、极端载荷冲击以及系统老化等因素交互作用，故障发生概率显著上升。,edge:3093a3e492c63b5d38772d7c,assertion:d3c2cd7a6f1cd6138758c929
运维措施,按适用缓蚀剂规范补加冷却液,记载于,来源,船机帮船舶动力系统滑油水污染故障实例分析,provenance_index,仅在本声明来源及构型范围内使用,stated,01_datasets/marine_diesel_RAG_corpus_All_data/All_data/test/船机帮船舶动力系统滑油水污染故障实例分析.md,,按照柴油机冷却系统缓蚀剂规范及时更换与补加冷却液。,edge:30af29f76a405b6f54a4138e,assertion:9899c2b87705a5e5e4a1a1bb
故障,遥控电源绝缘不良,促成,状态,主机遥控系统工作不稳定,source_statement,12V20/27、双机双轴双桨定距推进的文中闭环调速构型；信号接口及间隙不可跨机型套用。,stated,01_datasets/marine_diesel_RAG_corpus_All_data/All_data/test/船机帮某型船主机遥控系统典型故障分析.md,,电源绝缘不良、输出不稳、直流电源纹波大、带载能力下降都会导致系统工作不稳甚至崩溃。,edge:30c49805347c1c7fc4186dcf,assertion:3a73bde99862fd5bff33d156
设备,左舷主机排气装置,包含部件,部件,排气歧管,asset_index,仅在本声明来源及构型范围内使用,stated,02_reports/MAIB_2013_Safety_Digest_lubrication_bearing_cases.pdf,40,small passenger catamaran,edge:30f1235acdb6fd83a2089c46,assertion:191c4bbc66bc3fac266fac6c
状态,冷却淡水回路形成气囊,记载于,来源,船机帮一起副机冷却水失压停车故障的处理和原因分析,provenance_index,仅在本声明来源及构型范围内使用,stated,01_datasets/marine_diesel_RAG_corpus_All_data/All_data/test/船机帮一起副机冷却水失压停车故障的处理和原因分析.md,,"若压力空气进入冷却淡水系统, 系统中空气量大于透气管路泄放空气的能力, 系统中就可能形成气囊,导致水泵吸空, 冷却水中断",edge:3116adcb89c23b27b3a52c98,assertion:352ff7d7b9af7a4b2d4aeb47
故障,发电机绕组绝缘电阻降低,适用于,系统,冷却与海水系统,functional_classification,STAMFORD/AvK发电机；检测与干燥作业须停电隔离，由合格人员依本机手册执行，本文不提供通用阈值或操作命令。,stated,02_reports/STAMFORD_AGN040_winding_insulation.pdf,6,Surface moisture,edge:3154c5d929194ef019f4c278,assertion:c5f514895298ade10dd4bfe3
状态,推进电机超速,记载于,来源,Spirit of Discovery loss of propulsion in heavy weather,provenance_index,仅在本声明来源及构型范围内使用,stated,02_reports/MAIB_2026_06_Spirit_of_Discovery_propulsion_loss.pdf,42,led to a very rapid increase in the motors’ rpm,edge:3168e74d1e794885148329c4,assertion:77c8e29e3a9b073f87b3dd26
设备,主机润滑装置,服务于系统,系统,润滑与轴承系统,functional_classification,仅在本声明来源及构型范围内使用,stated,02_reports/MAIB_2013_Safety_Digest_lubrication_bearing_cases.pdf,21,fully loaded cargo ship,edge:31888c2e2b56d7942936d1f8,assertion:a46405642dd392e3fbe05c3b
故障,柴油机轴瓦损坏,记载于,来源,船机帮柴油机轴瓦抱轴故障分析,provenance_index,仅在本声明来源及构型范围内使用,stated,01_datasets/marine_diesel_RAG_corpus_All_data/All_data/test/船机帮柴油机轴瓦抱轴故障分析.md,,"在隔振器安装支脚压缩高度严重超差及其他外部原因等多重因素下,引发轴瓦损坏概率增加。",edge:319f1d4eb693217c46f9aea5,assertion:d1ed5813409ba05d600d654b
故障,二号压缩机排气阀损坏,适用于,设备,控制空气供给与主机离合装置,applicability_index,本报告案例，不外推为所有船舶已证实根因,stated,02_reports/MAIB_2013_Safety_Digest_lubrication_bearing_cases.pdf,15,Neither compressor had been able to keep up with demand,edge:319fbf72dd06368f7b7f2589,assertion:c7f1e397a520643b1e49caef
故障,涡轮叶片变形,适用于,设备,废气涡轮增压器,applicability_index,船用废气涡轮增压器；拆装细节为VTR400示例，必须服从适用机型手册。,stated,01_datasets/marine_diesel_RAG_corpus_All_data/All_data/test/船机帮船舶柴油机废气涡轮增压器振动的主要原因有哪些.md,,由于涡轮叶片上严重积炭或叶片变形、折断、压气机叶轮、叶片变形或损坏等都会使转子质量分布发生变化,edge:31b9d29405364dca09d1090f,assertion:ff24d7f5f4c62672437c3d4b
参数,主滑油循环泵压力原始电压信号,表征,设备,试验柴油机,native_variable_dictionary,仅在本声明来源及构型范围内使用,stated,01_datasets/Marine_Engine_Fault_Data_v1/Marine_Engine_Fault_Data/variable_dictionary.csv,,"LO Circulating Pump Press.,Pl_lo,V,number,TRUE,TRUE,pressure / derived pressure,raw voltage signal associated with main LO pump pressure; not converted to engineering pressure units",edge:31c335169402b2b4280522f0,assertion:8549b7772b86d7c2487663e9
故障,压气机空气滤清器堵塞,适用于,设备,试验柴油机,native_dataset_label,Marine Engine Fault Dataset原始标签；不推导未在数据中证明的机理,dataset_label,01_datasets/Marine_Engine_Fault_Data_v1/Marine_Engine_Fault_Data/dataset_index.csv,,"AF_Clogging/AF_Clogging_75_Load.csv,scenario,Air-filter clogging (compressor),75%,single load condition,3,5918,73,""binary (0=pre-anomaly, 1=anomaly)"",Pre-anomaly and anomaly segments.",edge:31ccf1c245307791872b2809,assertion:fe0d36431e2bdd3d46bf2cf8
状态,增压器润滑冷却不足,记载于,来源,船机帮柴油机冷却水过高或过低的危害,provenance_index,仅在本声明来源及构型范围内使用,stated,01_datasets/marine_diesel_RAG_corpus_All_data/All_data/test/船机帮柴油机冷却水过高或过低的危害.md,,机油温度变高，黏度下降，压力变低，就不能充分满足增压器所需要的润滑和冷却条件，容易造成增压机内部结胶、积炭，使增压机早期磨损甚至损坏。,edge:31e049cd399fcb3c5bdde8b0,assertion:b8960e12b00a5815778028e9
参数,发动机转速,表征,设备,试验柴油机,native_variable_dictionary,仅在本声明来源及构型范围内使用,stated,01_datasets/Marine_Engine_Fault_Data_v1/Marine_Engine_Fault_Data/variable_dictionary.csv,,"Engine Speed,N,rpm,number,TRUE,TRUE,operating / load,",edge:31f050f5846e1f21ff549e58,assertion:2f54276820b2907bc7bbb008
故障,喷油器裂纹,记载于,来源,船机帮船舶发电机常见故障及对策,provenance_index,仅在本声明来源及构型范围内使用,stated,01_datasets/marine_diesel_RAG_corpus_All_data/All_data/test/船机帮船舶发电机常见故障及对策.md,,出现裂缝可用磁粉探伤法进行检测,edge:3211d2e918622121a8b67cf9,assertion:8a86f0716a59fc73e118c5a6
运维措施,检修前泄压并控制法兰拆开幅度,记载于,来源,MAIB Safety Digest 2016 generator oil fire case,provenance_index,仅在本声明来源及构型范围内使用,stated,02_reports/MAIB_2016_Safety_Digest_generator_oil_fire.pdf,41,flange was split in a controlled manner,edge:321534bbc7976fb87525a614,assertion:3c014079ba86de7b04bd2f4c
部件,电流不平衡互感器,是概念的实例,部件,电流不平衡互感器,concept_alignment,仅在本声明来源及构型范围内使用,stated,02_reports/MAIB_2011_28_Queen_Mary_2_harmonic_filter_failure.pdf,13,explosion was triggered by deterioration in the capacitors,edge:32200e58d941e3aa8b2e30c9,assertion:a4d3b43773f28eb24be53673
故障,发电机滚动轴承磨损失效,适用于,系统,电力与控制系统,functional_classification,有滚动轴承的发电机或轴带发电机构型；滚动轴承与主机滑动轴瓦的失效机理不得混用。,stated,02_reports/STAMFORD_AGN076_alternator_bearings.pdf,4,lack of grease or misalignment damage,edge:324f0c49b14ae1ceede52aa0,assertion:f1745bc48c090d7d7c8f8eb8
故障,压缩机滑油排出管脱开,记载于,来源,MAIB Safety Digest 2013 lubrication and bearing cases,provenance_index,仅在本声明来源及构型范围内使用,stated,02_reports/MAIB_2013_Safety_Digest_lubrication_bearing_cases.pdf,14,bottom end bearing had overheated and failed,edge:32596ae2348ff0a0001686a4,assertion:1c1a599ea779cfeba7b49457
运维措施,加强维修承包商关键步骤监督,记载于,来源,MAIB Safety Digest 2013 lubrication and bearing cases,provenance_index,仅在本声明来源及构型范围内使用,stated,02_reports/MAIB_2013_Safety_Digest_lubrication_bearing_cases.pdf,23,critical steps are not overlooked,edge:326b0ec859b2ad5b5742403b,assertion:9ae83ee547642102d7332628
故障,柴油发电机灾难性失效,发生于,设备,DG1柴油发电机,case_equipment_index,仅在本声明来源及构型范围内使用,stated,02_reports/MAIB_2026_10_Kommandor_Susan_generator_bearing_failure.pdf,5,most likely root cause is failure of connecting rod bearing number five,edge:326e9cd7e5154950c286f91e,assertion:f6a9070ce34a881c576b6276
影响因素,坞修后滑油泵堵头紧固不足,是概念的实例,影响因素,坞修后滑油泵堵头紧固不足,concept_alignment,仅在本声明来源及构型范围内使用,stated,02_reports/MAIB_2016_Safety_Digest_generator_oil_fire.pdf,26,insufficiently tightened by shore staff,edge:326f7bc875abe8df39e2cf4c,assertion:53f45dbedcc04e33b55ae054
检查方法,结合缸压与惯量刚度进行扭振分析并试验验证,记载于,来源,STAMFORD AGN235 generating set torsional vibration analysis,provenance_index,仅在本声明来源及构型范围内使用,stated,02_reports/STAMFORD_AGN235_torsional_analysis.pdf,7,require validation by test,edge:3271b3e91801d684e1245334,assertion:203e8fd7ced0dffea978ef74
运维措施,按原厂要求维护清洁发电机定转子,适用于,设备,柴油发电机,applicability_index,S6U-PTK与文中船舶发电机经验；部分表述不严谨，不采纳未经原厂确认的轴承结构改造建议。,stated,01_datasets/marine_diesel_RAG_corpus_All_data/All_data/test/船机帮船舶发电机常见故障及对策.md,,加强对发电机转子、定子的日常养护，确保清洁,edge:3278b569abbd83536b156835,assertion:d1ab48fa0a0dc640af061b71
检查方法,以模拟信号检查测速板整形输出,检查,故障,测速板整形比较器输出故障,source_check,12V20/27、双机双轴双桨定距推进的文中闭环调速构型；信号接口及间隙不可跨机型套用。,stated,01_datasets/marine_diesel_RAG_corpus_All_data/All_data/test/船机帮某型船主机遥控系统典型故障分析.md,,发现转速信号进入测速板后，首先通过比较器6N139进行整形，整形比较器输出不稳定，有偶发性无输出现象。,edge:327c9f3828b1260b46ae0ff2,assertion:44386f8ebc024bf8ac3f9b1e
事故案例,盘车联锁失效与启动损坏,涉及,运维措施,保持机组状态与日志及状态板一致,case_index,仅在本声明来源及构型范围内使用,stated,02_reports/MAIB_2013_Safety_Digest_lubrication_bearing_cases.pdf,18,status of the main engine machinery conforms to the status recorded,edge:327e052f6256ce517412244d,assertion:e9d27f9097a09e3c0d22b52a
事故案例,燃油法兰松动与主机火灾,涉及,部件,ME3排气歧管,case_index,仅在本声明来源及构型范围内使用,stated,02_reports/MAIB_2024_20_Stena_Europe_fuel_spray_fire.pdf,7,fuel leaking under pressure,edge:3292a0355429f630180c5402,assertion:8ff6ff5df31e7d9f8f33230f
故障,陶瓷密封环热裂,记载于,来源,船机帮船舶动力系统滑油水污染故障实例分析,provenance_index,仅在本声明来源及构型范围内使用,stated,01_datasets/marine_diesel_RAG_corpus_All_data/All_data/test/船机帮船舶动力系统滑油水污染故障实例分析.md,,高温冷却水急冷急热导致密封面产生微观裂纹,edge:329e40bc195cb57bc186bd5b,assertion:7bded86ed53d3fede7e7bbc8
参数,2缸有效功率,记载于,来源,variable_dictionary,provenance_index,仅在本声明来源及构型范围内使用,stated,01_datasets/Marine_Engine_Fault_Data_v1/Marine_Engine_Fault_Data/variable_dictionary.csv,,"Effective Work No.2,We,kW,number,TRUE,TRUE,performance / derived,shorthand label is reused across cylinder-resolved and/or aggregate variables; use the full variable-name row during preprocessing",edge:32a97f4995c3684c5e1f0a08,assertion:63630402239f594fc276f2d7
故障,滑油滤清器与油道堵塞,记载于,来源,油品课堂第六讲某船使用假冒润滑油导致主机烧瓦事故案例,provenance_index,仅在本声明来源及构型范围内使用,stated,01_datasets/marine_diesel_RAG_corpus_All_data/All_data/train/油品课堂第六讲某船使用假冒润滑油导致主机烧瓦事故案例.md,,这批假油，不但油膜强度不足，而且容易变质形成漆膜和油泥等沉积物，堵塞机油滤清器和油道，影响正常供油，导致烧瓦,edge:32ab9d3c233cbf99797e5ab3,assertion:5f6fe2d48207a5689faa0efc
状态,齿轮反复过载,记载于,来源,船机帮船用齿轮箱故障分析与管理对策,provenance_index,仅在本声明来源及构型范围内使用,stated,01_datasets/marine_diesel_RAG_corpus_All_data/All_data/test/船机帮船用齿轮箱故障分析与管理对策.md,,若齿轮突然过载就可能会超负荷造成突然断裂；若非突然断裂，齿轮重复受过载力，造成应力集中，也会导致疲劳裂纹，进而导致疲劳断裂。,edge:32ad352b3284ab1ef1af9eb5,assertion:e192787d5807b1070b6f299c
事故案例,DG1发电机故障与失电,涉及,影响因素,非原厂零件超出适用保养周期,case_index,仅在本声明来源及构型范围内使用,stated,02_reports/MAIB_2026_10_Kommandor_Susan_generator_bearing_failure.pdf,8,Use of the CTP parts beyond their design life led the connecting rod bearings to fail,edge:32b8d99d6204acdc27e3fd2c,assertion:99640444aa0231229011d250
故障,主轴承瓦片转位,是概念的实例,故障,主轴承瓦片转位,concept_alignment,仅在本声明来源及构型范围内使用,stated,02_reports/MAIB_2013_Safety_Digest_lubrication_bearing_cases.pdf,21,rotation of bearing shells and the blockage of oil ways,edge:32d977b1725e9c22ba66ae38,assertion:2c3d2c790970c849a669ae43
事故案例,液压背压阀卡滞与火灾,涉及,检查方法,检查CPP背压阀和安全阀功能,case_index,仅在本声明来源及构型范围内使用,stated,02_reports/MAIB_2015_22_Pride_of_Canterbury_CPP_hydraulic_fire.pdf,35,their function checked once every 5 years,edge:32ea9c2527cb2f4c7d3f0b3b,assertion:4b34c014ae9a0b44b65cdc09
设备,ME4主机,记载于,来源,Wight Sky multiple engine failures,provenance_index,仅在本声明来源及构型范围内使用,stated,02_reports/MAIB_2022_04_Wight_Sky_multiple_engine_failures.pdf,84,ME4 failed catastrophically because of an assembly error,edge:32f83632384bf5427bdde1d1,assertion:19ac9c09bf748f61a9b18701
部件,ME3排气歧管,记载于,来源,Stena Europe pressurised fuel spray and engine-room fire,provenance_index,仅在本声明来源及构型范围内使用,stated,02_reports/MAIB_2024_20_Stena_Europe_fuel_spray_fire.pdf,7,fuel leaking under pressure,edge:331cf03ab8264e2ce0ad807c,assertion:80957ef3e487c65b821ce717
部件,排气歧管,记载于,来源,MAIB Safety Digest 2013 lubrication and bearing cases,provenance_index,仅在本声明来源及构型范围内使用,stated,02_reports/MAIB_2013_Safety_Digest_lubrication_bearing_cases.pdf,40,small passenger catamaran,edge:33888a93928d5b48ce68ab3d,assertion:61cf5d464cacc7384cc01003
设备,主机启动与盘车装置,包含部件,部件,盘车安全联锁,asset_index,仅在本声明来源及构型范围内使用,stated,02_reports/MAIB_2013_Safety_Digest_lubrication_bearing_cases.pdf,16,specialist cargo ship,edge:33946913602b19dcfdc8dabb,assertion:b91e01bd2113957624730c6c
检查方法,核查转速传感器信号与控制器接收,记载于,来源,船机帮船用柴油机调速器的维护与保养十飞车故障,provenance_index,仅在本声明来源及构型范围内使用,stated,01_datasets/marine_diesel_RAG_corpus_All_data/All_data/test/船机帮船用柴油机调速器的维护与保养十飞车故障.md,,传感器无信号或失灵，控制器接收不到。,edge:33aea368918faee19e172a72,assertion:cbdd616e8d93dfcaae09e600
故障,增压器轴承磨损,记载于,来源,船机帮船舶柴油机废气涡轮增压器振动的主要原因有哪些,provenance_index,仅在本声明来源及构型范围内使用,stated,01_datasets/marine_diesel_RAG_corpus_All_data/All_data/test/船机帮船舶柴油机废气涡轮增压器振动的主要原因有哪些.md,,轴承长时间使用后产生磨损、变形、裂纹和烧伤时，使摩擦力矩增大，转速下降，振动和噪声大增。,edge:33d75f0fc3fea07e4c56c3ba,assertion:c4be34de73a5470dae25d8de
状态,活塞环附近局部过热,导致,状态,缸套油膜难以维持,source_statement,船用柴油机摩擦副；二次维修文章，机型及根因须核实；不能以某一症状直接确诊拉缸。,possible,01_datasets/marine_diesel_RAG_corpus_All_data/All_data/test/船机帮船用柴油机的拉缸故障.md,,喷油器定位销位置错误反装了180°，这样喷油器的喷口喷向缸套内壁，过热的温度集中在活塞环附近，很难形成油膜，缸套很快会拉伤掉。,edge:33db55c4044acb9d36567015,assertion:f8df9327b209d667bbb6a635
事故案例,大风浪中吊舱推进丧失,涉及,状态,螺旋桨出水,case_index,仅在本声明来源及构型范围内使用,stated,02_reports/MAIB_2026_06_Spirit_of_Discovery_propulsion_loss.pdf,42,pitching caused the propellers to come out of the water,edge:34101477bbd5e7fe4bfcc7ab,assertion:3ee928b6ef2a0b7173db800b
故障,轴承与活塞断油过热,记载于,来源,MAIB Safety Digest 2013 lubrication and bearing cases,provenance_index,仅在本声明来源及构型范围内使用,stated,02_reports/MAIB_2013_Safety_Digest_lubrication_bearing_cases.pdf,21,subsequent oil starvation and overheating,edge:3413e83504b631863b6b568f,assertion:e32acbde82880a73348bc042
事故案例,发电机滑油泵堵头松脱火灾,涉及,状态,滑油喷雾接触高温排气护罩,case_index,仅在本声明来源及构型范围内使用,stated,02_reports/MAIB_2016_Safety_Digest_generator_oil_fire.pdf,26,oil spray ignited when it came into contact,edge:3421a0bd519d5e5a5d3c767d,assertion:14394384e4ac34cb82632ff5
运维措施,完成认可修复后更换被污染滑油,记载于,来源,船机帮船舶动力系统滑油水污染故障实例分析,provenance_index,仅在本声明来源及构型范围内使用,stated,01_datasets/marine_diesel_RAG_corpus_All_data/All_data/test/船机帮船舶动力系统滑油水污染故障实例分析.md,,故障修复后，船员对系统滑油进行换新,edge:34389c7f4bb257d9b22fab35,assertion:5b20140e755df0fdea5c7bea
影响因素,回油管缺少有效超压释放,加剧,故障,CPP系统超压,source_case_statement,本报告案例，不外推为所有船舶已证实根因,reported,02_reports/MAIB_2015_22_Pride_of_Canterbury_CPP_hydraulic_fire.pdf,29,no means within the system to effectively relieve excess pressure,edge:3460c720c6fba45af55184df,assertion:0964c7f34795a21436f31e21
运维措施,更换改进设计的滤波电容,记载于,来源,RMS Queen Mary 2 harmonic-filter capacitor failure and blackout,provenance_index,仅在本声明来源及构型范围内使用,stated,02_reports/MAIB_2011_28_Queen_Mary_2_harmonic_filter_failure.pdf,70,improved and safer design,edge:3468c1997f4f917d30fa99b8,assertion:c281296efe259bdf506a130d
系统,润滑与轴承系统,属于上级系统,系统,船舶动力系统,curator_functional_taxonomy,实验本体的功能分组，不作为来源报告的原始因果结论,stated,01_datasets/marine_diesel_RAG_corpus_All_data/All_data/test/船机帮船舶动力设备日常维护要点与常见故障排除.md,,船舶动力系统作为船舶航行与电力供给的中枢单元,edge:3475226453acbefda64ffe36,assertion:5ad6c4abb70a98a0fc070a2b
运维措施,按说明书清洁并对中安装高压接头,应对,故障,高压燃油接头泄漏,source_recommendation,航浚6008/MAN L32/44CR与CR2.2；轨压数值、扭矩与拆装必须核对本机手册。,stated,01_datasets/marine_diesel_RAG_corpus_All_data/All_data/test/船机帮高压共轨柴油机燃油喷射系统故障分析.md,,可清洁密封面并涂专用白油，按说明书要求规范对中安装；发现有明显伤痕，则需更换高压油管或有关零部件。,edge:347efaf5f51e48feafddd74b,assertion:7b36c8917fe9dd6c62087602
检查方法,核查齿轮箱空转温度,检查,设备,减速齿轮箱,source_check,GW系列船用齿轮箱；通用机理与A/B船匿名案例须区分，尺寸不能跨机型套用。,stated,01_datasets/marine_diesel_RAG_corpus_All_data/All_data/test/船机帮船用齿轮箱故障分析与管理对策.md,,应按照规定进行空转试验(一般不小于4h)，核查运转、温度、功耗等情况；,edge:3483e4b5def79fb0747d89c8,assertion:2dc225a364fed79387b557cd
检查方法,监测齿轮箱滑油温度,记载于,来源,船机帮船用齿轮箱故障分析与管理对策,provenance_index,仅在本声明来源及构型范围内使用,stated,01_datasets/marine_diesel_RAG_corpus_All_data/All_data/test/船机帮船用齿轮箱故障分析与管理对策.md,,应该经常检查润滑部位是否达到润滑效果，以及润滑剂有无杂质，是否失效，并重点监控滑油温度。,edge:348cf1afe252cf2ffeed766a,assertion:09c1901c66b241028d0d78fc
故障,离合器活塞磨损,记载于,来源,船机帮船用齿轮箱故障分析与管理对策,provenance_index,仅在本声明来源及构型范围内使用,stated,01_datasets/marine_diesel_RAG_corpus_All_data/All_data/test/船机帮船用齿轮箱故障分析与管理对策.md,,两组(共21个)摩擦片之间打滑(似转非转)，内凹圈跟着从动齿轮也似转非转(本不该转)，结果磨坏了活塞的端面和外周面，润滑油的温度持续升高。,edge:34a5af1342769a42da05cd1e,assertion:719947a9f2352dfeeaf32c8e
状态,遥控电源输出不稳,记载于,来源,船机帮某型船主机遥控系统典型故障分析,provenance_index,仅在本声明来源及构型范围内使用,stated,01_datasets/marine_diesel_RAG_corpus_All_data/All_data/test/船机帮某型船主机遥控系统典型故障分析.md,,电源绝缘不良、输出不稳、直流电源纹波大、带载能力下降都会导致系统工作不稳甚至崩溃。,edge:34ce5de01d5760403d975ced,assertion:fddd397d95a3696006c613f9
状态,驾驶台丧失右舷螺距控制,记载于,来源,MAIB Safety Digest 2016 generator oil fire case,provenance_index,仅在本声明来源及构型范围内使用,stated,02_reports/MAIB_2016_Safety_Digest_generator_oil_fire.pdf,20,master lost bridge control of that propeller,edge:34da9562634b7d43f6d35e87,assertion:191c3fc897a817052a6d2a80
参数,发动机冷却水温度出口 III,记载于,来源,variable_dictionary,provenance_index,仅在本声明来源及构型范围内使用,stated,01_datasets/Marine_Engine_Fault_Data_v1/Marine_Engine_Fault_Data/variable_dictionary.csv,,"Cooling Water Temp. Engine Out III,T9,°C,number,TRUE,TRUE,temperature,",edge:34e125c6facceb949adb07d0,assertion:3bdb6eb6ad4e3acddc7b93f6
事故案例,液压背压阀卡滞与火灾,涉及,故障,CPP回油法兰破裂,case_index,仅在本声明来源及构型范围内使用,stated,02_reports/MAIB_2015_22_Pride_of_Canterbury_CPP_hydraulic_fire.pdf,29,flanged joint ruptured because the CPP system became over- pressurised,edge:35028cb4033ca2e09ff87131,assertion:d683ff703ea25965c4bebfa2
部件,喷油器,记载于,来源,船机帮船用共轨柴油机排气阀常见故障与排除,provenance_index,仅在本声明来源及构型范围内使用,stated,01_datasets/marine_diesel_RAG_corpus_All_data/All_data/test/船机帮船用共轨柴油机排气阀常见故障与排除.md,,包括对喷油器、排气阀阀杆、弹簧、阀壳等检查，确保各部件工况正常。,edge:3532e87bddc44b4f0b20a555,assertion:1680f279960002a6dba9ea8f
运维措施,按储运要求将发电机保存在防风雨建筑内,适用于,设备,交流发电机,applicability_index,STAMFORD/AvK对应交流发电机型号；AGN040应与本机Owner Manual联合使用；干燥与绝缘处置仅由合格人员实施。,stated,02_reports/STAMFORD_AGN040_winding_insulation.pdf,6,stored within a weather protective building,edge:3554b42d06193c48e817b746,assertion:011dba053f559a64b74a2f28
状态,排气温度升高,记载于,来源,船机帮船舶发电机常见故障及对策,provenance_index,仅在本声明来源及构型范围内使用,stated,01_datasets/marine_diesel_RAG_corpus_All_data/All_data/test/船机帮船舶发电机常见故障及对策.md,,喷油时间过迟，部分燃油未充分燃烧便于废气一同进入排气管中引起黑烟，且伴随较高温度。,edge:3590514ca7c8bf12dff63882,assertion:75a559b60dd8a9f9aa6ccb03
影响因素,活塞环尺寸不符合要求,记载于,来源,船机帮船用柴油机的拉缸故障,provenance_index,仅在本声明来源及构型范围内使用,stated,01_datasets/marine_diesel_RAG_corpus_All_data/All_data/test/船机帮船用柴油机的拉缸故障.md,,另外活塞环的变形，在活塞环内出现卡滞，活塞环尺寸不对，环槽间隙过小，受到热膨胀无间隙，也会出现拉缸，活塞环无弹力，也可造成拉缸。,edge:35b58a2aa24977bf5a3741c0,assertion:7ae51dadfc0219b24d59a83b
事故案例,DG1发电机故障与失电,涉及,运维措施,检查其余机组非原厂轴承并计划更换,case_index,仅在本声明来源及构型范围内使用,stated,02_reports/MAIB_2026_10_Kommandor_Susan_generator_bearing_failure.pdf,6,Check the use of non-Caterpillar bearings in the other engines,edge:35e0851437cb4e40e09d8f34,assertion:d6a45d622d7406a469118e2a
设备,冷却回路,记载于,来源,船机帮冬季卡特柴油发电机组的安全运行,provenance_index,仅在本声明来源及构型范围内使用,stated,01_datasets/marine_diesel_RAG_corpus_All_data/All_data/test/船机帮冬季卡特柴油发电机组的安全运行.md,,以释放全部压力。,edge:35e6ad6c6ca0108c3c1588bb,assertion:54389b842ed6911a8dfe0f34
故障,发电机短路或非同期并机,适用于,系统,传动与推进系统,functional_classification,内燃机-发电机传动链一般机理；证据支持扭振导致失效风险及电气故障转矩冲击，但未建立某大型船主轴联轴器断裂的已证实事故链。,stated,02_reports/STAMFORD_AGN035_fault_protection.pdf,5,transient peak torque demand,edge:35ec09efd36ace034eeb05b5,assertion:5d07d20aafdf4128cfb2b907
运维措施,按适用冷却液规格补充膨胀水箱,作用于,部件,膨胀水箱,source_recommendation,综合维护二次文章，原厂和标准出处未独立证实；不采纳文中统一周期、报警值、压力值、浮动轴承加脂和未经验证改造方案。以下仅用于检索维护主题，由适用机型规程决定具体操作。,stated,01_datasets/marine_diesel_RAG_corpus_All_data/All_data/test/船机帮船舶动力设备日常维护要点与常见故障排除.md,,每日记录高温淡水、膨胀水箱水位，补水频次异常增加可能预示有内漏。,edge:35f56a04edaf7b958fef9ba9,assertion:a0201ea503ea7a41652e02da
故障,安全停车中间继电器故障,适用于,设备,发电机主开关,applicability_index,DG2、施耐德NW08-63和文中扩展箱构型；仅合格电气人员可按本船隔离规程检修。,stated,01_datasets/marine_diesel_RAG_corpus_All_data/All_data/test/船机帮船舶柴油发电机主开关并网合闸失败故障的分析与排查.md,,在正常状态下该继电器线圈是断开的，控制分闸线圈 MN 的触点处于常闭状态，主开关可以正常合闸。,edge:35fa9f5292fd7d1a16a96262,assertion:9b4cc7a4acd9674a28e7a0eb
检查方法,按试验台规程校验喷油器喷油压力,记载于,来源,船机帮船舶发电机常见故障及对策,provenance_index,仅在本声明来源及构型范围内使用,stated,01_datasets/marine_diesel_RAG_corpus_All_data/All_data/test/船机帮船舶发电机常见故障及对策.md,,卸下喷油嘴并校验其喷油压力，若发现孔道阻塞现象需将喷油嘴进行拆卸，检查针阀和底座有无变形损坏,edge:36112c6bd8e74e610b343492,assertion:cd9168aaf9e662c1f7c57f5d
运维措施,确认故障后按手册更换空气启动马达,记载于,来源,船机帮船舶发电机常见故障及对策,provenance_index,仅在本声明来源及构型范围内使用,stated,01_datasets/marine_diesel_RAG_corpus_All_data/All_data/test/船机帮船舶发电机常见故障及对策.md,,选择更换马达后发电机正常启动，故障排除。,edge:362139be2599a31019e24930,assertion:055724b371d7987abaa648c7
运维措施,使用备用螺距控制,适用于,设备,可调螺距桨推进装置,applicability_index,本报告案例，不外推为所有船舶已证实根因,stated,02_reports/MAIB_2016_Safety_Digest_generator_oil_fire.pdf,29,bypassed the feedback control system,edge:362dcbac214eef395f263bbf,assertion:a3c9dc78daf6cfe5f5cd36b8
状态,排气温度升高,以参数描述,参数,排气温度,explicit_parameter_description,仅在本声明来源及构型范围内使用,stated,01_datasets/marine_diesel_RAG_corpus_All_data/All_data/test/船机帮船用柴油机的拉缸故障.md,,排温升高,edge:36304ff423fcd8465ea4ab1c,assertion:2a6846462352291bdd7cc6f6
部件,发电机定子绕组,记载于,来源,STAMFORD AGN040 winding insulation system,provenance_index,仅在本声明来源及构型范围内使用,stated,02_reports/STAMFORD_AGN040_winding_insulation.pdf,8,the alternator must be removed from the engine and stripped down,edge:3639539f1abc7d11ab0cf1b7,assertion:59221fc393da3395b3ff6ede
检查方法,断电核验主开关分闸线圈,记载于,来源,船机帮船舶柴油发电机主开关并网合闸失败故障的分析与排查,provenance_index,仅在本声明来源及构型范围内使用,stated,01_datasets/marine_diesel_RAG_corpus_All_data/All_data/test/船机帮船舶柴油发电机主开关并网合闸失败故障的分析与排查.md,,对其蓄能马达进行测量未发现问题，然后利用万用表对主开关的控制分闸线圈 MN 与 XF 进行测量,edge:3659fa3a85ea4c5119e65dac,assertion:494bcd6b6f1c0399e773551c
故障,CPP执行器联轴器松脱,记载于,来源,MAIB Hebrides CPP actuator coupling failure,provenance_index,仅在本声明来源及构型范围内使用,stated,02_reports/MAIB_2017_20_Hebrides_CPP_coupling.pdf,35,absence of thread locking fluid,edge:365e314fc3535eb1721f8561,assertion:b0b5883dcee76ecf893dd783
故障,喷油控制电磁阀堵塞,适用于,设备,高压共轨燃油喷射装置,applicability_index,航浚6008/MAN L32/44CR与CR2.2；轨压数值、扭矩与拆装必须核对本机手册。,stated,01_datasets/marine_diesel_RAG_corpus_All_data/All_data/test/船机帮高压共轨柴油机燃油喷射系统故障分析.md,,某缸排温偏低，而喷油时长明显大于其他缸时，可能是喷油控制电磁阀堵塞或卡在较小开度位置，需解体清洁活络阀芯,edge:36b31ed54ec112fc809cd539,assertion:ccfd522e3395b416325f56ad
影响因素,燃油接头喷溅保护缺失,记载于,来源,Stena Europe pressurised fuel spray and engine-room fire,provenance_index,仅在本声明来源及构型范围内使用,stated,02_reports/MAIB_2024_20_Stena_Europe_fuel_spray_fire.pdf,29,joint was not protected by anti-splashing tape or shielding,edge:36bea7f408f401e8c251e606,assertion:a5eb9e7ce0cfa9df536f8130
状态,冷却器机械振动,记载于,来源,船机帮船舶动力系统滑油水污染故障实例分析,provenance_index,仅在本声明来源及构型范围内使用,stated,01_datasets/marine_diesel_RAG_corpus_All_data/All_data/test/船机帮船舶动力系统滑油水污染故障实例分析.md,,船舶运行中机械振动导致冷却器焊缝开裂或管束断裂。,edge:36c86165c2e9b32caf2928a5,assertion:92dd06495ce7a796cdd02633
事故案例,发电机滑油泵堵头松脱火灾,涉及,状态,发电机滑油低压报警,case_index,仅在本声明来源及构型范围内使用,stated,02_reports/MAIB_2016_Safety_Digest_generator_oil_fire.pdf,26,low oil pressure alarm on one of the generators,edge:36d1f6a66793994ce15eebdb,assertion:19f3e0c00d8bc7ed0c9a55f5
状态,冷却淡水回路形成气囊,促成,故障,冷却水泵吸空,secondary_source_statement,文中共享中央淡水冷却回路；须核对本船空压机冷却器与副机回路连接,possible,01_datasets/marine_diesel_RAG_corpus_All_data/All_data/test/船机帮一起副机冷却水失压停车故障的处理和原因分析.md,,"系统中就可能形成气囊,导致水泵吸空, 冷却水中断",edge:36fabad2c00fe30a533397e1,assertion:fabf9720ac178806b232c569
检查方法,测量总体振动并分析频谱,记载于,来源,MAIB Safety Digest 2016 generator oil fire case,provenance_index,仅在本声明来源及构型范围内使用,stated,02_reports/MAIB_2016_Safety_Digest_generator_oil_fire.pdf,28,frequency analysis of the vibration waveform,edge:3716c477859b054ff423a6be,assertion:72bedc54740b44a74cf7b631
状态,润滑油系统污染,是概念的实例,状态,润滑油系统污染,concept_alignment,仅在本声明来源及构型范围内使用,stated,02_reports/MAIB_2013_Safety_Digest_lubrication_bearing_cases.pdf,21,duplex filter was found without a filter cartridge,edge:371ef7db19f1bfba5608731c,assertion:084f5c5222273d546164192f
部件,故障主机5号主轴承,记载于,来源,Wight Sky catastrophic main engine bearing failure,provenance_index,仅在本声明来源及构型范围内使用,stated,02_reports/MAIB_2018_14_Wight_Sky_engine_bearing_fire.pdf,1,debris in the engine’s oil channels following rebuild,edge:3725d2060f507b6d51e52e76,assertion:fb453187cbced678baca0a0f
部件,启动马达碳刷,记载于,来源,船机帮船舶动力设备日常维护要点与常见故障排除,provenance_index,仅在本声明来源及构型范围内使用,stated,01_datasets/marine_diesel_RAG_corpus_All_data/All_data/test/船机帮船舶动力设备日常维护要点与常见故障排除.md,,补充电气系统电解液至 1.28 g/cm³，更换碳刷,edge:372cd410717dc5daa1a49db0,assertion:4471f55645d325180db4bf27
状态,扫气泄放油铁含量升高,提示,故障,活塞环与缸套磨损,source_guidance_statement,MAN B&W两冲程柴油机缸套/活塞环；2016通函用于机理，润滑油选择须查2023通函及本机手册。不能把活塞咬死一概等同于已证实拉缸。,guidance,02_reports/MAN_SL2019_685_ring_coating_wear.pdf,2,high iron content,edge:372db5da30eede5b2c196699,assertion:559445bbf57ae9484eadfb50
故障,缸套局部拉伤,适用于,设备,柴油机,applicability_index,船用柴油机摩擦副；二次维修文章，机型及根因须核实；不能以某一症状直接确诊拉缸。,stated,01_datasets/marine_diesel_RAG_corpus_All_data/All_data/test/船机帮船用柴油机的拉缸故障.md,,活塞不对中，造成活塞偏磨，甚至活塞裙磨到缸套，造成部分区域拉伤,edge:3738986931cca6857259af36,assertion:bf5aaf2a814261469d8fd647
影响因素,齿轮回火不及时,增加风险,故障,齿轮裂纹,source_statement,GW系列船用齿轮箱；通用机理与A/B船匿名案例须区分，尺寸不能跨机型套用。,possible,01_datasets/marine_diesel_RAG_corpus_All_data/All_data/test/船机帮船用齿轮箱故障分析与管理对策.md,,回火不及时会使钢件发生变形甚至开裂。,edge:373ce6cfa2542d495bdd98f9,assertion:8acdfa6d439b18474bc65feb
故障,高温报警线束烧损短路,发生于,设备,左舷主机排气装置,case_equipment_index,仅在本声明来源及构型范围内使用,stated,02_reports/MAIB_2013_Safety_Digest_lubrication_bearing_cases.pdf,41,causing it to short circuit and set off the alarm,edge:3783d2fcaae46410e8625517,assertion:0725e2eb85ed131d00d5c367
故障,喷油器壳体密封锥面裂纹,记载于,来源,船机帮5S60ME船用柴油机喷油器故障分析与对策,provenance_index,仅在本声明来源及构型范围内使用,stated,01_datasets/marine_diesel_RAG_corpus_All_data/All_data/test/船机帮5S60ME船用柴油机喷油器故障分析与对策.md,,"气缸内的高压高温燃气穿过喷油器壳体裂纹进入低压燃油中,随回油进入集油筒中导致集油筒中空气多而油位低引发报警",edge:378455b59244a53b924840ae,assertion:e2a20d26610e5b7dd47aa612
设备,启动空气管路,记载于,来源,船机帮冬季卡特柴油发电机组的安全运行,provenance_index,仅在本声明来源及构型范围内使用,stated,01_datasets/marine_diesel_RAG_corpus_All_data/All_data/test/船机帮冬季卡特柴油发电机组的安全运行.md,,要及时排空气路内的积水,edge:379c2b4bb9036cb87f353c83,assertion:194ab8a96632a56e4c06eba6
运维措施,检修后核验堵头紧固与排气保温,适用于,设备,柴油发电机润滑与排气装置,applicability_index,本报告案例，不外推为所有船舶已证实根因,stated,02_reports/MAIB_2016_Safety_Digest_generator_oil_fire.pdf,26,exhaust piping had been left unlagged,edge:37a5ff8696936886406d38f6,assertion:00d1f297d63459653cbdc3ab
检查方法,检查齿轮箱润滑效果,检查,状态,齿轮箱润滑不足,source_check,GW系列船用齿轮箱；通用机理与A/B船匿名案例须区分，尺寸不能跨机型套用。,stated,01_datasets/marine_diesel_RAG_corpus_All_data/All_data/test/船机帮船用齿轮箱故障分析与管理对策.md,,应该经常检查润滑部位是否达到润滑效果，以及润滑剂有无杂质，是否失效，并重点监控滑油温度。,edge:37b3d710edb2397805d284db,assertion:0fc903a1037fee5b5f9ae08d
影响因素,缸套内径尺寸不符合图纸,增加风险,故障,缸套黏着拉伤,source_statement,船用柴油机摩擦副；二次维修文章，机型及根因须核实；不能以某一症状直接确诊拉缸。,possible,01_datasets/marine_diesel_RAG_corpus_All_data/All_data/test/船机帮船用柴油机的拉缸故障.md,,缸套注油口油槽有毛刺和高点，缸套扫气口有凸点或锐边，缸套内径尺寸到不到图纸要求，过大或过小。,edge:37b5631996af4e386b28c828,assertion:c9d6d06a2be84d1afa190a17
设备,柴油发电机润滑与排气装置,包含部件,部件,相邻机组排气保温,asset_index,仅在本声明来源及构型范围内使用,stated,02_reports/MAIB_2016_Safety_Digest_generator_oil_fire.pdf,26,fully loaded ro-ro passenger ferry,edge:37b6539e2355f253332b251c,assertion:e85c02fd774b36f279d86050
事故案例,油抹布落至排气歧管起火,涉及,状态,主机高温报警,case_index,仅在本声明来源及构型范围内使用,stated,02_reports/MAIB_2013_Safety_Digest_lubrication_bearing_cases.pdf,41,set off the alarm in the wheelhouse,edge:37da68bd79788736f2035d8d,assertion:722e5734dedaa3268bb49945
状态,主机停止,记载于,来源,MAIB Safety Digest 2016 generator oil fire case,provenance_index,仅在本声明来源及构型范围内使用,stated,02_reports/MAIB_2016_Safety_Digest_generator_oil_fire.pdf,59,main engine then stopped,edge:380949f28cba326aa016915d,assertion:a24af907c1608db87657db68
事故案例,ME2主轴承断油失效,涉及,故障,主机灾难性失效,case_index,仅在本声明来源及构型范围内使用,stated,02_reports/MAIB_2022_04_Wight_Sky_multiple_engine_failures.pdf,84,ME2 failed catastrophically due to a sudden loss of lubricating oil supply,edge:382035cdced7654f467a4bc0,assertion:1288e4858b65c97c9e9684e1
运维措施,启动前安全清除机组表面油污,作用于,设备,柴油发电机,source_recommendation,Caterpillar3512冬季维护经验，原始应用场景不一定为船舶；仅提取可迁移维护主题，必须核对船用构型，排除未获批准的自主回油改造及统一数值。,stated,01_datasets/marine_diesel_RAG_corpus_All_data/All_data/test/船机帮冬季卡特柴油发电机组的安全运行.md,,将附着在机组上的水迹、油迹和铁绣等杂物清除干净。,edge:382db386d36c8b4f965cdfbb,assertion:7c1be570ef3da945cc1de0f0
事故案例,油抹布落至排气歧管起火,涉及,运维措施,规范收集处置含油废物,case_index,仅在本声明来源及构型范围内使用,stated,02_reports/MAIB_2013_Safety_Digest_lubrication_bearing_cases.pdf,42,correct disposal of contaminated waste,edge:383b1cbcabfb0b6e54b60f75,assertion:be19f22b9a781ba700b744df
检查方法,断电核验主开关分闸线圈,检查,部件,主开关分闸线圈,source_check,DG2、施耐德NW08-63和文中扩展箱构型；仅合格电气人员可按本船隔离规程检修。,stated,01_datasets/marine_diesel_RAG_corpus_All_data/All_data/test/船机帮船舶柴油发电机主开关并网合闸失败故障的分析与排查.md,,对其蓄能马达进行测量未发现问题，然后利用万用表对主开关的控制分闸线圈 MN 与 XF 进行测量,edge:383e54bd5819c3770828da19,assertion:d11d498627e0df5dfe133e3f
影响因素,回油法兰未设喷溅保护,是概念的实例,影响因素,回油法兰未设喷溅保护,concept_alignment,仅在本声明来源及构型范围内使用,stated,02_reports/MAIB_2015_22_Pride_of_Canterbury_CPP_hydraulic_fire.pdf,30,no evidence after the fire of shielding on the flanged joints,edge:384c6e43824ede9018d3a23e,assertion:f3c15f9092803311a85868f5
事故案例,大风浪中吊舱推进丧失,涉及,部件,吊舱舱底液位传感器,case_index,仅在本声明来源及构型范围内使用,stated,02_reports/MAIB_2026_06_Spirit_of_Discovery_propulsion_loss.pdf,42,propellers to come out of the water,edge:384d4c67c196de2e3a2e91e4,assertion:ad61e83e9849d7f294e41f64
事故案例,滑油滤芯漏装与主机抱轴,涉及,状态,失去推进,case_index,仅在本声明来源及构型范围内使用,stated,02_reports/MAIB_2013_Safety_Digest_lubrication_bearing_cases.pdf,21,With propulsion lost,edge:38592a86e9be5573cd25153c,assertion:49416800e3bbac51a3165503
运维措施,依据本船规格选择合格燃油滑油,应对,影响因素,使用不合格燃油滑油,source_recommendation,共轨柴油机排气阀，厂家与具体型号未确定；仅作机理检索测试，不作直接操作授权。,stated,01_datasets/marine_diesel_RAG_corpus_All_data/All_data/test/船机帮船用共轨柴油机排气阀常见故障与排除.md,,首先要选择适合本船的燃油滑油，确保油的质量,edge:386d994ab64ee363ca475a06,assertion:d70214c12ec9fb7661689223
状态,全船失电,记载于,来源,Kommandor Susan catastrophic engine failure and fire,provenance_index,仅在本声明来源及构型范围内使用,stated,02_reports/MAIB_2026_10_Kommandor_Susan_generator_bearing_failure.pdf,1,The failure resulted in an engine room fire and a complete power blackout,edge:387232159b8c86446491dcd2,assertion:7de8a6610d2f36bf62874d6e
状态,增压器内部胶质积炭,导致,故障,增压器早期磨损,source_statement,柴油机水冷机理二次资料；文中80–90℃等数值不能当作所有机型阈值。,possible,01_datasets/marine_diesel_RAG_corpus_All_data/All_data/test/船机帮柴油机冷却水过高或过低的危害.md,,机油温度变高，黏度下降，压力变低，就不能充分满足增压器所需要的润滑和冷却条件，容易造成增压机内部结胶、积炭，使增压机早期磨损甚至损坏。,edge:3899f284f7bc1ed5480c565d,assertion:b0eb980c5ea910b4cdf1a8b8
部件,背压阀PSV3,记载于,来源,Pride of Canterbury CPP hydraulic overpressure and fire,provenance_index,仅在本声明来源及构型范围内使用,stated,02_reports/MAIB_2015_22_Pride_of_Canterbury_CPP_hydraulic_fire.pdf,30,Pride of Canterbury,edge:38df11db58e16455c2a9af93,assertion:3d99ea6d0a5226c2be06432b
状态,减振器异响或机组振动变化,提示,故障,扭振减振器失效,source_guidance_statement,MAN L16/24、L21/31、L27/38等通函列明机型；不得推广其维护周期到其它机型。,guidance,02_reports/MAN_SL2017_654_torsional_damper.pdf,1,abnormal noise,edge:38e5c931ff9649b439954db8,assertion:70949c1314518345498e1a40
事故案例,谐波滤波电容失效与全船失电,涉及,设备,艉部谐波滤波器,case_index,仅在本声明来源及构型范围内使用,stated,02_reports/MAIB_2011_28_Queen_Mary_2_harmonic_filter_failure.pdf,13,explosion was triggered by deterioration in the capacitors,edge:38e6686e17933591c0d4a837,assertion:46db00953e8bea1b32f2316b
运维措施,增设CPP回油旁通止回阀与高压报警,记载于,来源,Pride of Canterbury CPP hydraulic overpressure and fire,provenance_index,仅在本声明来源及构型范围内使用,stated,02_reports/MAIB_2015_22_Pride_of_Canterbury_CPP_hydraulic_fire.pdf,35,Added a full flow check-valve,edge:38ee4cd5b732fa8e5cb046a7,assertion:50bc3dce4f2d48287b0650f9
故障,海水泵轴封失效,记载于,来源,船机帮船舶动力系统滑油水污染故障实例分析,provenance_index,仅在本声明来源及构型范围内使用,stated,01_datasets/marine_diesel_RAG_corpus_All_data/All_data/test/船机帮船舶动力系统滑油水污染故障实例分析.md,,海水含固体颗粒加剧摩擦副磨损，导致密封失效；,edge:39029e2fb15f80e92380e1a0,assertion:3b47114ca361b7c278bab0b4
部件,吊舱推进电机,是概念的实例,部件,吊舱推进电机,concept_alignment,仅在本声明来源及构型范围内使用,stated,02_reports/MAIB_2026_06_Spirit_of_Discovery_propulsion_loss.pdf,42,propellers to come out of the water,edge:391b367150a7e7bd236eb936,assertion:4c6bb3abe4684f48c852592d
故障,滑油冷却器管束断裂,适用于,设备,滑油冷却器,applicability_index,海水冷却的推进柴油机滑油系统；匿名二次报道。文中压力试验参数和标准引用未独立核实，不作为通用操作依据。,stated,01_datasets/marine_diesel_RAG_corpus_All_data/All_data/test/船机帮船舶动力系统滑油水污染故障实例分析.md,,船舶运行中机械振动导致冷却器焊缝开裂或管束断裂。,edge:3945e3de959980d62d268385,assertion:a88a3445f271d48e1749c098
故障,活塞冷却喷嘴板堵塞,导致,状态,活塞顶部冷却水量不足,secondary_source_statement,MAN K9SZ52/105B/BL活塞水冷机型，不能推广到油冷活塞,secondary_stated,01_datasets/marine_diesel_RAG_corpus_All_data/All_data/val/船机帮MANKSZ型柴油机活塞冷却系统故障分析.md,,当活塞顶部冷却的喷嘴板严重堵塞时，活塞顶部钻孔冷却空间无水进行冷却，或冷却水量不足，活塞顶部容易过热,edge:3948e8063a5abc395a027cd7,assertion:b15e329788ef80233cd1ea9d
状态,齿轮受力不均,记载于,来源,船机帮船用齿轮箱故障分析与管理对策,provenance_index,仅在本声明来源及构型范围内使用,stated,01_datasets/marine_diesel_RAG_corpus_All_data/All_data/test/船机帮船用齿轮箱故障分析与管理对策.md,,由于装配技术和装配方法等原因，齿轮会产生一端受力、装配偏差、不平衡等情形。,edge:395793bbe0004f99463ef236,assertion:848886e30d962c20de783927
设备,主机润滑装置,服务于系统,系统,传动与推进系统,functional_classification,仅在本声明来源及构型范围内使用,stated,02_reports/MAIB_2013_Safety_Digest_lubrication_bearing_cases.pdf,21,fully loaded cargo ship,edge:395e431529cbc838432cb37a,assertion:8afb56745d7f5c9c2cf3137d
状态,主机无法继续运行,记载于,来源,MAIB Safety Digest 2013 lubrication and bearing cases,provenance_index,仅在本声明来源及构型范围内使用,stated,02_reports/MAIB_2013_Safety_Digest_lubrication_bearing_cases.pdf,21,prevented the engine from further operation,edge:399efe1968134937800ac0ee,assertion:ecaf50259e51305ff70afea7
状态,联轴器瞬态转矩冲击,记载于,来源,STAMFORD AGN035 overload fault protection and transient coupling torque,provenance_index,仅在本声明来源及构型范围内使用,stated,02_reports/STAMFORD_AGN035_fault_protection.pdf,5,transient peak torque demand,edge:39ba52bffb9d0c04fcd005dc,assertion:2dbf405e96cd232e6e37b305
检查方法,记录柴油机冷却水压力变化,适用于,设备,滑油冷却器,applicability_index,海水冷却的推进柴油机滑油系统；匿名二次报道。文中压力试验参数和标准引用未独立核实，不作为通用操作依据。,stated,01_datasets/marine_diesel_RAG_corpus_All_data/All_data/test/船机帮船舶动力系统滑油水污染故障实例分析.md,,每小时记录油温、水压、液位等关键参数，关注数据异常变化,edge:39beb281cc9a989e106e3049,assertion:049d0942333e8e5c5a177ef3
检查方法,按适用规程超声检测缸套裂纹,记载于,来源,船机帮船舶动力系统滑油水污染故障实例分析,provenance_index,仅在本声明来源及构型范围内使用,stated,01_datasets/marine_diesel_RAG_corpus_All_data/All_data/test/船机帮船舶动力系统滑油水污染故障实例分析.md,,通过超声波探伤或荧光渗透法检查缸套表面及内部裂纹,edge:39bf34b2a6b536e0d250a78d,assertion:078576aa7ae560d2a06b6828
影响因素,非原厂零件超出适用保养周期,记载于,来源,Kommandor Susan catastrophic engine failure and fire,provenance_index,仅在本声明来源及构型范围内使用,stated,02_reports/MAIB_2026_10_Kommandor_Susan_generator_bearing_failure.pdf,8,Use of the CTP parts beyond their design life led the connecting rod bearings to fail,edge:39d8dad4f156c3560330a8e4,assertion:9a5617c2ad19b46c71cb6b11
故障,曲轴主轴承与曲柄销断油,记载于,来源,Wight Sky multiple engine failures,provenance_index,仅在本声明来源及构型范围内使用,stated,02_reports/MAIB_2022_04_Wight_Sky_multiple_engine_failures.pdf,84,oilway to the main journal and crankpin was blocked off when the bearing shells turned,edge:39f13be042b2a6e6bef26c15,assertion:c144660f7f532dfa34eb63de
船舶,Queen Mary 2,记载于,来源,RMS Queen Mary 2 harmonic-filter capacitor failure and blackout,provenance_index,仅在本声明来源及构型范围内使用,stated,02_reports/MAIB_2011_28_Queen_Mary_2_harmonic_filter_failure.pdf,13,explosion was triggered by deterioration in the capacitors,edge:39fa55255839798bd971db7d,assertion:d9d106085091e2f78ee35a98
运维措施,改装ME3四螺钉燃油法兰,适用于,设备,ME3主机燃油供给与排气装置,applicability_index,本报告案例，不外推为所有船舶已证实根因,stated,02_reports/MAIB_2024_20_Stena_Europe_fuel_spray_fire.pdf,31,incorporate four-screw flanges,edge:3a1ab6d40839ed7f913694c8,assertion:ef38f580d827c0c64e8b3309
状态,气缸压缩压力降低,以参数描述,参数,气缸压缩压力,explicit_parameter_description,仅在本声明来源及构型范围内使用,stated,01_datasets/marine_diesel_RAG_corpus_All_data/All_data/test/船机帮船用柴油机的拉缸故障.md,,压缩压力和爆发压力降低,edge:3a1f6cd0d0a18ddfec7a02c5,assertion:7cc893b5e68b8dc153d1cfc6
运维措施,安装前清洁增压器轴承箱,记载于,来源,船机帮船舶柴油机废气涡轮增压器振动的主要原因有哪些,provenance_index,仅在本声明来源及构型范围内使用,stated,01_datasets/marine_diesel_RAG_corpus_All_data/All_data/test/船机帮船舶柴油机废气涡轮增压器振动的主要原因有哪些.md,,在重新安装前应把轴承箱清洁干净，轴承备件准备好,edge:3a44f22e2fad41806b833e38,assertion:08973a9a5329d0de6a5dc0cd
故障,滑油泵堵头振松,导致,故障,压力滑油喷漏,source_case_statement,本报告案例，不外推为所有船舶已证实根因,reported,02_reports/MAIB_2016_Safety_Digest_generator_oil_fire.pdf,26,oil from this generator was spraying,edge:3a8380a12884e68db5262310,assertion:f6460c39c58fdd247f42d0cc
运维措施,按机型维护计划补脂并复核联轴器重量,记载于,来源,STAMFORD AGN039 marine shaft generators,provenance_index,仅在本声明来源及构型范围内使用,stated,02_reports/STAMFORD_AGN039_marine_shaft_generators.pdf,2,bearing regreasing instructions,edge:3ab345d51771e69b239df02a,assertion:deb1efb893736bb6e1212623
设备,ME4主机,包含部件,部件,ME4连杆大端轴承盖,asset_index,仅在本声明来源及构型范围内使用,stated,02_reports/MAIB_2022_04_Wight_Sky_multiple_engine_failures.pdf,84,ME4 failed catastrophically because of an assembly error,edge:3ab4cfcb6bb0f5b9944bd605,assertion:fea7174f04b4cab4c732bce5
部件,供油联接机构,记载于,来源,船机帮船用柴油机调速器的维护与保养十飞车故障,provenance_index,仅在本声明来源及构型范围内使用,stated,01_datasets/marine_diesel_RAG_corpus_All_data/All_data/test/船机帮船用柴油机调速器的维护与保养十飞车故障.md,,供油联接机构、高压油泵是否有阻卡。,edge:3aecbc6842b08ae5eb4f314e,assertion:591d135d36b5c5585a3f42c5
运维措施,按储运要求将发电机保存在防风雨建筑内,作用于,设备,交流发电机,source_manufacturer_recommendation,STAMFORD/AvK对应交流发电机型号；AGN040应与本机Owner Manual联合使用；干燥与绝缘处置仅由合格人员实施。,guidance,02_reports/STAMFORD_AGN040_winding_insulation.pdf,6,stored within a weather protective building,edge:3afa5d49ade9ac9c300b2fa1,assertion:6979deb64ee52c2c508930e1
设备,故障主机,服务于系统,系统,传动与推进系统,functional_classification,仅在本声明来源及构型范围内使用,stated,02_reports/MAIB_2018_14_Wight_Sky_engine_bearing_fire.pdf,1,debris in the engine’s oil channels following rebuild,edge:3b0c3cb61aa7a7ed723d0be5,assertion:51db8a387f5f1ab36587a88c
故障,发电机短路或非同期并机,适用于,系统,电力与控制系统,functional_classification,内燃机-发电机传动链一般机理；证据支持扭振导致失效风险及电气故障转矩冲击，但未建立某大型船主轴联轴器断裂的已证实事故链。,stated,02_reports/STAMFORD_AGN035_fault_protection.pdf,5,transient peak torque demand,edge:3b196f4115838cf359e98770,assertion:74c8e921d0d62f9b564045cf
状态,缸套润滑油膜减薄或破坏,导致,状态,缸套与活塞环干摩擦,source_statement,船用柴油机摩擦副；二次维修文章，机型及根因须核实；不能以某一症状直接确诊拉缸。,stated,01_datasets/marine_diesel_RAG_corpus_All_data/All_data/test/船机帮船用柴油机的拉缸故障.md,,若由于某种原因，油膜变薄或遭到破坏，因润滑不良出现干摩擦或半干摩擦，缸套与活塞环的摩擦系数突然增大，造成局部高温粘附磨损的过程。,edge:3b23a4de22f86a5775caee00,assertion:a4770fe3116093811fdfae50
状态,电机磁场不对称产生轴电压,促成,状态,轴电流通过滚动轴承,source_guidance_statement,具有闭合轴电流路径的旋转电机；轴承绝缘和接地刷方案按厂家/机型确定，不能假定全部STAMFORD机型都需要绝缘轴承。,possible,02_reports/STAMFORD_AGN033_bearing_currents.pdf,1,voltage (electrical pressure) generated,edge:3b375a3b176426084722b52b,assertion:c9dd613e4dc8468aa88eb588
故障,主机灾难性失效,适用于,设备,ME4主机,applicability_index,本报告案例，不外推为所有船舶已证实根因,stated,02_reports/MAIB_2022_04_Wight_Sky_multiple_engine_failures.pdf,84,ME4 failed catastrophically because of an assembly error,edge:3b43161bdc75ccebaec2ec1b,assertion:8cccb69e4514284e2f112e39
故障,连杆盖螺栓松动与断裂,发生于,设备,ME4主机,case_equipment_index,仅在本声明来源及构型范围内使用,stated,02_reports/MAIB_2022_04_Wight_Sky_multiple_engine_failures.pdf,84,"fretting wear between the mating faces, which would have led to loosening and rapid failure",edge:3b5e74c396897fe66c4bfd44,assertion:2ac9b8a001b23288d6c099b4
故障,增压器轴承变形,表现为,状态,增压器转速下降,source_statement,船用废气涡轮增压器；拆装细节为VTR400示例，必须服从适用机型手册。,stated,01_datasets/marine_diesel_RAG_corpus_All_data/All_data/test/船机帮船舶柴油机废气涡轮增压器振动的主要原因有哪些.md,,轴承长时间使用后产生磨损、变形、裂纹和烧伤时，使摩擦力矩增大，转速下降，振动和噪声大增。,edge:3b678c0366b975bd4c99d1a3,assertion:d3bf01f155037a539f3c185d
故障,增压器轴承裂纹,表现为,状态,增压器噪声增大,source_statement,船用废气涡轮增压器；拆装细节为VTR400示例，必须服从适用机型手册。,stated,01_datasets/marine_diesel_RAG_corpus_All_data/All_data/test/船机帮船舶柴油机废气涡轮增压器振动的主要原因有哪些.md,,轴承长时间使用后产生磨损、变形、裂纹和烧伤时，使摩擦力矩增大，转速下降，振动和噪声大增。,edge:3b76a698048eb3b2ed19ff07,assertion:072584006abfdad05ed8c1bc
故障,增压器涡轮退化（柴油机试验）,适用于,设备,试验柴油机,native_dataset_label,Marine Engine Fault Dataset原始标签；不推导未在数据中证明的机理,dataset_label,01_datasets/Marine_Engine_Fault_Data_v1/Marine_Engine_Fault_Data/dataset_index.csv,,"Turbine_Degradation/Turbine_Degradation_40_Load.csv,scenario,Turbine degradation,40%,single load condition,3,6397,73,""binary (0=pre-anomaly, 1=anomaly)"",Pre-anomaly and anomaly segments.",edge:3b7d023fe11d17862fb0be49,assertion:e7536763775a0f1ace7dc711
故障,排气阀无法开启,记载于,来源,船机帮船用共轨柴油机排气阀常见故障与排除,provenance_index,仅在本声明来源及构型范围内使用,stated,01_datasets/marine_diesel_RAG_corpus_All_data/All_data/test/船机帮船用共轨柴油机排气阀常见故障与排除.md,,排气阀打不开，一般由于共轨滑油漏泄导致油压不够引起的。,edge:3b892b1eff26029fd4dcb9d1,assertion:a2c57aef1d42ec4b1e09a8b7
影响因素,气阀弹簧保管中锈蚀,记载于,来源,船机帮船用共轨柴油机排气阀常见故障与排除,provenance_index,仅在本声明来源及构型范围内使用,stated,01_datasets/marine_diesel_RAG_corpus_All_data/All_data/test/船机帮船用共轨柴油机排气阀常见故障与排除.md,,气阀弹簧断裂，大多是因为振动造成的，也可能是因为材质、热处理不符合要求或在保管中锈蚀所致。,edge:3b95d4de011adb739e94f67d,assertion:7d5e1c72da2748f71a1fa968
状态,发电机滑油低压报警,是概念的实例,状态,发电机滑油低压报警,concept_alignment,仅在本声明来源及构型范围内使用,stated,02_reports/MAIB_2016_Safety_Digest_generator_oil_fire.pdf,26,low oil pressure alarm on one of the generators,edge:3ba04a1da24f236b88b17f34,assertion:767e04cb13c520a893454a0c
故障,发电机短路或非同期并机,记载于,来源,STAMFORD AGN035 overload fault protection and transient coupling torque,provenance_index,仅在本声明来源及构型范围内使用,stated,02_reports/STAMFORD_AGN035_fault_protection.pdf,5,transient peak torque demand,edge:3bc142b45a1c9dc8527c8497,assertion:919e0bfe1edbe83d9b134a43
设备,主机遥控控制装置,服务于系统,系统,电力与控制系统,functional_classification,仅在本声明来源及构型范围内使用,stated,01_datasets/marine_diesel_RAG_corpus_All_data/All_data/test/船机帮某型船主机遥控系统典型故障分析.md,,电源绝缘不良、输出不稳、直流电源纹波大、带载能力下降都会导致系统工作不稳甚至崩溃。,edge:3bd165db7e287a4a415e00d7,assertion:ad28de3259fb5414bc7f819b
故障,压气机喘振,记载于,来源,船机帮船舶柴油机废气涡轮增压器振动的主要原因有哪些,provenance_index,仅在本声明来源及构型范围内使用,stated,01_datasets/marine_diesel_RAG_corpus_All_data/All_data/test/船机帮船舶柴油机废气涡轮增压器振动的主要原因有哪些.md,,增压系统流道阻塞是增压器喘振的常见原因。,edge:3c17bd4ab7d90977f7213ff1,assertion:6df46103b9219b21ee169734
影响因素,排气阀固定螺栓紧固过度,记载于,来源,船机帮船用共轨柴油机排气阀常见故障与排除,provenance_index,仅在本声明来源及构型范围内使用,stated,01_datasets/marine_diesel_RAG_corpus_All_data/All_data/test/船机帮船用共轨柴油机排气阀常见故障与排除.md,,阀壳产生裂纹，通常由于安装时将固定螺栓拧得太紧造成的。,edge:3c3010865c4fab36abd71f23,assertion:b09cfb730378853746abf8db
部件,连杆,记载于,来源,船机帮柴油机轴瓦抱轴故障分析,provenance_index,仅在本声明来源及构型范围内使用,stated,01_datasets/marine_diesel_RAG_corpus_All_data/All_data/test/船机帮柴油机轴瓦抱轴故障分析.md,,对故障柴油机进行拆检，拆下柴油机外围管路、气缸盖，拆除活塞、连杆组件和曲轴。,edge:3c30e6c3ec23c52ef2d5d257,assertion:2ee52f8c844a203c9e26110f
状态,气缸温度过低,导致,状态,气缸壁水蒸气凝结,source_statement,柴油机水冷机理二次资料；文中80–90℃等数值不能当作所有机型阈值。,possible,01_datasets/marine_diesel_RAG_corpus_All_data/All_data/test/船机帮柴油机冷却水过高或过低的危害.md,,气缸内的水蒸气易凝结于缸壁上,edge:3c4f79e85d7e2ce931cccbda,assertion:169e00e4810999fd4c061bc6
运维措施,按启动空气规程排空气路积水,作用于,设备,启动空气管路,source_recommendation,Caterpillar3512冬季维护经验，原始应用场景不一定为船舶；仅提取可迁移维护主题，必须核对船用构型，排除未获批准的自主回油改造及统一数值。,stated,01_datasets/marine_diesel_RAG_corpus_All_data/All_data/test/船机帮冬季卡特柴油发电机组的安全运行.md,,要及时排空气路内的积水,edge:3c51f0e0765ea2770393142b,assertion:afe1cfabaa416a0c42fcc4d1
故障,冷却水通道堵塞与热过载,记载于,来源,MAN SL2016-623 cooling water treatment and periodical testing,provenance_index,仅在本声明来源及构型范围内使用,stated,02_reports/MAN_SL2016_623_cooling_water.pdf,2,deposits of limescale and/or rust,edge:3c5d3cd83b0c847c65c6eb74,assertion:cc60200bfcbedfe34df3a681
运维措施,核验润滑油质量并按厂家规格选油,记载于,来源,油品课堂第六讲某船使用假冒润滑油导致主机烧瓦事故案例,provenance_index,仅在本声明来源及构型范围内使用,stated,01_datasets/marine_diesel_RAG_corpus_All_data/All_data/train/油品课堂第六讲某船使用假冒润滑油导致主机烧瓦事故案例.md,,要高度重视机油的优劣，正确选用润滑油,edge:3ca64fb81508f70878eae15c,assertion:c79bc6032634952d9351349c
参数,低温海水泵压力原始电压信号,记载于,来源,variable_dictionary,provenance_index,仅在本声明来源及构型范围内使用,stated,01_datasets/Marine_Engine_Fault_Data_v1/Marine_Engine_Fault_Data/variable_dictionary.csv,,"Sea Cooling Water Press.,Pl_water2,V,number,TRUE,TRUE,pressure / derived pressure,raw voltage signal associated with LT cooling-water pump pressure; not converted to engineering pressure units",edge:3cabe232a94d319b042b3121,assertion:36da1838d2e65d657b3f117f
设备,柴油发电机润滑与排气装置,记载于,来源,MAIB Safety Digest 2016 generator oil fire case,provenance_index,仅在本声明来源及构型范围内使用,stated,02_reports/MAIB_2016_Safety_Digest_generator_oil_fire.pdf,26,fully loaded ro-ro passenger ferry,edge:3cbc2ae8784e68463e25d5bf,assertion:bc150e64b05964cfa67047d1
运维措施,保持燃油净化设备正常运行并核验油质,记载于,来源,船机帮5S60ME船用柴油机喷油器故障分析与对策,provenance_index,仅在本声明来源及构型范围内使用,stated,01_datasets/marine_diesel_RAG_corpus_All_data/All_data/test/船机帮5S60ME船用柴油机喷油器故障分析与对策.md,,"维持燃油净化设备正常运行，保证油质清洁,防止燃油中的固体颗粒造成止回阀和针阀运动阻力增大甚至卡死",edge:3cc171480c7c5a48d2b362c0,assertion:ca503976741b98a6985058e4
故障,柴油机密封件漏油,记载于,来源,船机帮柴油机冷却水过高或过低的危害,provenance_index,仅在本声明来源及构型范围内使用,stated,01_datasets/marine_diesel_RAG_corpus_All_data/All_data/test/船机帮柴油机冷却水过高或过低的危害.md,,一些纸质、橡胶密封件因高温而失去弹性或者密封功能下降，造成柴油机密封件部位向外漏油,edge:3ccac95c9de5e806d4da1811,assertion:119b4e2871cd726eaf396fd3
检查方法,核查齿轮箱空转功耗,检查,设备,减速齿轮箱,source_check,GW系列船用齿轮箱；通用机理与A/B船匿名案例须区分，尺寸不能跨机型套用。,stated,01_datasets/marine_diesel_RAG_corpus_All_data/All_data/test/船机帮船用齿轮箱故障分析与管理对策.md,,应按照规定进行空转试验(一般不小于4h)，核查运转、温度、功耗等情况；,edge:3cf3b560c95029d630f42036,assertion:079499155f93d4c234030737
故障,海水隔离阀执行器缺陷,导致,故障,海水隔离阀未完全关闭,source_case_statement,本报告案例，不外推为所有船舶已证实根因,reported,02_reports/MAIB_2016_Safety_Digest_generator_oil_fire.pdf,41,giving an impression that the valve was fully closed when it was not,edge:3d08afa767c1ddac7131480a,assertion:acff102763c7bf9b4d105219
运维措施,按机型维护要求保持增压器排气口清洁,应对,故障,压气机喘振,source_recommendation,船用废气涡轮增压器；拆装细节为VTR400示例，必须服从适用机型手册。,stated,01_datasets/marine_diesel_RAG_corpus_All_data/All_data/test/船机帮船舶柴油机废气涡轮增压器振动的主要原因有哪些.md,,管理中注意压气机进气滤器、叶轮、扩压器、空气冷却器、进气口和排气口、涡轮喷嘴环、叶片等流通部分的清洁，就会防止和消除喘振，也就会使振动消失。,edge:3d26847a26c4166beb5bc337,assertion:c7c48b087aa745f40e97b21a
故障,滑油泵堵头振松,发生于,设备,柴油发电机润滑与排气装置,case_equipment_index,仅在本声明来源及构型范围内使用,stated,02_reports/MAIB_2016_Safety_Digest_generator_oil_fire.pdf,26,insufficiently tightened by shore staff,edge:3d4db076c21f549592c7d74e,assertion:606e5e2863eeb950d0c7e837
运维措施,按OEM服务程序维护CPP执行器,适用于,系统,传动与推进系统,functional_classification,实际证据是Hebrides的CPP执行器小型爪式联轴器，不是主推进轴联轴器断裂；主轴断裂根因不可由此推断。,stated,02_reports/MAIB_2017_20_Hebrides_CPP_coupling.pdf,36,service procedure for the linear servomotor,edge:3d6a26a7292e4c9d56a70fdc,assertion:91cf3f6a720ba7d11895880d
检查方法,核实在线滤腔滤芯实际安装,记载于,来源,MAIB Safety Digest 2013 lubrication and bearing cases,provenance_index,仅在本声明来源及构型范围内使用,stated,02_reports/MAIB_2013_Safety_Digest_lubrication_bearing_cases.pdf,21,without a filter cartridge,edge:3d8c3ea8abb90a81c18ec9fc,assertion:f3f2f1eec94624e10988c86b
状态,滑油含水污染,促成,状态,润滑油膜完整性破坏,source_statement,海水冷却的推进柴油机滑油系统；匿名二次报道。文中压力试验参数和标准引用未独立核实，不作为通用操作依据。,possible,01_datasets/marine_diesel_RAG_corpus_All_data/All_data/test/船机帮船舶动力系统滑油水污染故障实例分析.md,,水分侵入会破坏油膜完整性，引发乳化变质和酸性腐蚀,edge:3d8e2660816ac0aae052f8e7,assertion:2c66ca5c0764743d49e85241
状态,CPP备用模式指示灯点亮,提示,故障,误选CPP备用控制模式,source_case_statement,本报告案例，不外推为所有船舶已证实根因,reported,02_reports/MAIB_2016_Safety_Digest_generator_oil_fire.pdf,19,back-up control system indicator lamp was illuminated,edge:3da2fbe61792abf98e2fd959,assertion:f13fb3924be0a9203a5597bc
影响因素,关键断路器置于手动位,记载于,来源,Wight Sky catastrophic main engine bearing failure,provenance_index,仅在本声明来源及构型范围内使用,stated,02_reports/MAIB_2018_14_Wight_Sky_engine_bearing_fire.pdf,14,essential services switchboard aft circuit breaker had been left in manual mode,edge:3da5361dd0a5dfa89ca00e7c,assertion:62c512ae6b9e8bef630492bb
检查方法,检查转速传感器外观,检查,部件,转速传感器,source_check,12V20/27、双机双轴双桨定距推进的文中闭环调速构型；信号接口及间隙不可跨机型套用。,stated,01_datasets/marine_diesel_RAG_corpus_All_data/All_data/test/船机帮某型船主机遥控系统典型故障分析.md,,转速传感器外观检查无损伤，测量信号线绝缘正常，实验室交验功能正常,edge:3db29c736a97f966c7ecdf96,assertion:f1c779ba258f69f3a50a2603
设备,ME3主机燃油供给与排气装置,记载于,来源,Stena Europe pressurised fuel spray and engine-room fire,provenance_index,仅在本声明来源及构型范围内使用,stated,02_reports/MAIB_2024_20_Stena_Europe_fuel_spray_fire.pdf,7,fuel leaking under pressure,edge:3dc14acaf7b574a91df56038,assertion:37d41c6e7a3523ff2e681db6
状态,机舱火灾,记载于,来源,Finlandia Seaways engine failure and fire,provenance_index,仅在本声明来源及构型范围内使用,stated,02_reports/MAIB_2021_02_Finlandia_Seaways_connecting_rod_failure.pdf,9,catastrophic main engine failure that caused serious structural damage to the engine and a fire,edge:3dc21560f0167d16c2c59417,assertion:682059042bb8b0b2826f55da
设备,柴油发电机润滑与排气装置,服务于系统,系统,电力与控制系统,functional_classification,仅在本声明来源及构型范围内使用,stated,02_reports/MAIB_2016_Safety_Digest_generator_oil_fire.pdf,26,fully loaded ro-ro passenger ferry,edge:3dcf252a1e84a2268e003507,assertion:31e2aded0c74d07d199656af
状态,调速器控制器无转速信号,记载于,来源,船机帮船用柴油机调速器的维护与保养十飞车故障,provenance_index,仅在本声明来源及构型范围内使用,stated,01_datasets/marine_diesel_RAG_corpus_All_data/All_data/test/船机帮船用柴油机调速器的维护与保养十飞车故障.md,,传感器无信号或失灵，控制器接收不到。,edge:3ddeb55f93e95708345dc23a,assertion:7e4aa280b0c475cf87ca1ea4
故障,喷油器针阀过热卡死,适用于,设备,柴油机,applicability_index,MAN B&W 5S60ME-C7；不可套用具体装配尺寸、压力或紧固参数到其他机型,stated,01_datasets/marine_diesel_RAG_corpus_All_data/All_data/test/船机帮5S60ME船用柴油机喷油器故障分析与对策.md,,"高温燃气引起针阀过热，最终卡死在针阀体内,使主机该缸喷油量减少,排温降低,继而主机降速",edge:3df4a7ca249cdc35778ce16c,assertion:27661348c2bf11b9b7334e5d
状态,活塞环槽间隙过小,记载于,来源,船机帮船用柴油机的拉缸故障,provenance_index,仅在本声明来源及构型范围内使用,stated,01_datasets/marine_diesel_RAG_corpus_All_data/All_data/test/船机帮船用柴油机的拉缸故障.md,,另外活塞环的变形，在活塞环内出现卡滞，活塞环尺寸不对，环槽间隙过小，受到热膨胀无间隙，也会出现拉缸，活塞环无弹力，也可造成拉缸。,edge:3dfac840de3e49192d07548d,assertion:90f57037296fc5516ec95e7d
检查方法,检查配电板合闸模块输出,记载于,来源,船机帮船舶柴油发电机主开关并网合闸失败故障的分析与排查,provenance_index,仅在本声明来源及构型范围内使用,stated,01_datasets/marine_diesel_RAG_corpus_All_data/All_data/test/船机帮船舶柴油发电机主开关并网合闸失败故障的分析与排查.md,,重点检测与主开关合闸信号的相关中间继电器和模块输出信号,edge:3e00449434ae37597802675c,assertion:ea1f3a3f65b1840fd5dda023
设备,艉部谐波滤波器,服务于系统,系统,传动与推进系统,functional_classification,仅在本声明来源及构型范围内使用,stated,02_reports/MAIB_2011_28_Queen_Mary_2_harmonic_filter_failure.pdf,13,explosion was triggered by deterioration in the capacitors,edge:3e0c71aa729296ac1d2cc64e,assertion:053cf444aa384947d77d0499
状态,CPP备用模式指示灯点亮,记载于,来源,MAIB Safety Digest 2016 generator oil fire case,provenance_index,仅在本声明来源及构型范围内使用,stated,02_reports/MAIB_2016_Safety_Digest_generator_oil_fire.pdf,19,back-up control system indicator lamp was illuminated,edge:3e2600bf2bc2e45c72a55f02,assertion:8b2c10aabc966de18fa94e6c
设备,左舷主机,服务于系统,系统,传动与推进系统,functional_classification,仅在本声明来源及构型范围内使用,stated,02_reports/MAIB_2018_01_Windcat8_bearing_failure_fire.pdf,1,failure of a piston connecting rod big end shell bearing,edge:3e56c263d608a4b6cf861cde,assertion:33f4edc88eb302da37c711c7
运维措施,隔离泄压后按手册扭矩复紧高压燃油接头,适用于,设备,高压共轨燃油喷射装置,applicability_index,航浚6008/MAN L32/44CR与CR2.2；轨压数值、扭矩与拆装必须核对本机手册。,stated,01_datasets/marine_diesel_RAG_corpus_All_data/All_data/test/船机帮高压共轨柴油机燃油喷射系统故障分析.md,,可先尝试按规定扭力复紧接头；如果没有改善，再拆开检查密封面,edge:3e6c938bda81ee564fbc3ba4,assertion:9feb9a2a06e0a7d3732290c7
运维措施,按机型维护要求保持压气机叶轮清洁,应对,故障,压气机喘振,source_recommendation,船用废气涡轮增压器；拆装细节为VTR400示例，必须服从适用机型手册。,stated,01_datasets/marine_diesel_RAG_corpus_All_data/All_data/test/船机帮船舶柴油机废气涡轮增压器振动的主要原因有哪些.md,,管理中注意压气机进气滤器、叶轮、扩压器、空气冷却器、进气口和排气口、涡轮喷嘴环、叶片等流通部分的清洁，就会防止和消除喘振，也就会使振动消失。,edge:3ee29a8b197f5341e0d94c8a,assertion:e7e7f80ffaa8992f1ed2570a
事故案例,油抹布落至排气歧管起火,涉及,部件,高温报警线束,case_index,仅在本声明来源及构型范围内使用,stated,02_reports/MAIB_2013_Safety_Digest_lubrication_bearing_cases.pdf,40,small passenger catamaran,edge:3eea29c21829b722fac8a308,assertion:381b26718a0a0f2d7c74937d
故障,电容内压升高与壳体破裂,是概念的实例,故障,电容内压升高与壳体破裂,concept_alignment,仅在本声明来源及构型范围内使用,stated,02_reports/MAIB_2011_28_Queen_Mary_2_harmonic_filter_failure.pdf,13,caused the capacitor casing to rupture,edge:3f2b5db474c4a5a8fc627fb9,assertion:0ebf240cb09d4a6cb9f6174c
运维措施,按电池安全规程清洁电池固定卡子,记载于,来源,船机帮冬季卡特柴油发电机组的安全运行,provenance_index,仅在本声明来源及构型范围内使用,stated,01_datasets/marine_diesel_RAG_corpus_All_data/All_data/test/船机帮冬季卡特柴油发电机组的安全运行.md,,平时及时清理蓄电池上的接线端子和电池卡子上的附着物。,edge:3f4a6e86e5b0da2915de3e67,assertion:fde059529146f68d83014b45
参数,水力测功器载荷,表征,设备,试验柴油机,native_variable_dictionary,仅在本声明来源及构型范围内使用,stated,01_datasets/Marine_Engine_Fault_Data_v1/Marine_Engine_Fault_Data/variable_dictionary.csv,,"Water Brake Weight,F,kgf,number,TRUE,TRUE,operating / load,",edge:3f4f614f81901e4926fc8b5a,assertion:e396ae2adb078f71444c6911
故障,增压器轴承损伤,记载于,来源,船机帮船舶柴油机废气涡轮增压器振动的主要原因有哪些,provenance_index,仅在本声明来源及构型范围内使用,stated,01_datasets/marine_diesel_RAG_corpus_All_data/All_data/test/船机帮船舶柴油机废气涡轮增压器振动的主要原因有哪些.md,,轴承长时间使用后产生磨损、变形、裂纹和烧伤时,edge:3f5f9d9bfc870ee2ccb2cab6,assertion:41bbbb0828303c4266019f37
检查方法,检查停车电磁阀,检查,部件,停车电磁阀,source_check,调速器维修经验；不同调速器针阀与补偿调节不可照抄，飞车必须执行本船应急规程。,stated,01_datasets/marine_diesel_RAG_corpus_All_data/All_data/test/船机帮船用柴油机调速器的维护与保养十飞车故障.md,,柴油机不能停车——检查调速器“0”位是否与高压油泵“0”位相符合，并检查停车电磁阀及仪表箱电源电压。,edge:3f7172d6e35d0eee6fdbaedd,assertion:f5da9fcaee02d7e8595e3ab9
状态,燃油喷向裸露高温排气歧管,是概念的实例,状态,燃油喷向裸露高温排气歧管,concept_alignment,仅在本声明来源及构型范围内使用,stated,02_reports/MAIB_2024_20_Stena_Europe_fuel_spray_fire.pdf,29,fuel sprayed onto the exposed exhaust manifold,edge:3f794064defbdf7a6b6c0b0f,assertion:fe1171797f8efbf74f4d84ca
运维措施,增设CPP回油旁通止回阀与高压报警,适用于,设备,右舷可调螺距桨液压装置,applicability_index,本报告案例，不外推为所有船舶已证实根因,stated,02_reports/MAIB_2015_22_Pride_of_Canterbury_CPP_hydraulic_fire.pdf,35,Added a full flow check-valve,edge:3f7b1e3d9399383e95acab0c,assertion:82600b5653e2b8a48d73aaac
部件,滑油滤芯,记载于,来源,船机帮船舶动力设备日常维护要点与常见故障排除,provenance_index,仅在本声明来源及构型范围内使用,stated,01_datasets/marine_diesel_RAG_corpus_All_data/All_data/test/船机帮船舶动力设备日常维护要点与常见故障排除.md,,必须更换滤芯,edge:3fe0a8ffe2eea48582ce6a40,assertion:2fdc94a190e5badde2871b17
运维措施,按机型维护计划补脂并复核联轴器重量,适用于,系统,传动与推进系统,functional_classification,有滚动轴承的发电机或轴带发电机构型；滚动轴承与主机滑动轴瓦的失效机理不得混用。,stated,02_reports/STAMFORD_AGN039_marine_shaft_generators.pdf,2,bearing regreasing instructions,edge:3ff4d77f239a342954cdcd5d,assertion:fb793789ad6e1fa9a94628f4
状态,机舱火灾,是概念的实例,状态,机舱火灾,concept_alignment,仅在本声明来源及构型范围内使用,stated,02_reports/MAIB_2024_20_Stena_Europe_fuel_spray_fire.pdf,7,igniting on an exposed hot surface,edge:40025a11867d7bba99cb1be4,assertion:36352c1a9708e02b719d1d62
运维措施,船员停止主机与发电机,适用于,设备,海水压载与机舱排水装置,applicability_index,本报告案例，不外推为所有船舶已证实根因,stated,02_reports/MAIB_2016_Safety_Digest_generator_oil_fire.pdf,40,stop the generator and main engine,edge:401271c7aec11328423b01a0,assertion:04af955ef4601b7ea51a1369
检查方法,检查齿轮箱滑油过滤器磨屑,记载于,来源,船机帮船用齿轮箱故障分析与管理对策,provenance_index,仅在本声明来源及构型范围内使用,stated,01_datasets/marine_diesel_RAG_corpus_All_data/All_data/test/船机帮船用齿轮箱故障分析与管理对策.md,,检查滑油过滤器的杂质，通过观察初步判断内部的磨损情况。定期进行滑油的色谱分析，进一步根据滑油的杂质来掌握磨损。,edge:401a59be7a89c0fdd194c624,assertion:dc36eb5f387b2a95013472dc
故障,CPP背压阀磨损卡滞,适用于,设备,右舷可调螺距桨液压装置,applicability_index,本报告案例，不外推为所有船舶已证实根因,stated,02_reports/MAIB_2015_22_Pride_of_Canterbury_CPP_hydraulic_fire.pdf,29,back pressure valve (PSV3) becoming jammed in the closed position,edge:4029044bc1b4c5b01334c9cb,assertion:5028845f310a86775990c632
参数,发动机冷却水温度进口,记载于,来源,variable_dictionary,provenance_index,仅在本声明来源及构型范围内使用,stated,01_datasets/Marine_Engine_Fault_Data_v1/Marine_Engine_Fault_Data/variable_dictionary.csv,,"Cooling Water Temp. Engine In,T6,°C,number,TRUE,TRUE,temperature,",edge:4034cf3a7acb7d33c0ca79eb,assertion:a3ac4b84095792719ab9d541
检查方法,断电核验主开关蓄能马达,记载于,来源,船机帮船舶柴油发电机主开关并网合闸失败故障的分析与排查,provenance_index,仅在本声明来源及构型范围内使用,stated,01_datasets/marine_diesel_RAG_corpus_All_data/All_data/test/船机帮船舶柴油发电机主开关并网合闸失败故障的分析与排查.md,,对其蓄能马达进行测量未发现问题，然后利用万用表对主开关的控制分闸线圈 MN 与 XF 进行测量,edge:4048ac53de854f33a31dbdfe,assertion:ecf7f7c7f911ce516a5d4ae2
影响因素,柴油机长期超负荷运行,记载于,来源,船机帮船用柴油机的拉缸故障,provenance_index,仅在本声明来源及构型范围内使用,stated,01_datasets/marine_diesel_RAG_corpus_All_data/All_data/test/船机帮船用柴油机的拉缸故障.md,,柴油机参数异常没及时发现，高温水温度过高，冷却效果差，低温水温度过高，造成扫气温度高，排温偏高长期运行可造成拉缸，长时间超负荷运行，也可造成拉缸，长时间用劣质的燃油也可造成拉缸，应该定期检查做好早发现早预防，避免重大损失。,edge:405839c9591eb7c5a08a0ce0,assertion:fe1cffe570075fd03ecfd0f7
状态,关键设备失电,记载于,来源,Wight Sky catastrophic main engine bearing failure,provenance_index,仅在本声明来源及构型范围内使用,stated,02_reports/MAIB_2018_14_Wight_Sky_engine_bearing_fire.pdf,14,essential services switchboard aft circuit breaker had been left in manual mode,edge:405a46bfd4feb9bf6b7dc1e2,assertion:e0a25a340ab50e6c97ca17c9
运维措施,按厂家压差或周期要求更换滑油滤芯,作用于,部件,滑油滤芯,source_recommendation,综合维护二次文章，原厂和标准出处未独立证实；不采纳文中统一周期、报警值、压力值、浮动轴承加脂和未经验证改造方案。以下仅用于检索维护主题，由适用机型规程决定具体操作。,stated,01_datasets/marine_diesel_RAG_corpus_All_data/All_data/test/船机帮船舶动力设备日常维护要点与常见故障排除.md,,必须更换滤芯,edge:4069416c8657b7f94eb5d0f2,assertion:1294ece54d83c6579add66a3
检查方法,测量遥控电源空载电压,检查,状态,遥控电源输出不稳,source_check,12V20/27、双机双轴双桨定距推进的文中闭环调速构型；信号接口及间隙不可跨机型套用。,stated,01_datasets/marine_diesel_RAG_corpus_All_data/All_data/test/船机帮某型船主机遥控系统典型故障分析.md,,用福禄克F124型示波器检测各电源模块输出端绝缘正常，输出稳定；测量空载电压，纹波在0.1 V以内；按照各电源模块设计负荷的60%通过电子负载进行带载试验,edge:4077d329ab9a227d751b8aef,assertion:6c7ce55c0339799d354a73c6
状态,电机轴振动与绝缘热应力增加,记载于,来源,Comparative Case Study on Oscillatory Behavior in Power Systems of Marine Vessels With High Power Converters,provenance_index,仅在本声明来源及构型范围内使用,stated,03_papers/Frontiers_2021_marine_converter_oscillations.pdf,1,"rmal stress to insulation, thus ",edge:408380af7037e9e1012c05d9,assertion:8aa2c208b24915737a75b3a2
影响因素,使用不合格燃油滑油,记载于,来源,船机帮船用共轨柴油机排气阀常见故障与排除,provenance_index,仅在本声明来源及构型范围内使用,stated,01_datasets/marine_diesel_RAG_corpus_All_data/All_data/test/船机帮船用共轨柴油机排气阀常见故障与排除.md,,首先要选择适合本船的燃油滑油，确保油的质量,edge:40ab5dd7541e01a6e0eebd1e,assertion:e87db38c83ad274e1fc0e4c6
事故案例,油抹布落至排气歧管起火,涉及,故障,高温报警线束烧损短路,case_index,仅在本声明来源及构型范围内使用,stated,02_reports/MAIB_2013_Safety_Digest_lubrication_bearing_cases.pdf,41,causing it to short circuit and set off the alarm,edge:40b212fbdbc7ef3fffc86393,assertion:e1b6be84d8bfd313be234bee
状态,轴瓦本体可能存在薄弱点,是概念的实例,状态,轴瓦本体可能存在薄弱点,concept_alignment,仅在本声明来源及构型范围内使用,stated,02_reports/MAIB_2018_01_Windcat8_bearing_failure_fire.pdf,9,It is more likely that the failure was due to a weakness in the thin-walled shell bearing itself,edge:40cca4fb503a3ed48be2469e,assertion:c60e4826aa4ffc986e694aa7
事故案例,ME2主轴承断油失效,涉及,故障,主轴承瓦片转位,case_index,仅在本声明来源及构型范围内使用,stated,02_reports/MAIB_2022_04_Wight_Sky_multiple_engine_failures.pdf,84,oilway to the main journal and crankpin was blocked off when the bearing shells turned,edge:40ef9096ec4ce49cdaa84d9e,assertion:dc95379b19d73ead6baa0f50
运维措施,按本机规格选用适用低温滑油,应对,状态,滑油流动性变差,source_recommendation,综合维护二次文章，原厂和标准出处未独立证实；不采纳文中统一周期、报警值、压力值、浮动轴承加脂和未经验证改造方案。以下仅用于检索维护主题，由适用机型规程决定具体操作。,stated,01_datasets/marine_diesel_RAG_corpus_All_data/All_data/test/船机帮船舶动力设备日常维护要点与常见故障排除.md,,并使用低凝点滑油,edge:40f76f7d7bff2f2e8db25e1f,assertion:ddda1cf9abf97153ad2175f0
检查方法,按手册检验共轨冲洗单向阀止回功能,记载于,来源,船机帮高压共轨柴油机燃油喷射系统故障分析,provenance_index,仅在本声明来源及构型范围内使用,stated,01_datasets/marine_diesel_RAG_corpus_All_data/All_data/test/船机帮高压共轨柴油机燃油喷射系统故障分析.md,,用空气试验其止回功能正常,edge:4100cb302784901989f14615,assertion:2d69e3b8143ea383330b4cc0
设备,柴油机,服务于系统,系统,润滑与轴承系统,functional_classification,仅在本声明来源及构型范围内使用,stated,01_datasets/marine_diesel_RAG_corpus_All_data/All_data/test/船机帮柴油机轴瓦抱轴故障分析.md,,"高分子聚合物断裂后是不可逆的,导致粘度很快降低,机油承载能力下降。",edge:410c630c558fcee19214c2eb,assertion:0030e5b712e23fa8e28446bb
故障,连杆盖螺栓松动与断裂,导致,故障,主机灾难性失效,source_case_statement,本报告案例，不外推为所有船舶已证实根因,reported,02_reports/MAIB_2022_04_Wight_Sky_multiple_engine_failures.pdf,84,ME4 failed catastrophically because of an assembly error,edge:411f1c4448939a5131bdfd49,assertion:e3465cb0d8325c36ec46fffd
故障,盘车安全联锁失效,适用于,设备,主机启动与盘车装置,applicability_index,本报告案例，不外推为所有船舶已证实根因,stated,02_reports/MAIB_2013_Safety_Digest_lubrication_bearing_cases.pdf,16,"interlock, the last remaining safety barrier, had failed",edge:4122e637395af8778f93837e,assertion:6fcbc504ad4f22d7fdceb69a
影响因素,未响应轴承磨损报警与减速请求,加剧,故障,主轴承咬死,source_guidance_statement,主机滑动轴承；烧瓦是检索用的工程统称，不能把全部轴瓦疲劳、瓦片转位或轴承失效直接标成已证实烧瓦。,guidance,02_reports/MAN_SL2013_569_bearing_wear_monitoring.pdf,2,crew did not react to the alarm,edge:412cffdbb964e50e2b999e5a,assertion:dedd93bbc44af6304243998c
故障,CPP系统超压,是概念的实例,故障,CPP系统超压,concept_alignment,仅在本声明来源及构型范围内使用,stated,02_reports/MAIB_2015_22_Pride_of_Canterbury_CPP_hydraulic_fire.pdf,29,back pressure valve (PSV3) becoming jammed in the closed position,edge:4146ace0ad49d921319fce60,assertion:af371f9634d45318633cf19e
事故案例,液压背压阀卡滞与火灾,涉及,部件,螺距控制油路,case_index,仅在本声明来源及构型范围内使用,stated,02_reports/MAIB_2015_22_Pride_of_Canterbury_CPP_hydraulic_fire.pdf,30,Pride of Canterbury,edge:414b64fd3552a3b16079350e,assertion:83eeeff123a722cbc3c07073
运维措施,按机型维护要求保持扩压器清洁,作用于,部件,扩压器,source_recommendation,船用废气涡轮增压器；拆装细节为VTR400示例，必须服从适用机型手册。,stated,01_datasets/marine_diesel_RAG_corpus_All_data/All_data/test/船机帮船舶柴油机废气涡轮增压器振动的主要原因有哪些.md,,管理中注意压气机进气滤器、叶轮、扩压器、空气冷却器、进气口和排气口、涡轮喷嘴环、叶片等流通部分的清洁，就会防止和消除喘振，也就会使振动消失。,edge:414dc0667ac4be320bbb2e7e,assertion:d939a2d2cf1abff2c6a13ac7
运维措施,按机型维护要求保持涡轮喷嘴环清洁,记载于,来源,船机帮船舶柴油机废气涡轮增压器振动的主要原因有哪些,provenance_index,仅在本声明来源及构型范围内使用,stated,01_datasets/marine_diesel_RAG_corpus_All_data/All_data/test/船机帮船舶柴油机废气涡轮增压器振动的主要原因有哪些.md,,管理中注意压气机进气滤器、叶轮、扩压器、空气冷却器、进气口和排气口、涡轮喷嘴环、叶片等流通部分的清洁，就会防止和消除喘振，也就会使振动消失。,edge:41831c23a8cda8de4aee98bb,assertion:fa6e81fd5ba7a39400ac6020
检查方法,按轴承型式核查润滑及对中,适用于,系统,传动与推进系统,functional_classification,有滚动轴承的发电机或轴带发电机构型；滚动轴承与主机滑动轴瓦的失效机理不得混用。,stated,02_reports/STAMFORD_AGN076_alternator_bearings.pdf,4,lack of grease or misalignment damage,edge:418608b8264e51b6dc4d9e54,assertion:d24abbb8aae7e2f4b8546b90
故障,压力滑油喷漏,是概念的实例,故障,压力滑油喷漏,concept_alignment,仅在本声明来源及构型范围内使用,stated,02_reports/MAIB_2016_Safety_Digest_generator_oil_fire.pdf,26,oil from this generator was spraying,edge:41af358a6e0e927df15da13a,assertion:bf66e37134a789b11313863b
运维措施,按适用冷却液规范补充散热水箱冷却液,记载于,来源,船机帮冬季卡特柴油发电机组的安全运行,provenance_index,仅在本声明来源及构型范围内使用,stated,01_datasets/marine_diesel_RAG_corpus_All_data/All_data/test/船机帮冬季卡特柴油发电机组的安全运行.md,,如果不足要及时补充。,edge:41cbee1f9a07c2228df3af41,assertion:17760ec5309b1b953d112db2
状态,气缸压缩压力降低,提示,故障,缸套黏着拉伤,source_statement,船用柴油机摩擦副；二次维修文章，机型及根因须核实；不能以某一症状直接确诊拉缸。,possible,01_datasets/marine_diesel_RAG_corpus_All_data/All_data/test/船机帮船用柴油机的拉缸故障.md,,缸套和活塞环被拉伤，会出现串气、压缩压力和爆发压力降低，燃油油耗偏高；,edge:41ef4bf6a4dd626b121816ba,assertion:4c726afb81c1fb00fe957376
事故案例,盘车联锁失效与启动损坏,涉及,故障,盘车安全联锁失效,case_index,仅在本声明来源及构型范围内使用,stated,02_reports/MAIB_2013_Safety_Digest_lubrication_bearing_cases.pdf,16,"interlock, the last remaining safety barrier, had failed",edge:41f409c68624eec3341fc2b7,assertion:3e202282dfc445bdea687b2b
检查方法,监测齿轮箱滑油温度,适用于,设备,减速齿轮箱,applicability_index,GW系列船用齿轮箱；通用机理与A/B船匿名案例须区分，尺寸不能跨机型套用。,stated,01_datasets/marine_diesel_RAG_corpus_All_data/All_data/test/船机帮船用齿轮箱故障分析与管理对策.md,,应该经常检查润滑部位是否达到润滑效果，以及润滑剂有无杂质，是否失效，并重点监控滑油温度。,edge:41f49ee0e2d27ddfd64aab8b,assertion:07ad93bd0f16bbfc988b2303
故障,增压器轴承变形,表现为,状态,增压器噪声增大,source_statement,船用废气涡轮增压器；拆装细节为VTR400示例，必须服从适用机型手册。,stated,01_datasets/marine_diesel_RAG_corpus_All_data/All_data/test/船机帮船舶柴油机废气涡轮增压器振动的主要原因有哪些.md,,轴承长时间使用后产生磨损、变形、裂纹和烧伤时，使摩擦力矩增大，转速下降，振动和噪声大增。,edge:4209cf1bed48ed1142936e5f,assertion:10c5dba3fd8f46889239dd31
检查方法,检查齿轮箱滑油杂质,适用于,设备,减速齿轮箱,applicability_index,GW系列船用齿轮箱；通用机理与A/B船匿名案例须区分，尺寸不能跨机型套用。,stated,01_datasets/marine_diesel_RAG_corpus_All_data/All_data/test/船机帮船用齿轮箱故障分析与管理对策.md,,应该经常检查润滑部位是否达到润滑效果，以及润滑剂有无杂质，是否失效，并重点监控滑油温度。,edge:420b7ac60521a0272d0c4b4c,assertion:ae07915dcb89a627307a1641
参数,滑油冷却水流量,记载于,来源,variable_dictionary,provenance_index,仅在本声明来源及构型范围内使用,stated,01_datasets/Marine_Engine_Fault_Data_v1/Marine_Engine_Fault_Data/variable_dictionary.csv,,"LO Cooling water flow,Qw_lo,m3/h,number,TRUE,TRUE,flow / fuel / air,",edge:4243181913fc07001aebc19e,assertion:760926e432dfd9c931a300ce
状态,燃油共轨压力无法建立,记载于,来源,船机帮高压共轨柴油机燃油喷射系统故障分析,provenance_index,仅在本声明来源及构型范围内使用,stated,01_datasets/marine_diesel_RAG_corpus_All_data/All_data/test/船机帮高压共轨柴油机燃油喷射系统故障分析.md,,冲洗单向阀 12 止回功能失效，使整个共轨系统直接与 12bar 的供油管路相通，无法建立轨压而启动失败。,edge:424ba9e5a638d04e2880867c,assertion:8d48ae408e72ee8f3a66d8c3
故障,盘车轴与齿轮损坏,是概念的实例,故障,盘车轴与齿轮损坏,concept_alignment,仅在本声明来源及构型范围内使用,stated,02_reports/MAIB_2013_Safety_Digest_lubrication_bearing_cases.pdf,16,resulting damage to the shaft and gearing,edge:42773b9e06d5154bf31611cf,assertion:f6bcadd362082a98b991ad25
故障,轴系扭转共振风险,适用于,系统,燃油与进排气系统,functional_classification,内燃机-发电机传动链一般机理；证据支持扭振导致失效风险及电气故障转矩冲击，但未建立某大型船主轴联轴器断裂的已证实事故链。,stated,02_reports/STAMFORD_AGN235_torsional_analysis.pdf,1,pulses can excite very significant resonant responses,edge:427e3917cad736e5a750026b,assertion:d6a67a4dc182e953508b3c18
事故案例,误选可调螺距桨备用模式与泊位碰撞,涉及,运维措施,机舱及时通报推进控制异常,case_index,仅在本声明来源及构型范围内使用,stated,02_reports/MAIB_2016_Safety_Digest_generator_oil_fire.pdf,21,keep the bridge team informed of the status,edge:42922148bf8457bf8a0c5f4a,assertion:98ff108b4b7e0794f0de5cc8
状态,海水含固体颗粒,导致,故障,海水泵密封摩擦副磨损,source_statement,海水冷却的推进柴油机滑油系统；匿名二次报道。文中压力试验参数和标准引用未独立核实，不作为通用操作依据。,possible,01_datasets/marine_diesel_RAG_corpus_All_data/All_data/test/船机帮船舶动力系统滑油水污染故障实例分析.md,,海水含固体颗粒加剧摩擦副磨损，导致密封失效；,edge:42a5b2a56da1d290e1fa5786,assertion:a43e0c4f98cba8beb42ba5c5
状态,控制空气压力不足,是概念的实例,状态,控制空气压力不足,concept_alignment,仅在本声明来源及构型范围内使用,stated,02_reports/MAIB_2013_Safety_Digest_lubrication_bearing_cases.pdf,14,air pressure in the main air receiver was dropping,edge:42b5c568db64bf1d1162611d,assertion:ae65fc4f190fdd54217e4f72
状态,滑油黏度降低,以参数描述,参数,滑油运动黏度,explicit_parameter_description,仅在本声明来源及构型范围内使用,stated,01_datasets/marine_diesel_RAG_corpus_All_data/All_data/test/船机帮柴油机轴瓦抱轴故障分析.md,,机油粘度下降,edge:42cb442cfba48dff62c23489,assertion:cef8b1610bcfa9763d3528f1
状态,增压器转子安装位置变化,记载于,来源,船机帮船舶柴油机废气涡轮增压器振动的主要原因有哪些,provenance_index,仅在本声明来源及构型范围内使用,stated,01_datasets/marine_diesel_RAG_corpus_All_data/All_data/test/船机帮船舶柴油机废气涡轮增压器振动的主要原因有哪些.md,,轴承中的减振弹簧片的磨损、变形或断裂等使转子安装位置发生变化，转子对中不良产生强烈振动。,edge:42d7ac133887477568607ccf,assertion:e3efa5c7cf2b213fafa01753
运维措施,按厂家规程清洗增压器喷嘴环,作用于,部件,涡轮喷嘴环,source_recommendation,综合维护二次文章，原厂和标准出处未独立证实；不采纳文中统一周期、报警值、压力值、浮动轴承加脂和未经验证改造方案。以下仅用于检索维护主题，由适用机型规程决定具体操作。,stated,01_datasets/marine_diesel_RAG_corpus_All_data/All_data/test/船机帮船舶动力设备日常维护要点与常见故障排除.md,,按规范调整气门间隙，同时清洗增压器喷嘴环,edge:42e5a17c19bf2b1187f84dd2,assertion:e50fd4af3976b17a6f6220ba
事故案例,左舷主机轴瓦失效与火灾,涉及,状态,机油高温报警,case_index,仅在本声明来源及构型范围内使用,stated,02_reports/MAIB_2018_01_Windcat8_bearing_failure_fire.pdf,1,A high oil temperature alarm prior to the engine failure,edge:42f1093f397085175d67dc3d,assertion:7e373a8afdac089d6965f284
运维措施,按厂家压差或周期要求更换滑油滤芯,记载于,来源,船机帮船舶动力设备日常维护要点与常见故障排除,provenance_index,仅在本声明来源及构型范围内使用,stated,01_datasets/marine_diesel_RAG_corpus_All_data/All_data/test/船机帮船舶动力设备日常维护要点与常见故障排除.md,,必须更换滤芯,edge:431b92cf897741c1d272d8ff,assertion:7e98a42d7373c3e26ea6ce54
设备,主机,是概念的实例,设备,主机,concept_alignment,仅在本声明来源及构型范围内使用,stated,02_reports/MAIB_2021_02_Finlandia_Seaways_connecting_rod_failure.pdf,9,fracture of the connecting rod small end,edge:432c673560c831184ac5c46a,assertion:1cbe6ed13333d7afb4533a92
事故案例,压载泵检修隔离失效与机舱进水,涉及,检查方法,拆法兰前核对隔离阀实际位置,case_index,仅在本声明来源及构型范围内使用,stated,02_reports/MAIB_2016_Safety_Digest_generator_oil_fire.pdf,41,not checked to confirm that the valve was closed,edge:4334f1efb5541b7f0291417c,assertion:623d1f8f39ea8a647a903baa
部件,故障主机5号主轴承,记载于,来源,Wight Sky catastrophic main engine bearing failure,provenance_index,仅在本声明来源及构型范围内使用,stated,02_reports/MAIB_2018_14_Wight_Sky_engine_bearing_fire.pdf,1,debris in the engine’s oil channels following rebuild,edge:433efea5e2e670741bfc46ef,assertion:811fd5df1123171b5c7bf5d6
故障,轴系或联轴器疲劳磨损损伤,适用于,系统,燃油与进排气系统,functional_classification,内燃机-发电机传动链一般机理；证据支持扭振导致失效风险及电气故障转矩冲击，但未建立某大型船主轴联轴器断裂的已证实事故链。,stated,02_reports/STAMFORD_AGN235_torsional_analysis.pdf,2,prevent fatigue or wear damage,edge:4360e63fde3444e82540319b,assertion:59c6cf28c2a97fbc63234e19
状态,气缸燃烧异常,增加风险,故障,柴油机敲缸,source_statement,柴油机水冷机理二次资料；文中80–90℃等数值不能当作所有机型阈值。,possible,01_datasets/marine_diesel_RAG_corpus_All_data/All_data/test/船机帮柴油机冷却水过高或过低的危害.md,,冷却水温度过高，致使活塞、活塞环、气缸套、缸盖和气门等零件的工作温度升高，导致充气不足，燃烧不正常，容易引起敲缸、爆燃。,edge:4376a2a8c791d2ba4bdf73e5,assertion:45b10874de72456999c31598
影响因素,盘车状态未标识与操作说明被涂覆,是概念的实例,影响因素,盘车状态未标识与操作说明被涂覆,concept_alignment,仅在本声明来源及构型范围内使用,stated,02_reports/MAIB_2013_Safety_Digest_lubrication_bearing_cases.pdf,16,not marked in any way to show whether it was engaged or disengaged,edge:437dcaba5e16e358a2a6d6cc,assertion:b8a7c6f55f96654a4ae2d35c
船舶,Wight Sky,发生案例,事故案例,主机重装后轴承失效与火灾,case_index,仅在本声明来源及构型范围内使用,stated,02_reports/MAIB_2018_14_Wight_Sky_engine_bearing_fire.pdf,1,debris in the engine’s oil channels following rebuild,edge:438b5f3516abca4aed7877ff,assertion:e8060aded602534fff8dcbd5
事故案例,误选可调螺距桨备用模式与泊位碰撞,涉及,故障,误选CPP备用控制模式,case_index,仅在本声明来源及构型范围内使用,stated,02_reports/MAIB_2016_Safety_Digest_generator_oil_fire.pdf,21,close proximity of the safety-critical propulsion control buttons,edge:438cad2dadfe953d37ddd047,assertion:0468e71988fc64512da93cf3
运维措施,响应轴承磨损报警并按安全程序降负荷,适用于,系统,润滑与轴承系统,functional_classification,主机滑动轴承；烧瓦是检索用的工程统称，不能把全部轴瓦疲劳、瓦片转位或轴承失效直接标成已证实烧瓦。,stated,02_reports/MAN_SL2013_569_bearing_wear_monitoring.pdf,2,automatic slow-down/load reduction,edge:439ccff776b524f1958ea482,assertion:10c87c762f122350aa9e14e0
运维措施,按机型设计调整离合器活塞端向间隙,应对,状态,离合器活塞端向间隙不足,source_recommendation,GW系列船用齿轮箱；通用机理与A/B船匿名案例须区分，尺寸不能跨机型套用。,stated,01_datasets/marine_diesel_RAG_corpus_All_data/All_data/test/船机帮船用齿轮箱故障分析与管理对策.md,,针对故障原因更换了活塞，调整了内凹圈与从动齿轮的端向间隙。,edge:43c6240c8163e1f67b126c09,assertion:e83a69a33ae6acb8db385649
设备,可调螺距桨推进控制装置,包含部件,部件,可调螺距桨备用模式按钮,asset_index,仅在本声明来源及构型范围内使用,stated,02_reports/MAIB_2016_Safety_Digest_generator_oil_fire.pdf,19,large roll-on roll-off passenger ferry,edge:43df875b685fdc7ccb3cd9dc,assertion:a76e142796f891fb169676c3
参数,机械损失功率,记载于,来源,variable_dictionary,provenance_index,仅在本声明来源及构型范围内使用,stated,01_datasets/Marine_Engine_Fault_Data_v1/Marine_Engine_Fault_Data/variable_dictionary.csv,,"Mechanical Loss,Wm,kW,number,TRUE,TRUE,performance / derived,",edge:440e008fa3bd23026a6e2265,assertion:0722edd5afa641e390003ba1
影响因素,缸套加工粗糙度过高,增加风险,故障,缸套黏着拉伤,source_statement,船用柴油机摩擦副；二次维修文章，机型及根因须核实；不能以某一症状直接确诊拉缸。,possible,01_datasets/marine_diesel_RAG_corpus_All_data/All_data/test/船机帮船用柴油机的拉缸故障.md,,缸套加工的本身粗糙度过高，珩磨纹倾斜不对，缸套硬度太低，达不到图纸要求；,edge:442a004ebf8c0b74d225686d,assertion:d3996babbd9512dd690cef60
状态,机油高温报警,记载于,来源,Windcat 8 connecting rod big-end bearing failure,provenance_index,仅在本声明来源及构型范围内使用,stated,02_reports/MAIB_2018_01_Windcat8_bearing_failure_fire.pdf,1,A high oil temperature alarm prior to the engine failure,edge:442b16420aa765692eadc15d,assertion:3fb23897971105a76bd3f2d4
运维措施,按本机设计调整海水泵叶轮泵壳间隙,记载于,来源,船机帮船舶动力设备日常维护要点与常见故障排除,provenance_index,仅在本声明来源及构型范围内使用,stated,01_datasets/marine_diesel_RAG_corpus_All_data/All_data/test/船机帮船舶动力设备日常维护要点与常见故障排除.md,,叶轮与泵壳间隙调整,edge:445cec242c80615630f84d72,assertion:ff12c8307bbcf5bd5bafee46
部件,空气预滤器,记载于,来源,船机帮冬季卡特柴油发电机组的安全运行,provenance_index,仅在本声明来源及构型范围内使用,stated,01_datasets/marine_diesel_RAG_corpus_All_data/All_data/test/船机帮冬季卡特柴油发电机组的安全运行.md,,每天检查空气预滤器，根据需要清除一切脏物和碎屑。,edge:449846e226bd74f42c0ae732,assertion:56c5a8920575f20733c1b075
参数,滑油冷却水温度出口,记载于,来源,variable_dictionary,provenance_index,仅在本声明来源及构型范围内使用,stated,01_datasets/Marine_Engine_Fault_Data_v1/Marine_Engine_Fault_Data/variable_dictionary.csv,,"LO Cooling Water Temp. Out,T13,°C,number,TRUE,TRUE,temperature,",edge:44b1301c16e5e9e50cc62bd8,assertion:772f8a436c41fe7a90f06c81
事故案例,液压背压阀卡滞与火灾,涉及,运维措施,核查CPP法兰额定压力与喷溅防护,case_index,仅在本声明来源及构型范围内使用,stated,02_reports/MAIB_2015_22_Pride_of_Canterbury_CPP_hydraulic_fire.pdf,35,all CPP system flanges are fitted with protective coverings,edge:44b634949229a54a0647b07c,assertion:8069ec2b7fb6d24fb2c93ccd
参数,总有效功率,表征,设备,试验柴油机,native_variable_dictionary,仅在本声明来源及构型范围内使用,stated,01_datasets/Marine_Engine_Fault_Data_v1/Marine_Engine_Fault_Data/variable_dictionary.csv,,"Total Effective Work,We_tot,kW,number,TRUE,TRUE,performance / derived,",edge:44dc03eec244aca5e07ff71e,assertion:053157331ec1987cb634dd7d
故障,主轴承瓦片转位,发生于,设备,故障主机,case_equipment_index,仅在本声明来源及构型范围内使用,stated,02_reports/MAIB_2018_14_Wight_Sky_engine_bearing_fire.pdf,14,Debris in the engine’s oil channels was most probably responsible for initiating the failure,edge:45061e0ac77a4fd2c141d83a,assertion:613e08fd9b40fa208938380c
检查方法,检测海水冷却器牺牲阳极消耗,适用于,设备,滑油冷却器,applicability_index,海水冷却的推进柴油机滑油系统；匿名二次报道。文中压力试验参数和标准引用未独立核实，不作为通用操作依据。,stated,01_datasets/marine_diesel_RAG_corpus_All_data/All_data/test/船机帮船舶动力系统滑油水污染故障实例分析.md,,定期检测阳极消耗量，剩余质量不符合要求时立即予以更换,edge:450b40aa0773dc71a8c8bcff,assertion:b06723690790db3a1fa8d3aa
事故案例,盘车联锁失效与启动损坏,涉及,设备,主机启动与盘车装置,case_index,仅在本声明来源及构型范围内使用,stated,02_reports/MAIB_2013_Safety_Digest_lubrication_bearing_cases.pdf,16,specialist cargo ship,edge:4524e24e2d87bdbceb59e54b,assertion:216e1939d00884a50ac6622c
检查方法,热成像检查排气未保温热点,记载于,来源,MAIB Safety Digest 2016 generator oil fire case,provenance_index,仅在本声明来源及构型范围内使用,stated,02_reports/MAIB_2016_Safety_Digest_generator_oil_fire.pdf,28,thermal image will immediately identify unlagged sections,edge:45320931e147ad8fad12793a,assertion:b031cb1c97f476b86d4c718c
设备,发电机主开关,记载于,来源,船机帮冬季卡特柴油发电机组的安全运行,provenance_index,仅在本声明来源及构型范围内使用,stated,01_datasets/marine_diesel_RAG_corpus_All_data/All_data/test/船机帮冬季卡特柴油发电机组的安全运行.md,,逐渐卸去负荷，断开并网开关。,edge:4572e6b955eeaeea305bce94,assertion:936197385bb8b6f45f9e6abd
状态,润滑油系统污染,记载于,来源,MAIB Safety Digest 2013 lubrication and bearing cases,provenance_index,仅在本声明来源及构型范围内使用,stated,02_reports/MAIB_2013_Safety_Digest_lubrication_bearing_cases.pdf,21,duplex filter was found without a filter cartridge,edge:4588e3c7341c741492f42e2d,assertion:a83f817ed2690cad7b760ede
故障,排气阀阀杆卡紧,适用于,设备,共轨柴油机,applicability_index,共轨柴油机排气阀，厂家与具体型号未确定；仅作机理检索测试，不作直接操作授权。,stated,01_datasets/marine_diesel_RAG_corpus_All_data/All_data/test/船机帮船用共轨柴油机排气阀常见故障与排除.md,,气阀间隙过小或气阀导管中沉积物增多会导致阀杆卡住。,edge:459b2afb311b3a394f49ecba,assertion:5922e8c7678b1d83c25835ec
故障,扭振减振器失效,记载于,来源,MAN SL2017-654 crankshaft torsional vibration damper,provenance_index,仅在本声明来源及构型范围内使用,stated,02_reports/MAN_SL2017_654_torsional_damper.pdf,1,will reduce the service life,edge:45d430362967572890fde19a,assertion:bcafedeec737f7ab7e0f0ac0
故障,止推轴承损伤,适用于,设备,柴油机,applicability_index,某型巡逻船试航故障二次报道；排查中已排除的原因不作为本案正向根因，油品及公差不能跨机型使用。,stated,01_datasets/marine_diesel_RAG_corpus_All_data/All_data/test/船机帮柴油机轴瓦抱轴故障分析.md,,"对中超差后柴油机轴向跳动会对柴油机止推轴承造成损伤,而径向跳动超差会对柴油机主轴承造成损伤。",edge:45f540928b1d0c2001b955fb,assertion:1a3fe44fb542e125e643e300
设备,海水泵,记载于,来源,船机帮船舶动力设备日常维护要点与常见故障排除,provenance_index,仅在本声明来源及构型范围内使用,stated,01_datasets/marine_diesel_RAG_corpus_All_data/All_data/test/船机帮船舶动力设备日常维护要点与常见故障排除.md,,叶轮与泵壳间隙调整,edge:45f8226dae068772b0e3d4ab,assertion:a04bee92cf09831eca1b61db
故障,气缸磨损增加,适用于,系统,冷却与海水系统,functional_classification,扫气空气冷却器水侧；该证据描述低流量局部沸腾及管路汽蚀，不等同于已证明所有冷却泵汽蚀由此引起。,stated,02_reports/MAN_main_engine_auxiliary_efficiency.pdf,11,increase cylinder wear,edge:460fc6335a02cd58294842b9,assertion:248bedacb7383163ef8a2d6d
运维措施,委托原厂或合格服务方检修调速器,适用于,设备,柴油机调速器,applicability_index,调速器维修经验；不同调速器针阀与补偿调节不可照抄，飞车必须执行本船应急规程。,stated,01_datasets/marine_diesel_RAG_corpus_All_data/All_data/test/船机帮船用柴油机调速器的维护与保养十飞车故障.md,,维修调速器最好找原厂服务。,edge:462626e7b34de21c751a22ba,assertion:e25b143413d7bc590abd4599
参数,滑油带走热功率,记载于,来源,variable_dictionary,provenance_index,仅在本声明来源及构型范围内使用,stated,01_datasets/Marine_Engine_Fault_Data_v1/Marine_Engine_Fault_Data/variable_dictionary.csv,,"Loss with LO,Qrej_lo,kW,number,TRUE,TRUE,performance / derived,",edge:462ded2d53b959dafab24806,assertion:f4f51f54b2220844456322e9
设备,船舶动力装置,服务于系统,系统,传动与推进系统,functional_classification,仅在本声明来源及构型范围内使用,stated,01_datasets/marine_diesel_RAG_corpus_All_data/All_data/test/船机帮船舶动力设备日常维护要点与常见故障排除.md,,使用专用清洗剂除垢,edge:4636500822799596ad9efec3,assertion:903263f6f64e7f4e75172838
影响因素,极端载荷冲击,增加风险,状态,动力设备故障风险增加,source_statement,综合维护二次文章，原厂和标准出处未独立证实；不采纳文中统一周期、报警值、压力值、浮动轴承加脂和未经验证改造方案。以下仅用于检索维护主题，由适用机型规程决定具体操作。,possible,01_datasets/marine_diesel_RAG_corpus_All_data/All_data/test/船机帮船舶动力设备日常维护要点与常见故障排除.md,,盐雾腐蚀、机械疲劳、极端载荷冲击以及系统老化等因素交互作用，故障发生概率显著上升。,edge:46365547ef5b85e099885c9b,assertion:6c9ff2994893c24146591607
检查方法,定期按手册核验高压油管接头紧固与泄漏,记载于,来源,船机帮高压共轨柴油机燃油喷射系统故障分析,provenance_index,仅在本声明来源及构型范围内使用,stated,01_datasets/marine_diesel_RAG_corpus_All_data/All_data/test/船机帮高压共轨柴油机燃油喷射系统故障分析.md,,定期对各高压油管接头进行扭力复紧检查，及时处理轻微泄漏,edge:466bacf401aaaaae11383914,assertion:e136220a066509345a82a6bf
状态,气缸燃烧压力产生脉动转矩,记载于,来源,STAMFORD AGN235 generating set torsional vibration analysis,provenance_index,仅在本声明来源及构型范围内使用,stated,02_reports/STAMFORD_AGN235_torsional_analysis.pdf,1,pulses can excite very significant resonant responses,edge:4678e71cb237b6040501d6a9,assertion:846a27449b76d240b9062285
设备,控制空气供给与主机离合装置,记载于,来源,MAIB Safety Digest 2013 lubrication and bearing cases,provenance_index,仅在本声明来源及构型范围内使用,stated,02_reports/MAIB_2013_Safety_Digest_lubrication_bearing_cases.pdf,14,ro-ro passenger ferry,edge:467c6ad813bc656d005f83f0,assertion:dddf6fccf7ee5fa12602b45c
运维措施,按电气隔离规程更换启动马达碳刷,作用于,部件,启动马达碳刷,source_recommendation,综合维护二次文章，原厂和标准出处未独立证实；不采纳文中统一周期、报警值、压力值、浮动轴承加脂和未经验证改造方案。以下仅用于检索维护主题，由适用机型规程决定具体操作。,stated,01_datasets/marine_diesel_RAG_corpus_All_data/All_data/test/船机帮船舶动力设备日常维护要点与常见故障排除.md,,补充电气系统电解液至 1.28 g/cm³，更换碳刷,edge:468f0474b871605e091e9f39,assertion:25dad74df46868c3da9be0db
运维措施,按本机规程更换燃油滤器,适用于,设备,船舶动力装置,applicability_index,综合维护二次文章，原厂和标准出处未独立证实；不采纳文中统一周期、报警值、压力值、浮动轴承加脂和未经验证改造方案。以下仅用于检索维护主题，由适用机型规程决定具体操作。,stated,01_datasets/marine_diesel_RAG_corpus_All_data/All_data/test/船机帮船舶动力设备日常维护要点与常见故障排除.md,,更换燃油系统滤器并进行手动排气，通过试验台校准雾化锥角,edge:46c9fcfc786e8e4b0b3ab884,assertion:6f130d399ad0073ad446b63e
事故案例,控制空气不足与离合器脱开,涉及,部件,二号压缩机排气阀,case_index,仅在本声明来源及构型范围内使用,stated,02_reports/MAIB_2013_Safety_Digest_lubrication_bearing_cases.pdf,14,ro-ro passenger ferry,edge:46d1e02c50925432afe8fed9,assertion:579780424da7f3e435c252de
状态,滑油黏度过高,记载于,来源,船机帮柴油机冷却水过高或过低的危害,provenance_index,仅在本声明来源及构型范围内使用,stated,01_datasets/marine_diesel_RAG_corpus_All_data/All_data/test/船机帮柴油机冷却水过高或过低的危害.md,,冷却水温度过低，润滑油温度随之下降，机油在低温时粘度较大，流动性差,edge:46e750e3b898a4a2ab90eb95,assertion:edee588527fe3ab420ddb932
参数,燃油共轨压力,记载于,来源,船机帮高压共轨柴油机燃油喷射系统故障分析,provenance_index,仅在本声明来源及构型范围内使用,stated,01_datasets/marine_diesel_RAG_corpus_All_data/All_data/test/船机帮高压共轨柴油机燃油喷射系统故障分析.md,,共轨压力不足,edge:46f6188de313ce6af2ccf4a7,assertion:80953a0842944ab88fd9f6b7
故障,油抹布接触高温排气歧管,适用于,设备,左舷主机排气装置,applicability_index,本报告案例，不外推为所有船舶已证实根因,stated,02_reports/MAIB_2013_Safety_Digest_lubrication_bearing_cases.pdf,41,Vibration caused the oil-soaked rag to fall,edge:471afdcdb18c0789242bd044,assertion:d1aef42190bb0a7de8bb7890
故障,误选CPP备用控制模式,适用于,设备,可调螺距桨推进控制装置,applicability_index,本报告案例，不外推为所有船舶已证实根因,stated,02_reports/MAIB_2016_Safety_Digest_generator_oil_fire.pdf,21,close proximity of the safety-critical propulsion control buttons,edge:471eb517e1f9ef8f888ccb7a,assertion:5d06e250c255a9a7ff77fad3
检查方法,测量转速传感器信号频率,适用于,设备,主机遥控控制装置,applicability_index,12V20/27、双机双轴双桨定距推进的文中闭环调速构型；信号接口及间隙不可跨机型套用。,stated,01_datasets/marine_diesel_RAG_corpus_All_data/All_data/test/船机帮某型船主机遥控系统典型故障分析.md,,用万用表测量转速传感器转速信号频率，与车令对应转速设定值一致，通过示波表监测转速信号波形，发现部分波形有幅值偏低的现象。,edge:472ce68ad6ad5b2614a835ad,assertion:83c23f2326290c2db8a39f8b
故障,油底壳道门螺栓松动,适用于,设备,滑油冷却器,applicability_index,海水冷却的推进柴油机滑油系统；匿名二次报道。文中压力试验参数和标准引用未独立核实，不作为通用操作依据。,stated,01_datasets/marine_diesel_RAG_corpus_All_data/All_data/test/船机帮船舶动力系统滑油水污染故障实例分析.md,,道门垫片老化或紧固螺栓松动导致机舱积水渗入。,edge:4730f6909bd213e1cf545a28,assertion:47b559609c8a1ceb0be1e3c8
检查方法,核对调速器连接与运转方向,记载于,来源,船机帮船用柴油机调速器的维护与保养十飞车故障,provenance_index,仅在本声明来源及构型范围内使用,stated,01_datasets/marine_diesel_RAG_corpus_All_data/All_data/test/船机帮船用柴油机调速器的维护与保养十飞车故障.md,,调速器连接错误，运转方向不对。,edge:473f2125552f40ccee1c0cd6,assertion:d3c40bc29a64b69ea81c0fee
故障,柴油发电机扩展箱故障,导致,状态,安全停车联锁触点断开,source_statement,DG2、施耐德NW08-63和文中扩展箱构型；仅合格电气人员可按本船隔离规程检修。,possible,01_datasets/marine_diesel_RAG_corpus_All_data/All_data/test/船机帮船舶柴油发电机主开关并网合闸失败故障的分析与排查.md,,若扩展箱存在问题，会导致“安全停车”信号断开。,edge:474b67aed3a4166035eb2f75,assertion:86417d372355af51454928aa
故障,喷油控制电磁阀大开度卡滞,适用于,设备,高压共轨燃油喷射装置,applicability_index,航浚6008/MAN L32/44CR与CR2.2；轨压数值、扭矩与拆装必须核对本机手册。,stated,01_datasets/marine_diesel_RAG_corpus_All_data/All_data/test/船机帮高压共轨柴油机燃油喷射系统故障分析.md,,如果该缸喷油时长明显小于其他各缸，则基本可以断定该缸喷油控制电磁阀故障，一般是磨损造成通流面积变大所致，需换新喷油控制电磁阀；也有可能是阀芯卡在较大开度位置所致，需解体清洁活络阀芯。,edge:475390c9b32d389499ed4974,assertion:53c26038045dd8d0f6de2fd8
检查方法,核查高压油泵零位油量,检查,状态,高压油泵零位油量过大,source_check,调速器维修经验；不同调速器针阀与补偿调节不可照抄，飞车必须执行本船应急规程。,stated,01_datasets/marine_diesel_RAG_corpus_All_data/All_data/test/船机帮船用柴油机调速器的维护与保养十飞车故障.md,,高压油泵“0”位油量过大。,edge:477b27fc2143fbf9b520e9c9,assertion:0f637896ca87beb36f8f661a
检查方法,检查配电板合闸模块输出,适用于,设备,发电机主开关,applicability_index,DG2、施耐德NW08-63和文中扩展箱构型；仅合格电气人员可按本船隔离规程检修。,stated,01_datasets/marine_diesel_RAG_corpus_All_data/All_data/test/船机帮船舶柴油发电机主开关并网合闸失败故障的分析与排查.md,,重点检测与主开关合闸信号的相关中间继电器和模块输出信号,edge:4794735998b845316d138840,assertion:2d0d6d99a3f5dac31fe4d1c3
状态,滑油乳化变质,记载于,来源,船机帮船舶动力系统滑油水污染故障实例分析,provenance_index,仅在本声明来源及构型范围内使用,stated,01_datasets/marine_diesel_RAG_corpus_All_data/All_data/test/船机帮船舶动力系统滑油水污染故障实例分析.md,,水分侵入会破坏油膜完整性，引发乳化变质和酸性腐蚀,edge:4795175275e02b6582256b74,assertion:018fbd8f60ec64983510e1d4
参数,喷油器冷却油压力原始电压信号,记载于,来源,variable_dictionary,provenance_index,仅在本声明来源及构型范围内使用,stated,01_datasets/Marine_Engine_Fault_Data_v1/Marine_Engine_Fault_Data/variable_dictionary.csv,,"Fuel Injector Cooling Oil Press.,Pl_valve,V,number,TRUE,TRUE,pressure / derived pressure,",edge:479968a0ac8cc0d49da21487,assertion:9491967707cb89fbaaf78900
状态,增压器转子与壳体气封碰摩,记载于,来源,船机帮船舶柴油机废气涡轮增压器振动的主要原因有哪些,provenance_index,仅在本声明来源及构型范围内使用,stated,01_datasets/marine_diesel_RAG_corpus_All_data/All_data/test/船机帮船舶柴油机废气涡轮增压器振动的主要原因有哪些.md,,如修理质量差或修后装配不良时，就会造成增压器运转时转子与壳体或气封相碰，产生摩擦导致振动。,edge:47a7f207de5ce6e45b1c854a,assertion:a9de58b19d08ddf3d1597fd1
状态,船艏撞击泊位,记载于,来源,MAIB Safety Digest 2013 lubrication and bearing cases,provenance_index,仅在本声明来源及构型范围内使用,stated,02_reports/MAIB_2013_Safety_Digest_lubrication_bearing_cases.pdf,15,ferry’s bow hitting her berth at a speed of 2.5kts,edge:47b12f8c1edf08e352b15ef6,assertion:fce71713b7ce007101e51d7b
状态,DP船风浪纵摇横摇,促成,故障,船舶电网电压频率振荡,source_guidance_statement,2021论文三类船舶的实测电网信号，含轴带发电化学品船；不是所有振荡都超限。DP船风浪影响主要作用于基波与频率，不能一概说风浪显著放大所有谐波。,research_observation,03_papers/Frontiers_2021_marine_converter_oscillations.pdf,6,voltage and frequency modulations increase as well.,edge:47b5b42793534fce42090c28,assertion:dc7a42ad60bc171749618b94
运维措施,按适用缓蚀剂规范更换不合格冷却液,适用于,设备,滑油冷却器,applicability_index,海水冷却的推进柴油机滑油系统；匿名二次报道。文中压力试验参数和标准引用未独立核实，不作为通用操作依据。,stated,01_datasets/marine_diesel_RAG_corpus_All_data/All_data/test/船机帮船舶动力系统滑油水污染故障实例分析.md,,按照柴油机冷却系统缓蚀剂规范及时更换与补加冷却液。,edge:47c20a49571c84a24d134d7f,assertion:ca41131789241360d8cc294d
检查方法,按电路规程监测电气比例阀驱动电流,使用参数,参数,电气比例阀驱动电流,explicit_check_variable,仅在本声明来源及构型范围内使用,stated,01_datasets/marine_diesel_RAG_corpus_All_data/All_data/test/船机帮某型船主机遥控系统典型故障分析.md,,通过给EP阀线圈串联电流表监测各工况驱动电流信号,edge:47ede239fbd9f88115bc47a9,assertion:095d27070ff0febb9b4c6f53
事故案例,控制空气不足与离合器脱开,涉及,运维措施,开展机舱与驾驶台故障沟通演练,case_index,仅在本声明来源及构型范围内使用,stated,02_reports/MAIB_2013_Safety_Digest_lubrication_bearing_cases.pdf,15,conducting realistic machinery drills,edge:47ee493044c1edb2d3598ff2,assertion:c3752bd149ca33aa9d858037
状态,单缸排温偏低且喷油时长偏长,记载于,来源,船机帮高压共轨柴油机燃油喷射系统故障分析,provenance_index,仅在本声明来源及构型范围内使用,stated,01_datasets/marine_diesel_RAG_corpus_All_data/All_data/test/船机帮高压共轨柴油机燃油喷射系统故障分析.md,,某缸排温偏低，而喷油时长明显大于其他缸时，可能是喷油控制电磁阀堵塞或卡在较小开度位置，需解体清洁活络阀芯,edge:47fc9be4006c8a1c933fb671,assertion:ebca920313fe27ee84a85183
运维措施,按本机手册处理潮湿污染并验证绝缘,应对,状态,绕组表面潮湿或污染,source_guidance_statement,STAMFORD/AvK发电机；检测与干燥作业须停电隔离，由合格人员依本机手册执行，本文不提供通用阈值或操作命令。,guidance,02_reports/STAMFORD_AGN040_winding_insulation.pdf,6,drying out procedures,edge:480745cf8acc810462a4a715,assertion:6dc726d735ce805231592d40
事故案例,主机重装后轴承失效与火灾,记载于,来源,Wight Sky catastrophic main engine bearing failure,provenance_index,仅在本声明来源及构型范围内使用,stated,02_reports/MAIB_2018_14_Wight_Sky_engine_bearing_fire.pdf,1,debris in the engine’s oil channels following rebuild,edge:4811f84b91a6a88a40852921,assertion:0207bff375e2714d13e69fb7
部件,发电机机罩空间加热器,记载于,来源,STAMFORD AGN040 winding insulation system,provenance_index,仅在本声明来源及构型范围内使用,stated,02_reports/STAMFORD_AGN040_winding_insulation.pdf,7,capable of maintaining low RH values within the Generating Set enclosure,edge:481aa97aecfa07b1f0568d9f,assertion:35926aa1bd45e77cb96d245a
部件,冷却恒温阀,记载于,来源,船机帮船舶动力设备日常维护要点与常见故障排除,provenance_index,仅在本声明来源及构型范围内使用,stated,01_datasets/marine_diesel_RAG_corpus_All_data/All_data/test/船机帮船舶动力设备日常维护要点与常见故障排除.md,,系统调试需校准恒温阀，验证热交换器温差并调整皮带挠度,edge:482a9bdb0ad9e1bbae993acb,assertion:e58a140e1bc2936f5e9fc62b
运维措施,按厂商通告更换背压阀,适用于,设备,右舷可调螺距桨液压装置,applicability_index,本报告案例，不外推为所有船舶已证实根因,stated,02_reports/MAIB_2015_22_Pride_of_Canterbury_CPP_hydraulic_fire.pdf,35,replace back pressure valves at least every 15 years,edge:482fc81e4edb60efa2b07e53,assertion:adc888fddec387a8d4a22eaa
故障,净油泄漏报警盒节流孔堵塞,适用于,设备,高压共轨燃油喷射装置,applicability_index,航浚6008/MAN L32/44CR与CR2.2；轨压数值、扭矩与拆装必须核对本机手册。,stated,01_datasets/marine_diesel_RAG_corpus_All_data/All_data/test/船机帮高压共轨柴油机燃油喷射系统故障分析.md,,报警是因为报警检测盒内部节流孔堵塞所致的误报警，疏通即可。,edge:483d0fa7ee0f06ea94c6e594,assertion:f55fa2d7763de9a78172ff84
设备,ME2主机,记载于,来源,Wight Sky multiple engine failures,provenance_index,仅在本声明来源及构型范围内使用,stated,02_reports/MAIB_2022_04_Wight_Sky_multiple_engine_failures.pdf,84,ME2 failed catastrophically due to a sudden loss of lubricating oil supply,edge:48464355638fca0927a852cd,assertion:4c088e3bb5fdeba1a6d51512
故障,盘车机构未脱开启动,记载于,来源,MAIB Safety Digest 2013 lubrication and bearing cases,provenance_index,仅在本声明来源及构型范围内使用,stated,02_reports/MAIB_2013_Safety_Digest_lubrication_bearing_cases.pdf,16,not marked in any way to show whether it was engaged or disengaged,edge:48559e5a885e4c080a55b1cb,assertion:a10589efc7283044075de94c
状态,气缸滑油供应不足,导致,状态,缸套油膜难以维持,source_statement,船用柴油机摩擦副；二次维修文章，机型及根因须核实；不能以某一症状直接确诊拉缸。,stated,01_datasets/marine_diesel_RAG_corpus_All_data/All_data/test/船机帮船用柴油机的拉缸故障.md,,一旦缺少气缸滑油，不能正常的产生油膜，会造粘着摩擦，最终造成拉缸。,edge:4874a305b9a2506f62b993c9,assertion:5cac838f86e45f5bebcdca34
部件,主机离合器,记载于,来源,MAIB Safety Digest 2013 lubrication and bearing cases,provenance_index,仅在本声明来源及构型范围内使用,stated,02_reports/MAIB_2013_Safety_Digest_lubrication_bearing_cases.pdf,14,ro-ro passenger ferry,edge:488b61efa9bdd89c001a2bc2,assertion:0952dcd24017406a8f43c6a7
故障,海水隔离阀未完全关闭,是概念的实例,故障,海水隔离阀未完全关闭,concept_alignment,仅在本声明来源及构型范围内使用,stated,02_reports/MAIB_2016_Safety_Digest_generator_oil_fire.pdf,41,giving an impression that the valve was fully closed when it was not,edge:4890bf7bcca1a7052f8ec33f,assertion:4a083769d696219baff6edb8
状态,海水含固体颗粒,记载于,来源,船机帮船舶动力系统滑油水污染故障实例分析,provenance_index,仅在本声明来源及构型范围内使用,stated,01_datasets/marine_diesel_RAG_corpus_All_data/All_data/test/船机帮船舶动力系统滑油水污染故障实例分析.md,,海水含固体颗粒加剧摩擦副磨损，导致密封失效；,edge:48ac908d3ef79bc7fe9ba54d,assertion:ee9e114f678268cfaf8ce61b
故障,柴油发电机灾难性失效,是概念的实例,故障,柴油发电机灾难性失效,concept_alignment,仅在本声明来源及构型范围内使用,stated,02_reports/MAIB_2026_10_Kommandor_Susan_generator_bearing_failure.pdf,5,most likely root cause is failure of connecting rod bearing number five,edge:48b5e69da603fd01c4203fcb,assertion:b33bcb4793b282ec116a7c3a
状态,活塞环槽间隙过小,增加风险,故障,缸套黏着拉伤,source_statement,船用柴油机摩擦副；二次维修文章，机型及根因须核实；不能以某一症状直接确诊拉缸。,possible,01_datasets/marine_diesel_RAG_corpus_All_data/All_data/test/船机帮船用柴油机的拉缸故障.md,,另外活塞环的变形，在活塞环内出现卡滞，活塞环尺寸不对，环槽间隙过小，受到热膨胀无间隙，也会出现拉缸，活塞环无弹力，也可造成拉缸。,edge:48b794fee508eb1c5a809eb4,assertion:091d8ffd68d2a04b5edcd346
运维措施,必要时由合格人员按厂家程序实施专用励磁干燥,作用于,部件,发电机绕组,source_manufacturer_recommendation,STAMFORD/AvK对应交流发电机型号；AGN040应与本机Owner Manual联合使用；干燥与绝缘处置仅由合格人员实施。,guidance,02_reports/STAMFORD_AGN040_winding_insulation.pdf,8,By separately exciting at a level,edge:48d3420cc058f1e01dcfb59f,assertion:1d884050e4fe3501ebb8b149
故障,电容内部电弧与介质汽化,发生于,设备,艉部谐波滤波器,case_equipment_index,仅在本声明来源及构型范围内使用,stated,02_reports/MAIB_2011_28_Queen_Mary_2_harmonic_filter_failure.pdf,13,Internal arcing between the capacitor plates developed,edge:48e8ca731b6949b6fe226eea,assertion:1709ae42cbe93a8804afab46
检查方法,交验转速传感器功能,记载于,来源,船机帮某型船主机遥控系统典型故障分析,provenance_index,仅在本声明来源及构型范围内使用,stated,01_datasets/marine_diesel_RAG_corpus_All_data/All_data/test/船机帮某型船主机遥控系统典型故障分析.md,,转速传感器外观检查无损伤，测量信号线绝缘正常，实验室交验功能正常,edge:48fc8015db311fc5363631c1,assertion:394a5bb4324a7e0b48345e92
状态,发电机定转子间隙减小,导致,状态,发电机定转子碰摩,source_statement,S6U-PTK与文中船舶发电机经验；部分表述不严谨，不采纳未经原厂确认的轴承结构改造建议。,stated,01_datasets/marine_diesel_RAG_corpus_All_data/All_data/test/船机帮船舶发电机常见故障及对策.md,,轴承内的滚珠因碎裂而移位，导致发电机转子下沉，缩短了定子与转子之间的距离，两者摩擦不断加重，最终引起发电机的短路故障。,edge:490ed9270a4d577354b0d3e2,assertion:0ccf98cced812918b924034a
状态,机舱火灾,记载于,来源,Finlandia Seaways engine failure and fire,provenance_index,仅在本声明来源及构型范围内使用,stated,02_reports/MAIB_2021_02_Finlandia_Seaways_connecting_rod_failure.pdf,9,catastrophic main engine failure that caused serious structural damage to the engine and a fire,edge:494800ed284e6fa491fc4011,assertion:a7ba11b14acfc2f9fdc2ccae
状态,缸套表面硬化需修复,记载于,来源,MAN SL2016-633 hard-coated piston rings and liner scuffing,provenance_index,仅在本声明来源及构型范围内使用,stated,02_reports/MAN_SL2016_633_piston_rings_scuffing.pdf,2,surface of the liner is hardened,edge:494989c6646324d7372338f9,assertion:680108d08c38b28060d7c7ea
状态,海水进口阀被淹无法接近,是概念的实例,状态,海水进口阀被淹无法接近,concept_alignment,仅在本声明来源及构型范围内使用,stated,02_reports/MAIB_2016_Safety_Digest_generator_oil_fire.pdf,59,could not reach the two sea water inlet valves,edge:494dd096b07f48badc76acb9,assertion:548a80a7c19a001f8c399ce7
运维措施,按储气瓶操作规程排放底部冷凝水,记载于,来源,船机帮船舶动力设备日常维护要点与常见故障排除,provenance_index,仅在本声明来源及构型范围内使用,stated,01_datasets/marine_diesel_RAG_corpus_All_data/All_data/test/船机帮船舶动力设备日常维护要点与常见故障排除.md,,每日排放空气瓶底部冷凝水,edge:4952b106589e47b376578cd1,assertion:d90ec87b9c988391a3a0ff4a
故障,喷油器壳体密封锥面裂纹,适用于,设备,柴油机,applicability_index,MAN B&W 5S60ME-C7；不可套用具体装配尺寸、压力或紧固参数到其他机型,stated,01_datasets/marine_diesel_RAG_corpus_All_data/All_data/test/船机帮5S60ME船用柴油机喷油器故障分析与对策.md,,"气缸内的高压高温燃气穿过喷油器壳体裂纹进入低压燃油中,随回油进入集油筒中导致集油筒中空气多而油位低引发报警",edge:4957c82a988995086599b1aa,assertion:b773e6a376db10e07e5fc864
部件,ME4连杆大端轴承盖,是概念的实例,部件,ME4连杆大端轴承盖,concept_alignment,仅在本声明来源及构型范围内使用,stated,02_reports/MAIB_2022_04_Wight_Sky_multiple_engine_failures.pdf,84,ME4 failed catastrophically because of an assembly error,edge:496175148ec21ea1ce76706b,assertion:2ce13dc1af11d4c7ba047c3c
事故案例,谐波滤波电容失效与全船失电,涉及,部件,电流不平衡互感器,case_index,仅在本声明来源及构型范围内使用,stated,02_reports/MAIB_2011_28_Queen_Mary_2_harmonic_filter_failure.pdf,13,explosion was triggered by deterioration in the capacitors,edge:4975e36211d55303ed5f95da,assertion:2eea4780f189e17573c002fb
状态,发动机声音沉闷异常,记载于,来源,船机帮船用柴油机的拉缸故障,provenance_index,仅在本声明来源及构型范围内使用,stated,01_datasets/marine_diesel_RAG_corpus_All_data/All_data/test/船机帮船用柴油机的拉缸故障.md,,发动机声音沉闷、异常，有时有震动现象；,edge:49977312662e596eb5974505,assertion:842e41ff608d4596b4ae3bd0
状态,扫气泄放油铁含量升高,记载于,来源,MAN SL2019-685 condition-based overhaul of cermet piston rings,provenance_index,仅在本声明来源及构型范围内使用,stated,02_reports/MAN_SL2019_685_ring_coating_wear.pdf,2,high iron content,edge:49c0dfa092c46213e8b1206d,assertion:0e5aff0af4192f6c66a22106
检查方法,修复后进行滑油取样复检,记载于,来源,船机帮船舶动力系统滑油水污染故障实例分析,provenance_index,仅在本声明来源及构型范围内使用,stated,01_datasets/marine_diesel_RAG_corpus_All_data/All_data/test/船机帮船舶动力系统滑油水污染故障实例分析.md,,滑油取样复检,edge:49c4a1cb8ec2289240bbb497,assertion:730202823533d1f898e97bf6
部件,DG1 5号连杆大端轴瓦,记载于,来源,Kommandor Susan catastrophic engine failure and fire,provenance_index,仅在本声明来源及构型范围内使用,stated,02_reports/MAIB_2026_10_Kommandor_Susan_generator_bearing_failure.pdf,1,catastrophic failure of a diesel generator engine,edge:49e5ffaa35b2c202b1e23e0a,assertion:6b9e63ffe69c98af2841d98a
状态,气缸密封不良,导致,状态,气缸压缩压力降低,source_statement,柴油机水冷机理二次资料；文中80–90℃等数值不能当作所有机型阈值。,stated,01_datasets/marine_diesel_RAG_corpus_All_data/All_data/test/船机帮柴油机冷却水过高或过低的危害.md,,气环开口处被胶结又使气缸密封不严而造成压缩不良,edge:4a6a1b336c6ec215377d6aec,assertion:9e0198211804a6d8f5c57f97
检查方法,追溯发电机低绝缘的储存环境,记载于,来源,STAMFORD AGN040 winding insulation system,provenance_index,仅在本声明来源及构型范围内使用,stated,02_reports/STAMFORD_AGN040_winding_insulation.pdf,6,investigation undertaken into the storage conditions,edge:4a89d8477bd6bf163eb5ed06,assertion:24dfd069da3532b1436dd8e5
参数,增压空气冷却器冷却水温度出口,表征,设备,试验柴油机,native_variable_dictionary,仅在本声明来源及构型范围内使用,stated,01_datasets/Marine_Engine_Fault_Data_v1/Marine_Engine_Fault_Data/variable_dictionary.csv,,"Charge Air IC Cooling Water Temp. Out,T17,°C,number,TRUE,TRUE,temperature,",edge:4a8f458a6cee254f346865dc,assertion:b92c7f8d1598e74eece4c0b8
运维措施,维持厂家要求的扫气冷却器水流量,应对,状态,扫气空气冷却器水流量过低,source_guidance_statement,扫气空气冷却器水侧；该证据描述低流量局部沸腾及管路汽蚀，不等同于已证明所有冷却泵汽蚀由此引起。,guidance,02_reports/MAN_main_engine_auxiliary_efficiency.pdf,11,maintains a constant cooling water flow,edge:4a8f99cbe407437f7a626e5b,assertion:adb7bf74d124323ac168dd6d
状态,排气阀弹簧异常振动,记载于,来源,船机帮船用共轨柴油机排气阀常见故障与排除,provenance_index,仅在本声明来源及构型范围内使用,stated,01_datasets/marine_diesel_RAG_corpus_All_data/All_data/test/船机帮船用共轨柴油机排气阀常见故障与排除.md,,气阀弹簧断裂，大多是因为振动造成的，也可能是因为材质、热处理不符合要求或在保管中锈蚀所致。,edge:4a9aaf59ec54c24cd9931493,assertion:e9e5d0e6ab9a317a26b00bd4
状态,燃油共轨压力不足,以参数描述,参数,燃油共轨压力,explicit_parameter_description,仅在本声明来源及构型范围内使用,stated,01_datasets/marine_diesel_RAG_corpus_All_data/All_data/test/船机帮高压共轨柴油机燃油喷射系统故障分析.md,,共轨压力不足,edge:4a9fb79edd4d8704c51592e1,assertion:9e6b5c913d0b01056f4ca6d7
检查方法,核验CPP倒车控制参数,检查,影响因素,可调螺距桨倒车参数设置错误,source_case_statement,本报告案例，不外推为所有船舶已证实根因,derived_action,02_reports/MAIB_2016_Safety_Digest_generator_oil_fire.pdf,29,parameters for astern pitch control had been incorrectly set,edge:4ab86a743eda8915bc98b1f2,assertion:7a64a56b1188b07326e37579
状态,气缸壁温度过高,增加风险,故障,主轴承咬死,source_statement,柴油机水冷机理二次资料；文中80–90℃等数值不能当作所有机型阈值。,possible,01_datasets/marine_diesel_RAG_corpus_All_data/All_data/test/船机帮柴油机冷却水过高或过低的危害.md,,由于气缸的温度太高，缸壁上的润滑油容易烧焦、积炭，促使零件磨损加快，严重时会造成拉缸、抱轴和烧瓦等事故。,edge:4ae55020d113baf73cf73126,assertion:6a7c2df3604d2c954d3c9d0a
参数,3缸最高缸压,记载于,来源,variable_dictionary,provenance_index,仅在本声明来源及构型范围内使用,stated,01_datasets/Marine_Engine_Fault_Data_v1/Marine_Engine_Fault_Data/variable_dictionary.csv,,"Max. In-Cylinder Press. No.3,Pmax,MPa,number,TRUE,TRUE,pressure / derived pressure,shorthand label is reused across cylinder-resolved and/or aggregate variables; use the full variable-name row during preprocessing",edge:4b04ce946230afb4223800a6,assertion:1c282f826dbe6b5e4905444a
状态,燃油燃烧不完全,记载于,来源,船机帮柴油机冷却水过高或过低的危害,provenance_index,仅在本声明来源及构型范围内使用,stated,01_datasets/marine_diesel_RAG_corpus_All_data/All_data/test/船机帮柴油机冷却水过高或过低的危害.md,,将造成压缩终了温度下降、着火延迟和燃烧条件恶化，导致燃烧不完全、柴油机工作粗暴和排气冒黑烟。,edge:4b07402071b8b2c5b28c8fe7,assertion:7f0b0734b633881a8c6d7a93
运维措施,按原厂周期更换空气压缩机润滑油,适用于,设备,船舶动力装置,applicability_index,综合维护二次文章，原厂和标准出处未独立证实；不采纳文中统一周期、报警值、压力值、浮动轴承加脂和未经验证改造方案。以下仅用于检索维护主题，由适用机型规程决定具体操作。,stated,01_datasets/marine_diesel_RAG_corpus_All_data/All_data/test/船机帮船舶动力设备日常维护要点与常见故障排除.md,,空气压缩机每运行 500 h 更换润滑油,edge:4b0b1d3c75d2f1cdef770391,assertion:d2e7b6bd0a821bb7c0bb49cc
检查方法,测量转速传感器信号频率,记载于,来源,船机帮某型船主机遥控系统典型故障分析,provenance_index,仅在本声明来源及构型范围内使用,stated,01_datasets/marine_diesel_RAG_corpus_All_data/All_data/test/船机帮某型船主机遥控系统典型故障分析.md,,用万用表测量转速传感器转速信号频率，与车令对应转速设定值一致，通过示波表监测转速信号波形，发现部分波形有幅值偏低的现象。,edge:4b340f0481e6fbe283446c02,assertion:54e3585f52dd79c0a3cf22d3
状态,进气流阻增大,导致,状态,增压能力降低,source_statement,S6U-PTK与文中船舶发电机经验；部分表述不严谨，不采纳未经原厂确认的轴承结构改造建议。,stated,01_datasets/marine_diesel_RAG_corpus_All_data/All_data/test/船机帮船舶发电机常见故障及对策.md,,增压器的滤网不清洁，造成流阻增大，增压能力被降低，致使电机燃烧室缺乏氧气无法有效燃烧；,edge:4b34a9fc87719e3b3d236419,assertion:4547a38e693402c8ffb9d80d
故障,齿轮裂纹,记载于,来源,船机帮船用齿轮箱故障分析与管理对策,provenance_index,仅在本声明来源及构型范围内使用,stated,01_datasets/marine_diesel_RAG_corpus_All_data/All_data/test/船机帮船用齿轮箱故障分析与管理对策.md,,如热处理的残余应力控制不当，会引起钢件在一定时间后或在随后的切削加工中产生变形或裂纹,edge:4b3ae10eb62267688df543eb,assertion:afe258cafc03993942815842
运维措施,航行中保持驾驶台值守与报警响应,适用于,设备,主机海水冷却与舱底排水装置,applicability_index,本报告案例，不外推为所有船舶已证实根因,stated,02_reports/MAIB_2016_Safety_Digest_generator_oil_fire.pdf,60,Never leave the wheelhouse unmanned when underway,edge:4b3dfa342bf9d4076c109635,assertion:715b17d192635e75663f719e
运维措施,确认失衡后按厂家程序校正转子动平衡,适用于,设备,船舶动力装置,applicability_index,综合维护二次文章，原厂和标准出处未独立证实；不采纳文中统一周期、报警值、压力值、浮动轴承加脂和未经验证改造方案。以下仅用于检索维护主题，由适用机型规程决定具体操作。,stated,01_datasets/marine_diesel_RAG_corpus_All_data/All_data/test/船机帮船舶动力设备日常维护要点与常见故障排除.md,,若偏差过大需离线进行动平衡校正,edge:4b593bc17e42fbfe4b717705,assertion:243b9f4f20f0a55a80beaa45
参数,增压空气冷却器热损失功率,表征,设备,试验柴油机,native_variable_dictionary,仅在本声明来源及构型范围内使用,stated,01_datasets/Marine_Engine_Fault_Data_v1/Marine_Engine_Fault_Data/variable_dictionary.csv,,"Loss in Charge Air IC,Qrej_air,kW,number,TRUE,TRUE,performance / derived,",edge:4b73e80150750300c8ae0411,assertion:cdd6c57622fc6dbafe7760d0
故障,排气阀烧损,适用于,设备,共轨柴油机,applicability_index,共轨柴油机排气阀，厂家与具体型号未确定；仅作机理检索测试，不作直接操作授权。,stated,01_datasets/marine_diesel_RAG_corpus_All_data/All_data/test/船机帮船用共轨柴油机排气阀常见故障与排除.md,,排气阀烧损，一般是排气阀密封不良，造成高温燃气泄漏，烧穿金属材料。,edge:4b74b32add082cb048170249,assertion:f5e0b76d5be3a15f16adfd99
运维措施,委托原厂或合格服务方检修调速器,应对,故障,柴油机飞车,source_recommendation,调速器维修经验；不同调速器针阀与补偿调节不可照抄，飞车必须执行本船应急规程。,stated,01_datasets/marine_diesel_RAG_corpus_All_data/All_data/test/船机帮船用柴油机调速器的维护与保养十飞车故障.md,,维修调速器最好找原厂服务。,edge:4b846381aac4b7688703d875,assertion:24e7286c1a4a7c78153282ac
故障,发电机轴承机械磨损,记载于,来源,STAMFORD AGN039 marine shaft generators,provenance_index,仅在本声明来源及构型范围内使用,stated,02_reports/STAMFORD_AGN039_marine_shaft_generators.pdf,2,bearing regreasing instructions,edge:4bb3d44d2bf32b1f880c4e3f,assertion:42e3aaba4ead11d6dc80de04
运维措施,按厂家指定脂种补充风扇驱动轴承润滑脂,适用于,设备,柴油发电机,applicability_index,Caterpillar3512冬季维护经验，原始应用场景不一定为船舶；仅提取可迁移维护主题，必须核对船用构型，排除未获批准的自主回油改造及统一数值。,stated,01_datasets/marine_diesel_RAG_corpus_All_data/All_data/test/船机帮冬季卡特柴油发电机组的安全运行.md,,加注风扇驱动轴承的润滑脂加注嘴,edge:4c010ec97f526af2c497760e,assertion:02f5705212fd733bbd878642
运维措施,按厂商通告更换背压阀,应对,故障,CPP背压阀磨损卡滞,source_case_statement,本报告案例，不外推为所有船舶已证实根因,reported_action,02_reports/MAIB_2015_22_Pride_of_Canterbury_CPP_hydraulic_fire.pdf,35,replace back pressure valves at least every 15 years,edge:4c03be958c8b2dd6c68da521,assertion:f4c1cb341b0d94beeb39312f
状态,高压共轨与低压供油管路连通,导致,状态,燃油共轨压力无法建立,source_statement,航浚6008/MAN L32/44CR与CR2.2；轨压数值、扭矩与拆装必须核对本机手册。,stated,01_datasets/marine_diesel_RAG_corpus_All_data/All_data/test/船机帮高压共轨柴油机燃油喷射系统故障分析.md,,冲洗单向阀 12 止回功能失效，使整个共轨系统直接与 12bar 的供油管路相通，无法建立轨压而启动失败。,edge:4cadfac385f5350f58d3bda3,assertion:4dbd7f9c84451a653e122589
故障,柴油发电机灾难性失效,记载于,来源,Kommandor Susan catastrophic engine failure and fire,provenance_index,仅在本声明来源及构型范围内使用,stated,02_reports/MAIB_2026_10_Kommandor_Susan_generator_bearing_failure.pdf,5,most likely root cause is failure of connecting rod bearing number five,edge:4cb51f814d8081826b152f61,assertion:2ac7d7395ba7e614494ea8d6
运维措施,开展机舱进水应急演练,应对,状态,机舱进水,source_case_statement,本报告案例，不外推为所有船舶已证实根因,derived_action,02_reports/MAIB_2016_Safety_Digest_generator_oil_fire.pdf,41,never carried out an engine room flooding drill,edge:4cbc9fab4fbe686d87dcbfc5,assertion:0b080ce06ac32628c104339e
故障,齿轮疲劳断裂,适用于,设备,减速齿轮箱,applicability_index,GW系列船用齿轮箱；通用机理与A/B船匿名案例须区分，尺寸不能跨机型套用。,stated,01_datasets/marine_diesel_RAG_corpus_All_data/All_data/test/船机帮船用齿轮箱故障分析与管理对策.md,,若齿轮突然过载就可能会超负荷造成突然断裂；若非突然断裂，齿轮重复受过载力，造成应力集中，也会导致疲劳裂纹，进而导致疲劳断裂。,edge:4cd5efd83f07469c98e2b642,assertion:728f8bd0c97b226ffa63720a
检查方法,按适用规程荧光渗透检测缸套裂纹,适用于,设备,滑油冷却器,applicability_index,海水冷却的推进柴油机滑油系统；匿名二次报道。文中压力试验参数和标准引用未独立核实，不作为通用操作依据。,stated,01_datasets/marine_diesel_RAG_corpus_All_data/All_data/test/船机帮船舶动力系统滑油水污染故障实例分析.md,,通过超声波探伤或荧光渗透法检查缸套表面及内部裂纹,edge:4ce63b0609fdfc7e44980f12,assertion:620689fbaf4b2370f2f17a5e
运维措施,按机型维护要求保持压气机叶轮清洁,作用于,部件,压气机叶轮,source_recommendation,船用废气涡轮增压器；拆装细节为VTR400示例，必须服从适用机型手册。,stated,01_datasets/marine_diesel_RAG_corpus_All_data/All_data/test/船机帮船舶柴油机废气涡轮增压器振动的主要原因有哪些.md,,管理中注意压气机进气滤器、叶轮、扩压器、空气冷却器、进气口和排气口、涡轮喷嘴环、叶片等流通部分的清洁，就会防止和消除喘振，也就会使振动消失。,edge:4cf047332a4dee62c3401db3,assertion:1b591a012c16b429c818c828
运维措施,按机型维护要求保持增压器排气口清洁,记载于,来源,船机帮船舶柴油机废气涡轮增压器振动的主要原因有哪些,provenance_index,仅在本声明来源及构型范围内使用,stated,01_datasets/marine_diesel_RAG_corpus_All_data/All_data/test/船机帮船舶柴油机废气涡轮增压器振动的主要原因有哪些.md,,管理中注意压气机进气滤器、叶轮、扩压器、空气冷却器、进气口和排气口、涡轮喷嘴环、叶片等流通部分的清洁，就会防止和消除喘振，也就会使振动消失。,edge:4cf507e2568dbc6031ce785d,assertion:f6809698f11ce15dd1039c52
检查方法,停机隔离后按手册拆检活塞,记载于,来源,船机帮柴油机轴瓦抱轴故障分析,provenance_index,仅在本声明来源及构型范围内使用,stated,01_datasets/marine_diesel_RAG_corpus_All_data/All_data/test/船机帮柴油机轴瓦抱轴故障分析.md,,对故障柴油机进行拆检，拆下柴油机外围管路、气缸盖，拆除活塞、连杆组件和曲轴。,edge:4cff9fd4ac6eea6d2f020b63,assertion:5599e203a1b10968113958e2
故障,CPP回油法兰破裂,是概念的实例,故障,CPP回油法兰破裂,concept_alignment,仅在本声明来源及构型范围内使用,stated,02_reports/MAIB_2015_22_Pride_of_Canterbury_CPP_hydraulic_fire.pdf,29,flanged joint ruptured because the CPP system became over- pressurised,edge:4d0fb3779a05f30e40f7afee,assertion:c06cf2e69bab178f0b80bd8e
状态,被冷却部件热过载,记载于,来源,MAN SL2016-623 cooling water treatment and periodical testing,provenance_index,仅在本声明来源及构型范围内使用,stated,02_reports/MAN_SL2016_623_cooling_water.pdf,2,may result in thermal overload,edge:4d2abccd8c51d7cbc5ed0569,assertion:84fb891677ac2826fc57d53c
状态,轴电流通过滚动轴承,导致,故障,电机与发电机轴承电蚀,source_guidance_statement,具有闭合轴电流路径的旋转电机；轴承绝缘和接地刷方案按厂家/机型确定，不能假定全部STAMFORD机型都需要绝缘轴承。,guidance,02_reports/STAMFORD_AGN033_bearing_currents.pdf,1,electrical erosion of the bearing materials,edge:4d2c69eae2e101073d99dacc,assertion:ff55ff0509dc08ba62615446
故障,增压器轴承烧伤,表现为,状态,增压器轴承摩擦力矩增大,source_statement,船用废气涡轮增压器；拆装细节为VTR400示例，必须服从适用机型手册。,stated,01_datasets/marine_diesel_RAG_corpus_All_data/All_data/test/船机帮船舶柴油机废气涡轮增压器振动的主要原因有哪些.md,,轴承长时间使用后产生磨损、变形、裂纹和烧伤时，使摩擦力矩增大，转速下降，振动和噪声大增。,edge:4d3e56513b5e2e4571c1d377,assertion:7c298238aaca5f5d2428025d
船舶,Queen Mary 2,发生案例,事故案例,谐波滤波电容失效与全船失电,case_index,仅在本声明来源及构型范围内使用,stated,02_reports/MAIB_2011_28_Queen_Mary_2_harmonic_filter_failure.pdf,13,explosion was triggered by deterioration in the capacitors,edge:4d4d4adcab2d373cd80dbae2,assertion:c60d1de3e4ade806886e56f0
状态,海水经泵进口管大量流入,导致,状态,机舱进水,source_case_statement,本报告案例，不外推为所有船舶已证实根因,reported,02_reports/MAIB_2016_Safety_Digest_generator_oil_fire.pdf,40,master that the engine room was flooding,edge:4d5194e6a98cac3258d12d6d,assertion:e61b325f985173b8d73df742
检查方法,委托合格机构检验主轴瓦材料质量,适用于,设备,柴油机,applicability_index,某型巡逻船试航故障二次报道；排查中已排除的原因不作为本案正向根因，油品及公差不能跨机型使用。,stated,01_datasets/marine_diesel_RAG_corpus_All_data/All_data/test/船机帮柴油机轴瓦抱轴故障分析.md,,"对故障机主轴瓦送第三方公司检测,未发现异常。",edge:4d7cd6a376902fff1a25cb18,assertion:097064705f338851b75165ae
状态,冷却器机械振动,增加风险,故障,滑油冷却器焊缝开裂,source_statement,海水冷却的推进柴油机滑油系统；匿名二次报道。文中压力试验参数和标准引用未独立核实，不作为通用操作依据。,possible,01_datasets/marine_diesel_RAG_corpus_All_data/All_data/test/船机帮船舶动力系统滑油水污染故障实例分析.md,,船舶运行中机械振动导致冷却器焊缝开裂或管束断裂。,edge:4d7f1018445dd190cfffe7d2,assertion:1f996a1f5faf80a287162c3a
系统,燃油与进排气系统,记载于,来源,MAIB Safety Digest 2013 lubrication and bearing cases,provenance_index,仅在本声明来源及构型范围内使用,stated,02_reports/MAIB_2013_Safety_Digest_lubrication_bearing_cases.pdf,40,small passenger catamaran,edge:4d830da48abeda8974982436,assertion:330405e4509f0127d342dae6
故障,排气阀阀壳裂纹,记载于,来源,船机帮船用共轨柴油机排气阀常见故障与排除,provenance_index,仅在本声明来源及构型范围内使用,stated,01_datasets/marine_diesel_RAG_corpus_All_data/All_data/test/船机帮船用共轨柴油机排气阀常见故障与排除.md,,阀壳产生裂纹，通常由于安装时将固定螺栓拧得太紧造成的。,edge:4da1ce3af291fe056a1b04d1,assertion:27ee8f8aa1bbcdd92f2e8a03
故障,缸套黏着拉伤,导致,状态,缸套表面硬化需修复,source_guidance_statement,MAN B&W两冲程柴油机缸套/活塞环；2016通函用于机理，润滑油选择须查2023通函及本机手册。不能把活塞咬死一概等同于已证实拉缸。,guidance,02_reports/MAN_SL2016_633_piston_rings_scuffing.pdf,2,surface of the liner is hardened,edge:4da2311dd928de95b73eb43c,assertion:ded314099fa163860108de7d
状态,机油高温报警,记载于,来源,Windcat 8 connecting rod big-end bearing failure,provenance_index,仅在本声明来源及构型范围内使用,stated,02_reports/MAIB_2018_01_Windcat8_bearing_failure_fire.pdf,1,A high oil temperature alarm prior to the engine failure,edge:4dd5db98d822c5d15dcef7bc,assertion:d7a7395a0b4cef7d4c6418d3
故障,高压共轨燃油泄漏,增加风险,状态,机舱火灾,source_statement,航浚6008/MAN L32/44CR与CR2.2；轨压数值、扭矩与拆装必须核对本机手册。,possible,01_datasets/marine_diesel_RAG_corpus_All_data/All_data/test/船机帮高压共轨柴油机燃油喷射系统故障分析.md,,高压燃油一旦出现泄漏故障，须及时定位排除，否则将有击伤、火灾甚至爆炸危险。,edge:4dda79151bba0fad46651024,assertion:d3a0f112686c5b4d458033ce
设备,发电机主开关,记载于,来源,船机帮船舶柴油发电机主开关并网合闸失败故障的分析与排查,provenance_index,仅在本声明来源及构型范围内使用,stated,01_datasets/marine_diesel_RAG_corpus_All_data/All_data/test/船机帮船舶柴油发电机主开关并网合闸失败故障的分析与排查.md,,若扩展箱存在问题，会导致“安全停车”信号断开。,edge:4df6910b23f0c654a4930f02,assertion:d7a1bef91683747e62cf682a
状态,进水停机序列启动,记载于,来源,Spirit of Discovery loss of propulsion in heavy weather,provenance_index,仅在本声明来源及构型范围内使用,stated,02_reports/MAIB_2026_06_Spirit_of_Discovery_propulsion_loss.pdf,43,low position of the bilge sensor meant that it could be activated by a relatively small amount of liquid,edge:4df7b928a9b13dca750fc597,assertion:e25ab9b2a90c67f8cb4790a2
故障,主轴承瓦片转位,适用于,设备,ME2主机,applicability_index,本报告案例，不外推为所有船舶已证实根因,stated,02_reports/MAIB_2022_04_Wight_Sky_multiple_engine_failures.pdf,84,oilway to the main journal and crankpin was blocked off when the bearing shells turned,edge:4e000272eb37ff3aba7be436,assertion:93b5231dfd720ff644baf495
部件,调速器反馈机构,记载于,来源,船机帮船舶发电机常见故障及对策,provenance_index,仅在本声明来源及构型范围内使用,stated,01_datasets/marine_diesel_RAG_corpus_All_data/All_data/test/船机帮船舶发电机常见故障及对策.md,,检查调速器，包括各汽缸的清洁和油位，阀杆是否卡阻，调速器内部转动及反馈系统。,edge:4e1dfdb33a28db54d70820e7,assertion:b0cc2cc1d8bb581906992209
检查方法,取样检测滑油金属磨粒,记载于,来源,船机帮船舶动力系统滑油水污染故障实例分析,provenance_index,仅在本声明来源及构型范围内使用,stated,01_datasets/marine_diesel_RAG_corpus_All_data/All_data/test/船机帮船舶动力系统滑油水污染故障实例分析.md,,油液理化指标、金属磨粒指标、外源污染元素,edge:4e1e1eebeb44e509db5dda14,assertion:adb9081fb499469142788da0
事故案例,大风浪中吊舱推进丧失,涉及,影响因素,吊舱舱底传感器位置偏低,case_index,仅在本声明来源及构型范围内使用,stated,02_reports/MAIB_2026_06_Spirit_of_Discovery_propulsion_loss.pdf,43,low position of the bilge sensor meant that it could be activated by a relatively small amount of liquid,edge:4e287980343742a80ba1a4be,assertion:4bd5afcafa751f3ceffb6aaa
检查方法,交验转速传感器功能,检查,部件,转速传感器,source_check,12V20/27、双机双轴双桨定距推进的文中闭环调速构型；信号接口及间隙不可跨机型套用。,stated,01_datasets/marine_diesel_RAG_corpus_All_data/All_data/test/船机帮某型船主机遥控系统典型故障分析.md,,转速传感器外观检查无损伤，测量信号线绝缘正常，实验室交验功能正常,edge:4e40cef266cfd0522ea6c61a,assertion:d216d3950851b88beeecc559
事故案例,主机重装后轴承失效与火灾,涉及,部件,故障主机5号主轴承,case_index,仅在本声明来源及构型范围内使用,stated,02_reports/MAIB_2018_14_Wight_Sky_engine_bearing_fire.pdf,1,debris in the engine’s oil channels following rebuild,edge:4e43a9841ab180c6e5e05e33,assertion:2bd31cad6469d97948f5c18f
部件,进气滤器,记载于,来源,船机帮船舶柴油机废气涡轮增压器振动的主要原因有哪些,provenance_index,仅在本声明来源及构型范围内使用,stated,01_datasets/marine_diesel_RAG_corpus_All_data/All_data/test/船机帮船舶柴油机废气涡轮增压器振动的主要原因有哪些.md,,管理中注意压气机进气滤器、叶轮、扩压器、空气冷却器、进气口和排气口、涡轮喷嘴环、叶片等流通部分的清洁，就会防止和消除喘振，也就会使振动消失。,edge:4e58565da6d1dcb61869bff0,assertion:d21a843993159b8fccc17228
状态,轴电流通过滚动轴承,记载于,来源,STAMFORD AGN033 shaft bearing currents,provenance_index,仅在本声明来源及构型范围内使用,stated,02_reports/STAMFORD_AGN033_bearing_currents.pdf,1,voltage (electrical pressure) generated,edge:4e67bd08c1ec23be45ac88f5,assertion:5a931dbaea74efb5ae3c793b
参数,2缸指示功,记载于,来源,variable_dictionary,provenance_index,仅在本声明来源及构型范围内使用,stated,01_datasets/Marine_Engine_Fault_Data_v1/Marine_Engine_Fault_Data/variable_dictionary.csv,,"Indicated Work No.2,Wi,J,number,TRUE,TRUE,performance / derived,shorthand label is reused across cylinder-resolved and/or aggregate variables; use the full variable-name row during preprocessing",edge:4e8aac1abb3f2f7ccff6a5f3,assertion:84f3e25483ffa4a7aeeb8e32
运维措施,按手册疏通泄漏报警盒节流孔,记载于,来源,船机帮高压共轨柴油机燃油喷射系统故障分析,provenance_index,仅在本声明来源及构型范围内使用,stated,01_datasets/marine_diesel_RAG_corpus_All_data/All_data/test/船机帮高压共轨柴油机燃油喷射系统故障分析.md,,报警是因为报警检测盒内部节流孔堵塞所致的误报警，疏通即可。,edge:4e8bcdaa93ca70191b70b547,assertion:3edded3e16f34428a87890c9
故障,柴油发电机灾难性失效,导致,状态,机舱火灾,source_case_statement,本报告案例，不外推为所有船舶已证实根因,reported,02_reports/MAIB_2026_10_Kommandor_Susan_generator_bearing_failure.pdf,1,The failure resulted in an engine room fire and a complete power blackout,edge:4e918f71a339bf60a3e95fa2,assertion:918dfa6ec071cd1625e42647
检查方法,按机型规程隔离并检漏空压机冷却器,适用于,设备,柴油机,applicability_index,文中共享中央淡水冷却回路；须核对本船空压机冷却器与副机回路连接,stated,01_datasets/marine_diesel_RAG_corpus_All_data/All_data/test/船机帮一起副机冷却水失压停车故障的处理和原因分析.md,,"隔离 No.3 主空压机, 检查其高、低压冷却器并泵压试验",edge:4e9eed60fbcf2995cee3abe7,assertion:aaca06663ca9d5ce226bcff4
部件,压缩空气安全阀,记载于,来源,船机帮船舶动力设备日常维护要点与常见故障排除,provenance_index,仅在本声明来源及构型范围内使用,stated,01_datasets/marine_diesel_RAG_corpus_All_data/All_data/test/船机帮船舶动力设备日常维护要点与常见故障排除.md,,每半年进行安全阀送岸校验,edge:4ea2f3b17a903d2f6351c241,assertion:c87791fc77767cce4413de86
检查方法,按手册检验缸套水腔密封性,检查,状态,冷却水沿缸套进入曲轴箱,source_check,海水冷却的推进柴油机滑油系统；匿名二次报道。文中压力试验参数和标准引用未独立核实，不作为通用操作依据。,stated,01_datasets/marine_diesel_RAG_corpus_All_data/All_data/test/船机帮船舶动力系统滑油水污染故障实例分析.md,,定期检测缸套水腔密封性，重点检查缸套阻水圈、水腔盖板垫片等薄弱点，发现渗漏立即更换密封件,edge:4eac65c4c7e78b145043ecb6,assertion:76b7bd0bc743d176777baf68
运维措施,按手册更换密封面损伤的高压油管,适用于,设备,高压共轨燃油喷射装置,applicability_index,航浚6008/MAN L32/44CR与CR2.2；轨压数值、扭矩与拆装必须核对本机手册。,stated,01_datasets/marine_diesel_RAG_corpus_All_data/All_data/test/船机帮高压共轨柴油机燃油喷射系统故障分析.md,,可清洁密封面并涂专用白油，按说明书要求规范对中安装；发现有明显伤痕，则需更换高压油管或有关零部件。,edge:4eb0ac3be96b650b1a461f32,assertion:4239a869593ee2313474185d
检查方法,取样检测滑油外源污染元素,检查,状态,海水进入滑油回路,source_check,海水冷却的推进柴油机滑油系统；匿名二次报道。文中压力试验参数和标准引用未独立核实，不作为通用操作依据。,stated,01_datasets/marine_diesel_RAG_corpus_All_data/All_data/test/船机帮船舶动力系统滑油水污染故障实例分析.md,,油液理化指标、金属磨粒指标、外源污染元素,edge:4edee3c8b598e1ddb79c8c11,assertion:782ad3b5f1c352935d116d54
设备,高压共轨燃油喷射装置,记载于,来源,船机帮高压共轨柴油机燃油喷射系统故障分析,provenance_index,仅在本声明来源及构型范围内使用,stated,01_datasets/marine_diesel_RAG_corpus_All_data/All_data/test/船机帮高压共轨柴油机燃油喷射系统故障分析.md,,冲洗单向阀 12 止回功能失效，使整个共轨系统直接与 12bar 的供油管路相通，无法建立轨压而启动失败。,edge:4efd9aa25e51785c06e6086f,assertion:7aa3605c9509da79f3d599ef
事故案例,燃油法兰松动与主机火灾,涉及,影响因素,未完成厂商四螺钉法兰改造,case_index,仅在本声明来源及构型范围内使用,stated,02_reports/MAIB_2024_20_Stena_Europe_fuel_spray_fire.pdf,29,risk of fuel leakage remained high,edge:4f017b3f4ab437cc31a1ff8c,assertion:aa4a137792eaf4884de79709
运维措施,修订备用气瓶切换与隔离检查卡,记载于,来源,MAIB Safety Digest 2013 lubrication and bearing cases,provenance_index,仅在本声明来源及构型范围内使用,stated,02_reports/MAIB_2013_Safety_Digest_lubrication_bearing_cases.pdf,15,need to isolate the main air cylinder,edge:4f5e29cbd84844e81d409ca3,assertion:d3e323b2f41e58105802c6b3
影响因素,可调螺距桨倒车参数设置错误,记载于,来源,MAIB Safety Digest 2016 generator oil fire case,provenance_index,仅在本声明来源及构型范围内使用,stated,02_reports/MAIB_2016_Safety_Digest_generator_oil_fire.pdf,29,parameters for astern pitch control had been incorrectly set,edge:4f5f12ae4ec4efadf5b56c0e,assertion:a5eb5290adbea50ec198c18c
状态,机舱进水,导致,状态,海水进口阀被淹无法接近,source_case_statement,本报告案例，不外推为所有船舶已证实根因,reported,02_reports/MAIB_2016_Safety_Digest_generator_oil_fire.pdf,59,could not reach the two sea water inlet valves,edge:4f6566c505db1bba7fb3b226,assertion:42b0339b05bd4c83200a389c
状态,减振器滑油供给不足或含水污染,记载于,来源,MAN SL2017-654 crankshaft torsional vibration damper,provenance_index,仅在本声明来源及构型范围内使用,stated,02_reports/MAN_SL2017_654_torsional_damper.pdf,1,will reduce the service life,edge:4f75c24fda58f94ca5e4357e,assertion:f5a2195f4654911820459be5
检查方法,检查柴油机异常振动与气阀磨损,记载于,来源,船机帮船用共轨柴油机排气阀常见故障与排除,provenance_index,仅在本声明来源及构型范围内使用,stated,01_datasets/marine_diesel_RAG_corpus_All_data/All_data/test/船机帮船用共轨柴油机排气阀常见故障与排除.md,,经常检查柴油机振动情况，以免因异常振动造成排气阀过度磨损而引起密封不良,edge:4fd73f7138efbccd45e76ebd,assertion:9b377b8173a62ee8fe324c3f
事故案例,大风浪中吊舱推进丧失,涉及,状态,进水停机序列启动,case_index,仅在本声明来源及构型范围内使用,stated,02_reports/MAIB_2026_06_Spirit_of_Discovery_propulsion_loss.pdf,43,low position of the bilge sensor meant that it could be activated by a relatively small amount of liquid,edge:4fe9c6e0b0613359f37194d3,assertion:ef7cba1ffaa49103b6cf1f46
运维措施,修订备用气瓶切换与隔离检查卡,适用于,设备,控制空气供给与主机离合装置,applicability_index,本报告案例，不外推为所有船舶已证实根因,stated,02_reports/MAIB_2013_Safety_Digest_lubrication_bearing_cases.pdf,15,need to isolate the main air cylinder,edge:4febdfaa70df88d9565edc43,assertion:c68d973ec74ad16ed3861187
事故案例,DG1发电机故障与失电,涉及,状态,电动锚机无法释放锚,case_index,仅在本声明来源及构型范围内使用,stated,02_reports/MAIB_2026_10_Kommandor_Susan_generator_bearing_failure.pdf,1,anchor winches required electrical power to operate,edge:4fede21504941737f28f21b7,assertion:4cb79969bee4dfce741c901b
参数,总指示功,记载于,来源,variable_dictionary,provenance_index,仅在本声明来源及构型范围内使用,stated,01_datasets/Marine_Engine_Fault_Data_v1/Marine_Engine_Fault_Data/variable_dictionary.csv,,"Total Indicated work,Wi_tot,J,number,TRUE,TRUE,performance / derived,",edge:4ff25490e861ec66314fcb71,assertion:fa36c9008a24a6df07ccdeb9
影响因素,燃油钒钠等腐蚀性成分,促成,故障,排气阀高温腐蚀,source_statement,共轨柴油机排气阀，厂家与具体型号未确定；仅作机理检索测试，不作直接操作授权。,stated,01_datasets/marine_diesel_RAG_corpus_All_data/All_data/test/船机帮船用共轨柴油机排气阀常见故障与排除.md,,钒、钠等高温燃烧产物腐蚀排气阀。,edge:501c50aa75691f71ca3a953f,assertion:a696ade97151db22bfb08b1c
检查方法,定期进行齿轮箱滑油色谱分析,记载于,来源,船机帮船用齿轮箱故障分析与管理对策,provenance_index,仅在本声明来源及构型范围内使用,stated,01_datasets/marine_diesel_RAG_corpus_All_data/All_data/test/船机帮船用齿轮箱故障分析与管理对策.md,,检查滑油过滤器的杂质，通过观察初步判断内部的磨损情况。定期进行滑油的色谱分析，进一步根据滑油的杂质来掌握磨损。,edge:502402b4f4e5ab8b8c4f0f7e,assertion:2e7cff94e4a7b50a1ff09399
故障,CPP背压阀磨损卡滞,发生于,设备,右舷可调螺距桨液压装置,case_equipment_index,仅在本声明来源及构型范围内使用,stated,02_reports/MAIB_2015_22_Pride_of_Canterbury_CPP_hydraulic_fire.pdf,29,back pressure valve (PSV3) becoming jammed in the closed position,edge:502eea710273a5a88c7818b8,assertion:0fb23f66213ae9ed7904c0bf
运维措施,按规定使用周期更换增压器轴承,适用于,设备,废气涡轮增压器,applicability_index,船用废气涡轮增压器；拆装细节为VTR400示例，必须服从适用机型手册。,stated,01_datasets/marine_diesel_RAG_corpus_All_data/All_data/test/船机帮船舶柴油机废气涡轮增压器振动的主要原因有哪些.md,,为此应按轴承规定的使用期按时更换轴承，发生损坏时更应即时更换轴承。,edge:50309910f378cb35ba3c6001,assertion:4e5689599dcf9235503de0b9
故障,轴系或联轴器疲劳磨损损伤,适用于,系统,传动与推进系统,functional_classification,内燃机-发电机传动链一般机理；证据支持扭振导致失效风险及电气故障转矩冲击，但未建立某大型船主轴联轴器断裂的已证实事故链。,stated,02_reports/STAMFORD_AGN235_torsional_analysis.pdf,2,prevent fatigue or wear damage,edge:50422e665e1b2556bf517a10,assertion:5c69d7dfeef32235f6f6de12
检查方法,检查调速器驱动轴完整性,适用于,设备,柴油机调速器,applicability_index,调速器维修经验；不同调速器针阀与补偿调节不可照抄，飞车必须执行本船应急规程。,stated,01_datasets/marine_diesel_RAG_corpus_All_data/All_data/test/船机帮船用柴油机调速器的维护与保养十飞车故障.md,,调速器驱动轴是否扭断。,edge:504ab8a4b32fa049e880ef1d,assertion:fd61420d614a1165010a598f
事故案例,谐波滤波电容失效与全船失电,涉及,状态,失去推进,case_index,仅在本声明来源及构型范围内使用,stated,02_reports/MAIB_2011_28_Queen_Mary_2_harmonic_filter_failure.pdf,13,vessel was clear of navigational hazards and drifted in open sea,edge:504eeb2524c6067457c4d636,assertion:af76927c2ea0b6014ac6a0f0
检查方法,检查扫气冷却器流量及水侧状态,记载于,来源,MAN efficiency improvements main engine auxiliary systems,provenance_index,仅在本声明来源及构型范围内使用,stated,02_reports/MAN_main_engine_auxiliary_efficiency.pdf,11,maintains a constant cooling water flow,edge:5062f7f8555b313e8da7142a,assertion:be825d2fb9d0f1ca76de1739
运维措施,按认可方法对冷却回路除垢,记载于,来源,船机帮船舶动力设备日常维护要点与常见故障排除,provenance_index,仅在本声明来源及构型范围内使用,stated,01_datasets/marine_diesel_RAG_corpus_All_data/All_data/test/船机帮船舶动力设备日常维护要点与常见故障排除.md,,使用专用清洗剂除垢,edge:506ea1aab7a4b22077a42a35,assertion:079e25c0655c0bb4919d549b
部件,主轴瓦,记载于,来源,船机帮柴油机轴瓦抱轴故障分析,provenance_index,仅在本声明来源及构型范围内使用,stated,01_datasets/marine_diesel_RAG_corpus_All_data/All_data/test/船机帮柴油机轴瓦抱轴故障分析.md,,"对故障机主轴瓦送第三方公司检测,未发现异常。",edge:507018170f3b51480de30e39,assertion:b6633fba21639ed22546c400
故障,增压器轴承磨损,表现为,状态,增压器噪声增大,source_statement,船用废气涡轮增压器；拆装细节为VTR400示例，必须服从适用机型手册。,stated,01_datasets/marine_diesel_RAG_corpus_All_data/All_data/test/船机帮船舶柴油机废气涡轮增压器振动的主要原因有哪些.md,,轴承长时间使用后产生磨损、变形、裂纹和烧伤时，使摩擦力矩增大，转速下降，振动和噪声大增。,edge:507465e637f383ee4898dbe0,assertion:9809bb55011018192f95d504
检查方法,隔离后由合格人员检测绝缘电阻与极化指数,记载于,来源,STAMFORD AGN040 winding insulation system,provenance_index,仅在本声明来源及构型范围内使用,stated,02_reports/STAMFORD_AGN040_winding_insulation.pdf,6,Polarization Index,edge:5079fc592e708ef75ce88553,assertion:3ff57b1ccfee3653107cdec1
船舶,Wight Sky,记载于,来源,Wight Sky catastrophic main engine bearing failure,provenance_index,仅在本声明来源及构型范围内使用,stated,02_reports/MAIB_2018_14_Wight_Sky_engine_bearing_fire.pdf,1,debris in the engine’s oil channels following rebuild,edge:50a5df339c0bfd07ca7b6e97,assertion:10bde664f509e9c6dfae2d7e
故障,涡轮叶片折断,导致,状态,增压器转子质量分布不均,source_statement,船用废气涡轮增压器；拆装细节为VTR400示例，必须服从适用机型手册。,stated,01_datasets/marine_diesel_RAG_corpus_All_data/All_data/test/船机帮船舶柴油机废气涡轮增压器振动的主要原因有哪些.md,,由于涡轮叶片上严重积炭或叶片变形、折断、压气机叶轮、叶片变形或损坏等都会使转子质量分布发生变化,edge:50c67bf9a02b02297a2d31b5,assertion:7a2b239469ca6554d7615f42
状态,机舱火灾,记载于,来源,Kommandor Susan catastrophic engine failure and fire,provenance_index,仅在本声明来源及构型范围内使用,stated,02_reports/MAIB_2026_10_Kommandor_Susan_generator_bearing_failure.pdf,1,The failure resulted in an engine room fire and a complete power blackout,edge:510867059452b11e2455a420,assertion:66102e621b18585b94975e7f
影响因素,回油法兰未设喷溅保护,记载于,来源,Pride of Canterbury CPP hydraulic overpressure and fire,provenance_index,仅在本声明来源及构型范围内使用,stated,02_reports/MAIB_2015_22_Pride_of_Canterbury_CPP_hydraulic_fire.pdf,30,no evidence after the fire of shielding on the flanged joints,edge:511c1c27f4a43fa68df89ca3,assertion:050bc3f86ca633021b3b5744
设备,可调螺距桨推进控制装置,是概念的实例,设备,可调螺距桨推进控制装置,concept_alignment,仅在本声明来源及构型范围内使用,stated,02_reports/MAIB_2016_Safety_Digest_generator_oil_fire.pdf,19,large roll-on roll-off passenger ferry,edge:511c8c1ee6c8a29bbbe97371,assertion:be42a41a8362dd2171752122
故障,喷油器喷嘴堵塞,记载于,来源,dataset_index,provenance_index,仅在本声明来源及构型范围内使用,stated,01_datasets/Marine_Engine_Fault_Data_v1/Marine_Engine_Fault_Data/dataset_index.csv,,"Injector_Nozzle/Clogged_Injector_Nozzle1_40_60_85_Load.csv,scenario,Injection-valve nozzle clogging,""40%, 60%, 85% (stepped)"",one-hole plugged nozzle,3,6492,73,all-anomaly (no baseline segment),Anomalous operation only (no baseline segment). Compressor Filter Loss (dPf) and Turbine Back Pressure (dPex) not recorded in this run (columns present but empty).",edge:5145e75d83229aa1d7ba3179,assertion:81fb8fda08bc9284c6afb5bc
状态,靠泊推进制动能力丧失,是概念的实例,状态,靠泊推进制动能力丧失,concept_alignment,仅在本声明来源及构型范围内使用,stated,02_reports/MAIB_2013_Safety_Digest_lubrication_bearing_cases.pdf,15,ferry’s bow hitting her berth,edge:519b2a9e898e68f8d84ab017,assertion:e9863296acd3d3350cdab313
故障,轴瓦烧伤,记载于,来源,船机帮柴油机冷却水过高或过低的危害,provenance_index,仅在本声明来源及构型范围内使用,stated,01_datasets/marine_diesel_RAG_corpus_All_data/All_data/test/船机帮柴油机冷却水过高或过低的危害.md,,由于气缸的温度太高，缸壁上的润滑油容易烧焦、积炭，促使零件磨损加快，严重时会造成拉缸、抱轴和烧瓦等事故。,edge:51a0b10161be231c0d6a6a6c,assertion:e481d6005ac9b0df1815b7bf
事故案例,发电机滑油泵堵头松脱火灾,涉及,运维措施,隔离滑油泄漏来源,case_index,仅在本声明来源及构型范围内使用,stated,02_reports/MAIB_2016_Safety_Digest_generator_oil_fire.pdf,26,identify and isolate the source of the leak,edge:51a3f20160db32a86e0355ce,assertion:da23904b594ced0a09106adb
部件,吊舱推进电机,记载于,来源,Spirit of Discovery loss of propulsion in heavy weather,provenance_index,仅在本声明来源及构型范围内使用,stated,02_reports/MAIB_2026_06_Spirit_of_Discovery_propulsion_loss.pdf,42,propellers to come out of the water,edge:51a7b755c623cca9f04a79f3,assertion:9bde5dc753a6275bc6f9f12c
故障,增压器轴承烧伤,记载于,来源,船机帮船舶柴油机废气涡轮增压器振动的主要原因有哪些,provenance_index,仅在本声明来源及构型范围内使用,stated,01_datasets/marine_diesel_RAG_corpus_All_data/All_data/test/船机帮船舶柴油机废气涡轮增压器振动的主要原因有哪些.md,,轴承长时间使用后产生磨损、变形、裂纹和烧伤时，使摩擦力矩增大，转速下降，振动和噪声大增。,edge:51b23fd739c8c4632d330425,assertion:3b62406786d3f2eda414f771
故障,排气阀烧损,记载于,来源,船机帮船用共轨柴油机排气阀常见故障与排除,provenance_index,仅在本声明来源及构型范围内使用,stated,01_datasets/marine_diesel_RAG_corpus_All_data/All_data/test/船机帮船用共轨柴油机排气阀常见故障与排除.md,,排气阀烧损，一般是排气阀密封不良，造成高温燃气泄漏，烧穿金属材料。,edge:51cbc430a3b8ac69dd378fbc,assertion:5f812f7c576d2ed3ee8277b3
故障,柴油机飞车,适用于,设备,柴油机调速器,applicability_index,调速器维修经验；不同调速器针阀与补偿调节不可照抄，飞车必须执行本船应急规程。,stated,01_datasets/marine_diesel_RAG_corpus_All_data/All_data/test/船机帮船用柴油机调速器的维护与保养十飞车故障.md,,拆卸、重装了调速器，最好再上一次试验台进行复试，保证调速器的性能及可靠性，防止柴油机出现飞车现象。,edge:51d5d71b0300cdf62930d9c8,assertion:e6235734c5732515d32dec73
影响因素,换油过程温度黏度变化过急,记载于,来源,船机帮高压共轨柴油机燃油喷射系统故障分析,provenance_index,仅在本声明来源及构型范围内使用,stated,01_datasets/marine_diesel_RAG_corpus_All_data/All_data/test/船机帮高压共轨柴油机燃油喷射系统故障分析.md,,保持换油过程温度、粘度平缓变化，防止变化过急造成各阀件卡阻或高压油泵卡死,edge:51d66e7c9efb00e27c3e9de2,assertion:8603d772999b3e5c039ccf68
部件,ME4连杆大端轴承盖,记载于,来源,Wight Sky multiple engine failures,provenance_index,仅在本声明来源及构型范围内使用,stated,02_reports/MAIB_2022_04_Wight_Sky_multiple_engine_failures.pdf,84,ME4 failed catastrophically because of an assembly error,edge:51dc254ce4b39822a5e14aa4,assertion:e339026dbae8f41dd8e1ce96
事故案例,DG1发电机故障与失电,记载于,来源,Kommandor Susan catastrophic engine failure and fire,provenance_index,仅在本声明来源及构型范围内使用,stated,02_reports/MAIB_2026_10_Kommandor_Susan_generator_bearing_failure.pdf,1,catastrophic failure of a diesel generator engine,edge:51ec883e8d42e8ebadfce851,assertion:bdf1893b3ec16f992d4338a6
故障,滑油滤清器与油道堵塞,导致,状态,轴承滑油供给不足,secondary_source_statement,二次转载文章，船舶/原始报告身份未核实；不计入正式事故案例,secondary_stated,01_datasets/marine_diesel_RAG_corpus_All_data/All_data/train/油品课堂第六讲某船使用假冒润滑油导致主机烧瓦事故案例.md,,堵塞机油滤清器和油道，影响正常供油，导致烧瓦,edge:51f7ea4ea6822f295a4984d4,assertion:0f41a8582ac18ae8929863df
状态,船舶撞击跳板与泊位,记载于,来源,MAIB Safety Digest 2016 generator oil fire case,provenance_index,仅在本声明来源及构型范围内使用,stated,02_reports/MAIB_2016_Safety_Digest_generator_oil_fire.pdf,19,made heavy contact with the concrete berth,edge:5204306d22f41272ea5cbcf8,assertion:d0ac19e3dd82d3f6608b1069
参数,涡轮排气温度出口,记载于,来源,variable_dictionary,provenance_index,仅在本声明来源及构型范围内使用,stated,01_datasets/Marine_Engine_Fault_Data_v1/Marine_Engine_Fault_Data/variable_dictionary.csv,,"Exh.Gas Temp. Turbine Out,T5,°C,number,TRUE,TRUE,temperature,",edge:52066d4515cdd3cfbcdd47d8,assertion:de7a728a198da4787dbfb0c2
状态,共轨滑油压力不足,导致,故障,排气阀无法开启,source_statement,共轨柴油机排气阀，厂家与具体型号未确定；仅作机理检索测试，不作直接操作授权。,possible,01_datasets/marine_diesel_RAG_corpus_All_data/All_data/test/船机帮船用共轨柴油机排气阀常见故障与排除.md,,排气阀打不开，一般由于共轨滑油漏泄导致油压不够引起的。,edge:52279490d6887e3e4af4f99a,assertion:0c305946c012bfaea9aa4de4
故障,主轴承瓦片转位,记载于,来源,Wight Sky catastrophic main engine bearing failure,provenance_index,仅在本声明来源及构型范围内使用,stated,02_reports/MAIB_2018_14_Wight_Sky_engine_bearing_fire.pdf,14,Debris in the engine’s oil channels was most probably responsible for initiating the failure,edge:5257b1fde63913232ae79587,assertion:c26a7a8f6ee3d54a76f91e1b
状态,失去推进,记载于,来源,RMS Queen Mary 2 harmonic-filter capacitor failure and blackout,provenance_index,仅在本声明来源及构型范围内使用,stated,02_reports/MAIB_2011_28_Queen_Mary_2_harmonic_filter_failure.pdf,13,vessel was clear of navigational hazards and drifted in open sea,edge:527395c963ad66d890dd305a,assertion:d6fb92c36653af1fd42ad5f9
事故案例,滑油滤芯漏装与主机抱轴,涉及,故障,主轴承咬死,case_index,仅在本声明来源及构型范围内使用,stated,02_reports/MAIB_2013_Safety_Digest_lubrication_bearing_cases.pdf,21,contamination caused main bearing seizure,edge:52807c35161ac32613550df7,assertion:fe1c279c8a70ac2b42353143
事故案例,压载泵检修隔离失效与机舱进水,涉及,部件,海水隔离阀执行器,case_index,仅在本声明来源及构型范围内使用,stated,02_reports/MAIB_2016_Safety_Digest_generator_oil_fire.pdf,40,general cargo vessel,edge:52ac49eacb3d3dbe948ffdf1,assertion:ccbbe3895461d2a2f704256f
运维措施,按本机设计调整海水泵叶轮泵壳间隙,作用于,设备,海水泵,source_recommendation,综合维护二次文章，原厂和标准出处未独立证实；不采纳文中统一周期、报警值、压力值、浮动轴承加脂和未经验证改造方案。以下仅用于检索维护主题，由适用机型规程决定具体操作。,stated,01_datasets/marine_diesel_RAG_corpus_All_data/All_data/test/船机帮船舶动力设备日常维护要点与常见故障排除.md,,叶轮与泵壳间隙调整,edge:52b1552bc6f4566b0e4d18a1,assertion:530ee9014f092af9ffd839fa
故障,在线滑油滤器缺少滤芯,记载于,来源,MAIB Safety Digest 2013 lubrication and bearing cases,provenance_index,仅在本声明来源及构型范围内使用,stated,02_reports/MAIB_2013_Safety_Digest_lubrication_bearing_cases.pdf,21,duplex filter was found without a filter cartridge,edge:52d0239abeb03fbd095ba770,assertion:e895290e1f98b5d36233b11f
检查方法,核验调速器与喷油泵加减油方向,检查,影响因素,调速器加减油方向错误,source_check,调速器维修经验；不同调速器针阀与补偿调节不可照抄，飞车必须执行本船应急规程。,stated,01_datasets/marine_diesel_RAG_corpus_All_data/All_data/test/船机帮船用柴油机调速器的维护与保养十飞车故障.md,,喷油泵齿条的零油量位置、全油量位置与调速器内动力活塞的行程是否相对应。调速器加减油方向与喷油泵是否一致。,edge:52dee0ac007b51f38c4db9bb,assertion:b0ef8220c25f57d4ce212bf5
故障,海水隔离阀未完全关闭,适用于,设备,海水压载与机舱排水装置,applicability_index,本报告案例，不外推为所有船舶已证实根因,stated,02_reports/MAIB_2016_Safety_Digest_generator_oil_fire.pdf,41,giving an impression that the valve was fully closed when it was not,edge:52e3d7c52c6b9677dec094c3,assertion:1440e136a5dd6349473074a0
运维措施,检修后核验堵头紧固与排气保温,应对,故障,排气管未恢复保温,source_case_statement,本报告案例，不外推为所有船舶已证实根因,derived_action,02_reports/MAIB_2016_Safety_Digest_generator_oil_fire.pdf,26,exhaust piping had been left unlagged,edge:53184be3747a0c8ed7e5589d,assertion:34958b4f18d9262ea25721a1
设备,ME4主机,是概念的实例,设备,ME4主机,concept_alignment,仅在本声明来源及构型范围内使用,stated,02_reports/MAIB_2022_04_Wight_Sky_multiple_engine_failures.pdf,84,ME4 failed catastrophically because of an assembly error,edge:5321774b74179518599ba83d,assertion:f2ace8f257a1097f6af7b1ff
部件,散热水箱,记载于,来源,船机帮冬季卡特柴油发电机组的安全运行,provenance_index,仅在本声明来源及构型范围内使用,stated,01_datasets/marine_diesel_RAG_corpus_All_data/All_data/test/船机帮冬季卡特柴油发电机组的安全运行.md,,如果不足要及时补充。,edge:5321a2faf0e03ec70bb7de7c,assertion:9301f75ded0322c07bd6f2a2
运维措施,更换改进设计的滤波电容,适用于,设备,艉部谐波滤波器,applicability_index,本报告案例，不外推为所有船舶已证实根因,stated,02_reports/MAIB_2011_28_Queen_Mary_2_harmonic_filter_failure.pdf,70,improved and safer design,edge:53220c32f375b7dcf7eb56b5,assertion:d2a47543e36299509ad82ae3
状态,船舶停航一个月,记载于,来源,MAIB Safety Digest 2013 lubrication and bearing cases,provenance_index,仅在本声明来源及构型范围内使用,stated,02_reports/MAIB_2013_Safety_Digest_lubrication_bearing_cases.pdf,16,disabled the ship for a month,edge:532bbce7062e7ea6f54f5329,assertion:ca671c47423ff8798cce2f4b
检查方法,断电核验主开关蓄能马达,检查,部件,主开关蓄能马达,source_check,DG2、施耐德NW08-63和文中扩展箱构型；仅合格电气人员可按本船隔离规程检修。,stated,01_datasets/marine_diesel_RAG_corpus_All_data/All_data/test/船机帮船舶柴油发电机主开关并网合闸失败故障的分析与排查.md,,对其蓄能马达进行测量未发现问题，然后利用万用表对主开关的控制分闸线圈 MN 与 XF 进行测量,edge:5340756c9ca7751276555283,assertion:59a4677bcea7d34be0b07b04
检查方法,测量遥控电源空载电压,适用于,设备,主机遥控控制装置,applicability_index,12V20/27、双机双轴双桨定距推进的文中闭环调速构型；信号接口及间隙不可跨机型套用。,stated,01_datasets/marine_diesel_RAG_corpus_All_data/All_data/test/船机帮某型船主机遥控系统典型故障分析.md,,用福禄克F124型示波器检测各电源模块输出端绝缘正常，输出稳定；测量空载电压，纹波在0.1 V以内；按照各电源模块设计负荷的60%通过电子负载进行带载试验,edge:53512ef9142b93ed8d279838,assertion:039c7071913ed781a9bf74e1
状态,排气阀高温燃气泄漏,记载于,来源,船机帮船用共轨柴油机排气阀常见故障与排除,provenance_index,仅在本声明来源及构型范围内使用,stated,01_datasets/marine_diesel_RAG_corpus_All_data/All_data/test/船机帮船用共轨柴油机排气阀常见故障与排除.md,,排气阀烧损，一般是排气阀密封不良，造成高温燃气泄漏，烧穿金属材料。,edge:5361403ba7e3b7e25760a23f,assertion:1054ae40d7bde7b536a00330
事故案例,谐波滤波电容失效与全船失电,涉及,状态,船舶高压电网不稳定,case_index,仅在本声明来源及构型范围内使用,stated,02_reports/MAIB_2011_28_Queen_Mary_2_harmonic_filter_failure.pdf,13,caused general instability in the electrical network,edge:536b86187405fe9abb52f723,assertion:63986a13af70a9d0a9fb4dde
事故案例,燃油法兰松动与主机火灾,涉及,运维措施,修复保温屏蔽并加防喷溅带,case_index,仅在本声明来源及构型范围内使用,stated,02_reports/MAIB_2024_20_Stena_Europe_fuel_spray_fire.pdf,31,fitted anti-splashing tape to all joints,edge:537e0f9cd5f47b6fac405274,assertion:55556a8e5b5be1be5225300f
故障,增压空气流道堵塞,记载于,来源,船机帮船舶柴油机废气涡轮增压器振动的主要原因有哪些,provenance_index,仅在本声明来源及构型范围内使用,stated,01_datasets/marine_diesel_RAG_corpus_All_data/All_data/test/船机帮船舶柴油机废气涡轮增压器振动的主要原因有哪些.md,,增压系统流道阻塞是增压器喘振的常见原因。,edge:53e09d132d593e22f60e94af,assertion:893133190401b023f2475583
状态,失去推进,记载于,来源,Spirit of Discovery loss of propulsion in heavy weather,provenance_index,仅在本声明来源及构型范围内使用,stated,02_reports/MAIB_2026_06_Spirit_of_Discovery_propulsion_loss.pdf,42,"port pod automatically shut down, followed shortly afterwards by its starboard pod",edge:54021d85e218b24af42dab72,assertion:3c3b94d5d087a57da36e9684
部件,电气接头,记载于,来源,船机帮船舶动力设备日常维护要点与常见故障排除,provenance_index,仅在本声明来源及构型范围内使用,stated,01_datasets/marine_diesel_RAG_corpus_All_data/All_data/test/船机帮船舶动力设备日常维护要点与常见故障排除.md,,对电气接头涂抹 CX-80 防盐雾复合脂,edge:54150629857a21104aa4c0ee,assertion:11209a7d10997f7d5f9734bc
状态,控制空气压力不足,记载于,来源,MAIB Safety Digest 2013 lubrication and bearing cases,provenance_index,仅在本声明来源及构型范围内使用,stated,02_reports/MAIB_2013_Safety_Digest_lubrication_bearing_cases.pdf,14,air pressure in the main air receiver was dropping,edge:54251fa4188817e93d6399f9,assertion:939433843d0112bdc748ec01
事故案例,谐波滤波电容失效与全船失电,涉及,部件,谐波滤波电容器,case_index,仅在本声明来源及构型范围内使用,stated,02_reports/MAIB_2011_28_Queen_Mary_2_harmonic_filter_failure.pdf,13,explosion was triggered by deterioration in the capacitors,edge:544192c90d7df89dee217070,assertion:065344a6804ca36f3cf65974
故障,电流不平衡保护失效,发生于,设备,艉部谐波滤波器,case_equipment_index,仅在本声明来源及构型范围内使用,stated,02_reports/MAIB_2011_28_Queen_Mary_2_harmonic_filter_failure.pdf,69,all the sub-components in the system are functional,edge:547701471de630644bb29d7a,assertion:e70761ed74c72bf4648476e4
状态,船长不熟悉CPP备用按钮,记载于,来源,MAIB Safety Digest 2016 generator oil fire case,provenance_index,仅在本声明来源及构型范围内使用,stated,02_reports/MAIB_2016_Safety_Digest_generator_oil_fire.pdf,29,Regular drills simulating propulsion system failure and recovery,edge:548cd52bcbd10dfeb5f5ee9f,assertion:0a5b7a5f516cd173731efdfd
状态,进水停机序列启动,导致,状态,吊舱转至90度停放,source_case_statement,本报告案例，不外推为所有船舶已证实根因,reported,02_reports/MAIB_2026_06_Spirit_of_Discovery_propulsion_loss.pdf,42,pods automatically parked at 90°,edge:5493a0baff7a258f8fd37643,assertion:a6200cc12a628f4011368eb9
检查方法,检查增压器自带油泵轴线,检查,设备,增压器自带油泵,source_check,船用废气涡轮增压器；拆装细节为VTR400示例，必须服从适用机型手册。,stated,01_datasets/marine_diesel_RAG_corpus_All_data/All_data/test/船机帮船舶柴油机废气涡轮增压器振动的主要原因有哪些.md,,对自带油泵轴线进行检查,edge:549b45211b71c58e1f2e7bc1,assertion:4dffc598fe30a78fb8b5fdd5
检查方法,检查CPP背压阀和安全阀功能,检查,故障,CPP背压阀磨损卡滞,source_case_statement,本报告案例，不外推为所有船舶已证实根因,reported_action,02_reports/MAIB_2015_22_Pride_of_Canterbury_CPP_hydraulic_fire.pdf,35,their function checked once every 5 years,edge:54b543feb8e75487a078bc64,assertion:e7ebc21069d80f98766d0633
设备,主机启动与盘车装置,包含部件,部件,盘车机构,asset_index,仅在本声明来源及构型范围内使用,stated,02_reports/MAIB_2013_Safety_Digest_lubrication_bearing_cases.pdf,16,specialist cargo ship,edge:54b944bd55e7617e7a911c81,assertion:97867a111540c189aa197aca
部件,扩压器,记载于,来源,船机帮船舶柴油机废气涡轮增压器振动的主要原因有哪些,provenance_index,仅在本声明来源及构型范围内使用,stated,01_datasets/marine_diesel_RAG_corpus_All_data/All_data/test/船机帮船舶柴油机废气涡轮增压器振动的主要原因有哪些.md,,管理中注意压气机进气滤器、叶轮、扩压器、空气冷却器、进气口和排气口、涡轮喷嘴环、叶片等流通部分的清洁，就会防止和消除喘振，也就会使振动消失。,edge:54bf9c283a2a375ed2f8c0eb,assertion:8cceb3180699fbd0b15f44d9
检查方法,转速调节失效时检查调速器齿轮,记载于,来源,船机帮船用柴油机调速器的维护与保养十飞车故障,provenance_index,仅在本声明来源及构型范围内使用,stated,01_datasets/marine_diesel_RAG_corpus_All_data/All_data/test/船机帮船用柴油机调速器的维护与保养十飞车故障.md,,转速调节失效——重点查离合器电机、各齿轮等,edge:54ca4d610dbff401cbe93c8f,assertion:57b2e4d1487bc2c832b0f424
检查方法,按手册检验共轨冲洗单向阀止回功能,检查,故障,共轨冲洗单向阀止回失效,source_check,航浚6008/MAN L32/44CR与CR2.2；轨压数值、扭矩与拆装必须核对本机手册。,stated,01_datasets/marine_diesel_RAG_corpus_All_data/All_data/test/船机帮高压共轨柴油机燃油喷射系统故障分析.md,,用空气试验其止回功能正常,edge:54e4c8882e17926ca210c419,assertion:4f9eb4b32552f18198f0ed03
影响因素,排气隔热与屏蔽缺失损坏,是概念的实例,影响因素,排气隔热与屏蔽缺失损坏,concept_alignment,仅在本声明来源及构型范围内使用,stated,02_reports/MAIB_2024_20_Stena_Europe_fuel_spray_fire.pdf,29,insulation and shielding,edge:5511c415fe8573a80f30f07c,assertion:342d333ae819d6dff8a1a3fe
运维措施,按手册清洁活络喷油电磁阀阀芯,适用于,设备,高压共轨燃油喷射装置,applicability_index,航浚6008/MAN L32/44CR与CR2.2；轨压数值、扭矩与拆装必须核对本机手册。,stated,01_datasets/marine_diesel_RAG_corpus_All_data/All_data/test/船机帮高压共轨柴油机燃油喷射系统故障分析.md,,如果该缸喷油时长明显小于其他各缸，则基本可以断定该缸喷油控制电磁阀故障，一般是磨损造成通流面积变大所致，需换新喷油控制电磁阀；也有可能是阀芯卡在较大开度位置所致，需解体清洁活络阀芯。,edge:552eddffce73b1b5a42f4778,assertion:2a098d7da42130e91efc8cce
事故案例,压载泵检修隔离失效与机舱进水,涉及,故障,海水隔离阀未完全关闭,case_index,仅在本声明来源及构型范围内使用,stated,02_reports/MAIB_2016_Safety_Digest_generator_oil_fire.pdf,41,giving an impression that the valve was fully closed when it was not,edge:5545d5805ccbd784abc9473a,assertion:295d8c21f6887c84e74e223c
运维措施,改进吊舱舱底传感器布置,记载于,来源,Spirit of Discovery loss of propulsion in heavy weather,provenance_index,仅在本声明来源及构型范围内使用,stated,02_reports/MAIB_2026_06_Spirit_of_Discovery_propulsion_loss.pdf,53,Improved the position of the SISHIp eSiPODs bilge sensor arrangements,edge:555337be722c530cc55cae61,assertion:c467fadb77ea833a1166ff34
状态,气缸温度过低,记载于,来源,船机帮柴油机冷却水过高或过低的危害,provenance_index,仅在本声明来源及构型范围内使用,stated,01_datasets/marine_diesel_RAG_corpus_All_data/All_data/test/船机帮柴油机冷却水过高或过低的危害.md,,气缸内的水蒸气易凝结于缸壁上,edge:55690b40e99a41c747970b41,assertion:89aaacf20b803341def49c2b
运维措施,按原厂要求维护调速器油位与油液清洁,应对,状态,调速器油位异常,source_recommendation,S6U-PTK与文中船舶发电机经验；部分表述不严谨，不采纳未经原厂确认的轴承结构改造建议。,stated,01_datasets/marine_diesel_RAG_corpus_All_data/All_data/test/船机帮船舶发电机常见故障及对策.md,,注意调速器的油位始终位于正常刻度之间,edge:558b2644fdb9cf9da6d82675,assertion:a32e80a7c380675beac30d5b
影响因素,缸套装配前清洁不彻底,记载于,来源,船机帮船用柴油机的拉缸故障,provenance_index,仅在本声明来源及构型范围内使用,stated,01_datasets/marine_diesel_RAG_corpus_All_data/All_data/test/船机帮船用柴油机的拉缸故障.md,,清洁度不好也可造成拉缸，当缸套内壁，气缸滑油孔，油槽粘有硬质颗粒，铁屑在安装前未清理干净，未清洁彻底，柴油机盘车后会造成缸套的硬质划伤，且较深。,edge:5592196c6ed41a1fa1d7a771,assertion:a4a982f5c167a32e864ed00b
运维措施,按机型要求及时更换损坏增压器轴承,记载于,来源,船机帮船舶柴油机废气涡轮增压器振动的主要原因有哪些,provenance_index,仅在本声明来源及构型范围内使用,stated,01_datasets/marine_diesel_RAG_corpus_All_data/All_data/test/船机帮船舶柴油机废气涡轮增压器振动的主要原因有哪些.md,,为此应按轴承规定的使用期按时更换轴承，发生损坏时更应即时更换轴承。,edge:55a937e275e1e50db09d200f,assertion:2bf0e641c228f8c2e2c12039
参数,涡轮排气背压,表征,设备,试验柴油机,native_variable_dictionary,仅在本声明来源及构型范围内使用,stated,01_datasets/Marine_Engine_Fault_Data_v1/Marine_Engine_Fault_Data/variable_dictionary.csv,,"Turbine Back Pressure,dPex,Pa,number,FALSE,TRUE,pressure / derived pressure,""Present in all scenario files for schema uniformity; recorded values in 10 of 15 scenario files. Empty (not recorded) in: AC_Fouling_85_Load.csv, Clogged_Injector_Nozzle1_40_60_85_Load.csv, Clogged_Injector_Nozzle2_LoadProgram.csv, CW_Pump_Cavitation_60_Load.csv, CW_Pump_Cavitation_85_Load.csv.""",edge:55b87815aded493f0c424b7c,assertion:7b14f7dcc5aa7b8133032bdc
设备,艉部谐波滤波器,服务于系统,系统,电力与控制系统,functional_classification,仅在本声明来源及构型范围内使用,stated,02_reports/MAIB_2011_28_Queen_Mary_2_harmonic_filter_failure.pdf,13,explosion was triggered by deterioration in the capacitors,edge:55e4e540c06a74059751ed21,assertion:4a248dec50ef47323f04b2c3
运维措施,按厂家程序拆洗滑油冷却器,记载于,来源,船机帮船舶动力设备日常维护要点与常见故障排除,provenance_index,仅在本声明来源及构型范围内使用,stated,01_datasets/marine_diesel_RAG_corpus_All_data/All_data/test/船机帮船舶动力设备日常维护要点与常见故障排除.md,,每月拆洗冷却器一次,edge:55edfbce692588ba7d130cbd,assertion:eed136b9d578961c5876d979
故障,压力燃油泄漏,记载于,来源,Stena Europe pressurised fuel spray and engine-room fire,provenance_index,仅在本声明来源及构型范围内使用,stated,02_reports/MAIB_2024_20_Stena_Europe_fuel_spray_fire.pdf,29,screw in a two-screw flange within the fuel oil pipework loosened,edge:55f9084c18e204613eb45f2b,assertion:b96679909ae2f53f9d245151
运维措施,按厂商通告更换背压阀,记载于,来源,Pride of Canterbury CPP hydraulic overpressure and fire,provenance_index,仅在本声明来源及构型范围内使用,stated,02_reports/MAIB_2015_22_Pride_of_Canterbury_CPP_hydraulic_fire.pdf,35,replace back pressure valves at least every 15 years,edge:55ff945d630681a6c1432e34,assertion:d30968305bb8015db3d5800b
运维措施,按厂家规程清洗增压器喷嘴环,记载于,来源,船机帮船舶动力设备日常维护要点与常见故障排除,provenance_index,仅在本声明来源及构型范围内使用,stated,01_datasets/marine_diesel_RAG_corpus_All_data/All_data/test/船机帮船舶动力设备日常维护要点与常见故障排除.md,,按规范调整气门间隙，同时清洗增压器喷嘴环,edge:560c6473ea66969ded26b95a,assertion:a4203bc3665aa4f7c037a21d
故障,轴系扭转共振风险,记载于,来源,STAMFORD AGN235 generating set torsional vibration analysis,provenance_index,仅在本声明来源及构型范围内使用,stated,02_reports/STAMFORD_AGN235_torsional_analysis.pdf,1,pulses can excite very significant resonant responses,edge:562da4989e8a69d6007d7bf5,assertion:fd0e6e4d2451808df54def20
影响因素,连杆小端轴套更换产生应力集中,是概念的实例,影响因素,连杆小端轴套更换产生应力集中,concept_alignment,仅在本声明来源及构型范围内使用,stated,02_reports/MAIB_2021_02_Finlandia_Seaways_connecting_rod_failure.pdf,9,introduced stress raisers that signficantly increased the likelihood of crack initiation and fatigue failure,edge:56508e7c5a5230011dd1c4ce,assertion:425b15b7a5b0321b629e759c
故障,电容内压升高与壳体破裂,发生于,设备,艉部谐波滤波器,case_equipment_index,仅在本声明来源及构型范围内使用,stated,02_reports/MAIB_2011_28_Queen_Mary_2_harmonic_filter_failure.pdf,13,caused the capacitor casing to rupture,edge:56756c3f6b2b2f7c005505ed,assertion:bebbf28e123d69ca2be373ef
事故案例,油抹布落至排气歧管起火,涉及,设备,左舷主机排气装置,case_index,仅在本声明来源及构型范围内使用,stated,02_reports/MAIB_2013_Safety_Digest_lubrication_bearing_cases.pdf,40,small passenger catamaran,edge:5690bdca463e8f3767e01529,assertion:065d69eeab9e99ebc32bb85e
运维措施,推进安全按钮设置防误操作保护,适用于,设备,可调螺距桨推进控制装置,applicability_index,本报告案例，不外推为所有船舶已证实根因,stated,02_reports/MAIB_2016_Safety_Digest_generator_oil_fire.pdf,21,fitting of protective covers,edge:5692dc003029ff219ae9d290,assertion:58e4405337dffcb8dba7d5b6
事故案例,大风浪中吊舱推进丧失,涉及,状态,推进电机扭矩骤降,case_index,仅在本声明来源及构型范围内使用,stated,02_reports/MAIB_2026_06_Spirit_of_Discovery_propulsion_loss.pdf,42,This caused a sudden reduction in torque on the propulsion motor,edge:56a00a9ca85c9a5587cfe003,assertion:7f1ab4d525a4da43cbd0e612
状态,高温冷却水出口温度升高,记载于,来源,船机帮船用柴油机的拉缸故障,provenance_index,仅在本声明来源及构型范围内使用,stated,01_datasets/marine_diesel_RAG_corpus_All_data/All_data/test/船机帮船用柴油机的拉缸故障.md,,排温升高，高温水出水温度升高；,edge:56a11295db74d7bb0f1a3165,assertion:099126780a2895a3fce9c7fd
状态,共轨净油泄漏误报警,记载于,来源,船机帮高压共轨柴油机燃油喷射系统故障分析,provenance_index,仅在本声明来源及构型范围内使用,stated,01_datasets/marine_diesel_RAG_corpus_All_data/All_data/test/船机帮高压共轨柴油机燃油喷射系统故障分析.md,,报警是因为报警检测盒内部节流孔堵塞所致的误报警，疏通即可。,edge:56b677e199c4e89e39d72006,assertion:5f4973869a969b9a47f75a5a
检查方法,联合核查调速器AVR与变流器控制变量,检查,故障,船舶电网电压频率振荡,source_guidance_statement,2021论文三类船舶的实测电网信号，含轴带发电化学品船；不是所有振荡都超限。DP船风浪影响主要作用于基波与频率，不能一概说风浪显著放大所有谐波。,derived_action,03_papers/Frontiers_2021_marine_converter_oscillations.pdf,13,"governors, and AVRs settings",edge:56b7541cff28ab222d4c7c23,assertion:bb422e9d3011ccdf28612df7
状态,推进电机保护跳闸,是概念的实例,状态,推进电机保护跳闸,concept_alignment,仅在本声明来源及构型范围内使用,stated,02_reports/MAIB_2026_06_Spirit_of_Discovery_propulsion_loss.pdf,42,automatically tripped the power to its motor,edge:56bec686eec65933488708ad,assertion:96def71786820f04b170390f
状态,风浪下船体变形,导致,状态,轴带发电机与齿轮箱对中失准,source_guidance_statement,通过齿轮箱及联轴器驱动的轴带发电机；不能推广到所有同轴无附加轴承的构型。,guidance,02_reports/STAMFORD_AGN039_marine_shaft_generators.pdf,2,ship’s hull flexes,edge:56c8d968bb3af25e83cdb1de,assertion:7af175548441091de80311d4
系统,传动与推进系统,记载于,来源,MAIB Safety Digest 2016 generator oil fire case,provenance_index,仅在本声明来源及构型范围内使用,stated,02_reports/MAIB_2016_Safety_Digest_generator_oil_fire.pdf,19,large roll-on roll-off passenger ferry,edge:56d3ec38a5abe446cdf68d6e,assertion:3c647d0d7b1ee802418cf7e2
影响因素,燃油接头喷溅保护缺失,记载于,来源,Stena Europe pressurised fuel spray and engine-room fire,provenance_index,仅在本声明来源及构型范围内使用,stated,02_reports/MAIB_2024_20_Stena_Europe_fuel_spray_fire.pdf,29,joint was not protected by anti-splashing tape or shielding,edge:56e504a449b095c2805127a6,assertion:b97fc8b7f73272b9208715eb
运维措施,按制造商工艺紧固主轴承螺栓,作用于,部件,主轴承螺栓,source_recommendation,综合维护二次文章，原厂和标准出处未独立证实；不采纳文中统一周期、报警值、压力值、浮动轴承加脂和未经验证改造方案。以下仅用于检索维护主题，由适用机型规程决定具体操作。,stated,01_datasets/marine_diesel_RAG_corpus_All_data/All_data/test/船机帮船舶动力设备日常维护要点与常见故障排除.md,,主轴承螺栓采用液压拉伸器进行紧固,edge:56e6dff262494e7917f3a3f1,assertion:e55563749bf6e201cc60111a
状态,液态燃油进入气缸,导致,状态,缸壁油膜被燃油冲洗,source_statement,柴油机水冷机理二次资料；文中80–90℃等数值不能当作所有机型阈值。,stated,01_datasets/marine_diesel_RAG_corpus_All_data/All_data/test/船机帮柴油机冷却水过高或过低的危害.md,,成液滴状的燃油进入气缸后会冲洗气缸壁上的润滑油膜，并渗入到曲轴箱内,edge:56f06cb870a56090b91b3d4e,assertion:25c1451827a465f60ec29a23
故障,油抹布接触高温排气歧管,导致,状态,机舱火灾,source_case_statement,本报告案例，不外推为所有船舶已证实根因,reported,02_reports/MAIB_2013_Safety_Digest_lubrication_bearing_cases.pdf,41,hot manifold and catch fire,edge:5702123e4da357f69cf7c7cc,assertion:2c02ceedd0ebd1c041cacb3e
运维措施,复核联轴器正常与失火工况转矩和热负荷裕量,适用于,系统,燃油与进排气系统,functional_classification,内燃机-发电机传动链一般机理；证据支持扭振导致失效风险及电气故障转矩冲击，但未建立某大型船主轴联轴器断裂的已证实事故链。,stated,02_reports/STAMFORD_AGN235_torsional_analysis.pdf,7,engine normal and misfire scenarios,edge:57031938bd1b710d999f84eb,assertion:8c1e7ced8291bdc16c1a442b
状态,主轴承间隙过小,记载于,来源,船机帮柴油机轴瓦抱轴故障分析,provenance_index,仅在本声明来源及构型范围内使用,stated,01_datasets/marine_diesel_RAG_corpus_All_data/All_data/test/船机帮柴油机轴瓦抱轴故障分析.md,,"对中状态异常引起各档主轴承间隙变化,当主轴承间隙过小时易使主轴承油膜无法建立,最终出现轴瓦磨损失效。",edge:570d0622a936a12f904ab84e,assertion:962674b6312eb2981a1867d3
影响因素,盘车指示灯照明不足,记载于,来源,MAIB Safety Digest 2013 lubrication and bearing cases,provenance_index,仅在本声明来源及构型范围内使用,stated,02_reports/MAIB_2013_Safety_Digest_lubrication_bearing_cases.pdf,18,should therefore be tested regularly,edge:576bcbea69d85ec5f88235c1,assertion:4e25a65e549c339f101f73cf
参数,增压器滑油带走热功率,表征,设备,试验柴油机,native_variable_dictionary,仅在本声明来源及构型范围内使用,stated,01_datasets/Marine_Engine_Fault_Data_v1/Marine_Engine_Fault_Data/variable_dictionary.csv,,"Loss with TCH LO,Qrej_turb,kW,number,TRUE,TRUE,performance / derived,",edge:578a6d7a01b41f0a38e45770,assertion:cf1757c19d537c62d4735287
事故案例,滑油滤芯漏装与主机抱轴,涉及,故障,轴承与活塞断油过热,case_index,仅在本声明来源及构型范围内使用,stated,02_reports/MAIB_2013_Safety_Digest_lubrication_bearing_cases.pdf,21,subsequent oil starvation and overheating,edge:57c4564804e43f0008518ebe,assertion:78171a58ba89c96f32054d0e
参数,低温海水泵压力原始电压信号,表征,设备,试验柴油机,native_variable_dictionary,仅在本声明来源及构型范围内使用,stated,01_datasets/Marine_Engine_Fault_Data_v1/Marine_Engine_Fault_Data/variable_dictionary.csv,,"Sea Cooling Water Press.,Pl_water2,V,number,TRUE,TRUE,pressure / derived pressure,raw voltage signal associated with LT cooling-water pump pressure; not converted to engineering pressure units",edge:57c4594fe11385668d510e5e,assertion:f0bf4289aeca65dee6ae3644
状态,滑油喷雾接触高温排气护罩,记载于,来源,MAIB Safety Digest 2016 generator oil fire case,provenance_index,仅在本声明来源及构型范围内使用,stated,02_reports/MAIB_2016_Safety_Digest_generator_oil_fire.pdf,26,oil spray ignited when it came into contact,edge:57cb2b6391ff626628b36a8f,assertion:dc88ca279b587b147f0adca6
设备,DG1柴油发电机,服务于系统,系统,电力与控制系统,functional_classification,仅在本声明来源及构型范围内使用,stated,02_reports/MAIB_2026_10_Kommandor_Susan_generator_bearing_failure.pdf,1,catastrophic failure of a diesel generator engine,edge:57cb862a26ffce96f722f40e,assertion:f9c2b619d9c457c663bcc06d
运维措施,按原厂认可方式保护电气接头免受盐雾腐蚀,适用于,设备,船舶动力装置,applicability_index,综合维护二次文章，原厂和标准出处未独立证实；不采纳文中统一周期、报警值、压力值、浮动轴承加脂和未经验证改造方案。以下仅用于检索维护主题，由适用机型规程决定具体操作。,stated,01_datasets/marine_diesel_RAG_corpus_All_data/All_data/test/船机帮船舶动力设备日常维护要点与常见故障排除.md,,对电气接头涂抹 CX-80 防盐雾复合脂,edge:57ec68e619c8d95379217fbc,assertion:d8ec2c22e86a26d4345c3350
运维措施,按认可设计提供发电机总质量支承,记载于,来源,STAMFORD AGN076 alternator bearings,provenance_index,仅在本声明来源及构型范围内使用,stated,02_reports/STAMFORD_AGN076_alternator_bearings.pdf,7,Provide the necessary support for the total mass of the alternator,edge:580005779fb0c703ae827eb1,assertion:7d5ffed489f7cfe8094e5acb
运维措施,按原厂周期更换空气压缩机润滑油,记载于,来源,船机帮船舶动力设备日常维护要点与常见故障排除,provenance_index,仅在本声明来源及构型范围内使用,stated,01_datasets/marine_diesel_RAG_corpus_All_data/All_data/test/船机帮船舶动力设备日常维护要点与常见故障排除.md,,空气压缩机每运行 500 h 更换润滑油,edge:581112e6dd44bc42ec89cbcc,assertion:7a4df8b31a494c885a9dba53
部件,海水隔离阀执行器,记载于,来源,MAIB Safety Digest 2016 generator oil fire case,provenance_index,仅在本声明来源及构型范围内使用,stated,02_reports/MAIB_2016_Safety_Digest_generator_oil_fire.pdf,40,general cargo vessel,edge:58191def67906383e4bd8150,assertion:7fbed16900db5f77318f6ab0
故障,盘车机构未脱开启动,导致,故障,盘车轴与齿轮损坏,source_case_statement,本报告案例，不外推为所有船舶已证实根因,reported,02_reports/MAIB_2013_Safety_Digest_lubrication_bearing_cases.pdf,16,resulting damage to the shaft and gearing,edge:582000e56cd9e69dad3b5dec,assertion:4c524568e509d6e184f58963
设备,主机海水冷却与舱底排水装置,包含部件,部件,主机海水冷却管,asset_index,仅在本声明来源及构型范围内使用,stated,02_reports/MAIB_2016_Safety_Digest_generator_oil_fire.pdf,59,steel hulled fishing trawler,edge:5866e274976c517f904cc949,assertion:0bbfcf2d21daec3182d687c6
设备,右舷可调螺距桨液压装置,包含部件,部件,背压阀PSV3,asset_index,仅在本声明来源及构型范围内使用,stated,02_reports/MAIB_2015_22_Pride_of_Canterbury_CPP_hydraulic_fire.pdf,30,Pride of Canterbury,edge:586b79a171c621be9cd59746,assertion:fb1578532ff12ee97069b835
故障,海水隔离阀未完全关闭,促成,状态,海水经泵进口管大量流入,source_case_statement,本报告案例，不外推为所有船舶已证实根因,reported,02_reports/MAIB_2016_Safety_Digest_generator_oil_fire.pdf,41,valve was fully closed when it was not,edge:589bdf6f403d904560c8c030,assertion:993354b371666ddb6edd6ab4
部件,谐波滤波电容器,记载于,来源,RMS Queen Mary 2 harmonic-filter capacitor failure and blackout,provenance_index,仅在本声明来源及构型范围内使用,stated,02_reports/MAIB_2011_28_Queen_Mary_2_harmonic_filter_failure.pdf,13,explosion was triggered by deterioration in the capacitors,edge:58ca0b75b4203e7cc8bd47ec,assertion:b37f7d063ac36dee2daacc63
故障,CPP倒车响应迟缓,发生于,设备,可调螺距桨推进装置,case_equipment_index,仅在本声明来源及构型范围内使用,stated,02_reports/MAIB_2016_Safety_Digest_generator_oil_fire.pdf,29,parameters for astern pitch control had been incorrectly set,edge:58ce44f7f5e04ecc5a160133,assertion:51b50948ba31e541d566daaf
船舶,Pride of Canterbury,记载于,来源,Pride of Canterbury CPP hydraulic overpressure and fire,provenance_index,仅在本声明来源及构型范围内使用,stated,02_reports/MAIB_2015_22_Pride_of_Canterbury_CPP_hydraulic_fire.pdf,30,Pride of Canterbury,edge:58e752c5081992a081985a7a,assertion:5eb2a406f914183021de093a
运维措施,仅对适用电池按厂家要求补充电解液,适用于,设备,船舶动力装置,applicability_index,综合维护二次文章，原厂和标准出处未独立证实；不采纳文中统一周期、报警值、压力值、浮动轴承加脂和未经验证改造方案。以下仅用于检索维护主题，由适用机型规程决定具体操作。,stated,01_datasets/marine_diesel_RAG_corpus_All_data/All_data/test/船机帮船舶动力设备日常维护要点与常见故障排除.md,,补充电气系统电解液至 1.28 g/cm³，更换碳刷,edge:591358edf4e9d84aa0156412,assertion:6185a5b8b6b021a724e40504
影响因素,未核验大修零件真伪,是概念的实例,影响因素,未核验大修零件真伪,concept_alignment,仅在本声明来源及构型范围内使用,stated,02_reports/MAIB_2026_10_Kommandor_Susan_generator_bearing_failure.pdf,8,no verification of authenticity for the parts used,edge:59176177ac120e9d04208061,assertion:6f53c01399da67ff3a758a79
故障,连杆盖配合面微动磨损,导致,故障,连杆盖螺栓松动与断裂,source_case_statement,本报告案例，不外推为所有船舶已证实根因,reported,02_reports/MAIB_2022_04_Wight_Sky_multiple_engine_failures.pdf,84,"fretting wear between the mating faces, which would have led to loosening and rapid failure",edge:5950aead69b482afc9b439c8,assertion:4a82b6320076f39265b8a9eb
检查方法,检查调速器反馈机构,检查,部件,调速器反馈机构,source_check,S6U-PTK与文中船舶发电机经验；部分表述不严谨，不采纳未经原厂确认的轴承结构改造建议。,stated,01_datasets/marine_diesel_RAG_corpus_All_data/All_data/test/船机帮船舶发电机常见故障及对策.md,,检查调速器，包括各汽缸的清洁和油位，阀杆是否卡阻，调速器内部转动及反馈系统。,edge:5953c1ce2ccdf99465867407,assertion:2b14483845ce35e747a978d3
设备,主机海水冷却与舱底排水装置,是概念的实例,设备,主机海水冷却与舱底排水装置,concept_alignment,仅在本声明来源及构型范围内使用,stated,02_reports/MAIB_2016_Safety_Digest_generator_oil_fire.pdf,59,steel hulled fishing trawler,edge:596a1854e1be19ebd985c110,assertion:e2235a2ba033a16faf58005d
影响因素,未完成厂商四螺钉法兰改造,增加风险,故障,压力燃油泄漏,source_case_statement,本报告案例，不外推为所有船舶已证实根因,reported,02_reports/MAIB_2024_20_Stena_Europe_fuel_spray_fire.pdf,29,risk of fuel leakage remained high,edge:596ab177ddc5fbd176a25519,assertion:c88ad1c50493e6acebac4e5c
运维措施,按试验台规程校准喷油器雾化锥角,适用于,设备,船舶动力装置,applicability_index,综合维护二次文章，原厂和标准出处未独立证实；不采纳文中统一周期、报警值、压力值、浮动轴承加脂和未经验证改造方案。以下仅用于检索维护主题，由适用机型规程决定具体操作。,stated,01_datasets/marine_diesel_RAG_corpus_All_data/All_data/test/船机帮船舶动力设备日常维护要点与常见故障排除.md,,更换燃油系统滤器并进行手动排气，通过试验台校准雾化锥角,edge:59704a3ea426041c7d90b186,assertion:5447a692a076017fccdb5b17
故障,发电机滚动轴承磨损失效,记载于,来源,STAMFORD AGN076 alternator bearings,provenance_index,仅在本声明来源及构型范围内使用,stated,02_reports/STAMFORD_AGN076_alternator_bearings.pdf,4,lack of grease or misalignment damage,edge:59aa5eec6ca553f9c7ed1275,assertion:52ce7de9f1d5a4e2f88ce76b
运维措施,确认故障后按手册更换喷油器,记载于,来源,船机帮高压共轨柴油机燃油喷射系统故障分析,provenance_index,仅在本声明来源及构型范围内使用,stated,01_datasets/marine_diesel_RAG_corpus_All_data/All_data/test/船机帮高压共轨柴油机燃油喷射系统故障分析.md,,一般通过检查高压油泵或油头来确认，并换新故障的高压油泵或油头,edge:59b17b3d973df20e03f492ab,assertion:11b342b53b7fcc46aa5be396
状态,失去推进,是概念的实例,状态,失去推进,concept_alignment,仅在本声明来源及构型范围内使用,stated,02_reports/MAIB_2011_28_Queen_Mary_2_harmonic_filter_failure.pdf,13,vessel was clear of navigational hazards and drifted in open sea,edge:59b853e17c5c2db03d7bc01e,assertion:5deb046e464adf5f8259260d
船舶,Wight Sky,记载于,来源,Wight Sky multiple engine failures,provenance_index,仅在本声明来源及构型范围内使用,stated,02_reports/MAIB_2022_04_Wight_Sky_multiple_engine_failures.pdf,84,ME2 failed catastrophically due to a sudden loss of lubricating oil supply,edge:59bcf8161307ba62fb060ec5,assertion:fcca9671127581a630e42e6e
故障,活塞冷却喷嘴板堵塞,记载于,来源,船机帮MANKSZ型柴油机活塞冷却系统故障分析,provenance_index,仅在本声明来源及构型范围内使用,stated,01_datasets/marine_diesel_RAG_corpus_All_data/All_data/val/船机帮MANKSZ型柴油机活塞冷却系统故障分析.md,,当活塞顶部冷却的喷嘴板严重堵塞时，活塞顶部钻孔冷却空间无水进行冷却，或冷却水量不足，活塞顶部容易过热,edge:59d45f78b4c6add98444d8cc,assertion:ad8955384878aa7b482122d9
故障,排气阀磨损,记载于,来源,船机帮船用共轨柴油机排气阀常见故障与排除,provenance_index,仅在本声明来源及构型范围内使用,stated,01_datasets/marine_diesel_RAG_corpus_All_data/All_data/test/船机帮船用共轨柴油机排气阀常见故障与排除.md,,经常检查柴油机振动情况，以免因异常振动造成排气阀过度磨损而引起密封不良,edge:59dc66a59598096022a2989b,assertion:4a02f6f0f447acfa88d0f703
设备,左舷主机排气装置,记载于,来源,MAIB Safety Digest 2013 lubrication and bearing cases,provenance_index,仅在本声明来源及构型范围内使用,stated,02_reports/MAIB_2013_Safety_Digest_lubrication_bearing_cases.pdf,40,small passenger catamaran,edge:59f36eb5d90c5778256e61e3,assertion:18bebfddcced5948d222343f
状态,遥控设定转速异常,记载于,来源,船机帮某型船主机遥控系统典型故障分析,provenance_index,仅在本声明来源及构型范围内使用,stated,01_datasets/marine_diesel_RAG_corpus_All_data/All_data/test/船机帮某型船主机遥控系统典型故障分析.md,,车钟指令的传递和接收不正常会导致集控室转速控制器对当前车令判断与实际不一致，转速控制器设定转速不正确导致柴油机实际转速波动或显示值与正常值存在较大偏差。,edge:5a0c1708c35a96032941ce6c,assertion:19b2403c5e5de6c607db62b9
运维措施,停机断电确认后更换故障安全停车继电器,应对,故障,安全停车中间继电器故障,source_recommendation,DG2、施耐德NW08-63和文中扩展箱构型；仅合格电气人员可按本船隔离规程检修。,stated,01_datasets/marine_diesel_RAG_corpus_All_data/All_data/test/船机帮船舶柴油发电机主开关并网合闸失败故障的分析与排查.md,,把故障继电器拔下来更换成新的继电器,edge:5a116b6072af24303eafd7f7,assertion:5164ad2dfe8dbb828d5c6272
事故案例,控制空气不足与离合器脱开,涉及,状态,靠泊推进制动能力丧失,case_index,仅在本声明来源及构型范围内使用,stated,02_reports/MAIB_2013_Safety_Digest_lubrication_bearing_cases.pdf,15,ferry’s bow hitting her berth,edge:5a259113ada7b691afefe21f,assertion:e2d17b998fb47a1377dcb394
状态,油雾探测器反复报警,记载于,来源,MAIB Safety Digest 2013 lubrication and bearing cases,provenance_index,仅在本声明来源及构型范围内使用,stated,02_reports/MAIB_2013_Safety_Digest_lubrication_bearing_cases.pdf,21,OMD alarm activated again,edge:5a25a31a6a3ce8d9cdcf0478,assertion:4b48753de51bb5c41d242109
运维措施,按手册清洁活络喷油电磁阀阀芯,记载于,来源,船机帮高压共轨柴油机燃油喷射系统故障分析,provenance_index,仅在本声明来源及构型范围内使用,stated,01_datasets/marine_diesel_RAG_corpus_All_data/All_data/test/船机帮高压共轨柴油机燃油喷射系统故障分析.md,,如果该缸喷油时长明显小于其他各缸，则基本可以断定该缸喷油控制电磁阀故障，一般是磨损造成通流面积变大所致，需换新喷油控制电磁阀；也有可能是阀芯卡在较大开度位置所致，需解体清洁活络阀芯。,edge:5a27b3931500527d81cb0f86,assertion:ad9c6d0ee12390d0daeaf0df
状态,推进电机超速,导致,状态,推进电机保护跳闸,source_case_statement,本报告案例，不外推为所有船舶已证实根因,reported,02_reports/MAIB_2026_06_Spirit_of_Discovery_propulsion_loss.pdf,42,automatically tripped the power to its motor,edge:5a37f5c3519c64c0c244aa5c,assertion:0d459a8e5aa4d885a1368105
事故案例,液压背压阀卡滞与火灾,涉及,设备,右舷可调螺距桨液压装置,case_index,仅在本声明来源及构型范围内使用,stated,02_reports/MAIB_2015_22_Pride_of_Canterbury_CPP_hydraulic_fire.pdf,30,Pride of Canterbury,edge:5a4f63fc6c747a9d3b64f7f7,assertion:0b4661fc7d48fd75a3be559f
事故案例,大风浪中吊舱推进丧失,涉及,设备,吊舱推进装置,case_index,仅在本声明来源及构型范围内使用,stated,02_reports/MAIB_2026_06_Spirit_of_Discovery_propulsion_loss.pdf,42,propellers to come out of the water,edge:5a5ccbd86d2f0708548f6e88,assertion:f24baa9c0ab7f1bf2eeae5c8
故障,增压器减振弹簧片磨损,记载于,来源,船机帮船舶柴油机废气涡轮增压器振动的主要原因有哪些,provenance_index,仅在本声明来源及构型范围内使用,stated,01_datasets/marine_diesel_RAG_corpus_All_data/All_data/test/船机帮船舶柴油机废气涡轮增压器振动的主要原因有哪些.md,,轴承中的减振弹簧片的磨损、变形或断裂等使转子安装位置发生变化，转子对中不良产生强烈振动。,edge:5a5f03ffb583cca2b5a926a7,assertion:d21de25645c5c8cd07c73846
事故案例,滑油滤芯漏装与主机抱轴,涉及,运维措施,加强维修承包商关键步骤监督,case_index,仅在本声明来源及构型范围内使用,stated,02_reports/MAIB_2013_Safety_Digest_lubrication_bearing_cases.pdf,23,critical steps are not overlooked,edge:5a63ee88e5cd04baaf2b230e,assertion:d7c067d6dba65a5a60ed1f2d
故障,排气管未恢复保温,记载于,来源,MAIB Safety Digest 2016 generator oil fire case,provenance_index,仅在本声明来源及构型范围内使用,stated,02_reports/MAIB_2016_Safety_Digest_generator_oil_fire.pdf,28,radiate heat to the protective casing,edge:5a7a269564daa08b0423f268,assertion:66aa718b20c81cb107942a11
影响因素,齿轮装配方法不当,促成,状态,齿轮受力不均,source_statement,GW系列船用齿轮箱；通用机理与A/B船匿名案例须区分，尺寸不能跨机型套用。,possible,01_datasets/marine_diesel_RAG_corpus_All_data/All_data/test/船机帮船用齿轮箱故障分析与管理对策.md,,由于装配技术和装配方法等原因，齿轮会产生一端受力、装配偏差、不平衡等情形。,edge:5a7b3bf0e8b8b185845cf358,assertion:3c51d3ec7e501fb0697284dc
事故案例,液压背压阀卡滞与火灾,涉及,故障,CPP系统超压,case_index,仅在本声明来源及构型范围内使用,stated,02_reports/MAIB_2015_22_Pride_of_Canterbury_CPP_hydraulic_fire.pdf,29,back pressure valve (PSV3) becoming jammed in the closed position,edge:5aac99a18f9ffd82fc006f9b,assertion:4833607497af704ddacadf75
设备,可调螺距桨推进控制装置,服务于系统,系统,传动与推进系统,functional_classification,仅在本声明来源及构型范围内使用,stated,02_reports/MAIB_2016_Safety_Digest_generator_oil_fire.pdf,19,large roll-on roll-off passenger ferry,edge:5ab07cdb4e5eb49712ece995,assertion:9082c2e5cbf97433dcdf3ae2
故障,离合器活塞磨损,适用于,设备,减速齿轮箱,applicability_index,GW系列船用齿轮箱；通用机理与A/B船匿名案例须区分，尺寸不能跨机型套用。,stated,01_datasets/marine_diesel_RAG_corpus_All_data/All_data/test/船机帮船用齿轮箱故障分析与管理对策.md,,两组(共21个)摩擦片之间打滑(似转非转)，内凹圈跟着从动齿轮也似转非转(本不该转)，结果磨坏了活塞的端面和外周面，润滑油的温度持续升高。,edge:5ab74ebfe2455a8f537e4008,assertion:18744012a9a18e47ce5a0970
故障,排气阀座开裂泄漏,适用于,系统,燃油与进排气系统,functional_classification,MAN四冲程柴油机闭式淡水冷却；水质要求与添加剂须按具体机型手册确认。,stated,02_reports/MAN_SL2016_623_cooling_water.pdf,2,cracks and leakages,edge:5ac9d4ab3bd6af9fd78f1499,assertion:b6f412c2d9dd7bcf3f2ac36f
部件,增压器进气口,记载于,来源,船机帮船舶柴油机废气涡轮增压器振动的主要原因有哪些,provenance_index,仅在本声明来源及构型范围内使用,stated,01_datasets/marine_diesel_RAG_corpus_All_data/All_data/test/船机帮船舶柴油机废气涡轮增压器振动的主要原因有哪些.md,,管理中注意压气机进气滤器、叶轮、扩压器、空气冷却器、进气口和排气口、涡轮喷嘴环、叶片等流通部分的清洁，就会防止和消除喘振，也就会使振动消失。,edge:5acb87643a3813eff79fc5ea,assertion:5e2fe5e16ac3f2fc473c600f
运维措施,按本机规范调整气阀间隙,作用于,部件,气阀,source_recommendation,综合维护二次文章，原厂和标准出处未独立证实；不采纳文中统一周期、报警值、压力值、浮动轴承加脂和未经验证改造方案。以下仅用于检索维护主题，由适用机型规程决定具体操作。,stated,01_datasets/marine_diesel_RAG_corpus_All_data/All_data/test/船机帮船舶动力设备日常维护要点与常见故障排除.md,,按规范调整气门间隙，同时清洗增压器喷嘴环,edge:5ace576766ed8703da27c114,assertion:ca436f6fe9966f175017df89
影响因素,喷油定时过迟,促成,状态,柴油机排气冒黑烟,source_statement,S6U-PTK与文中船舶发电机经验；部分表述不严谨，不采纳未经原厂确认的轴承结构改造建议。,possible,01_datasets/marine_diesel_RAG_corpus_All_data/All_data/test/船机帮船舶发电机常见故障及对策.md,,喷油时间过迟，部分燃油未充分燃烧便于废气一同进入排气管中引起黑烟，且伴随较高温度。,edge:5ad0e5f107f0d11d787fb8bf,assertion:e0188b16c4cf2733f7720cdb
状态,船舶高压电网不稳定,记载于,来源,RMS Queen Mary 2 harmonic-filter capacitor failure and blackout,provenance_index,仅在本声明来源及构型范围内使用,stated,02_reports/MAIB_2011_28_Queen_Mary_2_harmonic_filter_failure.pdf,13,caused general instability in the electrical network,edge:5b0fae645bc22a54fa474ec2,assertion:7d78f9f678e49ceffbee60e4
故障,主机海水冷却管疑似失效,是概念的实例,故障,主机海水冷却管疑似失效,concept_alignment,仅在本声明来源及构型范围内使用,stated,02_reports/MAIB_2016_Safety_Digest_generator_oil_fire.pdf,60,suggests the failure of a main engine sea water cooling pipe,edge:5b1a9ddaf4c08ce72a81c3f0,assertion:4975a8b6664ff4f53372ecc4
设备,控制空气供给与主机离合装置,包含部件,部件,二号压缩机排气阀,asset_index,仅在本声明来源及构型范围内使用,stated,02_reports/MAIB_2013_Safety_Digest_lubrication_bearing_cases.pdf,14,ro-ro passenger ferry,edge:5b37bd17641571da18ad2af5,assertion:86bda6084322219306d0f3a0
部件,可调螺距桨反馈控制器,记载于,来源,MAIB Safety Digest 2016 generator oil fire case,provenance_index,仅在本声明来源及构型范围内使用,stated,02_reports/MAIB_2016_Safety_Digest_generator_oil_fire.pdf,29,chemical tanker,edge:5b3c4e39b956ceea640a32b2,assertion:76dc7a9e0552a081d975288f
影响因素,缸套加工粗糙度过高,记载于,来源,船机帮船用柴油机的拉缸故障,provenance_index,仅在本声明来源及构型范围内使用,stated,01_datasets/marine_diesel_RAG_corpus_All_data/All_data/test/船机帮船用柴油机的拉缸故障.md,,缸套加工的本身粗糙度过高，珩磨纹倾斜不对，缸套硬度太低，达不到图纸要求；,edge:5b3c5eea1b5fbd7f9ed61d73,assertion:a87941b0edc629c79aeaf744
故障,主机灾难性失效,记载于,来源,Wight Sky multiple engine failures,provenance_index,仅在本声明来源及构型范围内使用,stated,02_reports/MAIB_2022_04_Wight_Sky_multiple_engine_failures.pdf,84,ME4 failed catastrophically because of an assembly error,edge:5b3e6778646d810433772e9b,assertion:26ebc23ac542c733d181e7fe
运维措施,确认测量故障后更换温度传感器,适用于,设备,船舶动力装置,applicability_index,综合维护二次文章，原厂和标准出处未独立证实；不采纳文中统一周期、报警值、压力值、浮动轴承加脂和未经验证改造方案。以下仅用于检索维护主题，由适用机型规程决定具体操作。,stated,01_datasets/marine_diesel_RAG_corpus_All_data/All_data/test/船机帮船舶动力设备日常维护要点与常见故障排除.md,,更换故障传感器并恢复报警阈值,edge:5b4316efb798cce1da4abc55,assertion:ef71727707a9609af1e994d7
故障,盘车安全联锁失效,记载于,来源,MAIB Safety Digest 2013 lubrication and bearing cases,provenance_index,仅在本声明来源及构型范围内使用,stated,02_reports/MAIB_2013_Safety_Digest_lubrication_bearing_cases.pdf,16,"interlock, the last remaining safety barrier, had failed",edge:5b5b4ac72780b3a4508748bd,assertion:11774d64e59b0c45b9c69b94
运维措施,确认失衡后按厂家程序校正转子动平衡,作用于,部件,增压器转子,source_recommendation,综合维护二次文章，原厂和标准出处未独立证实；不采纳文中统一周期、报警值、压力值、浮动轴承加脂和未经验证改造方案。以下仅用于检索维护主题，由适用机型规程决定具体操作。,stated,01_datasets/marine_diesel_RAG_corpus_All_data/All_data/test/船机帮船舶动力设备日常维护要点与常见故障排除.md,,若偏差过大需离线进行动平衡校正,edge:5b5d386539b12b72126dc557,assertion:4a0f0a42bda42a8ae105b250
故障,主机灾难性失效,记载于,来源,Wight Sky multiple engine failures,provenance_index,仅在本声明来源及构型范围内使用,stated,02_reports/MAIB_2022_04_Wight_Sky_multiple_engine_failures.pdf,84,ME2 failed catastrophically due to a sudden loss of lubricating oil supply,edge:5b762708cc5a887848dbb141,assertion:96814343c8b932fe3fb662a7
故障,排气阀阀杆卡紧,记载于,来源,船机帮船用共轨柴油机排气阀常见故障与排除,provenance_index,仅在本声明来源及构型范围内使用,stated,01_datasets/marine_diesel_RAG_corpus_All_data/All_data/test/船机帮船用共轨柴油机排气阀常见故障与排除.md,,气阀间隙过小或气阀导管中沉积物增多会导致阀杆卡住。,edge:5b78d1c7b9791c321101700d,assertion:ce60ea4bb831d9e801caa046
故障,气阀弹簧断裂,属于概念类别,故障,排气阀故障,curator_concept_taxonomy,依据该文故障枚举整理的概念包含关系，非事故根因关系,stated,01_datasets/marine_diesel_RAG_corpus_All_data/All_data/test/船机帮船用共轨柴油机排气阀常见故障与排除.md,,共轨柴油机排气阀常见故障有,edge:5b7bbe89b3689a02dd591d41,assertion:df6f97f7cdc92ae54cfd78b1
设备,主机润滑装置,包含部件,部件,曲轴主轴承,asset_index,仅在本声明来源及构型范围内使用,stated,02_reports/MAIB_2013_Safety_Digest_lubrication_bearing_cases.pdf,21,fully loaded cargo ship,edge:5b942f45f547d8299bffb742,assertion:f1fd40d9adea8e5a0e4c4ba7
故障,主机海水冷却管疑似失效,适用于,设备,主机海水冷却与舱底排水装置,applicability_index,本报告案例，不外推为所有船舶已证实根因,stated,02_reports/MAIB_2016_Safety_Digest_generator_oil_fire.pdf,60,suggests the failure of a main engine sea water cooling pipe,edge:5b9ad75cdfb840815c719de4,assertion:63afe57b725165c16d490bef
状态,滑油温度降低,记载于,来源,船机帮柴油机冷却水过高或过低的危害,provenance_index,仅在本声明来源及构型范围内使用,stated,01_datasets/marine_diesel_RAG_corpus_All_data/All_data/test/船机帮柴油机冷却水过高或过低的危害.md,,冷却水温度过低，润滑油温度随之下降，机油在低温时粘度较大，流动性差,edge:5ba2b2fc1a4d15a9ad4152ac,assertion:001431cfe31a935dd30b0599
故障,缸套局部拉伤,记载于,来源,船机帮船用柴油机的拉缸故障,provenance_index,仅在本声明来源及构型范围内使用,stated,01_datasets/marine_diesel_RAG_corpus_All_data/All_data/test/船机帮船用柴油机的拉缸故障.md,,活塞不对中，造成活塞偏磨，甚至活塞裙磨到缸套，造成部分区域拉伤,edge:5bc839063dddc64e87cf2c12,assertion:6185354003eed5f3646cb922
状态,主轴承润滑油膜无法建立,记载于,来源,船机帮柴油机轴瓦抱轴故障分析,provenance_index,仅在本声明来源及构型范围内使用,stated,01_datasets/marine_diesel_RAG_corpus_All_data/All_data/test/船机帮柴油机轴瓦抱轴故障分析.md,,"对中状态异常引起各档主轴承间隙变化,当主轴承间隙过小时易使主轴承油膜无法建立,最终出现轴瓦磨损失效。",edge:5bd69c9bf402c81ba9c230bb,assertion:500a29cd76dc56f593d99f4a
检查方法,检查供油联接机构卡阻,记载于,来源,船机帮船用柴油机调速器的维护与保养十飞车故障,provenance_index,仅在本声明来源及构型范围内使用,stated,01_datasets/marine_diesel_RAG_corpus_All_data/All_data/test/船机帮船用柴油机调速器的维护与保养十飞车故障.md,,供油联接机构、高压油泵是否有阻卡。,edge:5beca4f7a76f913ba52993a8,assertion:2a261ff12faf6b4ac235cf8b
设备,主机启动与盘车装置,服务于系统,系统,传动与推进系统,functional_classification,仅在本声明来源及构型范围内使用,stated,02_reports/MAIB_2013_Safety_Digest_lubrication_bearing_cases.pdf,16,specialist cargo ship,edge:5bef86b4903a832a54cb2c86,assertion:1a4ca89774a9c4084f662ddb
设备,柴油发电机润滑与排气装置,服务于系统,系统,燃油与进排气系统,functional_classification,仅在本声明来源及构型范围内使用,stated,02_reports/MAIB_2016_Safety_Digest_generator_oil_fire.pdf,26,fully loaded ro-ro passenger ferry,edge:5c0365f01d4d17006b742d1d,assertion:77b8d23832828ec9f20a4750
参数,增压空气冷却器空气温度进口,表征,设备,试验柴油机,native_variable_dictionary,仅在本声明来源及构型范围内使用,stated,01_datasets/Marine_Engine_Fault_Data_v1/Marine_Engine_Fault_Data/variable_dictionary.csv,,"Charge Air IC Air Temp. In,T14,°C,number,TRUE,TRUE,temperature,",edge:5c046775da8b8b4b44d2d1c2,assertion:2037d9a10060e27f70d32bfb
船舶,Stena Europe,记载于,来源,Stena Europe pressurised fuel spray and engine-room fire,provenance_index,仅在本声明来源及构型范围内使用,stated,02_reports/MAIB_2024_20_Stena_Europe_fuel_spray_fire.pdf,7,fuel leaking under pressure,edge:5c0a8c110519641ae4323f98,assertion:663cd39ec35b9e76fbd667f7
状态,燃油共轨压力无法建立,导致,状态,主机启动失败,source_statement,航浚6008/MAN L32/44CR与CR2.2；轨压数值、扭矩与拆装必须核对本机手册。,stated,01_datasets/marine_diesel_RAG_corpus_All_data/All_data/test/船机帮高压共轨柴油机燃油喷射系统故障分析.md,,冲洗单向阀 12 止回功能失效，使整个共轨系统直接与 12bar 的供油管路相通，无法建立轨压而启动失败。,edge:5c12fc7e21816c1e51a88761,assertion:2c4b5342a5405a70a7cab9da
事故案例,燃油法兰松动与主机火灾,涉及,设备,ME3主机燃油供给与排气装置,case_index,仅在本声明来源及构型范围内使用,stated,02_reports/MAIB_2024_20_Stena_Europe_fuel_spray_fire.pdf,7,fuel leaking under pressure,edge:5c24dc6ec1ba0293a48dc83f,assertion:850e9d7a13962c397cf1eb76
设备,吊舱推进装置,记载于,来源,Spirit of Discovery loss of propulsion in heavy weather,provenance_index,仅在本声明来源及构型范围内使用,stated,02_reports/MAIB_2026_06_Spirit_of_Discovery_propulsion_loss.pdf,42,propellers to come out of the water,edge:5c276e0a9d937d5ecb981da4,assertion:dabf2ce29327496385246e35
故障,发电机绝缘热劣化,适用于,系统,电力与控制系统,functional_classification,STAMFORD/AvK发电机；检测与干燥作业须停电隔离，由合格人员依本机手册执行，本文不提供通用阈值或操作命令。,stated,02_reports/STAMFORD_AGN035_fault_protection.pdf,2,thermal degradation,edge:5c2fb47cfdced6108c06148f,assertion:7a4aea636dc4ce4e46240aaf
故障,轴承咬死与烧瓦（工程检索统称）,记载于,来源,MAN SL2013-569 bearing wear monitoring and bearing seizure,provenance_index,仅在本声明来源及构型范围内使用,stated,02_reports/MAN_SL2013_569_bearing_wear_monitoring.pdf,2,sudden ingress of foreign matter,edge:5c439621c673b83b1c72573c,assertion:a88fa1aad8343659fa85d256
检查方法,首启后巡视机舱泄漏与火灾隐患,适用于,设备,左舷主机排气装置,applicability_index,本报告案例，不外推为所有船舶已证实根因,stated,02_reports/MAIB_2013_Safety_Digest_lubrication_bearing_cases.pdf,42,visiting the engine room(s) soon after starting equipment,edge:5c4a4e0da80cfd2a617e1d9f,assertion:6472a98cf47c3ccc138a0f58
检查方法,测试备用和应急推进控制,适用于,设备,可调螺距桨推进控制装置,applicability_index,本报告案例，不外推为所有船舶已证实根因,stated,02_reports/MAIB_2016_Safety_Digest_generator_oil_fire.pdf,21,Regular testing of back-up and emergency control systems,edge:5c4db65728e94b872e22b1ef,assertion:0cc787accb6f90d29ef0a4bc
运维措施,按适用压差要求更换燃油细滤器滤芯,作用于,部件,燃油细滤芯,source_recommendation,Caterpillar3512冬季维护经验，原始应用场景不一定为船舶；仅提取可迁移维护主题，必须核对船用构型，排除未获批准的自主回油改造及统一数值。,stated,01_datasets/marine_diesel_RAG_corpus_All_data/All_data/test/船机帮冬季卡特柴油发电机组的安全运行.md,,更换发动机燃油细滤器滤芯。,edge:5c5867aa278f5566faa0cce5,assertion:6540f6d85539b204ce0606d1
状态,发电机定转子间隙减小,记载于,来源,船机帮船舶发电机常见故障及对策,provenance_index,仅在本声明来源及构型范围内使用,stated,01_datasets/marine_diesel_RAG_corpus_All_data/All_data/test/船机帮船舶发电机常见故障及对策.md,,轴承内的滚珠因碎裂而移位，导致发电机转子下沉，缩短了定子与转子之间的距离，两者摩擦不断加重，最终引起发电机的短路故障。,edge:5c6750dd309c1f0da8a663b9,assertion:739eb402b31f422319bb992b
状态,CPP备用模式指示灯点亮,记载于,来源,MAIB Safety Digest 2016 generator oil fire case,provenance_index,仅在本声明来源及构型范围内使用,stated,02_reports/MAIB_2016_Safety_Digest_generator_oil_fire.pdf,19,back-up control system indicator lamp was illuminated,edge:5c887f36a431912f9a8e90d1,assertion:5d9867b7dec423a267e6f194
运维措施,规范收集处置含油废物,应对,影响因素,油污抹布遗留在歧管上方,source_case_statement,本报告案例，不外推为所有船舶已证实根因,reported_action,02_reports/MAIB_2013_Safety_Digest_lubrication_bearing_cases.pdf,42,correct disposal of contaminated waste,edge:5ca79cda3c0515d3f0d9739f,assertion:15d4b991920f4c8dcacb49ef
状态,遥控直流电源纹波增大,促成,状态,主机遥控系统工作不稳定,source_statement,12V20/27、双机双轴双桨定距推进的文中闭环调速构型；信号接口及间隙不可跨机型套用。,stated,01_datasets/marine_diesel_RAG_corpus_All_data/All_data/test/船机帮某型船主机遥控系统典型故障分析.md,,电源绝缘不良、输出不稳、直流电源纹波大、带载能力下降都会导致系统工作不稳甚至崩溃。,edge:5cc7b62a69a5357a5d8719a0,assertion:f12ea5c3a467982cfdc49526
检查方法,核验轴承与大修零件来源,记载于,来源,Kommandor Susan catastrophic engine failure and fire,provenance_index,仅在本声明来源及构型范围内使用,stated,02_reports/MAIB_2026_10_Kommandor_Susan_generator_bearing_failure.pdf,8,no verification of authenticity for the parts used,edge:5cde95764a8fad253f044d1a,assertion:552d3dcb1dfb594d1482189c
运维措施,在洁净环境装配并整体安装主机,适用于,设备,故障主机,applicability_index,本报告案例，不外推为所有船舶已证实根因,stated,02_reports/MAIB_2018_14_Wight_Sky_engine_bearing_fire.pdf,14,Rebuilding the engine in a clean and controlled environment,edge:5cefc4b2682b42bce7100730,assertion:0eae19d4ffd3fdd18dbb939b
状态,柴油机轴向跳动超差,记载于,来源,船机帮柴油机轴瓦抱轴故障分析,provenance_index,仅在本声明来源及构型范围内使用,stated,01_datasets/marine_diesel_RAG_corpus_All_data/All_data/test/船机帮柴油机轴瓦抱轴故障分析.md,,"对中超差后柴油机轴向跳动会对柴油机止推轴承造成损伤,而径向跳动超差会对柴油机主轴承造成损伤。",edge:5ceff1c1e953720612323f5e,assertion:e0cab21c718603356b758a8e
事故案例,主机连杆小端疲劳断裂,涉及,状态,连杆小端刻痕,case_index,仅在本声明来源及构型范围内使用,stated,02_reports/MAIB_2021_02_Finlandia_Seaways_connecting_rod_failure.pdf,56,notch damage on the internal surfaces of their small end eyes,edge:5d12c721e8458e4fe6630dbe,assertion:7f09a40b5f84476c68786ab7
检查方法,设计复核原动机支承发电机转子质量的能力,记载于,来源,STAMFORD AGN076 alternator bearings,provenance_index,仅在本声明来源及构型范围内使用,stated,02_reports/STAMFORD_AGN076_alternator_bearings.pdf,7,The suitability of the prime mover to support the alternator’s rotor mass,edge:5d142cff72dbe848d035ec11,assertion:bc81e4d4ea3721ae799ab73c
运维措施,按设计保证停机时防凝露加热器自动投入,作用于,部件,发电机防凝露加热器,source_manufacturer_recommendation,STAMFORD/AvK对应交流发电机型号；AGN040应与本机Owner Manual联合使用；干燥与绝缘处置仅由合格人员实施。,guidance,02_reports/STAMFORD_AGN040_winding_insulation.pdf,7,ensure that this is automatically switched on when the Generating Set is at rest,edge:5d1b00fe4353434d02eb08c5,assertion:2f0bcb726df16de2e5511331
状态,遥控设定转速异常,导致,状态,柴油机转速波动,source_statement,12V20/27、双机双轴双桨定距推进的文中闭环调速构型；信号接口及间隙不可跨机型套用。,possible,01_datasets/marine_diesel_RAG_corpus_All_data/All_data/test/船机帮某型船主机遥控系统典型故障分析.md,,车钟指令的传递和接收不正常会导致集控室转速控制器对当前车令判断与实际不一致，转速控制器设定转速不正确导致柴油机实际转速波动或显示值与正常值存在较大偏差。,edge:5d2774b1e44304044ecfea25,assertion:86974f302723cb4e4b75c94a
设备,控制空气供给与主机离合装置,服务于系统,系统,传动与推进系统,functional_classification,仅在本声明来源及构型范围内使用,stated,02_reports/MAIB_2013_Safety_Digest_lubrication_bearing_cases.pdf,14,ro-ro passenger ferry,edge:5d282f54b89a78ddaabbad7a,assertion:87b6105dd7653836d2881c4d
状态,排气温度升高,提示,故障,缸套黏着拉伤,source_statement,船用柴油机摩擦副；二次维修文章，机型及根因须核实；不能以某一症状直接确诊拉缸。,possible,01_datasets/marine_diesel_RAG_corpus_All_data/All_data/test/船机帮船用柴油机的拉缸故障.md,,排温升高，高温水出水温度升高；,edge:5d319e362d5576b401ed3bf3,assertion:db7f804566f7f2c0fc5c9206
参数,发动机冷却水温度出口 I,表征,设备,试验柴油机,native_variable_dictionary,仅在本声明来源及构型范围内使用,stated,01_datasets/Marine_Engine_Fault_Data_v1/Marine_Engine_Fault_Data/variable_dictionary.csv,,"Cooling Water Temp. Engine Out I,T7,°C,number,TRUE,TRUE,temperature,",edge:5d33be1953ae187786f8727c,assertion:87630a3c1a4d12ad339a5fc8
影响因素,维护冲洗残留水未排净,记载于,来源,船机帮船舶动力系统滑油水污染故障实例分析,provenance_index,仅在本声明来源及构型范围内使用,stated,01_datasets/marine_diesel_RAG_corpus_All_data/All_data/test/船机帮船舶动力系统滑油水污染故障实例分析.md,,装备冲洗作业残留水未彻底排除即启动润滑系统。,edge:5d4550f0d462aae7d857955c,assertion:96fbd1bc1e475ffc5e923cda
运维措施,按机型维护计划补脂并复核联轴器重量,适用于,系统,润滑与轴承系统,functional_classification,有滚动轴承的发电机或轴带发电机构型；滚动轴承与主机滑动轴瓦的失效机理不得混用。,stated,02_reports/STAMFORD_AGN039_marine_shaft_generators.pdf,2,bearing regreasing instructions,edge:5d687a1b0b6a892c85a93f30,assertion:ffd886c31b448c12adfd9744
状态,遥控判断转速低于真实转速,导致,状态,柴油机实际转速异常上升,source_statement,12V20/27、双机双轴双桨定距推进的文中闭环调速构型；信号接口及间隙不可跨机型套用。,stated,01_datasets/marine_diesel_RAG_corpus_All_data/All_data/test/船机帮某型船主机遥控系统典型故障分析.md,,转速信号波形失真会导致系统判断转速较真实转速偏低，导致柴油机实际转速上升。,edge:5d76ee483c8b7556cf50209d,assertion:293bb43d78f84371efbc01c9
运维措施,规范收集处置含油废物,适用于,设备,左舷主机排气装置,applicability_index,本报告案例，不外推为所有船舶已证实根因,stated,02_reports/MAIB_2013_Safety_Digest_lubrication_bearing_cases.pdf,42,correct disposal of contaminated waste,edge:5d8903ab43bf6f33efd604c9,assertion:89775c91f6dcec26ed5202b7
运维措施,按制造商要求实施齿轮箱两端轴系校中,应对,状态,齿轮箱与轴系对中异常,source_recommendation,GW系列船用齿轮箱；通用机理与A/B船匿名案例须区分，尺寸不能跨机型套用。,stated,01_datasets/marine_diesel_RAG_corpus_All_data/All_data/test/船机帮船用齿轮箱故障分析与管理对策.md,,严格进行轴系校中，确保齿轮箱两端与轴系的对中。,edge:5da0859cd5ce178a58e6e113,assertion:1cea600492c4e3ce29a4c4c5
运维措施,按认可设计完善油舱呼吸干燥装置,应对,状态,油舱水蒸气凝结,source_recommendation,海水冷却的推进柴油机滑油系统；匿名二次报道。文中压力试验参数和标准引用未独立核实，不作为通用操作依据。,stated,01_datasets/marine_diesel_RAG_corpus_All_data/All_data/test/船机帮船舶动力系统滑油水污染故障实例分析.md,,完善油舱呼吸系统，配置高性能干燥剂滤罐，避免水蒸气在油舱顶部凝结。,edge:5da3010f0784fe38ab744317,assertion:d7dceff7f08de053230c6bcc
事故案例,ME2主轴承断油失效,记载于,来源,Wight Sky multiple engine failures,provenance_index,仅在本声明来源及构型范围内使用,stated,02_reports/MAIB_2022_04_Wight_Sky_multiple_engine_failures.pdf,84,ME2 failed catastrophically due to a sudden loss of lubricating oil supply,edge:5dba84e231906fa759e91716,assertion:377a967f5cbca6a27351208c
故障,主轴承咬死,适用于,设备,主机润滑装置,applicability_index,本报告案例，不外推为所有船舶已证实根因,stated,02_reports/MAIB_2013_Safety_Digest_lubrication_bearing_cases.pdf,21,contamination caused main bearing seizure,edge:5dc04542f178cb13b3abe33a,assertion:92811d820a4883e9efc0e8ff
故障,在线滑油滤器缺少滤芯,适用于,设备,主机润滑装置,applicability_index,本报告案例，不外推为所有船舶已证实根因,stated,02_reports/MAIB_2013_Safety_Digest_lubrication_bearing_cases.pdf,21,duplex filter was found without a filter cartridge,edge:5dd6a868c9c44de1fd41ed85,assertion:5e3e40db1a22d2cf5ea28033
影响因素,转速传感器安装间隙过小,增加风险,故障,转速传感器感应端损伤,source_statement,12V20/27、双机双轴双桨定距推进的文中闭环调速构型；信号接口及间隙不可跨机型套用。,possible,01_datasets/marine_diesel_RAG_corpus_All_data/All_data/test/船机帮某型船主机遥控系统典型故障分析.md,,传感器安装距离过近，主机运行过程中由于振动导致的飞轮偏心可能会导致飞轮齿顶损坏传感器感应端；传感器安装距离过远，可能会导致飞轮齿圈上某些齿的有效感应信号丢失造成主机游车。,edge:5de838185d781c2836ef7c4d,assertion:db93750ecd3a79e150a0367a
故障,空压机高压冷却器渗漏,促成,状态,压力空气进入共享冷却淡水回路,secondary_source_statement,文中共享中央淡水冷却回路；须核对本船空压机冷却器与副机回路连接,possible,01_datasets/marine_diesel_RAG_corpus_All_data/All_data/test/船机帮一起副机冷却水失压停车故障的处理和原因分析.md,,发现 No.3 主空压机高压冷却器渗漏,edge:5deb890a529ce9ef76837cb5,assertion:8dc799735ce21a2b5dfc21d4
事故案例,海水冷却管疑似失效与沉没,涉及,影响因素,海水管多年未检查更新,case_index,仅在本声明来源及构型范围内使用,stated,02_reports/MAIB_2016_Safety_Digest_generator_oil_fire.pdf,60,not been inspected or renewed for many years,edge:5e0b6b3cd15f3ca1ea07903b,assertion:c5b52c7b02ff344a5097064e
状态,机舱火灾,是概念的实例,状态,机舱火灾,concept_alignment,仅在本声明来源及构型范围内使用,stated,02_reports/MAIB_2018_14_Wight_Sky_engine_bearing_fire.pdf,1,"catastrophic failure of one of its main propulsion engines, followed by a fire",edge:5e1b83e6141022d82ed09404,assertion:7fd1ce09f2b784749601edf9
故障,高温报警线束烧损短路,适用于,设备,左舷主机排气装置,applicability_index,本报告案例，不外推为所有船舶已证实根因,stated,02_reports/MAIB_2013_Safety_Digest_lubrication_bearing_cases.pdf,41,causing it to short circuit and set off the alarm,edge:5e1f066dc4fccf8ad3c4aae5,assertion:61db5e318dcb0188585e9051
故障,增压器减振弹簧片变形,适用于,设备,废气涡轮增压器,applicability_index,船用废气涡轮增压器；拆装细节为VTR400示例，必须服从适用机型手册。,stated,01_datasets/marine_diesel_RAG_corpus_All_data/All_data/test/船机帮船舶柴油机废气涡轮增压器振动的主要原因有哪些.md,,轴承中的减振弹簧片的磨损、变形或断裂等使转子安装位置发生变化，转子对中不良产生强烈振动。,edge:5e307060c85c6d1ac460e742,assertion:dbdedd3e2ed9ad6fc8eb4142
运维措施,按本机要求补充滑油柜油位,作用于,部件,滑油柜,source_recommendation,综合维护二次文章，原厂和标准出处未独立证实；不采纳文中统一周期、报警值、压力值、浮动轴承加脂和未经验证改造方案。以下仅用于检索维护主题，由适用机型规程决定具体操作。,stated,01_datasets/marine_diesel_RAG_corpus_All_data/All_data/test/船机帮船舶动力设备日常维护要点与常见故障排除.md,,保持油位在视镜中高位与低位标记之间,edge:5e35206c5c034adeabedbda3,assertion:a8e35c73b2ebd96e6257f47a
故障,冷却水泵吸空,适用于,设备,柴油机,applicability_index,文中共享中央淡水冷却回路；须核对本船空压机冷却器与副机回路连接,stated,01_datasets/marine_diesel_RAG_corpus_All_data/All_data/test/船机帮一起副机冷却水失压停车故障的处理和原因分析.md,,"系统中就可能形成气囊,导致水泵吸空, 冷却水中断",edge:5e3b63a2ed0dccf90580b697,assertion:172b4d2ba7936a84b3940191
检查方法,检测转速传感器信号线绝缘,记载于,来源,船机帮某型船主机遥控系统典型故障分析,provenance_index,仅在本声明来源及构型范围内使用,stated,01_datasets/marine_diesel_RAG_corpus_All_data/All_data/test/船机帮某型船主机遥控系统典型故障分析.md,,转速传感器外观检查无损伤，测量信号线绝缘正常，实验室交验功能正常,edge:5e3bc102695291a54c81d23d,assertion:809bed0cfd9c748ee96a7e9b
检查方法,用示波器测量遥控电源纹波,适用于,设备,主机遥控控制装置,applicability_index,12V20/27、双机双轴双桨定距推进的文中闭环调速构型；信号接口及间隙不可跨机型套用。,stated,01_datasets/marine_diesel_RAG_corpus_All_data/All_data/test/船机帮某型船主机遥控系统典型故障分析.md,,用福禄克F124型示波器检测各电源模块输出端绝缘正常，输出稳定；测量空载电压，纹波在0.1 V以内；按照各电源模块设计负荷的60%通过电子负载进行带载试验,edge:5e5360d46e2c437f38554f33,assertion:25124b1e37d245902ca99f66
部件,压缩机润滑油排出管,是概念的实例,部件,压缩机润滑油排出管,concept_alignment,仅在本声明来源及构型范围内使用,stated,02_reports/MAIB_2013_Safety_Digest_lubrication_bearing_cases.pdf,14,ro-ro passenger ferry,edge:5e5489a0708fb94cef92aa52,assertion:a2ea37e0734d57e8072e5a28
影响因素,未核对阀位即拆进口法兰,导致,状态,海水经泵进口管大量流入,source_case_statement,本报告案例，不外推为所有船舶已证实根因,reported,02_reports/MAIB_2016_Safety_Digest_generator_oil_fire.pdf,40,water started to flow from the inlet pipe,edge:5e5b7f82a8dc83269097785a,assertion:be98b7f37b69da16b07d3ba8
运维措施,按电池安全规程清洁蓄电池接线端子,适用于,设备,柴油发电机,applicability_index,Caterpillar3512冬季维护经验，原始应用场景不一定为船舶；仅提取可迁移维护主题，必须核对船用构型，排除未获批准的自主回油改造及统一数值。,stated,01_datasets/marine_diesel_RAG_corpus_All_data/All_data/test/船机帮冬季卡特柴油发电机组的安全运行.md,,平时及时清理蓄电池上的接线端子和电池卡子上的附着物。,edge:5e6ddf904b87a9c21fe2961f,assertion:ab2963a97188ddacfcef22de
运维措施,确认减振器故障后按厂家程序更换,记载于,来源,MAN SL2017-654 crankshaft torsional vibration damper,provenance_index,仅在本声明来源及构型范围内使用,stated,02_reports/MAN_SL2017_654_torsional_damper.pdf,1,complete torsional vibration damper must be replaced,edge:5eb914e6d6f20e082edfb141,assertion:cbac030eacaa9765a73ceb96
参数,总指示功,表征,设备,试验柴油机,native_variable_dictionary,仅在本声明来源及构型范围内使用,stated,01_datasets/Marine_Engine_Fault_Data_v1/Marine_Engine_Fault_Data/variable_dictionary.csv,,"Total Indicated work,Wi_tot,J,number,TRUE,TRUE,performance / derived,",edge:5ed0a95e52ab93da061927e3,assertion:7267e9fb7d21daee5ec76bc0
故障,盘车轴与齿轮损坏,适用于,设备,主机启动与盘车装置,applicability_index,本报告案例，不外推为所有船舶已证实根因,stated,02_reports/MAIB_2013_Safety_Digest_lubrication_bearing_cases.pdf,16,resulting damage to the shaft and gearing,edge:5ed2378c548247f57baf0c1c,assertion:e691455cbaaa9b396d09b0a0
状态,CPP备用模式指示灯点亮,是概念的实例,状态,CPP备用模式指示灯点亮,concept_alignment,仅在本声明来源及构型范围内使用,stated,02_reports/MAIB_2016_Safety_Digest_generator_oil_fire.pdf,19,back-up control system indicator lamp was illuminated,edge:5ed2e5a46386811215522d47,assertion:5379002d10018e380e0fb70d
状态,缸套密封圈高温硬化龟裂,记载于,来源,船机帮船舶动力系统滑油水污染故障实例分析,provenance_index,仅在本声明来源及构型范围内使用,stated,01_datasets/marine_diesel_RAG_corpus_All_data/All_data/test/船机帮船舶动力系统滑油水污染故障实例分析.md,,高温环境下橡胶密封件硬化龟裂，冷却水沿缸套外壁渗入曲轴箱。,edge:5eebec02a5871bf0a1a78de6,assertion:1e7295675eef31112526a2cc
部件,曲轴主轴承,是概念的实例,部件,曲轴主轴承,concept_alignment,仅在本声明来源及构型范围内使用,stated,02_reports/MAIB_2013_Safety_Digest_lubrication_bearing_cases.pdf,21,fully loaded cargo ship,edge:5f00f3ff4419824c049b13cb,assertion:86ec06303f2699bf3c743dda
状态,失去推进,记载于,来源,Kommandor Susan catastrophic engine failure and fire,provenance_index,仅在本声明来源及构型范围内使用,stated,02_reports/MAIB_2026_10_Kommandor_Susan_generator_bearing_failure.pdf,1,The vessel lost propulsion and began drifting eastwards,edge:5f0ee1ec863c1d32244f425e,assertion:b345f7fcfbec68b9f3515df6
参数,增压器滑油温度出口,表征,设备,试验柴油机,native_variable_dictionary,仅在本声明来源及构型范围内使用,stated,01_datasets/Marine_Engine_Fault_Data_v1/Marine_Engine_Fault_Data/variable_dictionary.csv,,"LO Temp. TCH Out,T20,°C,number,TRUE,TRUE,temperature,",edge:5f15432607bb00fa381d84e9,assertion:38bab6669906ed8b049fec72
运维措施,按适用缓蚀剂规范补加冷却液,应对,影响因素,冷却水水质或处理不当,source_recommendation,海水冷却的推进柴油机滑油系统；匿名二次报道。文中压力试验参数和标准引用未独立核实，不作为通用操作依据。,stated,01_datasets/marine_diesel_RAG_corpus_All_data/All_data/test/船机帮船舶动力系统滑油水污染故障实例分析.md,,按照柴油机冷却系统缓蚀剂规范及时更换与补加冷却液。,edge:5f269f9494885cef733000c3,assertion:c630359dd0c0755ef677d655
部件,滑油泵堵头,记载于,来源,MAIB Safety Digest 2016 generator oil fire case,provenance_index,仅在本声明来源及构型范围内使用,stated,02_reports/MAIB_2016_Safety_Digest_generator_oil_fire.pdf,26,fully loaded ro-ro passenger ferry,edge:5f2f2c9e584479d38de84cc2,assertion:4c06e7c3e695e212ac8167a3
事故案例,控制空气不足与离合器脱开,涉及,检查方法,切换后核验压缩机供气能力,case_index,仅在本声明来源及构型范围内使用,stated,02_reports/MAIB_2013_Safety_Digest_lubrication_bearing_cases.pdf,15,check that it is operating correctly,edge:5f43cbd913748c161cb01453,assertion:30d0e409be3626e9086502d8
状态,高压油泵进油量不足,记载于,来源,船机帮高压共轨柴油机燃油喷射系统故障分析,provenance_index,仅在本声明来源及构型范围内使用,stated,01_datasets/marine_diesel_RAG_corpus_All_data/All_data/test/船机帮高压共轨柴油机燃油喷射系统故障分析.md,,实际各高压油泵节流阀卡在较小或全关的位置，造成进入高压油泵的油量不足，共轨压力上不来，主机无法启动。,edge:5f4466843246c2e8610ccb8b,assertion:b974475f8fd95e7e383f5055
状态,发电机转子下沉,记载于,来源,船机帮船舶发电机常见故障及对策,provenance_index,仅在本声明来源及构型范围内使用,stated,01_datasets/marine_diesel_RAG_corpus_All_data/All_data/test/船机帮船舶发电机常见故障及对策.md,,轴承内的滚珠因碎裂而移位，导致发电机转子下沉，缩短了定子与转子之间的距离，两者摩擦不断加重，最终引起发电机的短路故障。,edge:5f467a61cdc6badf952a7a0a,assertion:5e5af4ef3635a6bee37d43ae
部件,主机A5连杆小端,记载于,来源,Finlandia Seaways engine failure and fire,provenance_index,仅在本声明来源及构型范围内使用,stated,02_reports/MAIB_2021_02_Finlandia_Seaways_connecting_rod_failure.pdf,9,fracture of the connecting rod small end,edge:5f5b9fb22b3df8bfd8aa076f,assertion:1f7182f3dc499e57101888b5
故障,主轴承瓦片转位,记载于,来源,Wight Sky multiple engine failures,provenance_index,仅在本声明来源及构型范围内使用,stated,02_reports/MAIB_2022_04_Wight_Sky_multiple_engine_failures.pdf,84,oilway to the main journal and crankpin was blocked off when the bearing shells turned,edge:5f5c341fab2df788dbd4a77f,assertion:643e32b6423010c4875652b8
故障,在线滑油滤器缺少滤芯,发生于,设备,主机润滑装置,case_equipment_index,仅在本声明来源及构型范围内使用,stated,02_reports/MAIB_2013_Safety_Digest_lubrication_bearing_cases.pdf,21,duplex filter was found without a filter cartridge,edge:5f62d9eff74dbd3762b3abc5,assertion:bd33dcdaa53c211d2ef9ed01
影响因素,离合器调整垫片安装错误,记载于,来源,船机帮船用齿轮箱故障分析与管理对策,provenance_index,仅在本声明来源及构型范围内使用,stated,01_datasets/marine_diesel_RAG_corpus_All_data/All_data/test/船机帮船用齿轮箱故障分析与管理对策.md,,经核实，是装配时错误安装调整垫片导致的。,edge:5f751cc59c6c9ce3b85a69d6,assertion:b08459af85024371ef738da3
系统,电力与控制系统,记载于,来源,MAIB Safety Digest 2016 generator oil fire case,provenance_index,仅在本声明来源及构型范围内使用,stated,02_reports/MAIB_2016_Safety_Digest_generator_oil_fire.pdf,19,large roll-on roll-off passenger ferry,edge:5f7e30d038725d8b2ffb39de,assertion:127a43416ec459b32e76dc2f
影响因素,轻重燃油频繁切换,记载于,来源,船机帮高压共轨柴油机燃油喷射系统故障分析,provenance_index,仅在本声明来源及构型范围内使用,stated,01_datasets/marine_diesel_RAG_corpus_All_data/All_data/test/船机帮高压共轨柴油机燃油喷射系统故障分析.md,,轻重油频繁切换，容易造成共轨系统被污染，导致柴油机启动故障及零件的异常磨损，使用中尽量避免轻重油频繁切换。,edge:5f99173d3d4c2d3bd5808a95,assertion:ae20adb3aaf72aa17b8f4f32
故障,增压器涡轮退化（柴油机试验）,适用于,设备,试验柴油机,native_dataset_label,Marine Engine Fault Dataset原始标签；不推导未在数据中证明的机理,dataset_label,01_datasets/Marine_Engine_Fault_Data_v1/Marine_Engine_Fault_Data/dataset_index.csv,,"Turbine_Degradation/Turbine_Degradation_85_Load.csv,scenario,Turbine degradation,85%,single load condition,3,5289,73,""binary (0=pre-anomaly, 1=anomaly)"",Pre-anomaly and anomaly segments.",edge:5fe3f3aa482e8e472ecabae7,assertion:9cdcf6ad5334c6940ea0403d
影响因素,备用气瓶上线时未隔离主气瓶,记载于,来源,MAIB Safety Digest 2013 lubrication and bearing cases,provenance_index,仅在本声明来源及构型范围内使用,stated,02_reports/MAIB_2013_Safety_Digest_lubrication_bearing_cases.pdf,15,air pressure equalised at a level that was insufficient,edge:5fef99ffb70ba27f1dd2bdb3,assertion:87eac23fd0306074021a42d4
故障,压气机叶轮变形,适用于,设备,废气涡轮增压器,applicability_index,船用废气涡轮增压器；拆装细节为VTR400示例，必须服从适用机型手册。,stated,01_datasets/marine_diesel_RAG_corpus_All_data/All_data/test/船机帮船舶柴油机废气涡轮增压器振动的主要原因有哪些.md,,由于涡轮叶片上严重积炭或叶片变形、折断、压气机叶轮、叶片变形或损坏等都会使转子质量分布发生变化,edge:5ff2fd97f881320079483630,assertion:dc39dde3adcfb3cf1c4157d2
故障,增压器减振弹簧片变形,记载于,来源,船机帮船舶柴油机废气涡轮增压器振动的主要原因有哪些,provenance_index,仅在本声明来源及构型范围内使用,stated,01_datasets/marine_diesel_RAG_corpus_All_data/All_data/test/船机帮船舶柴油机废气涡轮增压器振动的主要原因有哪些.md,,轴承中的减振弹簧片的磨损、变形或断裂等使转子安装位置发生变化，转子对中不良产生强烈振动。,edge:5ffcf99506b782b8db2e19e3,assertion:40b5ff7c265a1ef412f30541
状态,全船失电,是概念的实例,状态,全船失电,concept_alignment,仅在本声明来源及构型范围内使用,stated,02_reports/MAIB_2011_28_Queen_Mary_2_harmonic_filter_failure.pdf,13,led to the generators shutting down,edge:601e5f037d4aaa5d5bc4f5db,assertion:d0f91675005063304b59a5e3
运维措施,按说明书清洁并对中安装高压接头,记载于,来源,船机帮高压共轨柴油机燃油喷射系统故障分析,provenance_index,仅在本声明来源及构型范围内使用,stated,01_datasets/marine_diesel_RAG_corpus_All_data/All_data/test/船机帮高压共轨柴油机燃油喷射系统故障分析.md,,可清洁密封面并涂专用白油，按说明书要求规范对中安装；发现有明显伤痕，则需更换高压油管或有关零部件。,edge:60648c88661da16b5c1c9fe6,assertion:260bbf28545915e2941f2fc7
事故案例,大风浪中吊舱推进丧失,涉及,状态,失去操纵能力,case_index,仅在本声明来源及构型范围内使用,stated,02_reports/MAIB_2026_06_Spirit_of_Discovery_propulsion_loss.pdf,51,both pods being parked at 90° to the vessel’s heading,edge:60890577f077e6490788c30f,assertion:057138f92920b83bc8ce0963
运维措施,按认可设计加强柴油机安装对中控制,记载于,来源,船机帮柴油机轴瓦抱轴故障分析,provenance_index,仅在本声明来源及构型范围内使用,stated,01_datasets/marine_diesel_RAG_corpus_All_data/All_data/test/船机帮柴油机轴瓦抱轴故障分析.md,,"需进一步加强对中控制,并增加机脚限位器。",edge:60917c04436161e056d44e76,assertion:4b57e37ef0232a6615f6b0ca
故障,油道堵塞,导致,故障,轴承与活塞断油过热,source_case_statement,本报告案例，不外推为所有船舶已证实根因,reported,02_reports/MAIB_2013_Safety_Digest_lubrication_bearing_cases.pdf,21,subsequent oil starvation and overheating,edge:60af7e526bb8d6d80e766625,assertion:4a95475a3f2b347455c00485
设备,可调螺距桨推进装置,服务于系统,系统,电力与控制系统,functional_classification,仅在本声明来源及构型范围内使用,stated,02_reports/MAIB_2016_Safety_Digest_generator_oil_fire.pdf,29,chemical tanker,edge:60f94cc9c2f75edca158b349,assertion:cadadff76f26a99fe545c488
故障,电流不平衡保护失效,是概念的实例,故障,电流不平衡保护失效,concept_alignment,仅在本声明来源及构型范围内使用,stated,02_reports/MAIB_2011_28_Queen_Mary_2_harmonic_filter_failure.pdf,69,all the sub-components in the system are functional,edge:61092e08d37167b575d20b23,assertion:9d71c5e92aab03728451535b
系统,燃油与进排气系统,记载于,来源,Stena Europe pressurised fuel spray and engine-room fire,provenance_index,仅在本声明来源及构型范围内使用,stated,02_reports/MAIB_2024_20_Stena_Europe_fuel_spray_fire.pdf,7,fuel leaking under pressure,edge:610d89d3752c68bb89748bf6,assertion:e2cfaae6ce6479c8b3c47592
状态,转速控制器车令判断错误,导致,状态,遥控设定转速异常,source_statement,12V20/27、双机双轴双桨定距推进的文中闭环调速构型；信号接口及间隙不可跨机型套用。,stated,01_datasets/marine_diesel_RAG_corpus_All_data/All_data/test/船机帮某型船主机遥控系统典型故障分析.md,,车钟指令的传递和接收不正常会导致集控室转速控制器对当前车令判断与实际不一致，转速控制器设定转速不正确导致柴油机实际转速波动或显示值与正常值存在较大偏差。,edge:611494510c91c301d0133294,assertion:000cf72389e4a12ca79619de
影响因素,缸套硬度不符合要求,记载于,来源,船机帮船用柴油机的拉缸故障,provenance_index,仅在本声明来源及构型范围内使用,stated,01_datasets/marine_diesel_RAG_corpus_All_data/All_data/test/船机帮船用柴油机的拉缸故障.md,,缸套加工的本身粗糙度过高，珩磨纹倾斜不对，缸套硬度太低，达不到图纸要求；,edge:612ed6cd15d6f0e793d5c64d,assertion:1150e078985cb8eed2382177
运维措施,加强维修承包商关键步骤监督,应对,故障,在线滑油滤器缺少滤芯,source_case_statement,本报告案例，不外推为所有船舶已证实根因,reported_action,02_reports/MAIB_2013_Safety_Digest_lubrication_bearing_cases.pdf,23,critical steps are not overlooked,edge:6156c42eba16b92b3d80ef1c,assertion:904350bfea487eacda8fa8f7
故障,油道堵塞,适用于,设备,主机润滑装置,applicability_index,本报告案例，不外推为所有船舶已证实根因,stated,02_reports/MAIB_2013_Safety_Digest_lubrication_bearing_cases.pdf,21,rotation of bearing shells and the blockage of oil ways,edge:61591bda398458e7f296eb1f,assertion:c68a910238d79b2ff2c670e2
运维措施,确认测量故障后更换温度传感器,作用于,部件,温度传感器,source_recommendation,综合维护二次文章，原厂和标准出处未独立证实；不采纳文中统一周期、报警值、压力值、浮动轴承加脂和未经验证改造方案。以下仅用于检索维护主题，由适用机型规程决定具体操作。,stated,01_datasets/marine_diesel_RAG_corpus_All_data/All_data/test/船机帮船舶动力设备日常维护要点与常见故障排除.md,,更换故障传感器并恢复报警阈值,edge:617b3a8c5c9f97d3cc5acc1c,assertion:c400c09c0bdd1c5967577a55
状态,轴承润滑脂不足或对中不良,促成,故障,发电机滚动轴承磨损失效,source_guidance_statement,有滚动轴承的发电机或轴带发电机构型；滚动轴承与主机滑动轴瓦的失效机理不得混用。,possible,02_reports/STAMFORD_AGN076_alternator_bearings.pdf,4,lack of grease or misalignment damage,edge:6182e432d5270ed0cdd47a64,assertion:2d5ffdd2cb5cdca8be36150d
检查方法,用电压相轨迹辅助识别振荡且保留局限,适用于,系统,传动与推进系统,functional_classification,2021论文三类船舶的实测电网信号，含轴带发电化学品船；不是所有振荡都超限。DP船风浪影响主要作用于基波与频率，不能一概说风浪显著放大所有谐波。,stated,03_papers/Frontiers_2021_marine_converter_oscillations.pdf,12,phase portraits can be used,edge:618af5a948a593d12748ec24,assertion:2d223bf72e7e7a7db61655c2
影响因素,主机安装基座平面度不良,导致,状态,隔振器压缩量不一致,source_statement,某型巡逻船试航故障二次报道；排查中已排除的原因不作为本案正向根因，油品及公差不能跨机型使用。,possible,01_datasets/marine_diesel_RAG_corpus_All_data/All_data/test/船机帮柴油机轴瓦抱轴故障分析.md,,"主机安装基座平面度可能导致柴油机各隔振器压缩量存在差异,使各隔振器高度不一致,造成隔振器刚度不一致,影响柴油机运行过程中的对中状态。",edge:618dfe10bcf95cfd0943d98e,assertion:5259a49868931d3d6a062038
故障,共轨冲洗单向阀止回失效,导致,状态,高压共轨与低压供油管路连通,source_statement,航浚6008/MAN L32/44CR与CR2.2；轨压数值、扭矩与拆装必须核对本机手册。,stated,01_datasets/marine_diesel_RAG_corpus_All_data/All_data/test/船机帮高压共轨柴油机燃油喷射系统故障分析.md,,冲洗单向阀 12 止回功能失效，使整个共轨系统直接与 12bar 的供油管路相通，无法建立轨压而启动失败。,edge:61a30eb539cc66ac9f242807,assertion:312ac58a1ae4edbfbe795655
状态,燃油固体颗粒造成针阀运动受阻,记载于,来源,船机帮5S60ME船用柴油机喷油器故障分析与对策,provenance_index,仅在本声明来源及构型范围内使用,stated,01_datasets/marine_diesel_RAG_corpus_All_data/All_data/test/船机帮5S60ME船用柴油机喷油器故障分析与对策.md,,"维持燃油净化设备正常运行，保证油质清洁,防止燃油中的固体颗粒造成止回阀和针阀运动阻力增大甚至卡死",edge:61a9691ac7214582ce925a0f,assertion:e2ca9d73f0971daa7f0c0c7f
故障,活塞冷却喷嘴板堵塞,适用于,设备,柴油机,applicability_index,MAN K9SZ52/105B/BL活塞水冷机型，不能推广到油冷活塞,stated,01_datasets/marine_diesel_RAG_corpus_All_data/All_data/val/船机帮MANKSZ型柴油机活塞冷却系统故障分析.md,,当活塞顶部冷却的喷嘴板严重堵塞时，活塞顶部钻孔冷却空间无水进行冷却，或冷却水量不足，活塞顶部容易过热,edge:61b460db8d3ebef6a8988962,assertion:dcbfcec7b18223847a2b3779
状态,气缸滑油供应不足,记载于,来源,船机帮船用柴油机的拉缸故障,provenance_index,仅在本声明来源及构型范围内使用,stated,01_datasets/marine_diesel_RAG_corpus_All_data/All_data/test/船机帮船用柴油机的拉缸故障.md,,一旦缺少气缸滑油，不能正常的产生油膜，会造粘着摩擦，最终造成拉缸。,edge:61dc195604e642fa7b64d62d,assertion:da9cea8e260753a535d483a9
状态,发电机转子下沉,导致,状态,发电机定转子间隙减小,source_statement,S6U-PTK与文中船舶发电机经验；部分表述不严谨，不采纳未经原厂确认的轴承结构改造建议。,stated,01_datasets/marine_diesel_RAG_corpus_All_data/All_data/test/船机帮船舶发电机常见故障及对策.md,,轴承内的滚珠因碎裂而移位，导致发电机转子下沉，缩短了定子与转子之间的距离，两者摩擦不断加重，最终引起发电机的短路故障。,edge:61e120231eb1c80f2203637c,assertion:167d8b7cbb262fe566d86023
影响因素,连杆大端轴承盖配对错装,是概念的实例,影响因素,连杆大端轴承盖配对错装,concept_alignment,仅在本声明来源及构型范围内使用,stated,02_reports/MAIB_2022_04_Wight_Sky_multiple_engine_failures.pdf,84,transposition of the bearing caps reduced the metal-to-metal contact,edge:61e4523b5d6b8cd267ab05e4,assertion:9c84a6f8a2d649e35f19f2d2
运维措施,按海用构型设计加装防滴百叶,作用于,部件,发电机防滴百叶,source_manufacturer_recommendation,STAMFORD/AvK对应交流发电机型号；AGN040应与本机Owner Manual联合使用；干燥与绝缘处置仅由合格人员实施。,guidance,02_reports/STAMFORD_AGN040_winding_insulation.pdf,5,The addition of drip proof louvres is recommended,edge:61eecdd2f8bc4df3a6560140,assertion:39c26843c388100de4fa2112
影响因素,连杆小端轴套更换产生应力集中,记载于,来源,Finlandia Seaways engine failure and fire,provenance_index,仅在本声明来源及构型范围内使用,stated,02_reports/MAIB_2021_02_Finlandia_Seaways_connecting_rod_failure.pdf,9,introduced stress raisers that signficantly increased the likelihood of crack initiation and fatigue failure,edge:61eeded5574b9761df5a0fe4,assertion:f8f6d0b15410c54a67e14721
状态,柴油机对中状态异常,记载于,来源,船机帮柴油机轴瓦抱轴故障分析,provenance_index,仅在本声明来源及构型范围内使用,stated,01_datasets/marine_diesel_RAG_corpus_All_data/All_data/test/船机帮柴油机轴瓦抱轴故障分析.md,,"主机安装基座平面度可能导致柴油机各隔振器压缩量存在差异,使各隔振器高度不一致,造成隔振器刚度不一致,影响柴油机运行过程中的对中状态。",edge:6210a2f46be49046277865c9,assertion:3b505708bbc99f83b8755091
部件,主轴承螺栓,记载于,来源,船机帮船舶动力设备日常维护要点与常见故障排除,provenance_index,仅在本声明来源及构型范围内使用,stated,01_datasets/marine_diesel_RAG_corpus_All_data/All_data/test/船机帮船舶动力设备日常维护要点与常见故障排除.md,,主轴承螺栓采用液压拉伸器进行紧固,edge:621572521af17fc7b76dd944,assertion:56343916b0027ab725a19563
事故案例,控制空气不足与离合器脱开,涉及,故障,压缩机滑油排出管脱开,case_index,仅在本声明来源及构型范围内使用,stated,02_reports/MAIB_2013_Safety_Digest_lubrication_bearing_cases.pdf,14,bottom end bearing had overheated and failed,edge:621c9254956f9f5958e6aa5a,assertion:82c098fa2cd9167da58e6934
运维措施,按机型维护要求保持增压器进气口清洁,应对,故障,压气机喘振,source_recommendation,船用废气涡轮增压器；拆装细节为VTR400示例，必须服从适用机型手册。,stated,01_datasets/marine_diesel_RAG_corpus_All_data/All_data/test/船机帮船舶柴油机废气涡轮增压器振动的主要原因有哪些.md,,管理中注意压气机进气滤器、叶轮、扩压器、空气冷却器、进气口和排气口、涡轮喷嘴环、叶片等流通部分的清洁，就会防止和消除喘振，也就会使振动消失。,edge:6224d86a10513faacd9b8129,assertion:1ad4f5dc9c8859573076ed83
检查方法,设计复核发电机组飞轮壳刚度,检查,部件,飞轮壳,source_manufacturer_check,STAMFORD/AvK发电机：滚动轴承与滑动轴承、单/双轴承构型分别适用，不能跨型号套用。,guidance,02_reports/STAMFORD_AGN076_alternator_bearings.pdf,7,suitable flywheel housing design in terms of stiffness and rigidity,edge:6245eec058ffaba2e64ad1b0,assertion:ff0a4bfb82038c88cc1387ff
部件,盘车安全联锁,是概念的实例,部件,盘车安全联锁,concept_alignment,仅在本声明来源及构型范围内使用,stated,02_reports/MAIB_2013_Safety_Digest_lubrication_bearing_cases.pdf,16,specialist cargo ship,edge:62537fa48ded07e1e0859dab,assertion:1ff51801fcc8892cbc0fbf73
运维措施,按机型维护要求保持增压器进气口清洁,记载于,来源,船机帮船舶柴油机废气涡轮增压器振动的主要原因有哪些,provenance_index,仅在本声明来源及构型范围内使用,stated,01_datasets/marine_diesel_RAG_corpus_All_data/All_data/test/船机帮船舶柴油机废气涡轮增压器振动的主要原因有哪些.md,,管理中注意压气机进气滤器、叶轮、扩压器、空气冷却器、进气口和排气口、涡轮喷嘴环、叶片等流通部分的清洁，就会防止和消除喘振，也就会使振动消失。,edge:62884d5da3100daee73e8ad4,assertion:62bdea8f3741f7fe5771daf5
故障,应急供电无法启动便携泵,是概念的实例,故障,应急供电无法启动便携泵,concept_alignment,仅在本声明来源及构型范围内使用,stated,02_reports/MAIB_2016_Safety_Digest_generator_oil_fire.pdf,40,running on emergency power only,edge:62a063ace1685cbaf51527ef,assertion:32cbb3ee1de3c3bcdd438ef5
故障,二号压缩机排气阀损坏,是概念的实例,故障,二号压缩机排气阀损坏,concept_alignment,仅在本声明来源及构型范围内使用,stated,02_reports/MAIB_2013_Safety_Digest_lubrication_bearing_cases.pdf,15,Neither compressor had been able to keep up with demand,edge:62efadc0f0c4044e169012d8,assertion:564dedbd148fc2957939b2b5
状态,转子与壳体气封配合间隙异常,记载于,来源,船机帮船舶柴油机废气涡轮增压器振动的主要原因有哪些,provenance_index,仅在本声明来源及构型范围内使用,stated,01_datasets/marine_diesel_RAG_corpus_All_data/All_data/test/船机帮船舶柴油机废气涡轮增压器振动的主要原因有哪些.md,,增压器转子就会由于长期不运转其自重使其产生弯曲变形，破坏了转子与壳体、气封等的配合间隙，使转子失中。,edge:6309d1f6023fb99161b549c0,assertion:d0055c695204d6cfc3244409
部件,可调螺距桨反馈控制器,记载于,来源,MAIB Safety Digest 2016 generator oil fire case,provenance_index,仅在本声明来源及构型范围内使用,stated,02_reports/MAIB_2016_Safety_Digest_generator_oil_fire.pdf,29,chemical tanker,edge:630a5849f2eef1574ddcceb7,assertion:978a31bcee15b00146a65fc5
运维措施,按机型工艺更换磨损离合器活塞,适用于,设备,减速齿轮箱,applicability_index,GW系列船用齿轮箱；通用机理与A/B船匿名案例须区分，尺寸不能跨机型套用。,stated,01_datasets/marine_diesel_RAG_corpus_All_data/All_data/test/船机帮船用齿轮箱故障分析与管理对策.md,,针对故障原因更换了活塞，调整了内凹圈与从动齿轮的端向间隙。,edge:630d73cb0834bf9b9adc1816,assertion:faf9c62db289e6c39893cd0a
故障,增压器轴承裂纹,属于概念类别,故障,增压器轴承损伤,curator_concept_taxonomy,依据该文故障枚举整理的概念包含关系，非事故根因关系,stated,01_datasets/marine_diesel_RAG_corpus_All_data/All_data/test/船机帮船舶柴油机废气涡轮增压器振动的主要原因有哪些.md,,轴承长时间使用后产生磨损、变形、裂纹和烧伤时,edge:631da8e998cd365bd2424352,assertion:e86700a41b6c84b1a531733e
故障,排气阀无法开启,属于概念类别,故障,排气阀故障,curator_concept_taxonomy,依据该文故障枚举整理的概念包含关系，非事故根因关系,stated,01_datasets/marine_diesel_RAG_corpus_All_data/All_data/test/船机帮船用共轨柴油机排气阀常见故障与排除.md,,共轨柴油机排气阀常见故障有,edge:632c524f2ef27571560679b9,assertion:71fcf5ae14313db2521b3491
故障,喷油器针阀过热卡死,记载于,来源,船机帮5S60ME船用柴油机喷油器故障分析与对策,provenance_index,仅在本声明来源及构型范围内使用,stated,01_datasets/marine_diesel_RAG_corpus_All_data/All_data/test/船机帮5S60ME船用柴油机喷油器故障分析与对策.md,,"高温燃气引起针阀过热，最终卡死在针阀体内,使主机该缸喷油量减少,排温降低,继而主机降速",edge:633ce1fc56bf1d8f2bf128c5,assertion:8dcab2b8d2d12911557fa025
故障,测速板整形比较器输出故障,表现为,状态,转速信号整形输出间歇丢失,source_statement,12V20/27、双机双轴双桨定距推进的文中闭环调速构型；信号接口及间隙不可跨机型套用。,stated,01_datasets/marine_diesel_RAG_corpus_All_data/All_data/test/船机帮某型船主机遥控系统典型故障分析.md,,发现转速信号进入测速板后，首先通过比较器6N139进行整形，整形比较器输出不稳定，有偶发性无输出现象。,edge:635598648735b6143bd6ebce,assertion:3e7cbee42c6257bf88c6d09f
运维措施,开展机舱与驾驶台故障沟通演练,适用于,设备,控制空气供给与主机离合装置,applicability_index,本报告案例，不外推为所有船舶已证实根因,stated,02_reports/MAIB_2013_Safety_Digest_lubrication_bearing_cases.pdf,15,conducting realistic machinery drills,edge:6364b28e8bd8258f29c140ff,assertion:8dee01a3ad7bf18333ebb96f
故障,柴油发电机扩展箱故障,适用于,设备,发电机主开关,applicability_index,DG2、施耐德NW08-63和文中扩展箱构型；仅合格电气人员可按本船隔离规程检修。,stated,01_datasets/marine_diesel_RAG_corpus_All_data/All_data/test/船机帮船舶柴油发电机主开关并网合闸失败故障的分析与排查.md,,若扩展箱存在问题，会导致“安全停车”信号断开。,edge:636bfeabd8c2eef8b7f096c1,assertion:ea80363309455f1be2504b4f
参数,增压器滑油带走热功率,记载于,来源,variable_dictionary,provenance_index,仅在本声明来源及构型范围内使用,stated,01_datasets/Marine_Engine_Fault_Data_v1/Marine_Engine_Fault_Data/variable_dictionary.csv,,"Loss with TCH LO,Qrej_turb,kW,number,TRUE,TRUE,performance / derived,",edge:63803b3b72da545b7919b90d,assertion:20e2d5037bff8895afda750a
状态,燃油喷向裸露高温排气歧管,导致,状态,机舱火灾,source_case_statement,本报告案例，不外推为所有船舶已证实根因,reported,02_reports/MAIB_2024_20_Stena_Europe_fuel_spray_fire.pdf,7,igniting on an exposed hot surface,edge:63de221d04de691b8f7dd4ae,assertion:32cc42cfeecf87065e7b7e79
部件,空气滤芯,记载于,来源,船机帮冬季卡特柴油发电机组的安全运行,provenance_index,仅在本声明来源及构型范围内使用,stated,01_datasets/marine_diesel_RAG_corpus_All_data/All_data/test/船机帮冬季卡特柴油发电机组的安全运行.md,,空气滤清器滤芯每年至少应更换一次。,edge:63e1122bb4f783678052d948,assertion:89862cea358ad752debebbde
状态,主机高温报警,记载于,来源,MAIB Safety Digest 2013 lubrication and bearing cases,provenance_index,仅在本声明来源及构型范围内使用,stated,02_reports/MAIB_2013_Safety_Digest_lubrication_bearing_cases.pdf,41,set off the alarm in the wheelhouse,edge:641057cd24b1c71eb1d42227,assertion:661b6c8575476804484dddc0
运维措施,按电池安全规程清洁蓄电池接线端子,记载于,来源,船机帮冬季卡特柴油发电机组的安全运行,provenance_index,仅在本声明来源及构型范围内使用,stated,01_datasets/marine_diesel_RAG_corpus_All_data/All_data/test/船机帮冬季卡特柴油发电机组的安全运行.md,,平时及时清理蓄电池上的接线端子和电池卡子上的附着物。,edge:64197191803ec400db37453f,assertion:1e9df1918a8cfa03c091f924
状态,气阀关闭不严,导致,状态,气缸燃烧不完全,source_statement,S6U-PTK与文中船舶发电机经验；部分表述不严谨，不采纳未经原厂确认的轴承结构改造建议。,possible,01_datasets/marine_diesel_RAG_corpus_All_data/All_data/test/船机帮船舶发电机常见故障及对策.md,,气阀机构回受热膨胀，过小的间隙造成关闭不严，漏气而导致燃烧不充分，出现黑烟现象；,edge:6428a936ab6bd91347985c89,assertion:de08e3b2353ea143bfec2475
运维措施,按构型复核联轴器补偿与减振能力,适用于,系统,电力与控制系统,functional_classification,通过齿轮箱及联轴器驱动的轴带发电机；不能推广到所有同轴无附加轴承的构型。,stated,02_reports/STAMFORD_AGN039_marine_shaft_generators.pdf,2,absorb misalignment,edge:643249e1e26f8fc751672c3f,assertion:422f13d4941cf5d87fc7829b
参数,换热器总热损失功率,记载于,来源,variable_dictionary,provenance_index,仅在本声明来源及构型范围内使用,stated,01_datasets/Marine_Engine_Fault_Data_v1/Marine_Engine_Fault_Data/variable_dictionary.csv,,"Total Heat Loss in Heat Exchangers,Qrej,kW,number,TRUE,TRUE,performance / derived,",edge:643c31b707e44eb175a9c571,assertion:4bdff05a476a73429357a160
故障,调速器阀杆卡滞,记载于,来源,船机帮船舶发电机常见故障及对策,provenance_index,仅在本声明来源及构型范围内使用,stated,01_datasets/marine_diesel_RAG_corpus_All_data/All_data/test/船机帮船舶发电机常见故障及对策.md,,检查调速器，包括各汽缸的清洁和油位，阀杆是否卡阻，调速器内部转动及反馈系统。,edge:6442bf222b60420c4660f04a,assertion:cab67430551d052434d487fe
参数,增压空气冷却器冷却水温度进口,表征,设备,试验柴油机,native_variable_dictionary,仅在本声明来源及构型范围内使用,stated,01_datasets/Marine_Engine_Fault_Data_v1/Marine_Engine_Fault_Data/variable_dictionary.csv,,"Charge Air IC Cooling Water Temp. In,T16,°C,number,TRUE,TRUE,temperature,",edge:64705feda983ed13bb8290c2,assertion:1b4ed6e45caa9ada24d08911
事故案例,主机连杆小端疲劳断裂,涉及,影响因素,连杆小端轴套更换产生应力集中,case_index,仅在本声明来源及构型范围内使用,stated,02_reports/MAIB_2021_02_Finlandia_Seaways_connecting_rod_failure.pdf,9,introduced stress raisers that signficantly increased the likelihood of crack initiation and fatigue failure,edge:64c1501222927e4cd81cbed4,assertion:69d395a9a068750125d9ba3a
运维措施,按机型维护要求保持增压器进气口清洁,作用于,部件,增压器进气口,source_recommendation,船用废气涡轮增压器；拆装细节为VTR400示例，必须服从适用机型手册。,stated,01_datasets/marine_diesel_RAG_corpus_All_data/All_data/test/船机帮船舶柴油机废气涡轮增压器振动的主要原因有哪些.md,,管理中注意压气机进气滤器、叶轮、扩压器、空气冷却器、进气口和排气口、涡轮喷嘴环、叶片等流通部分的清洁，就会防止和消除喘振，也就会使振动消失。,edge:64c934b52e773cf37e3bb13e,assertion:d200a08d1fda320f4e4fe230
运维措施,按原厂周期更换空气压缩机润滑油,作用于,设备,空气压缩机,source_recommendation,综合维护二次文章，原厂和标准出处未独立证实；不采纳文中统一周期、报警值、压力值、浮动轴承加脂和未经验证改造方案。以下仅用于检索维护主题，由适用机型规程决定具体操作。,stated,01_datasets/marine_diesel_RAG_corpus_All_data/All_data/test/船机帮船舶动力设备日常维护要点与常见故障排除.md,,空气压缩机每运行 500 h 更换润滑油,edge:64d3b1a69c49e2ef6c7618bf,assertion:a7c024a2734ccf944020327a
检查方法,按OEM要求检查执行器联轴器紧固完整性,适用于,系统,电力与控制系统,functional_classification,实际证据是Hebrides的CPP执行器小型爪式联轴器，不是主推进轴联轴器断裂；主轴断裂根因不可由此推断。,stated,02_reports/MAIB_2017_20_Hebrides_CPP_coupling.pdf,36,inspection and integrity of the jaw coupling,edge:64e5cd03cafd8cc2ce2da2fa,assertion:abeaeab19815ddbc6c0d4b0c
故障,冷却水通道结垢堵塞,适用于,系统,冷却与海水系统,functional_classification,MAN四冲程柴油机闭式淡水冷却；水质要求与添加剂须按具体机型手册确认。,stated,02_reports/MAN_SL2016_623_cooling_water.pdf,2,deposits of limescale and/or rust,edge:64e6970c9495e72404c81fde,assertion:cda68c66ff0136d5f3c9b311
检查方法,核查热态对中和风浪工况下振动,检查,状态,轴带发电机与齿轮箱对中失准,source_guidance_statement,通过齿轮箱及联轴器驱动的轴带发电机；不能推广到所有同轴无附加轴承的构型。,derived_action,02_reports/STAMFORD_AGN039_marine_shaft_generators.pdf,2,alignment is not accurate,edge:6514b7efbe1a22deed14c460,assertion:d4d8284e229c1d5fd9ee965b
运维措施,保持机组状态与日志及状态板一致,应对,影响因素,盘车状态未标识与操作说明被涂覆,source_case_statement,本报告案例，不外推为所有船舶已证实根因,reported_action,02_reports/MAIB_2013_Safety_Digest_lubrication_bearing_cases.pdf,18,status of the main engine machinery conforms to the status recorded,edge:654ebcb26afe0e52b00fd737,assertion:69b1d7373d6b5bf240363e10
状态,零件工作温度过高,记载于,来源,船机帮柴油机冷却水过高或过低的危害,provenance_index,仅在本声明来源及构型范围内使用,stated,01_datasets/marine_diesel_RAG_corpus_All_data/All_data/test/船机帮柴油机冷却水过高或过低的危害.md,,高温使零件膨胀变形，严重地影响配合零件的正常间隙，甚至卡死。,edge:65698979ef54340227cc3747,assertion:0114e1ddc153dd3aac1b95cb
系统,润滑与轴承系统,记载于,来源,MAIB Safety Digest 2016 generator oil fire case,provenance_index,仅在本声明来源及构型范围内使用,stated,02_reports/MAIB_2016_Safety_Digest_generator_oil_fire.pdf,26,fully loaded ro-ro passenger ferry,edge:65762000d34c8fb32e3c9f01,assertion:f09da8fd347dbfeef0aaaabf
事故案例,大风浪中吊舱推进丧失,涉及,状态,推进电机超速,case_index,仅在本声明来源及构型范围内使用,stated,02_reports/MAIB_2026_06_Spirit_of_Discovery_propulsion_loss.pdf,42,led to a very rapid increase in the motors’ rpm,edge:65784a9efece2a4669063e73,assertion:c2dfb4585aa380ac7489950a
运维措施,必要时由合格人员按厂家程序实施专用励磁干燥,适用于,设备,交流发电机,applicability_index,STAMFORD/AvK对应交流发电机型号；AGN040应与本机Owner Manual联合使用；干燥与绝缘处置仅由合格人员实施。,stated,02_reports/STAMFORD_AGN040_winding_insulation.pdf,8,By separately exciting at a level,edge:657ef6933ba042c26550a0c1,assertion:b269183644d8df591e21972e
设备,右舷可调螺距桨液压装置,记载于,来源,Pride of Canterbury CPP hydraulic overpressure and fire,provenance_index,仅在本声明来源及构型范围内使用,stated,02_reports/MAIB_2015_22_Pride_of_Canterbury_CPP_hydraulic_fire.pdf,30,Pride of Canterbury,edge:65adb2ab2700d92f5490a553,assertion:afe7ab469ff5cf88ba8abe17
运维措施,追踪缺陷记录与厂家技术通告,应对,影响因素,反复燃油漏泄未完整报告,source_case_statement,本报告案例，不外推为所有船舶已证实根因,reported_action,02_reports/MAIB_2024_20_Stena_Europe_fuel_spray_fire.pdf,31,review process to manage service bulletins,edge:65d77a979e5a1a9a886c447c,assertion:e5b8c31eefbab424911decd8
运维措施,按厂家设计配置发电机防凝露加热器,作用于,部件,发电机防凝露加热器,source_manufacturer_recommendation,STAMFORD/AvK对应交流发电机型号；AGN040应与本机Owner Manual联合使用；干燥与绝缘处置仅由合格人员实施。,guidance,02_reports/STAMFORD_AGN040_winding_insulation.pdf,5,the option of an Anti- Condensation Heater is recommended,edge:65d7bc701f895e1e55b8bab5,assertion:034def4b557a5e0fa6462733
部件,便携电动排水泵,是概念的实例,部件,便携电动排水泵,concept_alignment,仅在本声明来源及构型范围内使用,stated,02_reports/MAIB_2016_Safety_Digest_generator_oil_fire.pdf,40,general cargo vessel,edge:65eefbee1b29374f192c209f,assertion:3cea6f06a5d1041a55bf5103
故障,喷油器裂纹,适用于,设备,柴油发电机,applicability_index,S6U-PTK与文中船舶发电机经验；部分表述不严谨，不采纳未经原厂确认的轴承结构改造建议。,stated,01_datasets/marine_diesel_RAG_corpus_All_data/All_data/test/船机帮船舶发电机常见故障及对策.md,,出现裂缝可用磁粉探伤法进行检测,edge:660b280d5cf55bf4bf427882,assertion:89d8eed52d16fa951f980ef0
状态,燃油消耗偏高,提示,故障,缸套黏着拉伤,source_statement,船用柴油机摩擦副；二次维修文章，机型及根因须核实；不能以某一症状直接确诊拉缸。,possible,01_datasets/marine_diesel_RAG_corpus_All_data/All_data/test/船机帮船用柴油机的拉缸故障.md,,缸套和活塞环被拉伤，会出现串气、压缩压力和爆发压力降低，燃油油耗偏高；,edge:66233f0deb8eb3913c229afb,assertion:f5567a27068a033ef736c07b
检查方法,定期验证保护系统全部子部件,记载于,来源,RMS Queen Mary 2 harmonic-filter capacitor failure and blackout,provenance_index,仅在本声明来源及构型范围内使用,stated,02_reports/MAIB_2011_28_Queen_Mary_2_harmonic_filter_failure.pdf,69,all the sub-components in the system are functional,edge:662bb0817092fc5490b63512,assertion:fcf616250e23b3c5c1d293ff
设备,海水压载与机舱排水装置,服务于系统,系统,冷却与海水系统,functional_classification,仅在本声明来源及构型范围内使用,stated,02_reports/MAIB_2016_Safety_Digest_generator_oil_fire.pdf,40,general cargo vessel,edge:6631be631b5726c215191357,assertion:e119122b47865cc8bc65f036
状态,柴油机对中状态异常,导致,状态,主轴承间隙过小,source_statement,某型巡逻船试航故障二次报道；排查中已排除的原因不作为本案正向根因，油品及公差不能跨机型使用。,possible,01_datasets/marine_diesel_RAG_corpus_All_data/All_data/test/船机帮柴油机轴瓦抱轴故障分析.md,,"对中状态异常引起各档主轴承间隙变化,当主轴承间隙过小时易使主轴承油膜无法建立,最终出现轴瓦磨损失效。",edge:66391a87d04e300df291a6e9,assertion:09c4b8fc0292e9e924107e2c
状态,缸壁油膜被燃油冲洗,导致,状态,燃油进入曲轴箱,source_statement,柴油机水冷机理二次资料；文中80–90℃等数值不能当作所有机型阈值。,stated,01_datasets/marine_diesel_RAG_corpus_All_data/All_data/test/船机帮柴油机冷却水过高或过低的危害.md,,成液滴状的燃油进入气缸后会冲洗气缸壁上的润滑油膜，并渗入到曲轴箱内,edge:6667cce7933fed06d59611be,assertion:089284d9a7dfee75f725327b
运维措施,按电池安全规程清洁电池固定卡子,适用于,设备,柴油发电机,applicability_index,Caterpillar3512冬季维护经验，原始应用场景不一定为船舶；仅提取可迁移维护主题，必须核对船用构型，排除未获批准的自主回油改造及统一数值。,stated,01_datasets/marine_diesel_RAG_corpus_All_data/All_data/test/船机帮冬季卡特柴油发电机组的安全运行.md,,平时及时清理蓄电池上的接线端子和电池卡子上的附着物。,edge:667d64925ed5ca050d7134fa,assertion:9bf2389cb90991ea052aa427
影响因素,回油管缺少有效超压释放,记载于,来源,Pride of Canterbury CPP hydraulic overpressure and fire,provenance_index,仅在本声明来源及构型范围内使用,stated,02_reports/MAIB_2015_22_Pride_of_Canterbury_CPP_hydraulic_fire.pdf,29,no means within the system to effectively relieve excess pressure,edge:66894b927b9cdda42ae281f3,assertion:ef82c9600ba729cceb44a179
事故案例,DG1发电机故障与失电,涉及,影响因素,未核验大修零件真伪,case_index,仅在本声明来源及构型范围内使用,stated,02_reports/MAIB_2026_10_Kommandor_Susan_generator_bearing_failure.pdf,8,no verification of authenticity for the parts used,edge:66c29fc1224c8ba4d655740d,assertion:1b1cea777984ba51f13701d0
故障,连杆大端轴承断油,导致,故障,主机灾难性失效,source_case_statement,本报告案例，不外推为所有船舶已证实根因,reported,02_reports/MAIB_2018_14_Wight_Sky_engine_bearing_fire.pdf,14,resulting in destructive failure,edge:66e81821d06951a1d211d8ed,assertion:e0e5b71b8823cc20bbd0eb5a
运维措施,按适用压差要求更换燃油细滤器滤芯,记载于,来源,船机帮冬季卡特柴油发电机组的安全运行,provenance_index,仅在本声明来源及构型范围内使用,stated,01_datasets/marine_diesel_RAG_corpus_All_data/All_data/test/船机帮冬季卡特柴油发电机组的安全运行.md,,更换发动机燃油细滤器滤芯。,edge:6702ac127f8c8f027db26c66,assertion:eff53ef520843f45d80f64e2
检查方法,停机隔离后按手册拆检连杆,检查,部件,连杆,source_check,某型巡逻船试航故障二次报道；排查中已排除的原因不作为本案正向根因，油品及公差不能跨机型使用。,stated,01_datasets/marine_diesel_RAG_corpus_All_data/All_data/test/船机帮柴油机轴瓦抱轴故障分析.md,,对故障柴油机进行拆检，拆下柴油机外围管路、气缸盖，拆除活塞、连杆组件和曲轴。,edge:670c8125ee33f8a382bef325,assertion:4e90a301b0ffe1fe410e5d79
故障,连杆盖配合面微动磨损,是概念的实例,故障,连杆盖配合面微动磨损,concept_alignment,仅在本声明来源及构型范围内使用,stated,02_reports/MAIB_2022_04_Wight_Sky_multiple_engine_failures.pdf,84,transposition of the bearing caps reduced the metal-to-metal contact,edge:67122db463417e85913e1ef1,assertion:5545c9f7b0231e9c9a221c74
设备,故障主机,包含部件,部件,故障主机5号主轴承,asset_index,仅在本声明来源及构型范围内使用,stated,02_reports/MAIB_2018_14_Wight_Sky_engine_bearing_fire.pdf,1,debris in the engine’s oil channels following rebuild,edge:67678ec4a8cd609490118f73,assertion:23d05ae83a916c09b31b08a8
状态,燃烧室部件工作温度升高,记载于,来源,船机帮柴油机冷却水过高或过低的危害,provenance_index,仅在本声明来源及构型范围内使用,stated,01_datasets/marine_diesel_RAG_corpus_All_data/All_data/test/船机帮柴油机冷却水过高或过低的危害.md,,冷却水温度过高，致使活塞、活塞环、气缸套、缸盖和气门等零件的工作温度升高，导致充气不足，燃烧不正常，容易引起敲缸、爆燃。,edge:678a7d92845d8d5b848d0524,assertion:76d42ca8adc30a9c3f0dfc32
故障,主机灾难性失效,是概念的实例,故障,主机灾难性失效,concept_alignment,仅在本声明来源及构型范围内使用,stated,02_reports/MAIB_2021_02_Finlandia_Seaways_connecting_rod_failure.pdf,9,fracture of the connecting rod small end had led to the sudden failure of the main engine,edge:6797734b6dc9bc2cf69555e2,assertion:e6eb4784c7c1db1d7d22c7c8
状态,润滑油压力下降,记载于,来源,Wight Sky multiple engine failures,provenance_index,仅在本声明来源及构型范围内使用,stated,02_reports/MAIB_2022_04_Wight_Sky_multiple_engine_failures.pdf,70,ECU detected a loss of lubricating oil pressure and initiated an engine shutdown,edge:67cc0c751a575fb459fdea59,assertion:18a38131efeff488b8c19322
运维措施,按机型维护要求保持压气机叶轮清洁,记载于,来源,船机帮船舶柴油机废气涡轮增压器振动的主要原因有哪些,provenance_index,仅在本声明来源及构型范围内使用,stated,01_datasets/marine_diesel_RAG_corpus_All_data/All_data/test/船机帮船舶柴油机废气涡轮增压器振动的主要原因有哪些.md,,管理中注意压气机进气滤器、叶轮、扩压器、空气冷却器、进气口和排气口、涡轮喷嘴环、叶片等流通部分的清洁，就会防止和消除喘振，也就会使振动消失。,edge:67cda3dc339d617eb75618f5,assertion:2e2cc97d7ecd13acc2916347
状态,缸套摩擦副摩擦系数增大,导致,状态,缸套局部高温,source_statement,船用柴油机摩擦副；二次维修文章，机型及根因须核实；不能以某一症状直接确诊拉缸。,stated,01_datasets/marine_diesel_RAG_corpus_All_data/All_data/test/船机帮船用柴油机的拉缸故障.md,,若由于某种原因，油膜变薄或遭到破坏，因润滑不良出现干摩擦或半干摩擦，缸套与活塞环的摩擦系数突然增大，造成局部高温粘附磨损的过程。,edge:67d8ca341d6e5f3d08264bea,assertion:f2d2676a8620440fc1ddfa72
状态,发电机主开关无法并网合闸,记载于,来源,船机帮船舶柴油发电机主开关并网合闸失败故障的分析与排查,provenance_index,仅在本声明来源及构型范围内使用,stated,01_datasets/marine_diesel_RAG_corpus_All_data/All_data/test/船机帮船舶柴油发电机主开关并网合闸失败故障的分析与排查.md,,在正常状态下该继电器线圈是断开的，控制分闸线圈 MN 的触点处于常闭状态，主开关可以正常合闸。,edge:67db6c60ad73b49c81bc44a2,assertion:20093c6458fe4ebd9e05bde8
故障,增压器涡轮退化（柴油机试验）,记载于,来源,dataset_index,provenance_index,仅在本声明来源及构型范围内使用,stated,01_datasets/Marine_Engine_Fault_Data_v1/Marine_Engine_Fault_Data/dataset_index.csv,,"Turbine_Degradation/Turbine_Degradation_40_Load.csv,scenario,Turbine degradation,40%,single load condition,3,6397,73,""binary (0=pre-anomaly, 1=anomaly)"",Pre-anomaly and anomaly segments.",edge:67df8a0f7f46148ea65fa37d,assertion:53ef08c1bfb0feac33bf4e15
检查方法,按手册拆检共轨节流阀,适用于,设备,高压共轨燃油喷射装置,applicability_index,航浚6008/MAN L32/44CR与CR2.2；轨压数值、扭矩与拆装必须核对本机手册。,stated,01_datasets/marine_diesel_RAG_corpus_All_data/All_data/test/船机帮高压共轨柴油机燃油喷射系统故障分析.md,,一般需拆检各节流阀，清洁、活络各节流阀电磁阀顶杆和阀芯部分，装复后，即可恢复正常。,edge:67e620514b979b5c693181f5,assertion:f5db8ea1891f554c8bf47a08
状态,DP船风浪纵摇横摇,记载于,来源,Comparative Case Study on Oscillatory Behavior in Power Systems of Marine Vessels With High Power Converters,provenance_index,仅在本声明来源及构型范围内使用,stated,03_papers/Frontiers_2021_marine_converter_oscillations.pdf,6,voltage and frequency modulations increase as well.,edge:67f69edcfb6195c537d65748,assertion:667a1c03f19f34ee176b0337
设备,可调螺距桨推进装置,包含部件,部件,可调螺距桨反馈控制器,asset_index,仅在本声明来源及构型范围内使用,stated,02_reports/MAIB_2016_Safety_Digest_generator_oil_fire.pdf,29,chemical tanker,edge:67fa4eccddb2dedd1d4972f4,assertion:6144f528565a1e715a0f8056
故障,喷油器弹簧断裂,促成,状态,单缸排气温度偏高,source_statement,航浚6008/MAN L32/44CR与CR2.2；轨压数值、扭矩与拆装必须核对本机手册。,possible,01_datasets/marine_diesel_RAG_corpus_All_data/All_data/test/船机帮高压共轨柴油机燃油喷射系统故障分析.md,,如弹簧断裂、喷油嘴喷孔变大等也会出现排温偏高的情况,edge:681feaff1b85618d8b850222,assertion:3512a2023935a97f8c2ce8c7
检查方法,检查高压油泵异常泄漏,适用于,设备,高压共轨燃油喷射装置,applicability_index,航浚6008/MAN L32/44CR与CR2.2；轨压数值、扭矩与拆装必须核对本机手册。,stated,01_datasets/marine_diesel_RAG_corpus_All_data/All_data/test/船机帮高压共轨柴油机燃油喷射系统故障分析.md,,一般通过检查高压油泵或油头来确认，并换新故障的高压油泵或油头,edge:682e18ec26665a45716486e7,assertion:9edff5a6941520ad2c7f2ffd
运维措施,确认油样不合格后按原厂要求更换滑油,记载于,来源,船机帮船舶动力设备日常维护要点与常见故障排除,provenance_index,仅在本声明来源及构型范围内使用,stated,01_datasets/marine_diesel_RAG_corpus_All_data/All_data/test/船机帮船舶动力设备日常维护要点与常见故障排除.md,,超标时需整批换油并追溯污染源,edge:6834f03aebcd5a21f48ff8d6,assertion:54a8a519e836d4fc41521fd0
事故案例,滑油滤芯漏装与主机抱轴,涉及,状态,滤器压差持续偏低,case_index,仅在本声明来源及构型范围内使用,stated,02_reports/MAIB_2013_Safety_Digest_lubrication_bearing_cases.pdf,23,consistently low reading on the filter differential oil pressure gauge,edge:68410e143b377478d4d328cb,assertion:69f249c05f7ee831381ee178
运维措施,按适用冷却液规范补充散热水箱冷却液,适用于,设备,柴油发电机,applicability_index,Caterpillar3512冬季维护经验，原始应用场景不一定为船舶；仅提取可迁移维护主题，必须核对船用构型，排除未获批准的自主回油改造及统一数值。,stated,01_datasets/marine_diesel_RAG_corpus_All_data/All_data/test/船机帮冬季卡特柴油发电机组的安全运行.md,,如果不足要及时补充。,edge:68531f1bfce05a812f2965d0,assertion:819a3d97248615123063f8cb
检查方法,测量停车仪表箱电源电压,检查,状态,柴油机无法正常停车,source_check,调速器维修经验；不同调速器针阀与补偿调节不可照抄，飞车必须执行本船应急规程。,stated,01_datasets/marine_diesel_RAG_corpus_All_data/All_data/test/船机帮船用柴油机调速器的维护与保养十飞车故障.md,,柴油机不能停车——检查调速器“0”位是否与高压油泵“0”位相符合，并检查停车电磁阀及仪表箱电源电压。,edge:686489a044ad80d3925abadd,assertion:8caa9300f46469d516778d06
状态,轴向振动引起轴承座微动,记载于,来源,STAMFORD AGN076 alternator bearings,provenance_index,仅在本声明来源及构型范围内使用,stated,02_reports/STAMFORD_AGN076_alternator_bearings.pdf,4,"axial vibration, causing a fretting action",edge:6866199d18debe008d636fd5,assertion:7e183d3176e1055ef0d125ad
状态,滑油黏度降低,导致,状态,滑油承载能力下降,source_statement,某型巡逻船试航故障二次报道；排查中已排除的原因不作为本案正向根因，油品及公差不能跨机型使用。,possible,01_datasets/marine_diesel_RAG_corpus_All_data/All_data/test/船机帮柴油机轴瓦抱轴故障分析.md,,"高分子聚合物断裂后是不可逆的,导致粘度很快降低,机油承载能力下降。",edge:686678e66aedbeb531e2680e,assertion:f26ad320880026f2500045db
检查方法,检查主开关合闸中间继电器信号,检查,部件,合闸中间继电器,source_check,DG2、施耐德NW08-63和文中扩展箱构型；仅合格电气人员可按本船隔离规程检修。,stated,01_datasets/marine_diesel_RAG_corpus_All_data/All_data/test/船机帮船舶柴油发电机主开关并网合闸失败故障的分析与排查.md,,重点检测与主开关合闸信号的相关中间继电器和模块输出信号,edge:6866b76082361ff3eb518ee6,assertion:8193d32f5bce66fb7024e2a1
部件,谐波滤波电容器,记载于,来源,RMS Queen Mary 2 harmonic-filter capacitor failure and blackout,provenance_index,仅在本声明来源及构型范围内使用,stated,02_reports/MAIB_2011_28_Queen_Mary_2_harmonic_filter_failure.pdf,13,explosion was triggered by deterioration in the capacitors,edge:686b6700f2e4edd8cf716bbc,assertion:62c4f2cb2f884a53e4213ebf
运维措施,改进吊舱舱底传感器布置,适用于,设备,吊舱推进装置,applicability_index,本报告案例，不外推为所有船舶已证实根因,stated,02_reports/MAIB_2026_06_Spirit_of_Discovery_propulsion_loss.pdf,53,Improved the position of the SISHIp eSiPODs bilge sensor arrangements,edge:68725c8aaac86d48189dfb5f,assertion:a7b3fb06ecaf72712fad0af2
故障,油底壳道门垫片老化,促成,状态,机舱积水进入油底壳,source_statement,海水冷却的推进柴油机滑油系统；匿名二次报道。文中压力试验参数和标准引用未独立核实，不作为通用操作依据。,possible,01_datasets/marine_diesel_RAG_corpus_All_data/All_data/test/船机帮船舶动力系统滑油水污染故障实例分析.md,,道门垫片老化或紧固螺栓松动导致机舱积水渗入。,edge:68bf3336b3dbb2147a6acd75,assertion:783d8fb22ad9a3357a39b324
设备,柴油机,服务于系统,系统,润滑与轴承系统,functional_classification,仅在本声明来源及构型范围内使用,stated,01_datasets/marine_diesel_RAG_corpus_All_data/All_data/test/船机帮船用柴油机的拉缸故障.md,,若由于某种原因，油膜变薄或遭到破坏，因润滑不良出现干摩擦或半干摩擦，缸套与活塞环的摩擦系数突然增大，造成局部高温粘附磨损的过程。,edge:68d24b25bf4fc2f52da6b932,assertion:8af86af787ba57c828d98e37
部件,冷却管路支架,记载于,来源,船机帮船舶动力系统滑油水污染故障实例分析,provenance_index,仅在本声明来源及构型范围内使用,stated,01_datasets/marine_diesel_RAG_corpus_All_data/All_data/test/船机帮船舶动力系统滑油水污染故障实例分析.md,,定期检查管路支架状态，消除应力集中点。,edge:68d3d2ce1c089660e192f8ce,assertion:391521c24d2d5b0ad25044d9
运维措施,按本机要求补充滑油柜油位,适用于,设备,船舶动力装置,applicability_index,综合维护二次文章，原厂和标准出处未独立证实；不采纳文中统一周期、报警值、压力值、浮动轴承加脂和未经验证改造方案。以下仅用于检索维护主题，由适用机型规程决定具体操作。,stated,01_datasets/marine_diesel_RAG_corpus_All_data/All_data/test/船机帮船舶动力设备日常维护要点与常见故障排除.md,,保持油位在视镜中高位与低位标记之间,edge:68de2d36bd119837fba56cfb,assertion:24c8e271b0b63fa772578b16
事故案例,发电机滑油泵堵头松脱火灾,涉及,故障,压力滑油喷漏,case_index,仅在本声明来源及构型范围内使用,stated,02_reports/MAIB_2016_Safety_Digest_generator_oil_fire.pdf,26,oil from this generator was spraying,edge:6901af8d10483d71f89e2205,assertion:5a5bf4c70555bf4f88a80302
事故案例,控制空气不足与离合器脱开,涉及,部件,压缩机润滑油排出管,case_index,仅在本声明来源及构型范围内使用,stated,02_reports/MAIB_2013_Safety_Digest_lubrication_bearing_cases.pdf,14,ro-ro passenger ferry,edge:6904dbabc11c0a3c419b2c76,assertion:4daf15ee722a43ad984ffd13
部件,主机海水冷却管,记载于,来源,MAIB Safety Digest 2016 generator oil fire case,provenance_index,仅在本声明来源及构型范围内使用,stated,02_reports/MAIB_2016_Safety_Digest_generator_oil_fire.pdf,59,steel hulled fishing trawler,edge:6911a0d0f108f166932fc965,assertion:a732e716eb922e4b6451a694
状态,动力设备故障风险增加,记载于,来源,船机帮船舶动力设备日常维护要点与常见故障排除,provenance_index,仅在本声明来源及构型范围内使用,stated,01_datasets/marine_diesel_RAG_corpus_All_data/All_data/test/船机帮船舶动力设备日常维护要点与常见故障排除.md,,盐雾腐蚀、机械疲劳、极端载荷冲击以及系统老化等因素交互作用，故障发生概率显著上升。,edge:69159f877e31a34fb501cf15,assertion:ad049dc3650e35120b2a7b03
故障,压力燃油泄漏,适用于,设备,ME3主机燃油供给与排气装置,applicability_index,本报告案例，不外推为所有船舶已证实根因,stated,02_reports/MAIB_2024_20_Stena_Europe_fuel_spray_fire.pdf,29,screw in a two-screw flange within the fuel oil pipework loosened,edge:6918c31ab70507adb3e0430e,assertion:f611ede2043f93e881c4643f
运维措施,保持机组状态与日志及状态板一致,适用于,设备,主机启动与盘车装置,applicability_index,本报告案例，不外推为所有船舶已证实根因,stated,02_reports/MAIB_2013_Safety_Digest_lubrication_bearing_cases.pdf,18,status of the main engine machinery conforms to the status recorded,edge:692a9b79a3243a954ec1723a,assertion:63c0a5ae59e7400500429ffe
事故案例,盘车联锁失效与启动损坏,涉及,故障,盘车机构未脱开启动,case_index,仅在本声明来源及构型范围内使用,stated,02_reports/MAIB_2013_Safety_Digest_lubrication_bearing_cases.pdf,16,not marked in any way to show whether it was engaged or disengaged,edge:693c7145da6bdd27f7746e06,assertion:1926b5b93e8b0a16fb0d7c6d
设备,交流发电机,记载于,来源,STAMFORD AGN040 winding insulation system,provenance_index,仅在本声明来源及构型范围内使用,stated,02_reports/STAMFORD_AGN040_winding_insulation.pdf,5,The addition of drip proof louvres is recommended,edge:6951ea095926fe353dfaf525,assertion:24a8ebc578cd432444e3b658
运维措施,委托合格机构校验压缩空气安全阀,记载于,来源,船机帮船舶动力设备日常维护要点与常见故障排除,provenance_index,仅在本声明来源及构型范围内使用,stated,01_datasets/marine_diesel_RAG_corpus_All_data/All_data/test/船机帮船舶动力设备日常维护要点与常见故障排除.md,,每半年进行安全阀送岸校验,edge:696d79e4ee0a06b5ddae805f,assertion:ca102037a28a5b214ff45715
状态,柴油机无法正常停车,记载于,来源,船机帮船用柴油机调速器的维护与保养十飞车故障,provenance_index,仅在本声明来源及构型范围内使用,stated,01_datasets/marine_diesel_RAG_corpus_All_data/All_data/test/船机帮船用柴油机调速器的维护与保养十飞车故障.md,,柴油机不能停车——检查调速器“0”位是否与高压油泵“0”位相符合，并检查停车电磁阀及仪表箱电源电压。,edge:69b1666a819f19a6dcd7c53c,assertion:1610ce6ac678955ac7fa8202
运维措施,按适用缓蚀剂规范补加冷却液,适用于,设备,滑油冷却器,applicability_index,海水冷却的推进柴油机滑油系统；匿名二次报道。文中压力试验参数和标准引用未独立核实，不作为通用操作依据。,stated,01_datasets/marine_diesel_RAG_corpus_All_data/All_data/test/船机帮船舶动力系统滑油水污染故障实例分析.md,,按照柴油机冷却系统缓蚀剂规范及时更换与补加冷却液。,edge:69ddc4fd8e2416c823879f36,assertion:89439ef57d5b8edfdcd653be
影响因素,减振弹簧片安装不正确,记载于,来源,船机帮船舶柴油机废气涡轮增压器振动的主要原因有哪些,provenance_index,仅在本声明来源及构型范围内使用,stated,01_datasets/marine_diesel_RAG_corpus_All_data/All_data/test/船机帮船舶柴油机废气涡轮增压器振动的主要原因有哪些.md,,如果减振弹簧片安装不正确或产生变形、断裂或轴承在减振装置内安装不正确等，都直接影响轴承的位置，因而与转子轴线对中不良，各配合间隙不符合标准，增压器运转时产生振动。,edge:6a02546e5f420c2c9fc5b87b,assertion:43b86dc53f1b81d3bf715807
故障,冷却水通道结垢堵塞,适用于,系统,燃油与进排气系统,functional_classification,MAN四冲程柴油机闭式淡水冷却；水质要求与添加剂须按具体机型手册确认。,stated,02_reports/MAN_SL2016_623_cooling_water.pdf,2,deposits of limescale and/or rust,edge:6a2e921c7e6608eb99826f55,assertion:a938e19c94f788f1dc848b4e
设备,试验柴油机,记载于,来源,variable_dictionary,provenance_index,仅在本声明来源及构型范围内使用,stated,01_datasets/Marine_Engine_Fault_Data_v1/Marine_Engine_Fault_Data/variable_dictionary.csv,,"Engine Speed,N,rpm,number,TRUE,TRUE,operating / load,",edge:6a4dfbf5ef5051d565b5209b,assertion:e05f647f62513f014779a75d
影响因素,气缸油灰分过高,增加风险,状态,燃烧室及活塞环沉积增多,source_statement,船用柴油机摩擦副；二次维修文章，机型及根因须核实；不能以某一症状直接确诊拉缸。,possible,01_datasets/marine_diesel_RAG_corpus_All_data/All_data/test/船机帮船用柴油机的拉缸故障.md,,灰分过高会导致燃烧室，活塞头，顶环沉积过多，一些不溶灰分也会造成磨损。,edge:6a527d439233c4a8dc803dcc,assertion:3dd6df703e8e34d885c58f31
故障,二号压缩机排气阀损坏,记载于,来源,MAIB Safety Digest 2013 lubrication and bearing cases,provenance_index,仅在本声明来源及构型范围内使用,stated,02_reports/MAIB_2013_Safety_Digest_lubrication_bearing_cases.pdf,15,Neither compressor had been able to keep up with demand,edge:6a6c2a765cc0c686e07d1b29,assertion:4e5e4bdeddd83b3e19300beb
故障,电流不平衡保护失效,适用于,设备,艉部谐波滤波器,applicability_index,本报告案例，不外推为所有船舶已证实根因,stated,02_reports/MAIB_2011_28_Queen_Mary_2_harmonic_filter_failure.pdf,69,all the sub-components in the system are functional,edge:6a8196c7f70b0637f72e050f,assertion:00c21c37a0277d164887fca6
运维措施,严重表面污染时由合格人员拆机清洁定子绕组,适用于,设备,交流发电机,applicability_index,STAMFORD/AvK对应交流发电机型号；AGN040应与本机Owner Manual联合使用；干燥与绝缘处置仅由合格人员实施。,stated,02_reports/STAMFORD_AGN040_winding_insulation.pdf,8,the alternator must be removed from the engine and stripped down,edge:6a84468a09b25e1d46ee01a0,assertion:13ef172c293ed8e2f30efaef
状态,停机时并联机组拖转,是概念的实例,状态,停机时并联机组拖转,concept_alignment,仅在本声明来源及构型范围内使用,stated,02_reports/MAIB_2022_04_Wight_Sky_multiple_engine_failures.pdf,85,inability to immediately declutch and therefore stop an engine,edge:6a94c8dd1bcdb964491d72dc,assertion:4734683caf93f87d5c888e5b
故障,主机灾难性失效,适用于,设备,ME2主机,applicability_index,本报告案例，不外推为所有船舶已证实根因,stated,02_reports/MAIB_2022_04_Wight_Sky_multiple_engine_failures.pdf,84,ME2 failed catastrophically due to a sudden loss of lubricating oil supply,edge:6aabe5e301488de79412521b,assertion:fe36c229bb11cf2d271b64b9
船舶,Stena Europe,发生案例,事故案例,燃油法兰松动与主机火灾,case_index,仅在本声明来源及构型范围内使用,stated,02_reports/MAIB_2024_20_Stena_Europe_fuel_spray_fire.pdf,7,fuel leaking under pressure,edge:6ab28402fca62448efa291eb,assertion:cb7377da69b642f54612530b
检查方法,取样检测滑油金属磨粒,适用于,设备,滑油冷却器,applicability_index,海水冷却的推进柴油机滑油系统；匿名二次报道。文中压力试验参数和标准引用未独立核实，不作为通用操作依据。,stated,01_datasets/marine_diesel_RAG_corpus_All_data/All_data/test/船机帮船舶动力系统滑油水污染故障实例分析.md,,油液理化指标、金属磨粒指标、外源污染元素,edge:6abac362ff23f2178a3bafcf,assertion:3fb4e9cb557135b5020e21a6
设备,ME4主机,记载于,来源,Wight Sky multiple engine failures,provenance_index,仅在本声明来源及构型范围内使用,stated,02_reports/MAIB_2022_04_Wight_Sky_multiple_engine_failures.pdf,84,ME4 failed catastrophically because of an assembly error,edge:6acaef17d8fbc699f859cf73,assertion:735d5a368a8ffd38fc705613
检查方法,核查转速传感器信号与控制器接收,适用于,设备,柴油机调速器,applicability_index,调速器维修经验；不同调速器针阀与补偿调节不可照抄，飞车必须执行本船应急规程。,stated,01_datasets/marine_diesel_RAG_corpus_All_data/All_data/test/船机帮船用柴油机调速器的维护与保养十飞车故障.md,,传感器无信号或失灵，控制器接收不到。,edge:6acd4e5b3c68b7545b2ec37b,assertion:c924be917fc0c55988231a79
影响因素,海水管多年未检查更新,是概念的实例,影响因素,海水管多年未检查更新,concept_alignment,仅在本声明来源及构型范围内使用,stated,02_reports/MAIB_2016_Safety_Digest_generator_oil_fire.pdf,60,not been inspected or renewed for many years,edge:6ae07607933bb05f781a49e7,assertion:bc1bbd18c7f02b5c10b4fe5c
运维措施,推进安全按钮设置防误操作保护,应对,影响因素,调光与推进安全按钮相邻相似,source_case_statement,本报告案例，不外推为所有船舶已证实根因,reported_action,02_reports/MAIB_2016_Safety_Digest_generator_oil_fire.pdf,21,fitting of protective covers,edge:6af4e5631c2343f47841a2d6,assertion:a9e16a23c1588a9a30043c71
状态,滑油黏度降低,记载于,来源,船机帮柴油机冷却水过高或过低的危害,provenance_index,仅在本声明来源及构型范围内使用,stated,01_datasets/marine_diesel_RAG_corpus_All_data/All_data/test/船机帮柴油机冷却水过高或过低的危害.md,,会使润滑油温度升高而变得过稀、机油压力变低,edge:6afa592b95ba2da526827ab0,assertion:aa4dca374fb12474f4abc8ef
运维措施,确认堵塞超限后更换海水滤网,记载于,来源,船机帮船舶动力设备日常维护要点与常见故障排除,provenance_index,仅在本声明来源及构型范围内使用,stated,01_datasets/marine_diesel_RAG_corpus_All_data/All_data/test/船机帮船舶动力设备日常维护要点与常见故障排除.md,,清洗或更换堵塞率超 40% 的海水滤网,edge:6b00582124034306db04e066,assertion:36d48a148515c2f3dc0b0964
运维措施,按机型维护要求保持扩压器清洁,适用于,设备,废气涡轮增压器,applicability_index,船用废气涡轮增压器；拆装细节为VTR400示例，必须服从适用机型手册。,stated,01_datasets/marine_diesel_RAG_corpus_All_data/All_data/test/船机帮船舶柴油机废气涡轮增压器振动的主要原因有哪些.md,,管理中注意压气机进气滤器、叶轮、扩压器、空气冷却器、进气口和排气口、涡轮喷嘴环、叶片等流通部分的清洁，就会防止和消除喘振，也就会使振动消失。,edge:6b1d18bda88c645f3b755d8c,assertion:f5332cdbfcdaf88db009a25a
影响因素,海水管多年未检查更新,记载于,来源,MAIB Safety Digest 2016 generator oil fire case,provenance_index,仅在本声明来源及构型范围内使用,stated,02_reports/MAIB_2016_Safety_Digest_generator_oil_fire.pdf,60,not been inspected or renewed for many years,edge:6b42910e69183daba4476789,assertion:92d1b8d0c37020aac53d8c8a
状态,燃油燃烧不完全,导致,状态,柴油机排气冒黑烟,source_statement,柴油机水冷机理二次资料；文中80–90℃等数值不能当作所有机型阈值。,possible,01_datasets/marine_diesel_RAG_corpus_All_data/All_data/test/船机帮柴油机冷却水过高或过低的危害.md,,将造成压缩终了温度下降、着火延迟和燃烧条件恶化，导致燃烧不完全、柴油机工作粗暴和排气冒黑烟。,edge:6b42cbc226d170341b8c3e93,assertion:6edc56baa9da443a7ddf7972
影响因素,备用气瓶上线时未隔离主气瓶,导致,状态,备用空气均压后仍不足,source_case_statement,本报告案例，不外推为所有船舶已证实根因,reported,02_reports/MAIB_2013_Safety_Digest_lubrication_bearing_cases.pdf,15,air pressure equalised at a level that was insufficient,edge:6b443df79e6ebe49650ddbf8,assertion:3b64a4d2ae003547001213ec
事故案例,控制空气不足与离合器脱开,涉及,状态,备用空气均压后仍不足,case_index,仅在本声明来源及构型范围内使用,stated,02_reports/MAIB_2013_Safety_Digest_lubrication_bearing_cases.pdf,15,air pressure equalised at a level that was insufficient,edge:6b586808a628710d75166088,assertion:b4f06226873152b10db5f07d
事故案例,压载泵检修隔离失效与机舱进水,涉及,运维措施,检修前泄压并控制法兰拆开幅度,case_index,仅在本声明来源及构型范围内使用,stated,02_reports/MAIB_2016_Safety_Digest_generator_oil_fire.pdf,41,flange was split in a controlled manner,edge:6b5c361baa280c2625a334ca,assertion:b978b6ae1a91cafeb9705f87
运维措施,按厂家要求保持发电机绕组清洁,作用于,部件,发电机绕组,source_manufacturer_recommendation,STAMFORD/AvK对应交流发电机型号；AGN040应与本机Owner Manual联合使用；干燥与绝缘处置仅由合格人员实施。,guidance,02_reports/STAMFORD_AGN040_winding_insulation.pdf,7,keep the wound component clean and dry,edge:6b644d31f20967ef9700f8cf,assertion:c3bd9bfd0b7e3add462c7f1a
运维措施,按停机规程断开发电机并网开关,记载于,来源,船机帮冬季卡特柴油发电机组的安全运行,provenance_index,仅在本声明来源及构型范围内使用,stated,01_datasets/marine_diesel_RAG_corpus_All_data/All_data/test/船机帮冬季卡特柴油发电机组的安全运行.md,,逐渐卸去负荷，断开并网开关。,edge:6b67da8fe4b35d1b667d14bd,assertion:d4e737328f8829cbfb8bcbde
检查方法,分析瞬时频率基波及谐波的调制特征,适用于,系统,电力与控制系统,functional_classification,2021论文三类船舶的实测电网信号，含轴带发电化学品船；不是所有振荡都超限。DP船风浪影响主要作用于基波与频率，不能一概说风浪显著放大所有谐波。,stated,03_papers/Frontiers_2021_marine_converter_oscillations.pdf,1,om- D,edge:6b841aea599f7f1bbf531b09,assertion:70aa9391464b7a4f4ed7e252
故障,连杆大端轴瓦失效,记载于,来源,Windcat 8 connecting rod big-end bearing failure,provenance_index,仅在本声明来源及构型范围内使用,stated,02_reports/MAIB_2018_01_Windcat8_bearing_failure_fire.pdf,1,A high oil temperature alarm prior to the engine failure,edge:6b93e960b85106c0c655f9ed,assertion:9c12c46548baf60e950f4b34
运维措施,按机型维护要求保持涡轮叶片清洁,适用于,设备,废气涡轮增压器,applicability_index,船用废气涡轮增压器；拆装细节为VTR400示例，必须服从适用机型手册。,stated,01_datasets/marine_diesel_RAG_corpus_All_data/All_data/test/船机帮船舶柴油机废气涡轮增压器振动的主要原因有哪些.md,,管理中注意压气机进气滤器、叶轮、扩压器、空气冷却器、进气口和排气口、涡轮喷嘴环、叶片等流通部分的清洁，就会防止和消除喘振，也就会使振动消失。,edge:6bad09072871b270aeda9e77,assertion:d515c364f9ec6bec097facc8
故障,喷油器弹簧断裂,记载于,来源,船机帮高压共轨柴油机燃油喷射系统故障分析,provenance_index,仅在本声明来源及构型范围内使用,stated,01_datasets/marine_diesel_RAG_corpus_All_data/All_data/test/船机帮高压共轨柴油机燃油喷射系统故障分析.md,,如弹簧断裂、喷油嘴喷孔变大等也会出现排温偏高的情况,edge:6bf0023ecbaedc59ae29255b,assertion:3e454b421ce1e71ac9d0609f
故障,主轴承咬死,发生于,设备,主机润滑装置,case_equipment_index,仅在本声明来源及构型范围内使用,stated,02_reports/MAIB_2013_Safety_Digest_lubrication_bearing_cases.pdf,21,contamination caused main bearing seizure,edge:6c059db630590b06ec393a86,assertion:f885b157f9366a03ecb9422d
故障,主机灾难性失效,是概念的实例,故障,主机灾难性失效,concept_alignment,仅在本声明来源及构型范围内使用,stated,02_reports/MAIB_2018_14_Wight_Sky_engine_bearing_fire.pdf,14,resulting in destructive failure,edge:6c116a2d4073c94f5e3ef6ed,assertion:32975db433924b3857249ba0
影响因素,驾驶台无人导致舱底报警漏察,记载于,来源,MAIB Safety Digest 2016 generator oil fire case,provenance_index,仅在本声明来源及构型范围内使用,stated,02_reports/MAIB_2016_Safety_Digest_generator_oil_fire.pdf,60,Never leave the wheelhouse unmanned when underway,edge:6c13200b5ffc67cc39ee88e1,assertion:a853999b2a7f812847579656
事故案例,发电机滑油泵堵头松脱火灾,涉及,影响因素,坞修后滑油泵堵头紧固不足,case_index,仅在本声明来源及构型范围内使用,stated,02_reports/MAIB_2016_Safety_Digest_generator_oil_fire.pdf,26,insufficiently tightened by shore staff,edge:6c1d210c009350ec2d83a026,assertion:3678967d8c4f2976218256bc
状态,燃油喷束指向缸套内壁,记载于,来源,船机帮船用柴油机的拉缸故障,provenance_index,仅在本声明来源及构型范围内使用,stated,01_datasets/marine_diesel_RAG_corpus_All_data/All_data/test/船机帮船用柴油机的拉缸故障.md,,喷油器定位销位置错误反装了180°，这样喷油器的喷口喷向缸套内壁，过热的温度集中在活塞环附近，很难形成油膜，缸套很快会拉伤掉。,edge:6c2ddbf92e2958d5c71a035b,assertion:018a04c0a03db4fc564f809d
事故案例,DG1发电机故障与失电,涉及,状态,失去推进,case_index,仅在本声明来源及构型范围内使用,stated,02_reports/MAIB_2026_10_Kommandor_Susan_generator_bearing_failure.pdf,1,The vessel lost propulsion and began drifting eastwards,edge:6c67ab893862401988fc3c14,assertion:e195ba34ce90793fda08e76b
故障,排气阀阀壳裂纹,属于概念类别,故障,排气阀故障,curator_concept_taxonomy,依据该文故障枚举整理的概念包含关系，非事故根因关系,stated,01_datasets/marine_diesel_RAG_corpus_All_data/All_data/test/船机帮船用共轨柴油机排气阀常见故障与排除.md,,共轨柴油机排气阀常见故障有,edge:6c8dc16d85abcc471961167a,assertion:f900d27d72e4257d2e52eb8d
状态,全船失电,记载于,来源,RMS Queen Mary 2 harmonic-filter capacitor failure and blackout,provenance_index,仅在本声明来源及构型范围内使用,stated,02_reports/MAIB_2011_28_Queen_Mary_2_harmonic_filter_failure.pdf,13,led to the generators shutting down,edge:6c9b3aab5423ed93f8dd3353,assertion:b224d63318d94a8b8952fcde
部件,增压器止推轴承,记载于,来源,船机帮船舶动力设备日常维护要点与常见故障排除,provenance_index,仅在本声明来源及构型范围内使用,stated,01_datasets/marine_diesel_RAG_corpus_All_data/All_data/test/船机帮船舶动力设备日常维护要点与常见故障排除.md,,轴向窜动量＞ 0.3 mm 时更换止推轴承,edge:6cb0e3fcc8c4fd0a6374e6c5,assertion:1f9afba458de2c35e45f8143
检查方法,核查轴电压电流与轴承接地绝缘方案,适用于,系统,电力与控制系统,functional_classification,具有闭合轴电流路径的旋转电机；轴承绝缘和接地刷方案按厂家/机型确定，不能假定全部STAMFORD机型都需要绝缘轴承。,stated,02_reports/STAMFORD_AGN033_bearing_currents.pdf,3,shaft voltage measurement,edge:6cbb84f8f434a6ace095ce0f,assertion:24905022be9aa1c45f8df58b
检查方法,核查齿轮箱空转温度,适用于,设备,减速齿轮箱,applicability_index,GW系列船用齿轮箱；通用机理与A/B船匿名案例须区分，尺寸不能跨机型套用。,stated,01_datasets/marine_diesel_RAG_corpus_All_data/All_data/test/船机帮船用齿轮箱故障分析与管理对策.md,,应按照规定进行空转试验(一般不小于4h)，核查运转、温度、功耗等情况；,edge:6cc8f970260847f7153a279f,assertion:78dda076e34e8c3d20415ae2
状态,缸套润滑油膜减薄或破坏,记载于,来源,船机帮船用柴油机的拉缸故障,provenance_index,仅在本声明来源及构型范围内使用,stated,01_datasets/marine_diesel_RAG_corpus_All_data/All_data/test/船机帮船用柴油机的拉缸故障.md,,若由于某种原因，油膜变薄或遭到破坏，因润滑不良出现干摩擦或半干摩擦，缸套与活塞环的摩擦系数突然增大，造成局部高温粘附磨损的过程。,edge:6ce03afb44b86f38470d6dd2,assertion:fae9be50b03e039b237746ea
状态,冷却水沿缸套进入曲轴箱,记载于,来源,船机帮船舶动力系统滑油水污染故障实例分析,provenance_index,仅在本声明来源及构型范围内使用,stated,01_datasets/marine_diesel_RAG_corpus_All_data/All_data/test/船机帮船舶动力系统滑油水污染故障实例分析.md,,高温环境下橡胶密封件硬化龟裂，冷却水沿缸套外壁渗入曲轴箱。,edge:6cfd9ec07f1a317c7355334a,assertion:900f5fe18b851cbf4f0bb389
故障,压气机空气滤清器堵塞,导致,状态,进气流阻增大,source_statement,S6U-PTK与文中船舶发电机经验；部分表述不严谨，不采纳未经原厂确认的轴承结构改造建议。,stated,01_datasets/marine_diesel_RAG_corpus_All_data/All_data/test/船机帮船舶发电机常见故障及对策.md,,增压器的滤网不清洁，造成流阻增大，增压能力被降低，致使电机燃烧室缺乏氧气无法有效燃烧；,edge:6d53b0f28cebb22d0ba5aa01,assertion:e4242ef3719ca9927a559780
运维措施,按本机规程更换燃油滤器,记载于,来源,船机帮船舶动力设备日常维护要点与常见故障排除,provenance_index,仅在本声明来源及构型范围内使用,stated,01_datasets/marine_diesel_RAG_corpus_All_data/All_data/test/船机帮船舶动力设备日常维护要点与常见故障排除.md,,更换燃油系统滤器并进行手动排气，通过试验台校准雾化锥角,edge:6d5505aca48c1648e9ca68b7,assertion:d3c983336c49809bec256603
参数,滑油带走热功率,表征,设备,试验柴油机,native_variable_dictionary,仅在本声明来源及构型范围内使用,stated,01_datasets/Marine_Engine_Fault_Data_v1/Marine_Engine_Fault_Data/variable_dictionary.csv,,"Loss with LO,Qrej_lo,kW,number,TRUE,TRUE,performance / derived,",edge:6d733a03c9dfb8d6729578b3,assertion:7f448982465cbe5b837e05eb
状态,船长不熟悉CPP备用按钮,是概念的实例,状态,船长不熟悉CPP备用按钮,concept_alignment,仅在本声明来源及构型范围内使用,stated,02_reports/MAIB_2016_Safety_Digest_generator_oil_fire.pdf,29,Regular drills simulating propulsion system failure and recovery,edge:6d7e4eaafc7faa5976a526cc,assertion:ae8467ee9de88707799220c3
检查方法,按说明书检查喷油器密封性,记载于,来源,船机帮船用共轨柴油机排气阀常见故障与排除,provenance_index,仅在本声明来源及构型范围内使用,stated,01_datasets/marine_diesel_RAG_corpus_All_data/All_data/test/船机帮船用共轨柴油机排气阀常见故障与排除.md,,喷油器使用前轮机员要严格按照说明书进行试压、雾化试验、密封性等检查,edge:6d853e75a0d289c210f62a74,assertion:4455ea33cb31507b7bc87b6e
故障,主机灾难性失效,适用于,设备,主机,applicability_index,本报告案例，不外推为所有船舶已证实根因,stated,02_reports/MAIB_2021_02_Finlandia_Seaways_connecting_rod_failure.pdf,9,fracture of the connecting rod small end had led to the sudden failure of the main engine,edge:6d8592a54216cdc90fbc4490,assertion:1102f6258bb709f1cf63727b
状态,齿轮反复过载,导致,状态,齿轮局部应力集中,source_statement,GW系列船用齿轮箱；通用机理与A/B船匿名案例须区分，尺寸不能跨机型套用。,possible,01_datasets/marine_diesel_RAG_corpus_All_data/All_data/test/船机帮船用齿轮箱故障分析与管理对策.md,,若齿轮突然过载就可能会超负荷造成突然断裂；若非突然断裂，齿轮重复受过载力，造成应力集中，也会导致疲劳裂纹，进而导致疲劳断裂。,edge:6d8de8079a248fe189cb444b,assertion:754506655808e9b385917d04
故障,水泵轴承磨损,导致,状态,泵轴轴向位移超过密封补偿能力,source_statement,海水冷却的推进柴油机滑油系统；匿名二次报道。文中压力试验参数和标准引用未独立核实，不作为通用操作依据。,possible,01_datasets/marine_diesel_RAG_corpus_All_data/All_data/test/船机帮船舶动力系统滑油水污染故障实例分析.md,,轴承磨损导致泵轴轴向位移超过密封件补偿能力。,edge:6dab61cfed3a3613e76cf6a5,assertion:e4a8e84a51823659fcdb185c
故障,主机灾难性失效,发生于,设备,主机,case_equipment_index,仅在本声明来源及构型范围内使用,stated,02_reports/MAIB_2021_02_Finlandia_Seaways_connecting_rod_failure.pdf,9,fracture of the connecting rod small end had led to the sudden failure of the main engine,edge:6daff15a0a74129529a457a2,assertion:f89fd1eacdfa4547e093983f
事故案例,海水冷却管疑似失效与沉没,涉及,检查方法,计划维护检查海水进口管路,case_index,仅在本声明来源及构型范围内使用,stated,02_reports/MAIB_2016_Safety_Digest_generator_oil_fire.pdf,60,Sea inlet pipework should be thoroughly checked,edge:6db65ce059624dbf0b438e17,assertion:d68f5ed08617b5c340e69438
影响因素,缸套金相组织不符合要求,记载于,来源,船机帮船用柴油机的拉缸故障,provenance_index,仅在本声明来源及构型范围内使用,stated,01_datasets/marine_diesel_RAG_corpus_All_data/All_data/test/船机帮船用柴油机的拉缸故障.md,,常见的原因有缸套本身的材质不过关，铸造后的金相组织到不到要求，铁素体含量超标，较高，石墨聚集现象；,edge:6db96f07a4dd992702c0b40d,assertion:70b38e01a0751a87a6272c6b
事故案例,主机重装后轴承失效与火灾,涉及,故障,连杆大端轴承断油,case_index,仅在本声明来源及构型范围内使用,stated,02_reports/MAIB_2018_14_Wight_Sky_engine_bearing_fire.pdf,14,lubrication supply to big end bearing 4 was blocked,edge:6dbd03799a00d2c5877e70bf,assertion:3000c5a41b65bf3074f2f93b
状态,机舱进水,是概念的实例,状态,机舱进水,concept_alignment,仅在本声明来源及构型范围内使用,stated,02_reports/MAIB_2016_Safety_Digest_generator_oil_fire.pdf,40,master that the engine room was flooding,edge:6dc5d0bcc393b41f7a1b731b,assertion:194a4c04703a9541f03e9a5a
状态,遥控电源带载能力下降,记载于,来源,船机帮某型船主机遥控系统典型故障分析,provenance_index,仅在本声明来源及构型范围内使用,stated,01_datasets/marine_diesel_RAG_corpus_All_data/All_data/test/船机帮某型船主机遥控系统典型故障分析.md,,电源绝缘不良、输出不稳、直流电源纹波大、带载能力下降都会导致系统工作不稳甚至崩溃。,edge:6dd129dc7a121b3410351592,assertion:bd7728dfa734ffb92b83c9d1
故障,活塞环开口胶结,导致,状态,气缸密封不良,source_statement,柴油机水冷机理二次资料；文中80–90℃等数值不能当作所有机型阈值。,stated,01_datasets/marine_diesel_RAG_corpus_All_data/All_data/test/船机帮柴油机冷却水过高或过低的危害.md,,气环开口处被胶结又使气缸密封不严而造成压缩不良,edge:6dd6262c632a38400c972bf2,assertion:702d030b1d5ae83af19eea40
检查方法,检查CPP背压阀和安全阀功能,记载于,来源,Pride of Canterbury CPP hydraulic overpressure and fire,provenance_index,仅在本声明来源及构型范围内使用,stated,02_reports/MAIB_2015_22_Pride_of_Canterbury_CPP_hydraulic_fire.pdf,35,their function checked once every 5 years,edge:6dd8b406a9f0b4bf284870cc,assertion:c748c9970eb3136e23c2421e
部件,ME3排气歧管,记载于,来源,Stena Europe pressurised fuel spray and engine-room fire,provenance_index,仅在本声明来源及构型范围内使用,stated,02_reports/MAIB_2024_20_Stena_Europe_fuel_spray_fire.pdf,7,fuel leaking under pressure,edge:6dda9774427c78cf76bfdb76,assertion:3f7f334960644649f9baa594
设备,海水压载与机舱排水装置,服务于系统,系统,电力与控制系统,functional_classification,仅在本声明来源及构型范围内使用,stated,02_reports/MAIB_2016_Safety_Digest_generator_oil_fire.pdf,40,general cargo vessel,edge:6df74782ae9afabd6714ab82,assertion:3af90d643d98869a5b993f5b
事故案例,压载泵检修隔离失效与机舱进水,涉及,影响因素,机舱水密门敞开,case_index,仅在本声明来源及构型范围内使用,stated,02_reports/MAIB_2016_Safety_Digest_generator_oil_fire.pdf,40,water entering the accommodation areas through the open engine room doorway,edge:6e29fd7119a8385309cd4144,assertion:0cc0d79301cd96f7821a3554
故障,发电机滚动轴承磨损失效,适用于,系统,传动与推进系统,functional_classification,有滚动轴承的发电机或轴带发电机构型；滚动轴承与主机滑动轴瓦的失效机理不得混用。,stated,02_reports/STAMFORD_AGN076_alternator_bearings.pdf,4,lack of grease or misalignment damage,edge:6e39eaa67e2c0393dd9f69d3,assertion:b22527d76a26dd7ab353c044
故障,齿轮箱内部磨损,记载于,来源,船机帮船用齿轮箱故障分析与管理对策,provenance_index,仅在本声明来源及构型范围内使用,stated,01_datasets/marine_diesel_RAG_corpus_All_data/All_data/test/船机帮船用齿轮箱故障分析与管理对策.md,,检查滑油过滤器的杂质，通过观察初步判断内部的磨损情况。定期进行滑油的色谱分析，进一步根据滑油的杂质来掌握磨损。,edge:6e4391156ca9deb0529ca12f,assertion:2819de49bd75ec5f0bfa8c07
影响因素,排气隔热与屏蔽缺失损坏,记载于,来源,Stena Europe pressurised fuel spray and engine-room fire,provenance_index,仅在本声明来源及构型范围内使用,stated,02_reports/MAIB_2024_20_Stena_Europe_fuel_spray_fire.pdf,29,insulation and shielding,edge:6e4e2ecc43d30a679a31b4e8,assertion:d4edfaa3987f1fe445ef51d7
状态,增压器转子对中不良,记载于,来源,船机帮船舶柴油机废气涡轮增压器振动的主要原因有哪些,provenance_index,仅在本声明来源及构型范围内使用,stated,01_datasets/marine_diesel_RAG_corpus_All_data/All_data/test/船机帮船舶柴油机废气涡轮增压器振动的主要原因有哪些.md,,轴承中的减振弹簧片的磨损、变形或断裂等使转子安装位置发生变化，转子对中不良产生强烈振动。,edge:6e6b2b08282a267e48fff995,assertion:a785368ee58d0c3d4be820b1
运维措施,按制造商工艺紧固主轴承螺栓,记载于,来源,船机帮船舶动力设备日常维护要点与常见故障排除,provenance_index,仅在本声明来源及构型范围内使用,stated,01_datasets/marine_diesel_RAG_corpus_All_data/All_data/test/船机帮船舶动力设备日常维护要点与常见故障排除.md,,主轴承螺栓采用液压拉伸器进行紧固,edge:6e7605a7a06cd9fad1d741a6,assertion:12d96cc4a35b8cb822bacb7c
状态,增压能力降低,记载于,来源,船机帮船舶发电机常见故障及对策,provenance_index,仅在本声明来源及构型范围内使用,stated,01_datasets/marine_diesel_RAG_corpus_All_data/All_data/test/船机帮船舶发电机常见故障及对策.md,,增压器的滤网不清洁，造成流阻增大，增压能力被降低，致使电机燃烧室缺乏氧气无法有效燃烧；,edge:6e87a825584a9360c7a130c9,assertion:f95afc1d93f098157b057ec5
事故案例,压载泵检修隔离失效与机舱进水,涉及,运维措施,开展机舱进水应急演练,case_index,仅在本声明来源及构型范围内使用,stated,02_reports/MAIB_2016_Safety_Digest_generator_oil_fire.pdf,41,never carried out an engine room flooding drill,edge:6e9546ce312e04e6ff13e5c4,assertion:4f51881613c538c3b4ba08d1
故障,排气管未恢复保温,记载于,来源,MAIB Safety Digest 2016 generator oil fire case,provenance_index,仅在本声明来源及构型范围内使用,stated,02_reports/MAIB_2016_Safety_Digest_generator_oil_fire.pdf,28,radiate heat to the protective casing,edge:6ebd5d036e05096357ade6f4,assertion:bda594ab30d3bf3dff4b37d3
检查方法,按适用规程超声检测缸套裂纹,检查,故障,缸套裂纹,source_check,海水冷却的推进柴油机滑油系统；匿名二次报道。文中压力试验参数和标准引用未独立核实，不作为通用操作依据。,stated,01_datasets/marine_diesel_RAG_corpus_All_data/All_data/test/船机帮船舶动力系统滑油水污染故障实例分析.md,,通过超声波探伤或荧光渗透法检查缸套表面及内部裂纹,edge:6ee273224f83bc68a351886d,assertion:02bcecaf9967192cb0d7667b
检查方法,按电路规程监测电气比例阀驱动电流,适用于,设备,主机遥控控制装置,applicability_index,12V20/27、双机双轴双桨定距推进的文中闭环调速构型；信号接口及间隙不可跨机型套用。,stated,01_datasets/marine_diesel_RAG_corpus_All_data/All_data/test/船机帮某型船主机遥控系统典型故障分析.md,,通过给EP阀线圈串联电流表监测各工况驱动电流信号,edge:6ef9dd10be050b33b6b2d921,assertion:6ba8fdacf21fc1abf35e586d
故障,排气阀高温腐蚀,属于概念类别,故障,排气阀故障,curator_concept_taxonomy,依据该文故障枚举整理的概念包含关系，非事故根因关系,stated,01_datasets/marine_diesel_RAG_corpus_All_data/All_data/test/船机帮船用共轨柴油机排气阀常见故障与排除.md,,共轨柴油机排气阀常见故障有,edge:6f031f36cfffea7ee48095ac,assertion:1b5d3d2d2d10da3f8837c454
事故案例,压载泵检修隔离失效与机舱进水,涉及,状态,机舱进水,case_index,仅在本声明来源及构型范围内使用,stated,02_reports/MAIB_2016_Safety_Digest_generator_oil_fire.pdf,40,master that the engine room was flooding,edge:6f594a2c74f2ca4067aa16ef,assertion:d8caad582f0b6d8a801005e8
检查方法,定期验证保护系统全部子部件,检查,故障,电流不平衡保护失效,source_case_statement,本报告案例，不外推为所有船舶已证实根因,reported_action,02_reports/MAIB_2011_28_Queen_Mary_2_harmonic_filter_failure.pdf,69,all the sub-components in the system are functional,edge:6f5a492de77d1dec32c0d551,assertion:7883f4031934553f0f9118b4
状态,缸套油膜难以维持,记载于,来源,船机帮船用柴油机的拉缸故障,provenance_index,仅在本声明来源及构型范围内使用,stated,01_datasets/marine_diesel_RAG_corpus_All_data/All_data/test/船机帮船用柴油机的拉缸故障.md,,一旦缺少气缸滑油，不能正常的产生油膜，会造粘着摩擦，最终造成拉缸。,edge:6f626b2d1e0fd1db84f380d3,assertion:d085fcfbb2178805bbf97f90
故障,气阀弹簧断裂,适用于,设备,共轨柴油机,applicability_index,共轨柴油机排气阀，厂家与具体型号未确定；仅作机理检索测试，不作直接操作授权。,stated,01_datasets/marine_diesel_RAG_corpus_All_data/All_data/test/船机帮船用共轨柴油机排气阀常见故障与排除.md,,气阀弹簧断裂，大多是因为振动造成的，也可能是因为材质、热处理不符合要求或在保管中锈蚀所致。,edge:6f908312eea6a847f2ae2ef3,assertion:998b813e89f2d83ea0cb58f7
检查方法,定期检查冷却管路支架状态,检查,部件,冷却管路支架,source_check,海水冷却的推进柴油机滑油系统；匿名二次报道。文中压力试验参数和标准引用未独立核实，不作为通用操作依据。,stated,01_datasets/marine_diesel_RAG_corpus_All_data/All_data/test/船机帮船舶动力系统滑油水污染故障实例分析.md,,定期检查管路支架状态，消除应力集中点。,edge:6f92bc42ceb095e3577162af,assertion:199b9a23e2c4364e8f29b2cc
影响因素,柴油机对中调整顶丝顶死,促成,状态,柴油机轴向振动冲击加剧,source_statement,某型巡逻船试航故障二次报道；排查中已排除的原因不作为本案正向根因，油品及公差不能跨机型使用。,possible,01_datasets/marine_diesel_RAG_corpus_All_data/All_data/test/船机帮柴油机轴瓦抱轴故障分析.md,,"顶丝与柴油机支脚顶死后,柴油机工作时,隔振块不能很好地吸收柴油机轴向振动",edge:6f9a627c90f56a76c8fa0c14,assertion:65c2a8755d0c91d60f43d725
故障,CPP倒车响应迟缓,导致,状态,船艏撞击码头,source_case_statement,本报告案例，不外推为所有船舶已证实根因,reported,02_reports/MAIB_2016_Safety_Digest_generator_oil_fire.pdf,29,vessel’s bow struck the quay,edge:6fa9909998edfe8b73db92cf,assertion:3a05262e9123129cf711fce2
状态,单缸排气温度偏高且喷油时长偏短,记载于,来源,船机帮高压共轨柴油机燃油喷射系统故障分析,provenance_index,仅在本声明来源及构型范围内使用,stated,01_datasets/marine_diesel_RAG_corpus_All_data/All_data/test/船机帮高压共轨柴油机燃油喷射系统故障分析.md,,如果该缸喷油时长明显小于其他各缸，则基本可以断定该缸喷油控制电磁阀故障，一般是磨损造成通流面积变大所致，需换新喷油控制电磁阀；也有可能是阀芯卡在较大开度位置所致，需解体清洁活络阀芯。,edge:6fb27b92d514410fbc7b7813,assertion:67c336374854fc7faa6c3173
故障,主轴承瓦片转位,适用于,设备,主机润滑装置,applicability_index,本报告案例，不外推为所有船舶已证实根因,stated,02_reports/MAIB_2013_Safety_Digest_lubrication_bearing_cases.pdf,21,rotation of bearing shells and the blockage of oil ways,edge:6fc5f9476a0a225bff2f98dc,assertion:04e03ec2de7e73e09ac8afe7
检查方法,检查齿轮箱润滑剂状态,适用于,设备,减速齿轮箱,applicability_index,GW系列船用齿轮箱；通用机理与A/B船匿名案例须区分，尺寸不能跨机型套用。,stated,01_datasets/marine_diesel_RAG_corpus_All_data/All_data/test/船机帮船用齿轮箱故障分析与管理对策.md,,应该经常检查润滑部位是否达到润滑效果，以及润滑剂有无杂质，是否失效，并重点监控滑油温度。,edge:6fd4ecfc739dd5990863cd7d,assertion:9adf5f896bd8fc8b4bf6e642
检查方法,按说明书进行喷油器试压,检查,部件,喷油器,source_check,共轨柴油机排气阀，厂家与具体型号未确定；仅作机理检索测试，不作直接操作授权。,stated,01_datasets/marine_diesel_RAG_corpus_All_data/All_data/test/船机帮船用共轨柴油机排气阀常见故障与排除.md,,喷油器使用前轮机员要严格按照说明书进行试压、雾化试验、密封性等检查,edge:6fdd9102aa1c0d18d23931fa,assertion:62f0d7741fbd44d196de6ad7
事故案例,海水冷却管疑似失效与沉没,涉及,部件,主机海水冷却管,case_index,仅在本声明来源及构型范围内使用,stated,02_reports/MAIB_2016_Safety_Digest_generator_oil_fire.pdf,59,steel hulled fishing trawler,edge:7048401b8de31a1f938d5829,assertion:4e626f3b2091cad4f4949478
故障,发电机绕组绝缘劣化,记载于,来源,船机帮船舶发电机常见故障及对策,provenance_index,仅在本声明来源及构型范围内使用,stated,01_datasets/marine_diesel_RAG_corpus_All_data/All_data/test/船机帮船舶发电机常见故障及对策.md,,确保清洁，定期检测绝缘值,edge:704dd567cb406c987718f470,assertion:be8080ed08cd5354d3d2409f
部件,ME2 5号主轴承,是概念的实例,部件,ME2 5号主轴承,concept_alignment,仅在本声明来源及构型范围内使用,stated,02_reports/MAIB_2022_04_Wight_Sky_multiple_engine_failures.pdf,84,ME2 failed catastrophically due to a sudden loss of lubricating oil supply,edge:706f893b4eaf6ea7c7ddc74a,assertion:7b92e71f78367ae0fbb7f1e8
故障,发电机绕组绝缘劣化,记载于,来源,STAMFORD AGN035 overload fault protection and transient coupling torque,provenance_index,仅在本声明来源及构型范围内使用,stated,02_reports/STAMFORD_AGN035_fault_protection.pdf,2,thermal degradation,edge:708cc140a909e75d4bd05048,assertion:88a3e6abaabe892bb87dd883
状态,控制空气压力不足,导致,故障,主机离合器脱开,source_case_statement,本报告案例，不外推为所有船舶已证实根因,reported,02_reports/MAIB_2013_Safety_Digest_lubrication_bearing_cases.pdf,14,three main engine clutches disengaged almost simultaneously,edge:70a35a9c592c228f8b71b8a9,assertion:236853838b330d9cb75216cc
运维措施,复核联轴器正常与失火工况转矩和热负荷裕量,记载于,来源,STAMFORD AGN235 generating set torsional vibration analysis,provenance_index,仅在本声明来源及构型范围内使用,stated,02_reports/STAMFORD_AGN235_torsional_analysis.pdf,7,engine normal and misfire scenarios,edge:70c0084784dcb09a598f1c9d,assertion:87fb67db86eb4da71dc224ff
故障,缸套黏着拉伤,适用于,系统,燃油与进排气系统,functional_classification,MAN B&W两冲程柴油机缸套/活塞环；2016通函用于机理，润滑油选择须查2023通函及本机手册。不能把活塞咬死一概等同于已证实拉缸。,stated,02_reports/MAN_SL2016_633_piston_rings_scuffing.pdf,2,high friction and seizures that will not recover (liner scuffing),edge:70cc3f3dbf4fba1c8d339e47,assertion:727ad42a365243c7d922f875
状态,飞轮齿圈有效转速信号丢失,导致,状态,主机游车,source_statement,12V20/27、双机双轴双桨定距推进的文中闭环调速构型；信号接口及间隙不可跨机型套用。,possible,01_datasets/marine_diesel_RAG_corpus_All_data/All_data/test/船机帮某型船主机遥控系统典型故障分析.md,,传感器安装距离过近，主机运行过程中由于振动导致的飞轮偏心可能会导致飞轮齿顶损坏传感器感应端；传感器安装距离过远，可能会导致飞轮齿圈上某些齿的有效感应信号丢失造成主机游车。,edge:70d1ef9f4881363a116d513f,assertion:1c3a5bfefaac156fa0e9a1df
故障,盘车安全联锁失效,促成,故障,盘车机构未脱开启动,source_case_statement,本报告案例，不外推为所有船舶已证实根因,reported,02_reports/MAIB_2013_Safety_Digest_lubrication_bearing_cases.pdf,16,"interlock, the last remaining safety barrier, had failed",edge:70d4417364311e3df8d2c4e4,assertion:bd5e65e989c217adc59162de
运维措施,按厂家方法清洗海水滤网,作用于,部件,海水滤网,source_recommendation,综合维护二次文章，原厂和标准出处未独立证实；不采纳文中统一周期、报警值、压力值、浮动轴承加脂和未经验证改造方案。以下仅用于检索维护主题，由适用机型规程决定具体操作。,stated,01_datasets/marine_diesel_RAG_corpus_All_data/All_data/test/船机帮船舶动力设备日常维护要点与常见故障排除.md,,清洗或更换堵塞率超 40% 的海水滤网,edge:70db056e3e78c5630df9af0e,assertion:df505d004f4c085f2ccf0c29
状态,船艏撞击码头,记载于,来源,MAIB Safety Digest 2016 generator oil fire case,provenance_index,仅在本声明来源及构型范围内使用,stated,02_reports/MAIB_2016_Safety_Digest_generator_oil_fire.pdf,29,vessel’s bow struck the quay,edge:70e5bd72b20920fa7fec4078,assertion:fb716a35514f3772e813fe28
运维措施,按停机规程逐渐卸去发电机负荷,适用于,设备,柴油发电机,applicability_index,Caterpillar3512冬季维护经验，原始应用场景不一定为船舶；仅提取可迁移维护主题，必须核对船用构型，排除未获批准的自主回油改造及统一数值。,stated,01_datasets/marine_diesel_RAG_corpus_All_data/All_data/test/船机帮冬季卡特柴油发电机组的安全运行.md,,逐渐卸去负荷，断开并网开关。,edge:7103b5a4c4ae26a7ed1fb51d,assertion:45400042f21c655d52a9c701
检查方法,拆法兰前核对隔离阀实际位置,适用于,设备,海水压载与机舱排水装置,applicability_index,本报告案例，不外推为所有船舶已证实根因,stated,02_reports/MAIB_2016_Safety_Digest_generator_oil_fire.pdf,41,not checked to confirm that the valve was closed,edge:7107b58239efae73efc9b636,assertion:061a61766832b8d22529cf80
运维措施,按机型维护要求保持增压器排气口清洁,适用于,设备,废气涡轮增压器,applicability_index,船用废气涡轮增压器；拆装细节为VTR400示例，必须服从适用机型手册。,stated,01_datasets/marine_diesel_RAG_corpus_All_data/All_data/test/船机帮船舶柴油机废气涡轮增压器振动的主要原因有哪些.md,,管理中注意压气机进气滤器、叶轮、扩压器、空气冷却器、进气口和排气口、涡轮喷嘴环、叶片等流通部分的清洁，就会防止和消除喘振，也就会使振动消失。,edge:7132b9194c8e49580599084e,assertion:0e79592f9090fe46d02d8417
事故案例,ME2主轴承断油失效,涉及,状态,停机时并联机组拖转,case_index,仅在本声明来源及构型范围内使用,stated,02_reports/MAIB_2022_04_Wight_Sky_multiple_engine_failures.pdf,85,inability to immediately declutch and therefore stop an engine,edge:71351e7263e143dcb223b081,assertion:6fa743de19e3950d831d5631
检查方法,按试验台规程校验喷油器喷油压力,检查,状态,喷油压力过低,source_check,S6U-PTK与文中船舶发电机经验；部分表述不严谨，不采纳未经原厂确认的轴承结构改造建议。,stated,01_datasets/marine_diesel_RAG_corpus_All_data/All_data/test/船机帮船舶发电机常见故障及对策.md,,卸下喷油嘴并校验其喷油压力，若发现孔道阻塞现象需将喷油嘴进行拆卸，检查针阀和底座有无变形损坏,edge:7140333822672320fdd027d0,assertion:b3051416126197c98c3fbd58
状态,舱底高液位报警,记载于,来源,MAIB Safety Digest 2016 generator oil fire case,provenance_index,仅在本声明来源及构型范围内使用,stated,02_reports/MAIB_2016_Safety_Digest_generator_oil_fire.pdf,59,bilge high level alarm was illuminated and sounding,edge:71473684517852d73d88d0a6,assertion:f4873b13778108102b0c1e5b
故障,主轴承瓦片转位,记载于,来源,MAIB Safety Digest 2013 lubrication and bearing cases,provenance_index,仅在本声明来源及构型范围内使用,stated,02_reports/MAIB_2013_Safety_Digest_lubrication_bearing_cases.pdf,21,rotation of bearing shells and the blockage of oil ways,edge:714c3ae08a5db05e5b95afce,assertion:ec30aa857f9f11785220368d
故障,轴系扭振与联轴器过载风险,记载于,来源,STAMFORD AGN035 overload fault protection and transient coupling torque,provenance_index,仅在本声明来源及构型范围内使用,stated,02_reports/STAMFORD_AGN035_fault_protection.pdf,5,transient peak torque demand,edge:71661fb463aa15ec75dad58d,assertion:ecf8e1e2119013c2a59d79cf
参数,发动机冷却水温度出口 I,记载于,来源,variable_dictionary,provenance_index,仅在本声明来源及构型范围内使用,stated,01_datasets/Marine_Engine_Fault_Data_v1/Marine_Engine_Fault_Data/variable_dictionary.csv,,"Cooling Water Temp. Engine Out I,T7,°C,number,TRUE,TRUE,temperature,",edge:716b987c2ec3a9cbcfa5a97c,assertion:9e96c7fb0495922dfd59f3db
状态,机舱火灾,是概念的实例,状态,机舱火灾,concept_alignment,仅在本声明来源及构型范围内使用,stated,02_reports/MAIB_2013_Safety_Digest_lubrication_bearing_cases.pdf,41,hot manifold and catch fire,edge:716be14ad492b450a4e73672,assertion:65c96b8dbd2eb7d1150d96cc
状态,换热能力降低,记载于,来源,MAN SL2016-623 cooling water treatment and periodical testing,provenance_index,仅在本声明来源及构型范围内使用,stated,02_reports/MAN_SL2016_623_cooling_water.pdf,2,reduce the heat transfer,edge:7172aaeea5833be21f24d459,assertion:3c6af00822c27f365afc4552
运维措施,按机型与燃料选择气缸油并检查缸况,应对,状态,缸套油膜难以维持,source_guidance_statement,MAN B&W两冲程柴油机缸套/活塞环；2016通函用于机理，润滑油选择须查2023通函及本机手册。不能把活塞咬死一概等同于已证实拉缸。,guidance,02_reports/MAN_SL2023_737_cylinder_lubrication.pdf,1,maintaining an adequate oil film,edge:71794d7f519fe2bb9382517b,assertion:7fb50ea6abf889c0c329d39a
状态,主机游车,记载于,来源,船机帮某型船主机遥控系统典型故障分析,provenance_index,仅在本声明来源及构型范围内使用,stated,01_datasets/marine_diesel_RAG_corpus_All_data/All_data/test/船机帮某型船主机遥控系统典型故障分析.md,,传感器安装距离过近，主机运行过程中由于振动导致的飞轮偏心可能会导致飞轮齿顶损坏传感器感应端；传感器安装距离过远，可能会导致飞轮齿圈上某些齿的有效感应信号丢失造成主机游车。,edge:717a02dd740e476afc0ae1c2,assertion:2fc7e21db7a44fc6f1605048
运维措施,修复保温屏蔽并加防喷溅带,记载于,来源,Stena Europe pressurised fuel spray and engine-room fire,provenance_index,仅在本声明来源及构型范围内使用,stated,02_reports/MAIB_2024_20_Stena_Europe_fuel_spray_fire.pdf,31,fitted anti-splashing tape to all joints,edge:717ab8c28c6960932d526894,assertion:b1284d14d3e1121bc0711714
故障,二号压缩机排气阀损坏,记载于,来源,MAIB Safety Digest 2013 lubrication and bearing cases,provenance_index,仅在本声明来源及构型范围内使用,stated,02_reports/MAIB_2013_Safety_Digest_lubrication_bearing_cases.pdf,15,Neither compressor had been able to keep up with demand,edge:717d3cfc2ccc0505c62009c5,assertion:363e5456941516e53a8ab7c9
故障,气缸磨损增加,记载于,来源,MAN efficiency improvements main engine auxiliary systems,provenance_index,仅在本声明来源及构型范围内使用,stated,02_reports/MAN_main_engine_auxiliary_efficiency.pdf,11,increase cylinder wear,edge:71840b1adb46728fc402c9c1,assertion:809a9228a62edd36be450f73
状态,气缸压缩压力降低,记载于,来源,船机帮柴油机冷却水过高或过低的危害,provenance_index,仅在本声明来源及构型范围内使用,stated,01_datasets/marine_diesel_RAG_corpus_All_data/All_data/test/船机帮柴油机冷却水过高或过低的危害.md,,气环开口处被胶结又使气缸密封不严而造成压缩不良,edge:719accfc85641c6a23a32cba,assertion:b5fad246c2a55eab32bb7443
检查方法,按本机要求复检转速传感器安装间隙,适用于,设备,主机遥控控制装置,applicability_index,12V20/27、双机双轴双桨定距推进的文中闭环调速构型；信号接口及间隙不可跨机型套用。,stated,01_datasets/marine_diesel_RAG_corpus_All_data/All_data/test/船机帮某型船主机遥控系统典型故障分析.md,,塞尺复检间隙或手动盘车无卡滞,edge:71a65e8f84f5bd80d3d52fec,assertion:9f093258161b8fc7f15a6b79
部件,电流不平衡互感器,记载于,来源,RMS Queen Mary 2 harmonic-filter capacitor failure and blackout,provenance_index,仅在本声明来源及构型范围内使用,stated,02_reports/MAIB_2011_28_Queen_Mary_2_harmonic_filter_failure.pdf,13,explosion was triggered by deterioration in the capacitors,edge:71b8bc5efb34212fda473432,assertion:0bf067b1cb7662d906cf0acc
状态,轴带变流器控制与发电端变频条件,记载于,来源,Comparative Case Study on Oscillatory Behavior in Power Systems of Marine Vessels With High Power Converters,provenance_index,仅在本声明来源及构型范围内使用,stated,03_papers/Frontiers_2021_marine_converter_oscillations.pdf,6,ower converter control under the condit,edge:71c35c87c4e05e5644dc7fc4,assertion:6a0f87b314ff7ec4256789e9
故障,齿轮箱内部磨损,适用于,设备,减速齿轮箱,applicability_index,GW系列船用齿轮箱；通用机理与A/B船匿名案例须区分，尺寸不能跨机型套用。,stated,01_datasets/marine_diesel_RAG_corpus_All_data/All_data/test/船机帮船用齿轮箱故障分析与管理对策.md,,检查滑油过滤器的杂质，通过观察初步判断内部的磨损情况。定期进行滑油的色谱分析，进一步根据滑油的杂质来掌握磨损。,edge:71d9c555680e3838cb8844e7,assertion:d8183ac450f7a0aceb6f37e5
故障,增压器转子弯曲变形,导致,状态,转子与壳体气封配合间隙异常,source_statement,船用废气涡轮增压器；拆装细节为VTR400示例，必须服从适用机型手册。,possible,01_datasets/marine_diesel_RAG_corpus_All_data/All_data/test/船机帮船舶柴油机废气涡轮增压器振动的主要原因有哪些.md,,增压器转子就会由于长期不运转其自重使其产生弯曲变形，破坏了转子与壳体、气封等的配合间隙，使转子失中。,edge:71e042878019993b404afee4,assertion:dced73b1937e802903312bc9
状态,滑油温度升高,导致,状态,滑油黏度降低,source_statement,柴油机水冷机理二次资料；文中80–90℃等数值不能当作所有机型阈值。,possible,01_datasets/marine_diesel_RAG_corpus_All_data/All_data/test/船机帮柴油机冷却水过高或过低的危害.md,,会使润滑油温度升高而变得过稀、机油压力变低,edge:71e96f7962c65fc21f628ffc,assertion:5c24c1d9eb966dbb2411d404
状态,全部推进电机停机,记载于,来源,RMS Queen Mary 2 harmonic-filter capacitor failure and blackout,provenance_index,仅在本声明来源及构型范围内使用,stated,02_reports/MAIB_2011_28_Queen_Mary_2_harmonic_filter_failure.pdf,13,all four propulsion motors shut down,edge:71f8441cee690caec2f6ba04,assertion:fab7baa019e0acc6d7745c56
故障,净油泄漏报警盒节流孔堵塞,记载于,来源,船机帮高压共轨柴油机燃油喷射系统故障分析,provenance_index,仅在本声明来源及构型范围内使用,stated,01_datasets/marine_diesel_RAG_corpus_All_data/All_data/test/船机帮高压共轨柴油机燃油喷射系统故障分析.md,,报警是因为报警检测盒内部节流孔堵塞所致的误报警，疏通即可。,edge:71fffcc8f80af9b7545d6f97,assertion:b9fad24cd1f320398d704282
事故案例,液压背压阀卡滞与火灾,涉及,状态,液压油喷向高温排气管,case_index,仅在本声明来源及构型范围内使用,stated,02_reports/MAIB_2015_22_Pride_of_Canterbury_CPP_hydraulic_fire.pdf,29,"spray of hydraulic oil, from a ruptured pipework joint",edge:72130986bf7a756fa140e955,assertion:7c04034cb1371df9ec4b3c51
检查方法,检测冷却液pH值,记载于,来源,船机帮船舶动力系统滑油水污染故障实例分析,provenance_index,仅在本声明来源及构型范围内使用,stated,01_datasets/marine_diesel_RAG_corpus_All_data/All_data/test/船机帮船舶动力系统滑油水污染故障实例分析.md,,定期开展缓蚀剂浓度、pH 值浓度、氯离子浓度等影响冷却液腐蚀率的关键指标检测,edge:722195d9d6a914a1ee88c749,assertion:afb661a5db7d48969330e611
状态,排气阀弹簧异常振动,促成,故障,气阀弹簧断裂,source_statement,共轨柴油机排气阀，厂家与具体型号未确定；仅作机理检索测试，不作直接操作授权。,possible,01_datasets/marine_diesel_RAG_corpus_All_data/All_data/test/船机帮船用共轨柴油机排气阀常见故障与排除.md,,气阀弹簧断裂，大多是因为振动造成的，也可能是因为材质、热处理不符合要求或在保管中锈蚀所致。,edge:72243fb912f24c977a47f0e0,assertion:8b1575e1e66241f305a46320
检查方法,按手册检验缸套水腔密封性,适用于,设备,滑油冷却器,applicability_index,海水冷却的推进柴油机滑油系统；匿名二次报道。文中压力试验参数和标准引用未独立核实，不作为通用操作依据。,stated,01_datasets/marine_diesel_RAG_corpus_All_data/All_data/test/船机帮船舶动力系统滑油水污染故障实例分析.md,,定期检测缸套水腔密封性，重点检查缸套阻水圈、水腔盖板垫片等薄弱点，发现渗漏立即更换密封件,edge:7230720198f3eb4507c5cb3c,assertion:18b6f20e97bf79557255282d
状态,电动锚机无法释放锚,记载于,来源,Kommandor Susan catastrophic engine failure and fire,provenance_index,仅在本声明来源及构型范围内使用,stated,02_reports/MAIB_2026_10_Kommandor_Susan_generator_bearing_failure.pdf,1,anchor winches required electrical power to operate,edge:72361961f27c221fcdc0d0ac,assertion:36c83ce817fe885b5f6ec250
设备,可调螺距桨推进装置,记载于,来源,MAIB Safety Digest 2016 generator oil fire case,provenance_index,仅在本声明来源及构型范围内使用,stated,02_reports/MAIB_2016_Safety_Digest_generator_oil_fire.pdf,29,chemical tanker,edge:7252e123296dc0b9c70651bd,assertion:0cd58f142afd73d7fc02dbf6
部件,ME3燃油双螺钉法兰,记载于,来源,Stena Europe pressurised fuel spray and engine-room fire,provenance_index,仅在本声明来源及构型范围内使用,stated,02_reports/MAIB_2024_20_Stena_Europe_fuel_spray_fire.pdf,7,fuel leaking under pressure,edge:726844368897e53f9a393aa9,assertion:5f885e6eca0e6b23f9bb8f2a
检查方法,检查供油联接机构卡阻,检查,部件,供油联接机构,source_check,调速器维修经验；不同调速器针阀与补偿调节不可照抄，飞车必须执行本船应急规程。,stated,01_datasets/marine_diesel_RAG_corpus_All_data/All_data/test/船机帮船用柴油机调速器的维护与保养十飞车故障.md,,供油联接机构、高压油泵是否有阻卡。,edge:727a95c5f615ccda07a570be,assertion:465f93332396f53dc3d0b039
故障,缸套黏着拉伤,记载于,来源,船机帮船用柴油机的拉缸故障,provenance_index,仅在本声明来源及构型范围内使用,stated,01_datasets/marine_diesel_RAG_corpus_All_data/All_data/test/船机帮船用柴油机的拉缸故障.md,,若由于某种原因，油膜变薄或遭到破坏，因润滑不良出现干摩擦或半干摩擦，缸套与活塞环的摩擦系数突然增大，造成局部高温粘附磨损的过程。,edge:727d3cfa5e2c472b7883dc36,assertion:f8ef0b16cb1a75e9b8dd1184
状态,油道残留碎屑,是概念的实例,状态,油道残留碎屑,concept_alignment,仅在本声明来源及构型范围内使用,stated,02_reports/MAIB_2018_14_Wight_Sky_engine_bearing_fire.pdf,14,Debris in the engine’s oil channels was most probably responsible for initiating the failure,edge:727edccad00162dcc394e183,assertion:a0b8f6c9e4463902f4fdee14
事故案例,控制空气不足与离合器脱开,涉及,影响因素,备用气瓶上线时未隔离主气瓶,case_index,仅在本声明来源及构型范围内使用,stated,02_reports/MAIB_2013_Safety_Digest_lubrication_bearing_cases.pdf,15,air pressure equalised at a level that was insufficient,edge:729f91ed349b4174406f5af0,assertion:c92b85c46577a1a911216cd9
影响因素,缸套金相组织不符合要求,增加风险,故障,缸套黏着拉伤,source_statement,船用柴油机摩擦副；二次维修文章，机型及根因须核实；不能以某一症状直接确诊拉缸。,possible,01_datasets/marine_diesel_RAG_corpus_All_data/All_data/test/船机帮船用柴油机的拉缸故障.md,,常见的原因有缸套本身的材质不过关，铸造后的金相组织到不到要求，铁素体含量超标，较高，石墨聚集现象；,edge:72ae403dd35d4091a5506caf,assertion:60eb0fba4d6dc43abb7078b1
故障,曲轴主轴承与曲柄销断油,适用于,设备,ME2主机,applicability_index,本报告案例，不外推为所有船舶已证实根因,stated,02_reports/MAIB_2022_04_Wight_Sky_multiple_engine_failures.pdf,84,oilway to the main journal and crankpin was blocked off when the bearing shells turned,edge:72b66438b77f1d4fca772e52,assertion:5332f459a38d4c3e8c68a5d7
事故案例,控制空气不足与离合器脱开,涉及,状态,控制空气低压报警,case_index,仅在本声明来源及构型范围内使用,stated,02_reports/MAIB_2013_Safety_Digest_lubrication_bearing_cases.pdf,14,multiple alarms sounded in the ECR warning of low control air pressure,edge:72c601dd128bad5960a21631,assertion:48a8a1c1b8ad956dd9970c96
部件,水腔盖板垫片,记载于,来源,船机帮船舶动力系统滑油水污染故障实例分析,provenance_index,仅在本声明来源及构型范围内使用,stated,01_datasets/marine_diesel_RAG_corpus_All_data/All_data/test/船机帮船舶动力系统滑油水污染故障实例分析.md,,定期检测缸套水腔密封性，重点检查缸套阻水圈、水腔盖板垫片等薄弱点，发现渗漏立即更换密封件,edge:72ca44f2e3d7f0aa098dade0,assertion:8cf986dcbc1ad318fc7dbc54
参数,3缸指示功,表征,设备,试验柴油机,native_variable_dictionary,仅在本声明来源及构型范围内使用,stated,01_datasets/Marine_Engine_Fault_Data_v1/Marine_Engine_Fault_Data/variable_dictionary.csv,,"Indicated Work No.3,Wi,J,number,TRUE,TRUE,performance / derived,shorthand label is reused across cylinder-resolved and/or aggregate variables; use the full variable-name row during preprocessing",edge:72d340250530287aa67899e8,assertion:71d8eef41877d832ba6e6c2e
故障,连杆大端轴瓦失效,是概念的实例,故障,连杆大端轴瓦失效,concept_alignment,仅在本声明来源及构型范围内使用,stated,02_reports/MAIB_2018_01_Windcat8_bearing_failure_fire.pdf,1,A high oil temperature alarm prior to the engine failure,edge:72d52c1271e45b167c6aea4c,assertion:6a58452a443ec8e7d6c9c8c9
运维措施,按手册更换密封面损伤的高压油管,应对,故障,高压燃油管密封面损伤,source_recommendation,航浚6008/MAN L32/44CR与CR2.2；轨压数值、扭矩与拆装必须核对本机手册。,stated,01_datasets/marine_diesel_RAG_corpus_All_data/All_data/test/船机帮高压共轨柴油机燃油喷射系统故障分析.md,,可清洁密封面并涂专用白油，按说明书要求规范对中安装；发现有明显伤痕，则需更换高压油管或有关零部件。,edge:72d7ccbceff77b8a710ec0da,assertion:0d70f39861577db3c4a9498e
故障,CPP回油法兰破裂,记载于,来源,Pride of Canterbury CPP hydraulic overpressure and fire,provenance_index,仅在本声明来源及构型范围内使用,stated,02_reports/MAIB_2015_22_Pride_of_Canterbury_CPP_hydraulic_fire.pdf,29,flanged joint ruptured because the CPP system became over- pressurised,edge:730bd60fce801cb72d2c29a6,assertion:7c8db8d2f4fa12515baf1935
状态,气缸窜气,记载于,来源,船机帮船用柴油机的拉缸故障,provenance_index,仅在本声明来源及构型范围内使用,stated,01_datasets/marine_diesel_RAG_corpus_All_data/All_data/test/船机帮船用柴油机的拉缸故障.md,,缸套和活塞环被拉伤，会出现串气、压缩压力和爆发压力降低，燃油油耗偏高；,edge:731ff66da9b532f4ab1860e8,assertion:d7948f2e7820f52dfa53328a
状态,齿轮局部应力集中,记载于,来源,船机帮船用齿轮箱故障分析与管理对策,provenance_index,仅在本声明来源及构型范围内使用,stated,01_datasets/marine_diesel_RAG_corpus_All_data/All_data/test/船机帮船用齿轮箱故障分析与管理对策.md,,若齿轮突然过载就可能会超负荷造成突然断裂；若非突然断裂，齿轮重复受过载力，造成应力集中，也会导致疲劳裂纹，进而导致疲劳断裂。,edge:73427833058f3f79017a70a0,assertion:537558003d7906d104f224a4
检查方法,结合缸压与惯量刚度进行扭振分析并试验验证,适用于,系统,电力与控制系统,functional_classification,内燃机-发电机传动链一般机理；证据支持扭振导致失效风险及电气故障转矩冲击，但未建立某大型船主轴联轴器断裂的已证实事故链。,stated,02_reports/STAMFORD_AGN235_torsional_analysis.pdf,7,require validation by test,edge:7382f72ce182aa90cf5463de,assertion:932bdd0afeed2cbeae7f444c
事故案例,大风浪中吊舱推进丧失,涉及,状态,大风浪中剧烈纵摇,case_index,仅在本声明来源及构型范围内使用,stated,02_reports/MAIB_2026_06_Spirit_of_Discovery_propulsion_loss.pdf,42,pitching caused the propellers to come out of the water,edge:7388dc6c9794d2aa0a15cf39,assertion:3a43d4de7c10832889bde805
参数,2缸最高缸压,表征,设备,试验柴油机,native_variable_dictionary,仅在本声明来源及构型范围内使用,stated,01_datasets/Marine_Engine_Fault_Data_v1/Marine_Engine_Fault_Data/variable_dictionary.csv,,"Max. In-Cylinder Press. No.2,Pmax,MPa,number,TRUE,TRUE,pressure / derived pressure,shorthand label is reused across cylinder-resolved and/or aggregate variables; use the full variable-name row during preprocessing",edge:73940883ca09a652b9c2f62d,assertion:0c9b8c364aa80cef9b3b2134
故障,盘车安全联锁失效,记载于,来源,MAIB Safety Digest 2013 lubrication and bearing cases,provenance_index,仅在本声明来源及构型范围内使用,stated,02_reports/MAIB_2013_Safety_Digest_lubrication_bearing_cases.pdf,16,"interlock, the last remaining safety barrier, had failed",edge:7397c196bf01b66851d3140a,assertion:ba2392fec00c3e7601535c8d
故障,海水隔离阀执行器缺陷,发生于,设备,海水压载与机舱排水装置,case_equipment_index,仅在本声明来源及构型范围内使用,stated,02_reports/MAIB_2016_Safety_Digest_generator_oil_fire.pdf,41,giving an impression that the valve was fully closed when it was not,edge:739832f20f714f16deab12e2,assertion:fbc2f70936372b5ce59bb28c
故障,齿轮突然断裂,适用于,设备,减速齿轮箱,applicability_index,GW系列船用齿轮箱；通用机理与A/B船匿名案例须区分，尺寸不能跨机型套用。,stated,01_datasets/marine_diesel_RAG_corpus_All_data/All_data/test/船机帮船用齿轮箱故障分析与管理对策.md,,若齿轮突然过载就可能会超负荷造成突然断裂；若非突然断裂，齿轮重复受过载力，造成应力集中，也会导致疲劳裂纹，进而导致疲劳断裂。,edge:73a5808b6d1976c47c0c5400,assertion:20f181c9a1d9dea8d5d5347b
运维措施,按厂家要求保持发电机绕组干燥,适用于,设备,交流发电机,applicability_index,STAMFORD/AvK对应交流发电机型号；AGN040应与本机Owner Manual联合使用；干燥与绝缘处置仅由合格人员实施。,stated,02_reports/STAMFORD_AGN040_winding_insulation.pdf,7,keep the wound component clean and dry,edge:73c4ab72f875f4b3aa53a5f1,assertion:4c80c9c90c9e4fd95ea45ce7
检查方法,核验调速器与喷油泵加减油方向,记载于,来源,船机帮船用柴油机调速器的维护与保养十飞车故障,provenance_index,仅在本声明来源及构型范围内使用,stated,01_datasets/marine_diesel_RAG_corpus_All_data/All_data/test/船机帮船用柴油机调速器的维护与保养十飞车故障.md,,喷油泵齿条的零油量位置、全油量位置与调速器内动力活塞的行程是否相对应。调速器加减油方向与喷油泵是否一致。,edge:73d199247c33e16d276d71a6,assertion:1e3e7b887fe49a597ca7d60b
运维措施,按本机方案进行低温缸套水预热,适用于,设备,船舶动力装置,applicability_index,综合维护二次文章，原厂和标准出处未独立证实；不采纳文中统一周期、报警值、压力值、浮动轴承加脂和未经验证改造方案。以下仅用于检索维护主题，由适用机型规程决定具体操作。,stated,01_datasets/marine_diesel_RAG_corpus_All_data/All_data/test/船机帮船舶动力设备日常维护要点与常见故障排除.md,,启用缸套水预热系统,edge:73ede55592c4434fc2e6ced0,assertion:a211f5aa8b4ba14735da94c4
设备,DG1柴油发电机,是概念的实例,设备,DG1柴油发电机,concept_alignment,仅在本声明来源及构型范围内使用,stated,02_reports/MAIB_2026_10_Kommandor_Susan_generator_bearing_failure.pdf,1,catastrophic failure of a diesel generator engine,edge:7401fec8f40a2af4989c72cd,assertion:bacb5c5e6924ec9b741fd6c6
状态,机舱进水,记载于,来源,MAIB Safety Digest 2016 generator oil fire case,provenance_index,仅在本声明来源及构型范围内使用,stated,02_reports/MAIB_2016_Safety_Digest_generator_oil_fire.pdf,40,master that the engine room was flooding,edge:7481726fddc7d3acd5da1894,assertion:689f54518e99bd73b6c1c83e
参数,高温淡水泵压力原始电压信号,表征,设备,试验柴油机,native_variable_dictionary,仅在本声明来源及构型范围内使用,stated,01_datasets/Marine_Engine_Fault_Data_v1/Marine_Engine_Fault_Data/variable_dictionary.csv,,"Fresh Cooling Water Press.,Pl_water1,V,number,TRUE,TRUE,pressure / derived pressure,raw voltage signal associated with HT cooling-water pump pressure; not converted to engineering pressure units",edge:74a75d1f35f763dda14a055a,assertion:3e5d2bfcc6d6ef7d76e5001e
故障,船舶电网电压频率振荡,适用于,系统,传动与推进系统,functional_classification,2021论文三类船舶的实测电网信号，含轴带发电化学品船；不是所有振荡都超限。DP船风浪影响主要作用于基波与频率，不能一概说风浪显著放大所有谐波。,stated,03_papers/Frontiers_2021_marine_converter_oscillations.pdf,2,sating torque of,edge:74b2ca7b2fd27d7d36e3dc9d,assertion:8eb8bc1af413e09ca9289a60
影响因素,海上盐雾腐蚀环境,增加风险,状态,动力设备故障风险增加,source_statement,综合维护二次文章，原厂和标准出处未独立证实；不采纳文中统一周期、报警值、压力值、浮动轴承加脂和未经验证改造方案。以下仅用于检索维护主题，由适用机型规程决定具体操作。,possible,01_datasets/marine_diesel_RAG_corpus_All_data/All_data/test/船机帮船舶动力设备日常维护要点与常见故障排除.md,,盐雾腐蚀、机械疲劳、极端载荷冲击以及系统老化等因素交互作用，故障发生概率显著上升。,edge:74c86bb91bcfaa677cea8b84,assertion:a4b41155fb38877c4618cee6
检查方法,隔离断电后测量主开关联锁触点通断,适用于,设备,发电机主开关,applicability_index,DG2、施耐德NW08-63和文中扩展箱构型；仅合格电气人员可按本船隔离规程检修。,stated,01_datasets/marine_diesel_RAG_corpus_All_data/All_data/test/船机帮船舶柴油发电机主开关并网合闸失败故障的分析与排查.md,,利用万用表的欧姆档对串联在线圈 MN 的控制信号触点进行通断测量,edge:74e905c1183114a44a91c358,assertion:f3c78d472c4dba0a75c5e706
故障,连杆大端轴瓦失效,导致,故障,柴油发电机灾难性失效,source_case_statement,本报告案例，不外推为所有船舶已证实根因,probable,02_reports/MAIB_2026_10_Kommandor_Susan_generator_bearing_failure.pdf,5,most likely root cause is failure of connecting rod bearing number five,edge:7504d83519e2b30bc21735c4,assertion:8524c3c2a036f51b5ed23628
事故案例,控制空气不足与离合器脱开,涉及,故障,二号压缩机排气阀损坏,case_index,仅在本声明来源及构型范围内使用,stated,02_reports/MAIB_2013_Safety_Digest_lubrication_bearing_cases.pdf,15,Neither compressor had been able to keep up with demand,edge:751a7c8c4e644bb25b1a4a40,assertion:053a74b057c8e50cd1c3286b
检查方法,停机隔离后按手册拆检气缸盖,记载于,来源,船机帮柴油机轴瓦抱轴故障分析,provenance_index,仅在本声明来源及构型范围内使用,stated,01_datasets/marine_diesel_RAG_corpus_All_data/All_data/test/船机帮柴油机轴瓦抱轴故障分析.md,,对故障柴油机进行拆检，拆下柴油机外围管路、气缸盖，拆除活塞、连杆组件和曲轴。,edge:752140a7d13964fc5be6cea8,assertion:cc372a5fc2db39ba0b804eb2
事故案例,左舷主机轴瓦失效与火灾,涉及,故障,连杆大端轴瓦失效,case_index,仅在本声明来源及构型范围内使用,stated,02_reports/MAIB_2018_01_Windcat8_bearing_failure_fire.pdf,1,A high oil temperature alarm prior to the engine failure,edge:7523037c581d3f468cf7dcd4,assertion:dcbf3896d2310ec6b0487c1b
检查方法,停机隔离后检查喷油器针阀变形,检查,部件,喷油器针阀,source_check,S6U-PTK与文中船舶发电机经验；部分表述不严谨，不采纳未经原厂确认的轴承结构改造建议。,stated,01_datasets/marine_diesel_RAG_corpus_All_data/All_data/test/船机帮船舶发电机常见故障及对策.md,,卸下喷油嘴并校验其喷油压力，若发现孔道阻塞现象需将喷油嘴进行拆卸，检查针阀和底座有无变形损坏,edge:752aa52c1d2c4f1043415922,assertion:f1245ab6c94d98bd1e7dacd8
参数,发动机冷却水流量,表征,设备,试验柴油机,native_variable_dictionary,仅在本声明来源及构型范围内使用,stated,01_datasets/Marine_Engine_Fault_Data_v1/Marine_Engine_Fault_Data/variable_dictionary.csv,,"Engine Cooling water flow,Qw_eng,m3/h,number,TRUE,TRUE,flow / fuel / air,",edge:753d272258ed2216e27ba3b0,assertion:9342056777aeec1db41d1031
影响因素,未核对阀位即拆进口法兰,记载于,来源,MAIB Safety Digest 2016 generator oil fire case,provenance_index,仅在本声明来源及构型范围内使用,stated,02_reports/MAIB_2016_Safety_Digest_generator_oil_fire.pdf,40,water started to flow from the inlet pipe,edge:75485e083fc659503ffa92b1,assertion:7c361f5725ff62807376855d
运维措施,保持机组状态与日志及状态板一致,记载于,来源,MAIB Safety Digest 2013 lubrication and bearing cases,provenance_index,仅在本声明来源及构型范围内使用,stated,02_reports/MAIB_2013_Safety_Digest_lubrication_bearing_cases.pdf,18,status of the main engine machinery conforms to the status recorded,edge:759a980980405d69190053d6,assertion:a0c74f87690a0de9d392a79d
状态,柴油机轴向振动冲击加剧,记载于,来源,船机帮柴油机轴瓦抱轴故障分析,provenance_index,仅在本声明来源及构型范围内使用,stated,01_datasets/marine_diesel_RAG_corpus_All_data/All_data/test/船机帮柴油机轴瓦抱轴故障分析.md,,"顶丝与柴油机支脚顶死后,柴油机工作时,隔振块不能很好地吸收柴油机轴向振动",edge:75a6c8719b61600b3733f186,assertion:7606a90afa97ee6af28344f9
状态,大风浪中剧烈纵摇,导致,状态,螺旋桨出水,source_case_statement,本报告案例，不外推为所有船舶已证实根因,reported,02_reports/MAIB_2026_06_Spirit_of_Discovery_propulsion_loss.pdf,42,pitching caused the propellers to come out of the water,edge:75ae11ebe1a5d38747a65d9a,assertion:fa53d2dee1f9c2bee4b4700c
运维措施,按机型要求及时更换损坏增压器轴承,应对,故障,增压器轴承烧伤,source_recommendation,船用废气涡轮增压器；拆装细节为VTR400示例，必须服从适用机型手册。,stated,01_datasets/marine_diesel_RAG_corpus_All_data/All_data/test/船机帮船舶柴油机废气涡轮增压器振动的主要原因有哪些.md,,为此应按轴承规定的使用期按时更换轴承，发生损坏时更应即时更换轴承。,edge:75b2548f84b87b7162963328,assertion:7b523cafba236717c0044b17
设备,故障主机,记载于,来源,Wight Sky catastrophic main engine bearing failure,provenance_index,仅在本声明来源及构型范围内使用,stated,02_reports/MAIB_2018_14_Wight_Sky_engine_bearing_fire.pdf,1,debris in the engine’s oil channels following rebuild,edge:75bf4fe5a2061189e0ce5e7d,assertion:8e08005606a52e0a17b0808c
故障,盘车机构未脱开启动,记载于,来源,MAIB Safety Digest 2013 lubrication and bearing cases,provenance_index,仅在本声明来源及构型范围内使用,stated,02_reports/MAIB_2013_Safety_Digest_lubrication_bearing_cases.pdf,16,not marked in any way to show whether it was engaged or disengaged,edge:75e7ad3626fd3d823d9378a3,assertion:a2adf94aaf6ccabe6496868f
故障,压力燃油泄漏,记载于,来源,Stena Europe pressurised fuel spray and engine-room fire,provenance_index,仅在本声明来源及构型范围内使用,stated,02_reports/MAIB_2024_20_Stena_Europe_fuel_spray_fire.pdf,29,screw in a two-screw flange within the fuel oil pipework loosened,edge:75fab9ca2ff9874f1a578ac6,assertion:818a005f1201917b1981dd86
检查方法,停机隔离后按手册拆检气缸盖,检查,部件,气缸盖,source_check,某型巡逻船试航故障二次报道；排查中已排除的原因不作为本案正向根因，油品及公差不能跨机型使用。,stated,01_datasets/marine_diesel_RAG_corpus_All_data/All_data/test/船机帮柴油机轴瓦抱轴故障分析.md,,对故障柴油机进行拆检，拆下柴油机外围管路、气缸盖，拆除活塞、连杆组件和曲轴。,edge:75fdc439ef48844a6f495a9d,assertion:8ed3880a37e8bb4b9f736a75
运维措施,按维护要求清除机组表面锈屑,适用于,设备,柴油发电机,applicability_index,Caterpillar3512冬季维护经验，原始应用场景不一定为船舶；仅提取可迁移维护主题，必须核对船用构型，排除未获批准的自主回油改造及统一数值。,stated,01_datasets/marine_diesel_RAG_corpus_All_data/All_data/test/船机帮冬季卡特柴油发电机组的安全运行.md,,将附着在机组上的水迹、油迹和铁绣等杂物清除干净。,edge:76025a05a80f5071672473f4,assertion:759f6bf9765ccc47cf8a4f56
检查方法,检查转速传感器外观,适用于,设备,主机遥控控制装置,applicability_index,12V20/27、双机双轴双桨定距推进的文中闭环调速构型；信号接口及间隙不可跨机型套用。,stated,01_datasets/marine_diesel_RAG_corpus_All_data/All_data/test/船机帮某型船主机遥控系统典型故障分析.md,,转速传感器外观检查无损伤，测量信号线绝缘正常，实验室交验功能正常,edge:7610b40bc04cb1c7bafef0d8,assertion:213eba3c5833da978bc63f06
故障,曲轴箱被连杆击穿,导致,状态,机舱火灾,source_case_statement,本报告案例，不外推为所有船舶已证实根因,reported,02_reports/MAIB_2018_01_Windcat8_bearing_failure_fire.pdf,11,fire resulted from the ignition of oil vapour released from the damaged crankcase,edge:76471c758307805716761ac7,assertion:e23730e14aa63b6057704a18
事故案例,海水冷却管疑似失效与沉没,涉及,状态,机舱进水,case_index,仅在本声明来源及构型范围内使用,stated,02_reports/MAIB_2016_Safety_Digest_generator_oil_fire.pdf,60,suggests the failure of a main engine sea water cooling pipe,edge:7650a19706cf6bb9b1fb04fc,assertion:d5814c044693ae4e3a729d2e
状态,滑油温度升高,记载于,来源,船机帮柴油机冷却水过高或过低的危害,provenance_index,仅在本声明来源及构型范围内使用,stated,01_datasets/marine_diesel_RAG_corpus_All_data/All_data/test/船机帮柴油机冷却水过高或过低的危害.md,,会使润滑油温度升高而变得过稀、机油压力变低,edge:767392fe6143dabc3cd447bc,assertion:27b644d637d4386d7816ea1f
状态,螺旋桨出水,记载于,来源,Spirit of Discovery loss of propulsion in heavy weather,provenance_index,仅在本声明来源及构型范围内使用,stated,02_reports/MAIB_2026_06_Spirit_of_Discovery_propulsion_loss.pdf,42,pitching caused the propellers to come out of the water,edge:7676b8508d99f8d9de937d47,assertion:9c8c888cc141628126f59464
状态,船舶振动,导致,状态,海水泵填料压紧力下降,source_statement,海水冷却的推进柴油机滑油系统；匿名二次报道。文中压力试验参数和标准引用未独立核实，不作为通用操作依据。,possible,01_datasets/marine_diesel_RAG_corpus_All_data/All_data/test/船机帮船舶动力系统滑油水污染故障实例分析.md,,船舶振动引起填料压紧力下降，形成轴向泄漏通道,edge:768646ea7e443ce594b689b2,assertion:a2cac45a00150ee1bb3430b0
影响因素,连杆小端轴套更换产生应力集中,增加风险,故障,连杆小端疲劳断裂,source_case_statement,本报告案例，不外推为所有船舶已证实根因,reported,02_reports/MAIB_2021_02_Finlandia_Seaways_connecting_rod_failure.pdf,9,introduced stress raisers that signficantly increased the likelihood of crack initiation and fatigue failure,edge:76901c2f5e5afbcbb89e1f27,assertion:6db7ec75872039f19e091e54
检查方法,检测滑油运动黏度变化,记载于,来源,船机帮船舶动力系统滑油水污染故障实例分析,provenance_index,仅在本声明来源及构型范围内使用,stated,01_datasets/marine_diesel_RAG_corpus_All_data/All_data/test/船机帮船舶动力系统滑油水污染故障实例分析.md,,重点关注水分、黏度、酸值等指标变化，超标时及时预警并检查排故。,edge:76938dd76788fe733f94f328,assertion:4c5078e85bae79a3d14082b3
状态,连杆小端刻痕,是概念的实例,状态,连杆小端刻痕,concept_alignment,仅在本声明来源及构型范围内使用,stated,02_reports/MAIB_2021_02_Finlandia_Seaways_connecting_rod_failure.pdf,56,notch damage on the internal surfaces of their small end eyes,edge:7696180434fb55a01b091def,assertion:99643fbf4de88c1d7615dcce
状态,机舱进水,是概念的实例,状态,机舱进水,concept_alignment,仅在本声明来源及构型范围内使用,stated,02_reports/MAIB_2016_Safety_Digest_generator_oil_fire.pdf,60,suggests the failure of a main engine sea water cooling pipe,edge:76cc7f80549731c3bdd01c81,assertion:50813ff98518de09d3f0aa5c
故障,曲轴箱被连杆击穿,记载于,来源,Windcat 8 connecting rod big-end bearing failure,provenance_index,仅在本声明来源及构型范围内使用,stated,02_reports/MAIB_2018_01_Windcat8_bearing_failure_fire.pdf,1,connecting rod assembly releasing and penetrating through the engine crankcase,edge:76cda074a9be4b6ba32be16f,assertion:cb19f9f64fc386fc635bba72
检查方法,检查扫气冷却器流量及水侧状态,适用于,系统,冷却与海水系统,functional_classification,扫气空气冷却器水侧；该证据描述低流量局部沸腾及管路汽蚀，不等同于已证明所有冷却泵汽蚀由此引起。,stated,02_reports/MAN_main_engine_auxiliary_efficiency.pdf,11,maintains a constant cooling water flow,edge:76ce8020b162a60ed3e12dab,assertion:395a65fbfe7fbd521197a556
状态,滑油黏度降低,记载于,来源,船机帮柴油机轴瓦抱轴故障分析,provenance_index,仅在本声明来源及构型范围内使用,stated,01_datasets/marine_diesel_RAG_corpus_All_data/All_data/test/船机帮柴油机轴瓦抱轴故障分析.md,,"高分子聚合物断裂后是不可逆的,导致粘度很快降低,机油承载能力下降。",edge:76e0f0db9b655bc94e31301c,assertion:6c7cae2142c50957fb531623
部件,喷油器底座,记载于,来源,船机帮船舶发电机常见故障及对策,provenance_index,仅在本声明来源及构型范围内使用,stated,01_datasets/marine_diesel_RAG_corpus_All_data/All_data/test/船机帮船舶发电机常见故障及对策.md,,卸下喷油嘴并校验其喷油压力，若发现孔道阻塞现象需将喷油嘴进行拆卸，检查针阀和底座有无变形损坏,edge:76e61cc8d6048d55abad258b,assertion:15fb617c5ff262c76fb4c179
运维措施,仅按并网与调速规程调整发电频率,适用于,设备,柴油发电机,applicability_index,Caterpillar3512冬季维护经验，原始应用场景不一定为船舶；仅提取可迁移维护主题，必须核对船用构型，排除未获批准的自主回油改造及统一数值。,stated,01_datasets/marine_diesel_RAG_corpus_All_data/All_data/test/船机帮冬季卡特柴油发电机组的安全运行.md,,应及时调整频率和电压，使其保持额定值,edge:76e6ff8799148229177ce506,assertion:415c9c3a1c10e1dc96179370
检查方法,核查车钟数字量指令同步性,检查,故障,车钟指令传递接收异常,source_check,12V20/27、双机双轴双桨定距推进的文中闭环调速构型；信号接口及间隙不可跨机型套用。,stated,01_datasets/marine_diesel_RAG_corpus_All_data/All_data/test/船机帮某型船主机遥控系统典型故障分析.md,,观察集控室转速控制器4路数字量，车钟指令输入信号与实际车钟显示同步并一致，测量数字量信号幅值正常。,edge:7733334afc52f3ad4b4d85b3,assertion:52a02b797786f562cbf26fb7
故障,盘车机构未脱开启动,适用于,设备,主机启动与盘车装置,applicability_index,本报告案例，不外推为所有船舶已证实根因,stated,02_reports/MAIB_2013_Safety_Digest_lubrication_bearing_cases.pdf,16,not marked in any way to show whether it was engaged or disengaged,edge:773adf0f9d587a7cb69f9081,assertion:e39d8926cac2f6cd0c1bca15
检查方法,记录柴油机冷却水压力变化,记载于,来源,船机帮船舶动力系统滑油水污染故障实例分析,provenance_index,仅在本声明来源及构型范围内使用,stated,01_datasets/marine_diesel_RAG_corpus_All_data/All_data/test/船机帮船舶动力系统滑油水污染故障实例分析.md,,每小时记录油温、水压、液位等关键参数，关注数据异常变化,edge:77438e5bb38dfe7fe6a771ac,assertion:b73773fd378df181d86c1a4d
状态,失去推进,是概念的实例,状态,失去推进,concept_alignment,仅在本声明来源及构型范围内使用,stated,02_reports/MAIB_2026_06_Spirit_of_Discovery_propulsion_loss.pdf,42,"port pod automatically shut down, followed shortly afterwards by its starboard pod",edge:774bc433426c2a2be7297840,assertion:f72e0f6d6c44c1fb227b4abe
设备,可调螺距桨推进控制装置,记载于,来源,MAIB Safety Digest 2016 generator oil fire case,provenance_index,仅在本声明来源及构型范围内使用,stated,02_reports/MAIB_2016_Safety_Digest_generator_oil_fire.pdf,19,large roll-on roll-off passenger ferry,edge:775518ea09479feafc8f0abc,assertion:b81476867b10e38ec2e67177
检查方法,核验轴承与大修零件来源,适用于,设备,DG1柴油发电机,applicability_index,本报告案例，不外推为所有船舶已证实根因,stated,02_reports/MAIB_2026_10_Kommandor_Susan_generator_bearing_failure.pdf,8,no verification of authenticity for the parts used,edge:7777a5a2faa001a6b3276046,assertion:cc48cdca130f4369aba1d1f6
故障,海水泵密封摩擦副磨损,适用于,设备,滑油冷却器,applicability_index,海水冷却的推进柴油机滑油系统；匿名二次报道。文中压力试验参数和标准引用未独立核实，不作为通用操作依据。,stated,01_datasets/marine_diesel_RAG_corpus_All_data/All_data/test/船机帮船舶动力系统滑油水污染故障实例分析.md,,海水含固体颗粒加剧摩擦副磨损，导致密封失效；,edge:7786ebacc50995fda03d615b,assertion:ee58260bc68b63a4af154d27
状态,推进电机保护跳闸,记载于,来源,Spirit of Discovery loss of propulsion in heavy weather,provenance_index,仅在本声明来源及构型范围内使用,stated,02_reports/MAIB_2026_06_Spirit_of_Discovery_propulsion_loss.pdf,42,automatically tripped the power to its motor,edge:7795bf76b49f29dfc948c383,assertion:cd828a0d5789cdfffd98dedc
设备,空气压缩机,记载于,来源,船机帮船舶动力设备日常维护要点与常见故障排除,provenance_index,仅在本声明来源及构型范围内使用,stated,01_datasets/marine_diesel_RAG_corpus_All_data/All_data/test/船机帮船舶动力设备日常维护要点与常见故障排除.md,,空气压缩机每运行 500 h 更换润滑油,edge:77afbe816edda28a20336158,assertion:7ebeed9fe072753edc72032d
故障,应急供电无法启动便携泵,适用于,设备,海水压载与机舱排水装置,applicability_index,本报告案例，不外推为所有船舶已证实根因,stated,02_reports/MAIB_2016_Safety_Digest_generator_oil_fire.pdf,40,running on emergency power only,edge:77cd94827ed44cdc30ae7601,assertion:a20bf5cdec24430a4e7095cb
运维措施,确认渗漏后按手册更换缸套水腔密封件,适用于,设备,滑油冷却器,applicability_index,海水冷却的推进柴油机滑油系统；匿名二次报道。文中压力试验参数和标准引用未独立核实，不作为通用操作依据。,stated,01_datasets/marine_diesel_RAG_corpus_All_data/All_data/test/船机帮船舶动力系统滑油水污染故障实例分析.md,,定期检测缸套水腔密封性，重点检查缸套阻水圈、水腔盖板垫片等薄弱点，发现渗漏立即更换密封件,edge:77d99cf73feadd52df70a937,assertion:337557c1cecd29564aa36e0d
运维措施,按本机手册处理潮湿污染并验证绝缘,适用于,系统,电力与控制系统,functional_classification,STAMFORD/AvK发电机；检测与干燥作业须停电隔离，由合格人员依本机手册执行，本文不提供通用阈值或操作命令。,stated,02_reports/STAMFORD_AGN040_winding_insulation.pdf,6,drying out procedures,edge:77e6f777d5029476ffaa3e2b,assertion:71bc3c4ac4616b4f4d195bbe
状态,高温燃气进入低压回油,记载于,来源,船机帮5S60ME船用柴油机喷油器故障分析与对策,provenance_index,仅在本声明来源及构型范围内使用,stated,01_datasets/marine_diesel_RAG_corpus_All_data/All_data/test/船机帮5S60ME船用柴油机喷油器故障分析与对策.md,,"气缸内的高压高温燃气穿过喷油器壳体裂纹进入低压燃油中,随回油进入集油筒中导致集油筒中空气多而油位低引发报警",edge:77f341a943a32b03293abbeb,assertion:d1decabb925b34ac4b04ece4
运维措施,保持燃油净化设备正常运行并核验油质,应对,状态,燃油固体颗粒造成针阀运动受阻,secondary_source_statement,MAN B&W 5S60ME-C7；不可套用具体装配尺寸、压力或紧固参数到其他机型,secondary_stated,01_datasets/marine_diesel_RAG_corpus_All_data/All_data/test/船机帮5S60ME船用柴油机喷油器故障分析与对策.md,,"维持燃油净化设备正常运行，保证油质清洁,防止燃油中的固体颗粒造成止回阀和针阀运动阻力增大甚至卡死",edge:77f440d08af72388883872f3,assertion:4a8cc3b3470809c983710717
故障,高压油泵泄漏,适用于,设备,高压共轨燃油喷射装置,applicability_index,航浚6008/MAN L32/44CR与CR2.2；轨压数值、扭矩与拆装必须核对本机手册。,stated,01_datasets/marine_diesel_RAG_corpus_All_data/All_data/test/船机帮高压共轨柴油机燃油喷射系统故障分析.md,,一般通过检查高压油泵或油头来确认，并换新故障的高压油泵或油头,edge:78082459a803df2b34e8148d,assertion:dae4f4fa6ae6beadc5facb64
参数,发动机转速,记载于,来源,variable_dictionary,provenance_index,仅在本声明来源及构型范围内使用,stated,01_datasets/Marine_Engine_Fault_Data_v1/Marine_Engine_Fault_Data/variable_dictionary.csv,,"Engine Speed,N,rpm,number,TRUE,TRUE,operating / load,",edge:7808b6dce5cef463f6afeb1f,assertion:fd80753cb07015f2e011142b
事故案例,误选可调螺距桨备用模式与泊位碰撞,涉及,状态,驾驶台丧失右舷螺距控制,case_index,仅在本声明来源及构型范围内使用,stated,02_reports/MAIB_2016_Safety_Digest_generator_oil_fire.pdf,20,master lost bridge control of that propeller,edge:781c641c8f1c7a379c1dc350,assertion:6867384f7e06a1a0b2b3ffd9
状态,润滑油系统污染,导致,故障,主轴承咬死,source_case_statement,本报告案例，不外推为所有船舶已证实根因,reported,02_reports/MAIB_2013_Safety_Digest_lubrication_bearing_cases.pdf,21,contamination caused main bearing seizure,edge:7848e73c65ceb07c3bcb716b,assertion:eb046974e8b6a6824063ad77
检查方法,核对连杆与轴承盖配对编号,检查,影响因素,连杆大端轴承盖配对错装,source_case_statement,本报告案例，不外推为所有船舶已证实根因,derived_action,02_reports/MAIB_2022_04_Wight_Sky_multiple_engine_failures.pdf,72,serial numbers on the connecting rods and caps were not routinely checked,edge:78623cad0ea56afb76ec05eb,assertion:e4e1df06eff9d6e3da5924f1
检查方法,测量转速传感器信号频率,检查,部件,转速传感器,source_check,12V20/27、双机双轴双桨定距推进的文中闭环调速构型；信号接口及间隙不可跨机型套用。,stated,01_datasets/marine_diesel_RAG_corpus_All_data/All_data/test/船机帮某型船主机遥控系统典型故障分析.md,,用万用表测量转速传感器转速信号频率，与车令对应转速设定值一致，通过示波表监测转速信号波形，发现部分波形有幅值偏低的现象。,edge:7866dc868c466ab801aa1d1c,assertion:1c0c8dfd3466fca00fb821fd
故障,柴油发电机灾难性失效,导致,状态,全船失电,source_case_statement,本报告案例，不外推为所有船舶已证实根因,reported,02_reports/MAIB_2026_10_Kommandor_Susan_generator_bearing_failure.pdf,1,The failure resulted in an engine room fire and a complete power blackout,edge:7869433ff94303f72ff3f63a,assertion:f8017f88a57fb460b9e69b76
故障,主轴承咬死,记载于,来源,MAN SL2013-569 bearing wear monitoring and bearing seizure,provenance_index,仅在本声明来源及构型范围内使用,stated,02_reports/MAN_SL2013_569_bearing_wear_monitoring.pdf,2,sudden ingress of foreign matter,edge:7879facb23fa9cb9052c718c,assertion:6f50ad326874e2d48b97073f
影响因素,缸套内径尺寸不符合图纸,记载于,来源,船机帮船用柴油机的拉缸故障,provenance_index,仅在本声明来源及构型范围内使用,stated,01_datasets/marine_diesel_RAG_corpus_All_data/All_data/test/船机帮船用柴油机的拉缸故障.md,,缸套注油口油槽有毛刺和高点，缸套扫气口有凸点或锐边，缸套内径尺寸到不到图纸要求，过大或过小。,edge:787a18511287bffd41c05078,assertion:af63f5837b994b2c9a19c86f
检查方法,检查喷油器异常泄漏,记载于,来源,船机帮高压共轨柴油机燃油喷射系统故障分析,provenance_index,仅在本声明来源及构型范围内使用,stated,01_datasets/marine_diesel_RAG_corpus_All_data/All_data/test/船机帮高压共轨柴油机燃油喷射系统故障分析.md,,一般通过检查高压油泵或油头来确认，并换新故障的高压油泵或油头,edge:788a87a43895f4f7d2d5431c,assertion:82106786bc1d989654c7e472
部件,ME2 5号主轴承,记载于,来源,Wight Sky multiple engine failures,provenance_index,仅在本声明来源及构型范围内使用,stated,02_reports/MAIB_2022_04_Wight_Sky_multiple_engine_failures.pdf,84,ME2 failed catastrophically due to a sudden loss of lubricating oil supply,edge:78bf20bb9055dc517064b234,assertion:1c2238c9fc9e9cde698fa358
状态,润滑油压力下降,是概念的实例,状态,润滑油压力下降,concept_alignment,仅在本声明来源及构型范围内使用,stated,02_reports/MAIB_2022_04_Wight_Sky_multiple_engine_failures.pdf,70,ECU detected a loss of lubricating oil pressure and initiated an engine shutdown,edge:78c5341a08a2adda0f0acaee,assertion:9a5092f278134831e6306bcb
运维措施,按本机规程平稳控制换油温度与黏度,适用于,设备,高压共轨燃油喷射装置,applicability_index,航浚6008/MAN L32/44CR与CR2.2；轨压数值、扭矩与拆装必须核对本机手册。,stated,01_datasets/marine_diesel_RAG_corpus_All_data/All_data/test/船机帮高压共轨柴油机燃油喷射系统故障分析.md,,保持换油过程温度、粘度平缓变化，防止变化过急造成各阀件卡阻或高压油泵卡死,edge:78eddec13b21a421e314a1ed,assertion:cb05c78cf469f555bea99269
状态,齿轮箱润滑不足,记载于,来源,船机帮船用齿轮箱故障分析与管理对策,provenance_index,仅在本声明来源及构型范围内使用,stated,01_datasets/marine_diesel_RAG_corpus_All_data/All_data/test/船机帮船用齿轮箱故障分析与管理对策.md,,应该经常检查润滑部位是否达到润滑效果，以及润滑剂有无杂质，是否失效，并重点监控滑油温度。,edge:78f65378f066aec7fd92a16c,assertion:ca97c4fb2a4c97c16d414718
检查方法,检查齿轮箱滑油过滤器磨屑,检查,故障,齿轮箱内部磨损,source_check,GW系列船用齿轮箱；通用机理与A/B船匿名案例须区分，尺寸不能跨机型套用。,stated,01_datasets/marine_diesel_RAG_corpus_All_data/All_data/test/船机帮船用齿轮箱故障分析与管理对策.md,,检查滑油过滤器的杂质，通过观察初步判断内部的磨损情况。定期进行滑油的色谱分析，进一步根据滑油的杂质来掌握磨损。,edge:78fbef7b4fe51f64c5d2fbda,assertion:a4b3cdbb3580fc23c59e68f1
运维措施,按手册调整转速传感器齿顶对中位置,记载于,来源,船机帮某型船主机遥控系统典型故障分析,provenance_index,仅在本声明来源及构型范围内使用,stated,01_datasets/marine_diesel_RAG_corpus_All_data/All_data/test/船机帮某型船主机遥控系统典型故障分析.md,,通过加垫片将转速传感器感应部向外适当移动,edge:78fd5887193dc3cb1654fb83,assertion:7cd3a9dd85c9a10d6a31ca77
检查方法,分析瞬时频率基波及谐波的调制特征,适用于,系统,传动与推进系统,functional_classification,2021论文三类船舶的实测电网信号，含轴带发电化学品船；不是所有振荡都超限。DP船风浪影响主要作用于基波与频率，不能一概说风浪显著放大所有谐波。,stated,03_papers/Frontiers_2021_marine_converter_oscillations.pdf,1,om- D,edge:790d4decafbb2ca66406bb75,assertion:6fa764723fe0f558116b5f89
运维措施,清洁后按厂家程序烘干定子绕组,记载于,来源,STAMFORD AGN040 winding insulation system,provenance_index,仅在本声明来源及构型范围内使用,stated,02_reports/STAMFORD_AGN040_winding_insulation.pdf,8,baked in an oven to completely dry out,edge:79147f4e57e4987b06dd1a8b,assertion:cf92b3c820e42e8b53bbd8f4
参数,1缸排气温度,记载于,来源,variable_dictionary,provenance_index,仅在本声明来源及构型范围内使用,stated,01_datasets/Marine_Engine_Fault_Data_v1/Marine_Engine_Fault_Data/variable_dictionary.csv,,"No.1 Exh.Gas Temp.,T1,°C,number,TRUE,TRUE,temperature,",edge:7930d046495aebf209b0c3eb,assertion:565752998ee478e89c98a66f
检查方法,以模拟信号检查测速板整形输出,记载于,来源,船机帮某型船主机遥控系统典型故障分析,provenance_index,仅在本声明来源及构型范围内使用,stated,01_datasets/marine_diesel_RAG_corpus_All_data/All_data/test/船机帮某型船主机遥控系统典型故障分析.md,,发现转速信号进入测速板后，首先通过比较器6N139进行整形，整形比较器输出不稳定，有偶发性无输出现象。,edge:79534be9deb6677d6a1b070b,assertion:35cee168eee28ed91953c291
运维措施,按机型与燃料选择气缸油并检查缸况,适用于,系统,燃油与进排气系统,functional_classification,MAN B&W两冲程柴油机缸套/活塞环；2016通函用于机理，润滑油选择须查2023通函及本机手册。不能把活塞咬死一概等同于已证实拉缸。,stated,02_reports/MAN_SL2023_737_cylinder_lubrication.pdf,1,maintaining an adequate oil film,edge:7968d959513f56b3c29304b6,assertion:c824c04e54c63dc4549e7668
事故案例,滑油滤芯漏装与主机抱轴,涉及,部件,曲轴主轴承,case_index,仅在本声明来源及构型范围内使用,stated,02_reports/MAIB_2013_Safety_Digest_lubrication_bearing_cases.pdf,21,fully loaded cargo ship,edge:799734c2eb9dea20088df65b,assertion:e0093beb8355d8fb83634813
状态,推进电机超速,是概念的实例,状态,推进电机超速,concept_alignment,仅在本声明来源及构型范围内使用,stated,02_reports/MAIB_2026_06_Spirit_of_Discovery_propulsion_loss.pdf,42,led to a very rapid increase in the motors’ rpm,edge:7999b106649eb6633c178747,assertion:b31de33a2af96cb1446f7822
状态,推进电机扭矩骤降,记载于,来源,Spirit of Discovery loss of propulsion in heavy weather,provenance_index,仅在本声明来源及构型范围内使用,stated,02_reports/MAIB_2026_06_Spirit_of_Discovery_propulsion_loss.pdf,42,This caused a sudden reduction in torque on the propulsion motor,edge:79b71b545cbcce78a9c88fc9,assertion:d75a16adbc546c3c179592da
影响因素,缸套材料不符合要求,增加风险,故障,缸套黏着拉伤,source_statement,船用柴油机摩擦副；二次维修文章，机型及根因须核实；不能以某一症状直接确诊拉缸。,possible,01_datasets/marine_diesel_RAG_corpus_All_data/All_data/test/船机帮船用柴油机的拉缸故障.md,,常见的原因有缸套本身的材质不过关，铸造后的金相组织到不到要求，铁素体含量超标，较高，石墨聚集现象；,edge:79c2107e53d916f77c7019cc,assertion:243540df90a268a01d21bcb9
运维措施,按本机规程定期清洁启动空气管路,记载于,来源,船机帮船舶发电机常见故障及对策,provenance_index,仅在本声明来源及构型范围内使用,stated,01_datasets/marine_diesel_RAG_corpus_All_data/All_data/test/船机帮船舶发电机常见故障及对策.md,,要定期清理船舶的管路,edge:79d21bf56d7933d80e402d75,assertion:5ecd6692f2028cc009c5a615
事故案例,海水冷却管疑似失效与沉没,涉及,状态,舱底高液位报警,case_index,仅在本声明来源及构型范围内使用,stated,02_reports/MAIB_2016_Safety_Digest_generator_oil_fire.pdf,59,bilge high level alarm was illuminated and sounding,edge:79e0c7e1b64c429957c65717,assertion:7e4267e353a009a07b70a5a9
运维措施,确认减振器故障后按厂家程序更换,应对,故障,扭振减振器失效,source_guidance_statement,MAN L16/24、L21/31、L27/38等通函列明机型；不得推广其维护周期到其它机型。,guidance,02_reports/MAN_SL2017_654_torsional_damper.pdf,1,complete torsional vibration damper must be replaced,edge:79e2558de81e23a02238b3f4,assertion:66f565862dd0a96d02effbf8
事故案例,主机重装后轴承失效与火灾,涉及,状态,油道残留碎屑,case_index,仅在本声明来源及构型范围内使用,stated,02_reports/MAIB_2018_14_Wight_Sky_engine_bearing_fire.pdf,14,Debris in the engine’s oil channels was most probably responsible for initiating the failure,edge:7a2b795088296f1f99da1199,assertion:dabe44edd0916184144c371f
故障,缸套低温腐蚀,适用于,设备,柴油机,applicability_index,柴油机水冷机理二次资料；文中80–90℃等数值不能当作所有机型阈值。,stated,01_datasets/marine_diesel_RAG_corpus_All_data/All_data/test/船机帮柴油机冷却水过高或过低的危害.md,,就会变成强列的腐蚀剂(如亚硫酸、硫酸)粘附在缸壁上，因此缸壁表面就会受到强烈的腐蚀,edge:7a44767f24dcea7aaff1e9fb,assertion:93b9df2867e0fe73498bbd3f
事故案例,可调螺距桨倒车响应迟缓与码头碰撞,涉及,运维措施,使用备用螺距控制,case_index,仅在本声明来源及构型范围内使用,stated,02_reports/MAIB_2016_Safety_Digest_generator_oil_fire.pdf,29,bypassed the feedback control system,edge:7a5bb43b76fc4f44568f2300,assertion:000aa242dfac32d3da2b7355
状态,活塞环弹力不足,记载于,来源,船机帮船用柴油机的拉缸故障,provenance_index,仅在本声明来源及构型范围内使用,stated,01_datasets/marine_diesel_RAG_corpus_All_data/All_data/test/船机帮船用柴油机的拉缸故障.md,,另外活塞环的变形，在活塞环内出现卡滞，活塞环尺寸不对，环槽间隙过小，受到热膨胀无间隙，也会出现拉缸，活塞环无弹力，也可造成拉缸。,edge:7a67bbb93605b47ec5ee2bea,assertion:8c9c7ad2a437da8d6ba1f408
故障,海水隔离阀未完全关闭,记载于,来源,MAIB Safety Digest 2016 generator oil fire case,provenance_index,仅在本声明来源及构型范围内使用,stated,02_reports/MAIB_2016_Safety_Digest_generator_oil_fire.pdf,41,giving an impression that the valve was fully closed when it was not,edge:7a704f94f6f48306fd356748,assertion:8e52af8ec7f460096b6d66b1
状态,异物经滑油进入主轴承,记载于,来源,MAN SL2013-569 bearing wear monitoring and bearing seizure,provenance_index,仅在本声明来源及构型范围内使用,stated,02_reports/MAN_SL2013_569_bearing_wear_monitoring.pdf,2,sudden ingress of foreign matter,edge:7a748522d738edc99274ab48,assertion:0b3ec7949be55945a2288063
状态,机舱火灾,是概念的实例,状态,机舱火灾,concept_alignment,仅在本声明来源及构型范围内使用,stated,02_reports/MAIB_2021_02_Finlandia_Seaways_connecting_rod_failure.pdf,9,catastrophic main engine failure that caused serious structural damage to the engine and a fire,edge:7a85d1220d1826446c90139c,assertion:a6557f514be3bae6c33b5a06
设备,海水压载与机舱排水装置,记载于,来源,MAIB Safety Digest 2016 generator oil fire case,provenance_index,仅在本声明来源及构型范围内使用,stated,02_reports/MAIB_2016_Safety_Digest_generator_oil_fire.pdf,40,general cargo vessel,edge:7a908a373ec327c529d300b3,assertion:9ebdb1f1e54b35a61b0bf7d0
运维措施,隔离滑油泄漏来源,记载于,来源,MAIB Safety Digest 2016 generator oil fire case,provenance_index,仅在本声明来源及构型范围内使用,stated,02_reports/MAIB_2016_Safety_Digest_generator_oil_fire.pdf,26,identify and isolate the source of the leak,edge:7a95bf73c43dbda1d480577d,assertion:26c160c902a4e11a6ba86521
事故案例,控制空气不足与离合器脱开,记载于,来源,MAIB Safety Digest 2013 lubrication and bearing cases,provenance_index,仅在本声明来源及构型范围内使用,stated,02_reports/MAIB_2013_Safety_Digest_lubrication_bearing_cases.pdf,14,ro-ro passenger ferry,edge:7ab8ffc23d066f62f11b5015,assertion:32fdcf9687ec261e8c5a1766
检查方法,检查缸套表面与活塞环状态,检查,故障,缸套黏着拉伤,source_guidance_statement,MAN B&W两冲程柴油机缸套/活塞环；2016通函用于机理，润滑油选择须查2023通函及本机手册。不能把活塞咬死一概等同于已证实拉缸。,derived_action,02_reports/MAN_SL2016_633_piston_rings_scuffing.pdf,3,Conditioning the liner surface,edge:7abc753e4a0bf72b02392385,assertion:5f0c08f7ccc44bf51f7c5ff6
状态,滑油压力降低,导致,状态,增压器润滑冷却不足,source_statement,柴油机水冷机理二次资料；文中80–90℃等数值不能当作所有机型阈值。,possible,01_datasets/marine_diesel_RAG_corpus_All_data/All_data/test/船机帮柴油机冷却水过高或过低的危害.md,,机油温度变高，黏度下降，压力变低，就不能充分满足增压器所需要的润滑和冷却条件，容易造成增压机内部结胶、积炭，使增压机早期磨损甚至损坏。,edge:7add292d2b19b84a4b398cee,assertion:a5575cfe26d22c9c242a4cba
状态,排气护罩存在高温表面,记载于,来源,MAIB Safety Digest 2016 generator oil fire case,provenance_index,仅在本声明来源及构型范围内使用,stated,02_reports/MAIB_2016_Safety_Digest_generator_oil_fire.pdf,28,radiate heat to the protective casing,edge:7ae96361ccc66831371edb81,assertion:f01659babc6908f56e6172d9
故障,谐波滤波电容退化,适用于,设备,艉部谐波滤波器,applicability_index,本报告案例，不外推为所有船舶已证实根因,stated,02_reports/MAIB_2011_28_Queen_Mary_2_harmonic_filter_failure.pdf,62,likely to have been caused by one or both,edge:7afb6469606a0aac9dc6a6d8,assertion:d45447c2a6b4ff5106e1f98a
影响因素,燃油接头喷溅保护缺失,是概念的实例,影响因素,燃油接头喷溅保护缺失,concept_alignment,仅在本声明来源及构型范围内使用,stated,02_reports/MAIB_2024_20_Stena_Europe_fuel_spray_fire.pdf,29,joint was not protected by anti-splashing tape or shielding,edge:7b1102ad6407a5a44b1c0e51,assertion:37aa43f3b704e9728a6894cb
故障,谐波滤波电容退化,记载于,来源,RMS Queen Mary 2 harmonic-filter capacitor failure and blackout,provenance_index,仅在本声明来源及构型范围内使用,stated,02_reports/MAIB_2011_28_Queen_Mary_2_harmonic_filter_failure.pdf,62,likely to have been caused by one or both,edge:7b2f21a5571342f166a28261,assertion:59ced105e8bf14afef0cf40f
状态,机舱火灾,记载于,来源,MAIB Safety Digest 2016 generator oil fire case,provenance_index,仅在本声明来源及构型范围内使用,stated,02_reports/MAIB_2016_Safety_Digest_generator_oil_fire.pdf,26,exhaust casing of the adjacent engine caught fire,edge:7b44b1d628b91eeeb94ec3a0,assertion:c31a9074a8f6dbdaf2755c23
检查方法,按容量要求测试遥控电源带载能力,适用于,设备,主机遥控控制装置,applicability_index,12V20/27、双机双轴双桨定距推进的文中闭环调速构型；信号接口及间隙不可跨机型套用。,stated,01_datasets/marine_diesel_RAG_corpus_All_data/All_data/test/船机帮某型船主机遥控系统典型故障分析.md,,用福禄克F124型示波器检测各电源模块输出端绝缘正常，输出稳定；测量空载电压，纹波在0.1 V以内；按照各电源模块设计负荷的60%通过电子负载进行带载试验,edge:7b5d2b76eac6905c5750558f,assertion:d2c0406509ad31ce6b1bcb10
检查方法,交验转速传感器功能,适用于,设备,主机遥控控制装置,applicability_index,12V20/27、双机双轴双桨定距推进的文中闭环调速构型；信号接口及间隙不可跨机型套用。,stated,01_datasets/marine_diesel_RAG_corpus_All_data/All_data/test/船机帮某型船主机遥控系统典型故障分析.md,,转速传感器外观检查无损伤，测量信号线绝缘正常，实验室交验功能正常,edge:7b690c27191081820cf5e151,assertion:7a4cadf4a4abdd7e5f5e00cc
检查方法,定期监测谐波畸变和运行参数,记载于,来源,RMS Queen Mary 2 harmonic-filter capacitor failure and blackout,provenance_index,仅在本声明来源及构型范围内使用,stated,02_reports/MAIB_2011_28_Queen_Mary_2_harmonic_filter_failure.pdf,69,Regular monitoring of power quality,edge:7b7b971308c5c2a509f6746e,assertion:8395799319a8e5aa8d8d33cd
参数,遥控直流电源纹波,记载于,来源,船机帮某型船主机遥控系统典型故障分析,provenance_index,仅在本声明来源及构型范围内使用,stated,01_datasets/marine_diesel_RAG_corpus_All_data/All_data/test/船机帮某型船主机遥控系统典型故障分析.md,,直流电源纹波大,edge:7ba799eadb8d416cc1cdbaf3,assertion:18e04c4f2671d8bead6d5329
运维措施,频繁启停滑动轴承机组按认可设计配置静压顶升润滑,适用于,设备,交流发电机,applicability_index,STAMFORD/AvK发电机：滚动轴承与滑动轴承、单/双轴承构型分别适用，不能跨型号套用。,stated,02_reports/STAMFORD_AGN076_alternator_bearings.pdf,6,hydrostatic jacking equipment is highly recommended,edge:7bab1c638388ca9068eb933e,assertion:4923c62c4e2b567b71a4b676
设备,柴油发电机,记载于,来源,STAMFORD AGN076 alternator bearings,provenance_index,仅在本声明来源及构型范围内使用,stated,02_reports/STAMFORD_AGN076_alternator_bearings.pdf,8,the assembly into a perfect and unstressed plane of alignment,edge:7bad437b76671caaf9b20b55,assertion:c31f543a329fd511ee269f53
运维措施,按本机规程干燥绝缘受潮的发电机绕组,适用于,设备,柴油发电机,applicability_index,Caterpillar3512冬季维护经验，原始应用场景不一定为船舶；仅提取可迁移维护主题，必须核对船用构型，排除未获批准的自主回油改造及统一数值。,stated,01_datasets/marine_diesel_RAG_corpus_All_data/All_data/test/船机帮冬季卡特柴油发电机组的安全运行.md,,若绝缘电阻低于上述数值，必须进行干燥处理。,edge:7bb4e71c2c4a4d3d9c1e0437,assertion:1b7c23f0655dde4dbb236148
运维措施,机舱及时通报推进控制异常,适用于,设备,可调螺距桨推进控制装置,applicability_index,本报告案例，不外推为所有船舶已证实根因,stated,02_reports/MAIB_2016_Safety_Digest_generator_oil_fire.pdf,21,keep the bridge team informed of the status,edge:7bb6440b7f06b8bf529ea355,assertion:080ba113180c8165e22a961c
运维措施,按原厂认可方式保护电气接头免受盐雾腐蚀,作用于,部件,电气接头,source_recommendation,综合维护二次文章，原厂和标准出处未独立证实；不采纳文中统一周期、报警值、压力值、浮动轴承加脂和未经验证改造方案。以下仅用于检索维护主题，由适用机型规程决定具体操作。,stated,01_datasets/marine_diesel_RAG_corpus_All_data/All_data/test/船机帮船舶动力设备日常维护要点与常见故障排除.md,,对电气接头涂抹 CX-80 防盐雾复合脂,edge:7bbad65fe0adec6584cf9ec2,assertion:188b82ae655a814507eff61d
事故案例,燃油法兰松动与主机火灾,涉及,影响因素,反复燃油漏泄未完整报告,case_index,仅在本声明来源及构型范围内使用,stated,02_reports/MAIB_2024_20_Stena_Europe_fuel_spray_fire.pdf,31,review process to manage service bulletins,edge:7bc972f7d16b7eb4b3ab9ca9,assertion:23599820b1396f31796dda31
运维措施,按构型复核联轴器补偿与减振能力,适用于,系统,传动与推进系统,functional_classification,通过齿轮箱及联轴器驱动的轴带发电机；不能推广到所有同轴无附加轴承的构型。,stated,02_reports/STAMFORD_AGN039_marine_shaft_generators.pdf,2,absorb misalignment,edge:7bcfbc016582cab1ea3130f7,assertion:ec03444b280eece6071bcbf5
检查方法,按机型规程隔离并检漏空压机冷却器,记载于,来源,船机帮一起副机冷却水失压停车故障的处理和原因分析,provenance_index,仅在本声明来源及构型范围内使用,stated,01_datasets/marine_diesel_RAG_corpus_All_data/All_data/test/船机帮一起副机冷却水失压停车故障的处理和原因分析.md,,"隔离 No.3 主空压机, 检查其高、低压冷却器并泵压试验",edge:7bd31699e4cd4233794e27e2,assertion:294cf4561e65d5d6c34eee42
检查方法,核查海水冷却器防腐电流设定,检查,部件,阴极保护装置,source_check,海水冷却的推进柴油机滑油系统；匿名二次报道。文中压力试验参数和标准引用未独立核实，不作为通用操作依据。,stated,01_datasets/marine_diesel_RAG_corpus_All_data/All_data/test/船机帮船舶动力系统滑油水污染故障实例分析.md,,定期检查防污防腐电流设定是否在保护范围内,edge:7bdfcbd5c101677ac64eb4b8,assertion:5ffd5483692217b743883973
故障,增压器轴承变形,属于概念类别,故障,增压器轴承损伤,curator_concept_taxonomy,依据该文故障枚举整理的概念包含关系，非事故根因关系,stated,01_datasets/marine_diesel_RAG_corpus_All_data/All_data/test/船机帮船舶柴油机废气涡轮增压器振动的主要原因有哪些.md,,轴承长时间使用后产生磨损、变形、裂纹和烧伤时,edge:7c5212ac1e384e9a75d17507,assertion:19f922f530d5aeb3e5583ac2
故障,压气机空气滤清器堵塞,适用于,设备,试验柴油机,native_dataset_label,Marine Engine Fault Dataset原始标签；不推导未在数据中证明的机理,dataset_label,01_datasets/Marine_Engine_Fault_Data_v1/Marine_Engine_Fault_Data/dataset_index.csv,,"AF_Clogging/AF_Clogging_40_Load.csv,scenario,Air-filter clogging (compressor),40%,single load condition,3,4820,73,""binary (0=pre-anomaly, 1=anomaly)"",Pre-anomaly and anomaly segments.",edge:7c88607aae09d9d4821c8ea6,assertion:e055245a30fc0a4a88c1afe1
运维措施,使用原厂零件重建并大修发电机组,应对,影响因素,装入非原厂轴承,source_case_statement,本报告案例，不外推为所有船舶已证实根因,reported_action,02_reports/MAIB_2026_10_Kommandor_Susan_generator_bearing_failure.pdf,9,"Completed major overhauls of DG2, DG3 and DG4 using genuine Caterpillar parts",edge:7c9a90d509224b672e86a8a8,assertion:00518fe19b73725e6abf444c
状态,发动机超速或缸内液击,记载于,来源,MAN SL2017-654 crankshaft torsional vibration damper,provenance_index,仅在本声明来源及构型范围内使用,stated,02_reports/MAN_SL2017_654_torsional_damper.pdf,1,over-speed,edge:7caccb2ad96c0f2183395a90,assertion:762e69d3960ac92d6c4c526c
部件,主机A5连杆小端,是概念的实例,部件,主机A5连杆小端,concept_alignment,仅在本声明来源及构型范围内使用,stated,02_reports/MAIB_2021_02_Finlandia_Seaways_connecting_rod_failure.pdf,9,fracture of the connecting rod small end,edge:7cce88f9e204a327117d37ca,assertion:251cbb816b788a3f213d7f8a
状态,缸套油膜难以维持,记载于,来源,MAN SL2016-633 hard-coated piston rings and liner scuffing,provenance_index,仅在本声明来源及构型范围内使用,stated,02_reports/MAN_SL2016_633_piston_rings_scuffing.pdf,2,making it difficult to keep a proper oil film,edge:7d2725150824f3e75c6e5ba2,assertion:555f583d0048ada9fecebf0e
运维措施,按储气瓶操作规程排放底部冷凝水,作用于,设备,启动空气瓶,source_recommendation,综合维护二次文章，原厂和标准出处未独立证实；不采纳文中统一周期、报警值、压力值、浮动轴承加脂和未经验证改造方案。以下仅用于检索维护主题，由适用机型规程决定具体操作。,stated,01_datasets/marine_diesel_RAG_corpus_All_data/All_data/test/船机帮船舶动力设备日常维护要点与常见故障排除.md,,每日排放空气瓶底部冷凝水,edge:7d4ef1d91c4357fea647ec74,assertion:2eb4fe931b7706ae243ff702
状态,滑油消耗大幅增加,提示,故障,缸套黏着拉伤,source_statement,船用柴油机摩擦副；二次维修文章，机型及根因须核实；不能以某一症状直接确诊拉缸。,possible,01_datasets/marine_diesel_RAG_corpus_All_data/All_data/test/船机帮船用柴油机的拉缸故障.md,,四冲程机器还伴随着滑油大幅度损耗，有时会出现曲轴箱冒烟。,edge:7d90ede3bc7cbe4e529f417f,assertion:f1d09cec13e2212a3d4a5766
状态,齿轮突然过载,增加风险,故障,齿轮突然断裂,source_statement,GW系列船用齿轮箱；通用机理与A/B船匿名案例须区分，尺寸不能跨机型套用。,possible,01_datasets/marine_diesel_RAG_corpus_All_data/All_data/test/船机帮船用齿轮箱故障分析与管理对策.md,,若齿轮突然过载就可能会超负荷造成突然断裂；若非突然断裂，齿轮重复受过载力，造成应力集中，也会导致疲劳裂纹，进而导致疲劳断裂。,edge:7dc1678b427a4d499ec5e0b8,assertion:f14e60e20ce89d24a97d9486
状态,油雾探测器反复报警,记载于,来源,MAN SL2013-569 bearing wear monitoring and bearing seizure,provenance_index,仅在本声明来源及构型范围内使用,stated,02_reports/MAN_SL2013_569_bearing_wear_monitoring.pdf,2,OMD system,edge:7dc91e183914209ca347aae0,assertion:018436e81f7ce930af501697
检查方法,计划维护检查海水进口管路,适用于,设备,主机海水冷却与舱底排水装置,applicability_index,本报告案例，不外推为所有船舶已证实根因,stated,02_reports/MAIB_2016_Safety_Digest_generator_oil_fire.pdf,60,Sea inlet pipework should be thoroughly checked,edge:7ddab17106f0242c2e21a02d,assertion:71486c93041e510eb5d8b805
状态,甲板浪涌,增加风险,状态,循环油舱透气管进水,source_statement,海水冷却的推进柴油机滑油系统；匿名二次报道。文中压力试验参数和标准引用未独立核实，不作为通用操作依据。,possible,01_datasets/marine_diesel_RAG_corpus_All_data/All_data/test/船机帮船舶动力系统滑油水污染故障实例分析.md,,甲板浪涌通过透气管逆向流入循环油舱。,edge:7debc420d10e327cd7441651,assertion:12285726e44eb227ab881f35
影响因素,关键断路器置于手动位,是概念的实例,影响因素,关键断路器置于手动位,concept_alignment,仅在本声明来源及构型范围内使用,stated,02_reports/MAIB_2018_14_Wight_Sky_engine_bearing_fire.pdf,14,essential services switchboard aft circuit breaker had been left in manual mode,edge:7df0aa0c0b83da1c7095f3c7,assertion:d4531599d851ecffa8fd2c93
参数,3缸最低缸压,表征,设备,试验柴油机,native_variable_dictionary,仅在本声明来源及构型范围内使用,stated,01_datasets/Marine_Engine_Fault_Data_v1/Marine_Engine_Fault_Data/variable_dictionary.csv,,"Min. In-Cylinder Press. No.3,Pmin,MPa,number,TRUE,TRUE,pressure / derived pressure,shorthand label is reused across cylinder-resolved and/or aggregate variables; use the full variable-name row during preprocessing",edge:7e07df25c9ab90d1317c568d,assertion:0ea372a051767088b0ff5c54
检查方法,按OEM要求检查执行器联轴器紧固完整性,记载于,来源,MAIB Hebrides CPP actuator coupling failure,provenance_index,仅在本声明来源及构型范围内使用,stated,02_reports/MAIB_2017_20_Hebrides_CPP_coupling.pdf,36,inspection and integrity of the jaw coupling,edge:7e10cf93d0d19885d33a6754,assertion:4142ba08dc208d1cb7a6a4f2
检查方法,检查滑油滤清器与油道沉积,检查,故障,滑油滤清器与油道堵塞,secondary_source_statement,二次转载文章，船舶/原始报告身份未核实；不计入正式事故案例,secondary_stated,01_datasets/marine_diesel_RAG_corpus_All_data/All_data/train/油品课堂第六讲某船使用假冒润滑油导致主机烧瓦事故案例.md,,拆检发现机油滤清器淤塞严重，油底壳及油道拐弯等处沉积有大量油泥,edge:7e16fd9ab52ba5c23a1afbc2,assertion:20d3f708bd08296095898c95
事故案例,DG1发电机故障与失电,涉及,故障,柴油发电机灾难性失效,case_index,仅在本声明来源及构型范围内使用,stated,02_reports/MAIB_2026_10_Kommandor_Susan_generator_bearing_failure.pdf,5,most likely root cause is failure of connecting rod bearing number five,edge:7e1bbd6918bba7440731c119,assertion:b2d6180fb84e7b6deca59aa4
状态,失去推进,记载于,来源,MAIB Safety Digest 2013 lubrication and bearing cases,provenance_index,仅在本声明来源及构型范围内使用,stated,02_reports/MAIB_2013_Safety_Digest_lubrication_bearing_cases.pdf,21,With propulsion lost,edge:7e2e066515e9db99a4cb6d93,assertion:7a0917175ffb997ed204c2eb
部件,左舷主机6号连杆大端轴瓦,记载于,来源,Windcat 8 connecting rod big-end bearing failure,provenance_index,仅在本声明来源及构型范围内使用,stated,02_reports/MAIB_2018_01_Windcat8_bearing_failure_fire.pdf,1,failure of a piston connecting rod big end shell bearing,edge:7e2ec6bb443cb8bee746910a,assertion:c7ff9b81f6e7bda3da0e9f74
故障,发电机滚动轴承磨损失效,适用于,系统,润滑与轴承系统,functional_classification,有滚动轴承的发电机或轴带发电机构型；滚动轴承与主机滑动轴瓦的失效机理不得混用。,stated,02_reports/STAMFORD_AGN076_alternator_bearings.pdf,4,lack of grease or misalignment damage,edge:7e80e2385a02c40742a9c755,assertion:e4b14d1b40430f6f5c101b8f
运维措施,按本机安全规程排除燃油管路空气,适用于,设备,船舶动力装置,applicability_index,综合维护二次文章，原厂和标准出处未独立证实；不采纳文中统一周期、报警值、压力值、浮动轴承加脂和未经验证改造方案。以下仅用于检索维护主题，由适用机型规程决定具体操作。,stated,01_datasets/marine_diesel_RAG_corpus_All_data/All_data/test/船机帮船舶动力设备日常维护要点与常见故障排除.md,,更换燃油系统滤器并进行手动排气，通过试验台校准雾化锥角,edge:7e945b3aae1b8570a29283fc,assertion:dec16f0973de4efb6261d0b9
故障,CPP系统超压,适用于,设备,右舷可调螺距桨液压装置,applicability_index,本报告案例，不外推为所有船舶已证实根因,stated,02_reports/MAIB_2015_22_Pride_of_Canterbury_CPP_hydraulic_fire.pdf,29,back pressure valve (PSV3) becoming jammed in the closed position,edge:7ebea3b89d50cae60723d7d0,assertion:292eceb5a78c0e3de71dce87
设备,控制空气供给与主机离合装置,是概念的实例,设备,控制空气供给与主机离合装置,concept_alignment,仅在本声明来源及构型范围内使用,stated,02_reports/MAIB_2013_Safety_Digest_lubrication_bearing_cases.pdf,14,ro-ro passenger ferry,edge:7ec6b4c3160fec422f567546,assertion:cd942c3f5f321f1448564c58
事故案例,滑油滤芯漏装与主机抱轴,涉及,状态,主机无法继续运行,case_index,仅在本声明来源及构型范围内使用,stated,02_reports/MAIB_2013_Safety_Digest_lubrication_bearing_cases.pdf,21,prevented the engine from further operation,edge:7edea5caf38271361f8cad30,assertion:46dbb0f7e0025b84d1a7d61a
部件,发动机散热器,记载于,来源,船机帮冬季卡特柴油发电机组的安全运行,provenance_index,仅在本声明来源及构型范围内使用,stated,01_datasets/marine_diesel_RAG_corpus_All_data/All_data/test/船机帮冬季卡特柴油发电机组的安全运行.md,,及时清理发动机散热器,edge:7ee238de50dce8be77e5df74,assertion:8888d16ed417cf3f17d19177
检查方法,核查转速传感器信号与控制器接收,检查,状态,调速器控制器无转速信号,source_check,调速器维修经验；不同调速器针阀与补偿调节不可照抄，飞车必须执行本船应急规程。,stated,01_datasets/marine_diesel_RAG_corpus_All_data/All_data/test/船机帮船用柴油机调速器的维护与保养十飞车故障.md,,传感器无信号或失灵，控制器接收不到。,edge:7f014b5f53c06beaf1b81eeb,assertion:97e4a6a5b5a1fdf74e4f71ff
故障,增压空气冷却器污损,适用于,设备,试验柴油机,native_dataset_label,Marine Engine Fault Dataset原始标签；不推导未在数据中证明的机理,dataset_label,01_datasets/Marine_Engine_Fault_Data_v1/Marine_Engine_Fault_Data/dataset_index.csv,,"AC_Fouling/AC_Fouling_40_Load.csv,scenario,Air-cooler fouling,40%,single load condition,3,4678,73,""binary (0=pre-anomaly, 1=anomaly)"",Pre-anomaly and anomaly segments.",edge:7f05803517a804d198057b7c,assertion:6a13ee1a70d49194a755adf7
故障,主机灾难性失效,记载于,来源,Finlandia Seaways engine failure and fire,provenance_index,仅在本声明来源及构型范围内使用,stated,02_reports/MAIB_2021_02_Finlandia_Seaways_connecting_rod_failure.pdf,9,fracture of the connecting rod small end had led to the sudden failure of the main engine,edge:7f0a22ff0f0fafdbcca9f93b,assertion:8ce564b0ddaabbbd8fcbd52b
故障,排气阀阀杆卡紧,属于概念类别,故障,排气阀故障,curator_concept_taxonomy,依据该文故障枚举整理的概念包含关系，非事故根因关系,stated,01_datasets/marine_diesel_RAG_corpus_All_data/All_data/test/船机帮船用共轨柴油机排气阀常见故障与排除.md,,共轨柴油机排气阀常见故障有,edge:7f23635dc33ce40b72e60c5f,assertion:75690b34cb24ba9a4b48b661
故障,压力滑油喷漏,记载于,来源,MAIB Safety Digest 2016 generator oil fire case,provenance_index,仅在本声明来源及构型范围内使用,stated,02_reports/MAIB_2016_Safety_Digest_generator_oil_fire.pdf,26,oil from this generator was spraying,edge:7f7766c0475a8aafc3e42345,assertion:e680e0db500c1daf51fd2545
检查方法,拆法兰前核对隔离阀实际位置,记载于,来源,MAIB Safety Digest 2016 generator oil fire case,provenance_index,仅在本声明来源及构型范围内使用,stated,02_reports/MAIB_2016_Safety_Digest_generator_oil_fire.pdf,41,not checked to confirm that the valve was closed,edge:7f937b98a2dd6e987466eac8,assertion:15e11f5ab9ab166f76179c51
状态,扫气空气温度升高,记载于,来源,MAN efficiency improvements main engine auxiliary systems,provenance_index,仅在本声明来源及构型范围内使用,stated,02_reports/MAN_main_engine_auxiliary_efficiency.pdf,11,Increased scavenge air temperature,edge:7f9f5347b07c9c4fb3958b51,assertion:0dab060cc1b0b318715aa13f
状态,燃油进入曲轴箱,导致,状态,油底壳滑油被燃油稀释,source_statement,柴油机水冷机理二次资料；文中80–90℃等数值不能当作所有机型阈值。,stated,01_datasets/marine_diesel_RAG_corpus_All_data/All_data/test/船机帮柴油机冷却水过高或过低的危害.md,,冲淡油底壳内的润滑油,edge:7fb85e10d75bb3bf1c74a2e5,assertion:9a76b92e18ae36ea48cee111
运维措施,检查其余机组非原厂轴承并计划更换,适用于,设备,DG1柴油发电机,applicability_index,本报告案例，不外推为所有船舶已证实根因,stated,02_reports/MAIB_2026_10_Kommandor_Susan_generator_bearing_failure.pdf,6,Check the use of non-Caterpillar bearings in the other engines,edge:7fc63ee747c9160044f4eae6,assertion:978e3762b2a58c962e630d3c
运维措施,按海用构型设计加装防滴百叶,适用于,设备,交流发电机,applicability_index,STAMFORD/AvK对应交流发电机型号；AGN040应与本机Owner Manual联合使用；干燥与绝缘处置仅由合格人员实施。,stated,02_reports/STAMFORD_AGN040_winding_insulation.pdf,5,The addition of drip proof louvres is recommended,edge:7fcc05ebfd4a84b3bbfa8010,assertion:6cefe5fc3c34dcfd0e1acbac
状态,增压器噪声增大,记载于,来源,船机帮船舶柴油机废气涡轮增压器振动的主要原因有哪些,provenance_index,仅在本声明来源及构型范围内使用,stated,01_datasets/marine_diesel_RAG_corpus_All_data/All_data/test/船机帮船舶柴油机废气涡轮增压器振动的主要原因有哪些.md,,轴承长时间使用后产生磨损、变形、裂纹和烧伤时，使摩擦力矩增大，转速下降，振动和噪声大增。,edge:7fd61b15587faf1e89ee2243,assertion:8f6ddfd31ce93afd3e4bc073
部件,便携电动排水泵,记载于,来源,MAIB Safety Digest 2016 generator oil fire case,provenance_index,仅在本声明来源及构型范围内使用,stated,02_reports/MAIB_2016_Safety_Digest_generator_oil_fire.pdf,40,general cargo vessel,edge:7fd9cd19ca43c1ff73045b49,assertion:f053c76f3acd9175b51da439
事故案例,ME4连杆轴承盖错装失效,记载于,来源,Wight Sky multiple engine failures,provenance_index,仅在本声明来源及构型范围内使用,stated,02_reports/MAIB_2022_04_Wight_Sky_multiple_engine_failures.pdf,84,ME4 failed catastrophically because of an assembly error,edge:800b4fdb5f6614f3a20e696b,assertion:bd1970f2ff8956ac70cbd889
故障,CPP背压阀磨损卡滞,是概念的实例,故障,CPP背压阀磨损卡滞,concept_alignment,仅在本声明来源及构型范围内使用,stated,02_reports/MAIB_2015_22_Pride_of_Canterbury_CPP_hydraulic_fire.pdf,29,back pressure valve (PSV3) becoming jammed in the closed position,edge:800ddb1df76c5875bd440d77,assertion:5a38aeb0e69291e335182bec
设备,冷却回路,记载于,来源,船机帮船舶动力设备日常维护要点与常见故障排除,provenance_index,仅在本声明来源及构型范围内使用,stated,01_datasets/marine_diesel_RAG_corpus_All_data/All_data/test/船机帮船舶动力设备日常维护要点与常见故障排除.md,,使用专用清洗剂除垢,edge:803a05482341bddda8dd3703,assertion:62e853926bf3f6359ce062ba
状态,船艏撞击码头,导致,状态,球鼻艏破损,source_case_statement,本报告案例，不外推为所有船舶已证实根因,reported,02_reports/MAIB_2016_Safety_Digest_generator_oil_fire.pdf,29,bulbous bow was holed,edge:80405a4cbce2fae97ce8c6d4,assertion:cfa6e466ee2a6d6f44286664
故障,主机灾难性失效,记载于,来源,Wight Sky catastrophic main engine bearing failure,provenance_index,仅在本声明来源及构型范围内使用,stated,02_reports/MAIB_2018_14_Wight_Sky_engine_bearing_fire.pdf,14,resulting in destructive failure,edge:8040ea567a7350473f05b58a,assertion:077fa652f3ec211fa66c0f68
故障,盘车轴与齿轮损坏,导致,状态,船舶停航一个月,source_case_statement,本报告案例，不外推为所有船舶已证实根因,reported,02_reports/MAIB_2013_Safety_Digest_lubrication_bearing_cases.pdf,16,disabled the ship for a month,edge:80683f64bff50075e20672f7,assertion:03fdea4b4d0b2f55c9d76748
影响因素,调光与推进安全按钮相邻相似,记载于,来源,MAIB Safety Digest 2016 generator oil fire case,provenance_index,仅在本声明来源及构型范围内使用,stated,02_reports/MAIB_2016_Safety_Digest_generator_oil_fire.pdf,21,close proximity of the safety-critical propulsion control buttons,edge:807c9b0eef5adbe19b77dc43,assertion:c9a8947def2caa46e18cb818
事故案例,可调螺距桨倒车响应迟缓与码头碰撞,涉及,故障,CPP倒车响应迟缓,case_index,仅在本声明来源及构型范围内使用,stated,02_reports/MAIB_2016_Safety_Digest_generator_oil_fire.pdf,29,parameters for astern pitch control had been incorrectly set,edge:807fc7d6a1a0a62cb67d10d9,assertion:1678972fb7907de3bfa31c49
检查方法,按机型规程隔离并检漏空压机冷却器,检查,故障,空压机高压冷却器渗漏,secondary_source_statement,文中共享中央淡水冷却回路；须核对本船空压机冷却器与副机回路连接,secondary_stated,01_datasets/marine_diesel_RAG_corpus_All_data/All_data/test/船机帮一起副机冷却水失压停车故障的处理和原因分析.md,,"隔离 No.3 主空压机, 检查其高、低压冷却器并泵压试验",edge:8082ba2338352d822cfcce74,assertion:83d7c19fe24e15478db19df8
状态,含硫燃烧产物与缸壁凝水形成酸,记载于,来源,船机帮柴油机冷却水过高或过低的危害,provenance_index,仅在本声明来源及构型范围内使用,stated,01_datasets/marine_diesel_RAG_corpus_All_data/All_data/test/船机帮柴油机冷却水过高或过低的危害.md,,就会变成强列的腐蚀剂(如亚硫酸、硫酸)粘附在缸壁上，因此缸壁表面就会受到强烈的腐蚀,edge:80858b4506fdd02620386406,assertion:f9e4f54c7b713461dd415fe2
检查方法,检查增压器自带油泵轴线,适用于,设备,废气涡轮增压器,applicability_index,船用废气涡轮增压器；拆装细节为VTR400示例，必须服从适用机型手册。,stated,01_datasets/marine_diesel_RAG_corpus_All_data/All_data/test/船机帮船舶柴油机废气涡轮增压器振动的主要原因有哪些.md,,对自带油泵轴线进行检查,edge:8099c2d0cea265ea2c9ef264,assertion:8102de8c6190fbc64c1bb7b9
设备,废气涡轮增压器,记载于,来源,船机帮船舶柴油机废气涡轮增压器振动的主要原因有哪些,provenance_index,仅在本声明来源及构型范围内使用,stated,01_datasets/marine_diesel_RAG_corpus_All_data/All_data/test/船机帮船舶柴油机废气涡轮增压器振动的主要原因有哪些.md,,增压系统流道阻塞是增压器喘振的常见原因。,edge:80c35ada06350f6260439590,assertion:5d0cdbb6096dadd01945ce6d
状态,滤器压差持续偏低,记载于,来源,MAIB Safety Digest 2013 lubrication and bearing cases,provenance_index,仅在本声明来源及构型范围内使用,stated,02_reports/MAIB_2013_Safety_Digest_lubrication_bearing_cases.pdf,23,consistently low reading on the filter differential oil pressure gauge,edge:80dd4c3db77819057b6cec51,assertion:b4c334080bee930278cf9e77
状态,不溶灰分沉积,记载于,来源,船机帮船用柴油机的拉缸故障,provenance_index,仅在本声明来源及构型范围内使用,stated,01_datasets/marine_diesel_RAG_corpus_All_data/All_data/test/船机帮船用柴油机的拉缸故障.md,,灰分过高会导致燃烧室，活塞头，顶环沉积过多，一些不溶灰分也会造成磨损。,edge:80dd9cc97f444de0fc6ced20,assertion:9c76907d7cdf4ebe2e25b48e
故障,柴油机飞车,记载于,来源,船机帮船用柴油机调速器的维护与保养十飞车故障,provenance_index,仅在本声明来源及构型范围内使用,stated,01_datasets/marine_diesel_RAG_corpus_All_data/All_data/test/船机帮船用柴油机调速器的维护与保养十飞车故障.md,,拆卸、重装了调速器，最好再上一次试验台进行复试，保证调速器的性能及可靠性，防止柴油机出现飞车现象。,edge:80e9b4cb0039008aa0a17218,assertion:1d42fb1efcaa378264d444bf
运维措施,按厂家方法清洗海水滤网,记载于,来源,船机帮船舶动力设备日常维护要点与常见故障排除,provenance_index,仅在本声明来源及构型范围内使用,stated,01_datasets/marine_diesel_RAG_corpus_All_data/All_data/test/船机帮船舶动力设备日常维护要点与常见故障排除.md,,清洗或更换堵塞率超 40% 的海水滤网,edge:80fc0bc71cec86888d2a0e67,assertion:5a20e41cbc1ec1db15794a8e
故障,齿轮突然断裂,记载于,来源,船机帮船用齿轮箱故障分析与管理对策,provenance_index,仅在本声明来源及构型范围内使用,stated,01_datasets/marine_diesel_RAG_corpus_All_data/All_data/test/船机帮船用齿轮箱故障分析与管理对策.md,,若齿轮突然过载就可能会超负荷造成突然断裂；若非突然断裂，齿轮重复受过载力，造成应力集中，也会导致疲劳裂纹，进而导致疲劳断裂。,edge:810d63f78d1ec674f87c89ea,assertion:dbce0492cbc4258267b54614
设备,缸套水预热装置,记载于,来源,船机帮船舶动力设备日常维护要点与常见故障排除,provenance_index,仅在本声明来源及构型范围内使用,stated,01_datasets/marine_diesel_RAG_corpus_All_data/All_data/test/船机帮船舶动力设备日常维护要点与常见故障排除.md,,启用缸套水预热系统,edge:812a78ca6686989b19be0626,assertion:32f13fc68c5c4dadf98c5c4a
运维措施,按机型工艺更换磨损离合器活塞,应对,故障,离合器活塞磨损,source_recommendation,GW系列船用齿轮箱；通用机理与A/B船匿名案例须区分，尺寸不能跨机型套用。,stated,01_datasets/marine_diesel_RAG_corpus_All_data/All_data/test/船机帮船用齿轮箱故障分析与管理对策.md,,针对故障原因更换了活塞，调整了内凹圈与从动齿轮的端向间隙。,edge:8159a87afd81fd00f0a661ac,assertion:c4e8094e9a39b43c66a5a009
设备,主机润滑装置,包含部件,部件,活塞与缸套,asset_index,仅在本声明来源及构型范围内使用,stated,02_reports/MAIB_2013_Safety_Digest_lubrication_bearing_cases.pdf,21,fully loaded cargo ship,edge:8163c3f2d2fd5d7b16101466,assertion:b5e276b0d6b43712502603f3
故障,电流不平衡保护失效,记载于,来源,RMS Queen Mary 2 harmonic-filter capacitor failure and blackout,provenance_index,仅在本声明来源及构型范围内使用,stated,02_reports/MAIB_2011_28_Queen_Mary_2_harmonic_filter_failure.pdf,69,all the sub-components in the system are functional,edge:81640d073bb882844d57f020,assertion:29aae994ef5b4e1b74cc6afb
故障,主机灾难性失效,导致,状态,机舱火灾,source_case_statement,本报告案例，不外推为所有船舶已证实根因,reported,02_reports/MAIB_2018_14_Wight_Sky_engine_bearing_fire.pdf,1,"catastrophic failure of one of its main propulsion engines, followed by a fire",edge:81809df2285aa107d2b6dcec,assertion:1e86e0723bc7748b967909da
状态,增压器转速下降,记载于,来源,船机帮船舶柴油机废气涡轮增压器振动的主要原因有哪些,provenance_index,仅在本声明来源及构型范围内使用,stated,01_datasets/marine_diesel_RAG_corpus_All_data/All_data/test/船机帮船舶柴油机废气涡轮增压器振动的主要原因有哪些.md,,轴承长时间使用后产生磨损、变形、裂纹和烧伤时，使摩擦力矩增大，转速下降，振动和噪声大增。,edge:818b35c244c11bc1518fbf46,assertion:61fa6352c04427a1ec70b607
运维措施,按本机规程校准冷却恒温阀,作用于,部件,冷却恒温阀,source_recommendation,综合维护二次文章，原厂和标准出处未独立证实；不采纳文中统一周期、报警值、压力值、浮动轴承加脂和未经验证改造方案。以下仅用于检索维护主题，由适用机型规程决定具体操作。,stated,01_datasets/marine_diesel_RAG_corpus_All_data/All_data/test/船机帮船舶动力设备日常维护要点与常见故障排除.md,,系统调试需校准恒温阀，验证热交换器温差并调整皮带挠度,edge:819199269e0876e8a17593ec,assertion:74ced01c5e43c6597d2d5483
参数,转速信号波形,记载于,来源,船机帮某型船主机遥控系统典型故障分析,provenance_index,仅在本声明来源及构型范围内使用,stated,01_datasets/marine_diesel_RAG_corpus_All_data/All_data/test/船机帮某型船主机遥控系统典型故障分析.md,,转速信号波形失真,edge:819821b92807113e469b5acb,assertion:b535405a8408881b4f01f295
运维措施,按设计保证停机时防凝露加热器自动投入,适用于,设备,交流发电机,applicability_index,STAMFORD/AvK对应交流发电机型号；AGN040应与本机Owner Manual联合使用；干燥与绝缘处置仅由合格人员实施。,stated,02_reports/STAMFORD_AGN040_winding_insulation.pdf,7,ensure that this is automatically switched on when the Generating Set is at rest,edge:819963c08641ed3c60078dae,assertion:8e968534e45f9c02c298cfe5
检查方法,检查连杆小端内孔刻痕与热损伤,适用于,设备,主机,applicability_index,本报告案例，不外推为所有船舶已证实根因,stated,02_reports/MAIB_2021_02_Finlandia_Seaways_connecting_rod_failure.pdf,56,seven of the intact 11 small ends removed from Finlandia Seaways’ engine were found to have notch damage,edge:81a0a720f55855c92fa446d0,assertion:f0d4db81d815c0b4b5defafe
状态,柴油机转速波动,记载于,来源,船机帮某型船主机遥控系统典型故障分析,provenance_index,仅在本声明来源及构型范围内使用,stated,01_datasets/marine_diesel_RAG_corpus_All_data/All_data/test/船机帮某型船主机遥控系统典型故障分析.md,,车钟指令的传递和接收不正常会导致集控室转速控制器对当前车令判断与实际不一致，转速控制器设定转速不正确导致柴油机实际转速波动或显示值与正常值存在较大偏差。,edge:81a0e9bd2180cfdca0c01f2d,assertion:96a5b9cc9ad7a7bf24d3b52b
设备,ME2主机,包含部件,部件,ME2 5号主轴承,asset_index,仅在本声明来源及构型范围内使用,stated,02_reports/MAIB_2022_04_Wight_Sky_multiple_engine_failures.pdf,84,ME2 failed catastrophically due to a sudden loss of lubricating oil supply,edge:81e09c86c5fe9e83c582ffca,assertion:9ffa7f2ff9f1da753dbdbd7d
状态,控制空气低压报警,记载于,来源,MAIB Safety Digest 2013 lubrication and bearing cases,provenance_index,仅在本声明来源及构型范围内使用,stated,02_reports/MAIB_2013_Safety_Digest_lubrication_bearing_cases.pdf,14,multiple alarms sounded in the ECR warning of low control air pressure,edge:820a17f51239e7f4469c6443,assertion:be88a58ac74ee5551cfe1905
事故案例,大风浪中吊舱推进丧失,记载于,来源,Spirit of Discovery loss of propulsion in heavy weather,provenance_index,仅在本声明来源及构型范围内使用,stated,02_reports/MAIB_2026_06_Spirit_of_Discovery_propulsion_loss.pdf,42,propellers to come out of the water,edge:821e26880e90c80ef53a8405,assertion:97400bba50f8cda4d4a52cba
事故案例,主机连杆小端疲劳断裂,记载于,来源,Finlandia Seaways engine failure and fire,provenance_index,仅在本声明来源及构型范围内使用,stated,02_reports/MAIB_2021_02_Finlandia_Seaways_connecting_rod_failure.pdf,9,fracture of the connecting rod small end,edge:8227e562b3d5778a9314b406,assertion:e1e09fe8c7eca6488a3eade8
影响因素,柴油机长期超负荷运行,增加风险,故障,缸套黏着拉伤,source_statement,船用柴油机摩擦副；二次维修文章，机型及根因须核实；不能以某一症状直接确诊拉缸。,possible,01_datasets/marine_diesel_RAG_corpus_All_data/All_data/test/船机帮船用柴油机的拉缸故障.md,,柴油机参数异常没及时发现，高温水温度过高，冷却效果差，低温水温度过高，造成扫气温度高，排温偏高长期运行可造成拉缸，长时间超负荷运行，也可造成拉缸，长时间用劣质的燃油也可造成拉缸，应该定期检查做好早发现早预防，避免重大损失。,edge:82a5d798005cc8dce02909fa,assertion:c7ff3aa43347046a9c56fe3e
状态,排气护罩存在高温表面,记载于,来源,MAIB Safety Digest 2016 generator oil fire case,provenance_index,仅在本声明来源及构型范围内使用,stated,02_reports/MAIB_2016_Safety_Digest_generator_oil_fire.pdf,28,radiate heat to the protective casing,edge:82c589ea1dbca9abd3bbd627,assertion:da8509818eb3cbc55ac025e8
设备,共轨柴油机,记载于,来源,船机帮船用共轨柴油机排气阀常见故障与排除,provenance_index,仅在本声明来源及构型范围内使用,stated,01_datasets/marine_diesel_RAG_corpus_All_data/All_data/test/船机帮船用共轨柴油机排气阀常见故障与排除.md,,排气阀打不开，一般由于共轨滑油漏泄导致油压不够引起的。,edge:82c64c4c2ede2a8409e6898d,assertion:8a6e7402fe8a64ac97a81c41
运维措施,按本机方案进行低温缸套水预热,记载于,来源,船机帮船舶动力设备日常维护要点与常见故障排除,provenance_index,仅在本声明来源及构型范围内使用,stated,01_datasets/marine_diesel_RAG_corpus_All_data/All_data/test/船机帮船舶动力设备日常维护要点与常见故障排除.md,,启用缸套水预热系统,edge:82d9db410bae5bedf8e8496f,assertion:d772cd492b688be4faa4ce7b
运维措施,使用原厂零件重建并大修发电机组,记载于,来源,Kommandor Susan catastrophic engine failure and fire,provenance_index,仅在本声明来源及构型范围内使用,stated,02_reports/MAIB_2026_10_Kommandor_Susan_generator_bearing_failure.pdf,9,"Completed major overhauls of DG2, DG3 and DG4 using genuine Caterpillar parts",edge:82f2f5d34dfd5edbb260b558,assertion:ac975e16f2b8611e300003a4
检查方法,以模拟信号检查测速板整形输出,适用于,设备,主机遥控控制装置,applicability_index,12V20/27、双机双轴双桨定距推进的文中闭环调速构型；信号接口及间隙不可跨机型套用。,stated,01_datasets/marine_diesel_RAG_corpus_All_data/All_data/test/船机帮某型船主机遥控系统典型故障分析.md,,发现转速信号进入测速板后，首先通过比较器6N139进行整形，整形比较器输出不稳定，有偶发性无输出现象。,edge:82faa05b6b17c01b5ac839a5,assertion:e887e1454e32de516103c620
状态,电容经历超额电压或频繁开关瞬态,记载于,来源,RMS Queen Mary 2 harmonic-filter capacitor failure and blackout,provenance_index,仅在本声明来源及构型范围内使用,stated,02_reports/MAIB_2011_28_Queen_Mary_2_harmonic_filter_failure.pdf,62,likely to have been caused by one or both,edge:8316c11dfccbc38ffb9cb0a5,assertion:cf6626e121202c0ea86900b0
事故案例,ME4连杆轴承盖错装失效,涉及,故障,连杆盖配合面微动磨损,case_index,仅在本声明来源及构型范围内使用,stated,02_reports/MAIB_2022_04_Wight_Sky_multiple_engine_failures.pdf,84,transposition of the bearing caps reduced the metal-to-metal contact,edge:832611a4101e40b4d75cb051,assertion:649c89f6e40f43806d764c26
运维措施,按规定使用周期更换增压器轴承,应对,故障,增压器轴承磨损,source_recommendation,船用废气涡轮增压器；拆装细节为VTR400示例，必须服从适用机型手册。,stated,01_datasets/marine_diesel_RAG_corpus_All_data/All_data/test/船机帮船舶柴油机废气涡轮增压器振动的主要原因有哪些.md,,为此应按轴承规定的使用期按时更换轴承，发生损坏时更应即时更换轴承。,edge:83397a13939a35c49c8cec87,assertion:4657695d0aff2f68f2c7053e
运维措施,确认故障后按手册更换空气启动马达,适用于,设备,柴油发电机,applicability_index,S6U-PTK与文中船舶发电机经验；部分表述不严谨，不采纳未经原厂确认的轴承结构改造建议。,stated,01_datasets/marine_diesel_RAG_corpus_All_data/All_data/test/船机帮船舶发电机常见故障及对策.md,,选择更换马达后发电机正常启动，故障排除。,edge:83550918c2fb9a50b484e427,assertion:5a3402d121e0cf384ce5e882
故障,压气机空气滤清器堵塞,适用于,设备,试验柴油机,native_dataset_label,Marine Engine Fault Dataset原始标签；不推导未在数据中证明的机理,dataset_label,01_datasets/Marine_Engine_Fault_Data_v1/Marine_Engine_Fault_Data/dataset_index.csv,,"AF_Clogging/AF_Clogging_85_Load.csv,scenario,Air-filter clogging (compressor),85%,single load condition,3,6398,73,""binary (0=pre-anomaly, 1=anomaly)"",Pre-anomaly and anomaly segments.",edge:837856f0e12d058d0efce43e,assertion:b43f1f99560fd1b62dfc9ced
运维措施,按停机规程断开发电机并网开关,作用于,设备,发电机主开关,source_recommendation,Caterpillar3512冬季维护经验，原始应用场景不一定为船舶；仅提取可迁移维护主题，必须核对船用构型，排除未获批准的自主回油改造及统一数值。,stated,01_datasets/marine_diesel_RAG_corpus_All_data/All_data/test/船机帮冬季卡特柴油发电机组的安全运行.md,,逐渐卸去负荷，断开并网开关。,edge:837b9962e9683d95a7600981,assertion:e4a18e48f8fdc1281b2e09a7
参数,涡轮排气温度出口,表征,设备,试验柴油机,native_variable_dictionary,仅在本声明来源及构型范围内使用,stated,01_datasets/Marine_Engine_Fault_Data_v1/Marine_Engine_Fault_Data/variable_dictionary.csv,,"Exh.Gas Temp. Turbine Out,T5,°C,number,TRUE,TRUE,temperature,",edge:837ec8fd4f4c6efcde5a3536,assertion:f0bce3033eaeab7e66f57eb3
状态,高温冷却水出口温度升高,提示,故障,缸套黏着拉伤,source_statement,船用柴油机摩擦副；二次维修文章，机型及根因须核实；不能以某一症状直接确诊拉缸。,possible,01_datasets/marine_diesel_RAG_corpus_All_data/All_data/test/船机帮船用柴油机的拉缸故障.md,,排温升高，高温水出水温度升高；,edge:8381e501b0b7a5f56438dc84,assertion:841725080f1eafc3ed4ee096
状态,齿轮周节误差,记载于,来源,船机帮船用齿轮箱故障分析与管理对策,provenance_index,仅在本声明来源及构型范围内使用,stated,01_datasets/marine_diesel_RAG_corpus_All_data/All_data/test/船机帮船用齿轮箱故障分析与管理对策.md,,由于刀具、车床的误差及其安装不当等原因，可能造成齿轮产生偏心、周节误差、基节误差、齿形误差等。,edge:839dacf6ea3585ac22577e08,assertion:18d5b5e3530d240c5cdb4168
故障,排气阀阀壳裂纹,适用于,设备,共轨柴油机,applicability_index,共轨柴油机排气阀，厂家与具体型号未确定；仅作机理检索测试，不作直接操作授权。,stated,01_datasets/marine_diesel_RAG_corpus_All_data/All_data/test/船机帮船用共轨柴油机排气阀常见故障与排除.md,,阀壳产生裂纹，通常由于安装时将固定螺栓拧得太紧造成的。,edge:83a4e75582b7cfa56af3c3e7,assertion:b97c51bdf89e73217fe89e5f
设备,控制空气供给与主机离合装置,服务于系统,系统,润滑与轴承系统,functional_classification,仅在本声明来源及构型范围内使用,stated,02_reports/MAIB_2013_Safety_Digest_lubrication_bearing_cases.pdf,14,ro-ro passenger ferry,edge:83a9a0bf1bc3e9133ff68a75,assertion:f651e7ac97fcac162ad01c25
故障,安全停车中间继电器故障,相关联,状态,发电机主开关无法并网合闸,secondary_case_conclusion,DG2、施耐德NW08-63和文中扩展箱构型；仅合格电气人员可按本船隔离规程检修。,stated,01_datasets/marine_diesel_RAG_corpus_All_data/All_data/test/船机帮船舶柴油发电机主开关并网合闸失败故障的分析与排查.md,,在正常状态下该继电器线圈是断开的，控制分闸线圈 MN 的触点处于常闭状态，主开关可以正常合闸。,edge:83cb5c87f08e9d3dfdea4d83,assertion:c5c71e2a4f529600ab1bffe1
状态,一台主机数周不能运行,是概念的实例,状态,一台主机数周不能运行,concept_alignment,仅在本声明来源及构型范围内使用,stated,02_reports/MAIB_2024_20_Stena_Europe_fuel_spray_fire.pdf,7,one of its four main engines inoperative for several weeks,edge:83f508b8e7baa83c654ff6f6,assertion:bec8e3d773b2b8621276beeb
参数,2缸最低缸压,记载于,来源,variable_dictionary,provenance_index,仅在本声明来源及构型范围内使用,stated,01_datasets/Marine_Engine_Fault_Data_v1/Marine_Engine_Fault_Data/variable_dictionary.csv,,"Min. In-Cylinder Press. No.2,Pmin,MPa,number,TRUE,TRUE,pressure / derived pressure,shorthand label is reused across cylinder-resolved and/or aggregate variables; use the full variable-name row during preprocessing",edge:83f8ad94a127f222f7702c85,assertion:9b1c2d24ea7d6a470767b679
检查方法,联合核查调速器AVR与变流器控制变量,适用于,系统,电力与控制系统,functional_classification,2021论文三类船舶的实测电网信号，含轴带发电化学品船；不是所有振荡都超限。DP船风浪影响主要作用于基波与频率，不能一概说风浪显著放大所有谐波。,stated,03_papers/Frontiers_2021_marine_converter_oscillations.pdf,13,"governors, and AVRs settings",edge:8404a7d4656308d90b3aa86e,assertion:ac818f0e2316d5f71122b49a
事故案例,主机连杆小端疲劳断裂,涉及,故障,主机灾难性失效,case_index,仅在本声明来源及构型范围内使用,stated,02_reports/MAIB_2021_02_Finlandia_Seaways_connecting_rod_failure.pdf,9,fracture of the connecting rod small end had led to the sudden failure of the main engine,edge:841b53336e6fb3ee1d9b9b75,assertion:4845f1ecb5a9e3dd0488f884
影响因素,油污抹布遗留在歧管上方,记载于,来源,MAIB Safety Digest 2013 lubrication and bearing cases,provenance_index,仅在本声明来源及构型范围内使用,stated,02_reports/MAIB_2013_Safety_Digest_lubrication_bearing_cases.pdf,41,Vibration caused the oil-soaked rag to fall,edge:848f04817a2d54b4161333fd,assertion:3c53be2d16ea68692cbf5eeb
检查方法,检查增压器自带油泵轴线,记载于,来源,船机帮船舶柴油机废气涡轮增压器振动的主要原因有哪些,provenance_index,仅在本声明来源及构型范围内使用,stated,01_datasets/marine_diesel_RAG_corpus_All_data/All_data/test/船机帮船舶柴油机废气涡轮增压器振动的主要原因有哪些.md,,对自带油泵轴线进行检查,edge:84a89fa701ecc1de7d937ed4,assertion:9d82ec11a36eb3a51ccb6da4
事故案例,压载泵检修隔离失效与机舱进水,涉及,影响因素,未核对阀位即拆进口法兰,case_index,仅在本声明来源及构型范围内使用,stated,02_reports/MAIB_2016_Safety_Digest_generator_oil_fire.pdf,40,water started to flow from the inlet pipe,edge:84c3dafc906fb0a1640254ba,assertion:38fa8f0ffe1469c82c7dc9c2
影响因素,非原厂轴承材料粘结较弱,记载于,来源,Kommandor Susan catastrophic engine failure and fire,provenance_index,仅在本声明来源及构型范围内使用,stated,02_reports/MAIB_2026_10_Kommandor_Susan_generator_bearing_failure.pdf,5,most likely root cause for the bearing failure is weak bonding of the copper layer,edge:84e05c64b1020001c3073f0d,assertion:6c783ec1b0bc5f4a75d5894e
参数,发动机冷却水温度进口,表征,设备,试验柴油机,native_variable_dictionary,仅在本声明来源及构型范围内使用,stated,01_datasets/Marine_Engine_Fault_Data_v1/Marine_Engine_Fault_Data/variable_dictionary.csv,,"Cooling Water Temp. Engine In,T6,°C,number,TRUE,TRUE,temperature,",edge:84e11f1e316f3166174c41ce,assertion:6f9ec3d8e52792229e437a14
检查方法,记录柴油机滑油温度变化,检查,状态,滑油含水污染,source_check,海水冷却的推进柴油机滑油系统；匿名二次报道。文中压力试验参数和标准引用未独立核实，不作为通用操作依据。,stated,01_datasets/marine_diesel_RAG_corpus_All_data/All_data/test/船机帮船舶动力系统滑油水污染故障实例分析.md,,每小时记录油温、水压、液位等关键参数，关注数据异常变化,edge:84e9ab5fa00364af7fc992e2,assertion:9ae5fc5f3632ef3525882285
部件,主开关分闸线圈,记载于,来源,船机帮船舶柴油发电机主开关并网合闸失败故障的分析与排查,provenance_index,仅在本声明来源及构型范围内使用,stated,01_datasets/marine_diesel_RAG_corpus_All_data/All_data/test/船机帮船舶柴油发电机主开关并网合闸失败故障的分析与排查.md,,对其蓄能马达进行测量未发现问题，然后利用万用表对主开关的控制分闸线圈 MN 与 XF 进行测量,edge:85148dc538dcee76e0b5865a,assertion:f6e68aab36f419542474d3cb
部件,盘车机构,记载于,来源,MAIB Safety Digest 2013 lubrication and bearing cases,provenance_index,仅在本声明来源及构型范围内使用,stated,02_reports/MAIB_2013_Safety_Digest_lubrication_bearing_cases.pdf,16,specialist cargo ship,edge:854124e06ede10537c819ca6,assertion:8fe8e881c50776bb0dfc096e
设备,故障主机,是概念的实例,设备,故障主机,concept_alignment,仅在本声明来源及构型范围内使用,stated,02_reports/MAIB_2018_14_Wight_Sky_engine_bearing_fire.pdf,1,debris in the engine’s oil channels following rebuild,edge:85431c7ab71de2a7566da426,assertion:980da4864b709768defc0bf6
运维措施,按适用压差要求更换燃油细滤器滤芯,适用于,设备,柴油发电机,applicability_index,Caterpillar3512冬季维护经验，原始应用场景不一定为船舶；仅提取可迁移维护主题，必须核对船用构型，排除未获批准的自主回油改造及统一数值。,stated,01_datasets/marine_diesel_RAG_corpus_All_data/All_data/test/船机帮冬季卡特柴油发电机组的安全运行.md,,更换发动机燃油细滤器滤芯。,edge:858315067e88c80470a217fd,assertion:c8892c23ca565eee77c7abcd
故障,连杆小端疲劳断裂,记载于,来源,Finlandia Seaways engine failure and fire,provenance_index,仅在本声明来源及构型范围内使用,stated,02_reports/MAIB_2021_02_Finlandia_Seaways_connecting_rod_failure.pdf,9,introduced stress raisers that signficantly increased the likelihood of crack initiation and fatigue failure,edge:85a867d3889ccefc777a0f47,assertion:18dfa08540942e13ecab0d60
故障,CPP执行器运动传递失效,记载于,来源,MAIB Hebrides CPP actuator coupling failure,provenance_index,仅在本声明来源及构型范围内使用,stated,02_reports/MAIB_2017_20_Hebrides_CPP_coupling.pdf,30,coupling remained stationary,edge:85b7d641e2436a1143ed85f3,assertion:722ad13638643859900fa0e5
状态,排气阀高温强度降低,促成,故障,排气阀阀杆断裂,source_statement,共轨柴油机排气阀，厂家与具体型号未确定；仅作机理检索测试，不作直接操作授权。,possible,01_datasets/marine_diesel_RAG_corpus_All_data/All_data/test/船机帮船用共轨柴油机排气阀常见故障与排除.md,,这种断裂大多由于频繁撞击引起金属疲劳以及高温下金属的机械强度降低造成的。,edge:85c2860317aff3948723c144,assertion:fefe3cb09f3dff837e7f670b
状态,冷却水温度过低,导致,状态,滑油温度降低,source_statement,柴油机水冷机理二次资料；文中80–90℃等数值不能当作所有机型阈值。,stated,01_datasets/marine_diesel_RAG_corpus_All_data/All_data/test/船机帮柴油机冷却水过高或过低的危害.md,,冷却水温度过低，润滑油温度随之下降，机油在低温时粘度较大，流动性差,edge:85d6975e72223bf2c31dcbda,assertion:aca7cc6b66758a8438dee725
故障,滑油冷却芯体腐蚀破损,记载于,来源,船机帮船舶动力系统滑油水污染故障实例分析,provenance_index,仅在本声明来源及构型范围内使用,stated,01_datasets/marine_diesel_RAG_corpus_All_data/All_data/test/船机帮船舶动力系统滑油水污染故障实例分析.md,,海水冷却介质通过破损处渗透至滑油系统。,edge:85f1e9b61bc1bf745f107e5a,assertion:a846c3c2ea40e153b6b72178
检查方法,核验轴承磨损监测快速磨损功能,检查,故障,主轴承咬死,source_guidance_statement,主机滑动轴承；烧瓦是检索用的工程统称，不能把全部轴瓦疲劳、瓦片转位或轴承失效直接标成已证实烧瓦。,guidance,02_reports/MAN_SL2013_569_bearing_wear_monitoring.pdf,4,Ability to detect rapidly developing bearing damage,edge:85fe9213701478c6a70d9859,assertion:91bedc55d37d0d095d8afbfb
故障,主轴承瓦片转位,导致,故障,油道堵塞,source_case_statement,本报告案例，不外推为所有船舶已证实根因,reported,02_reports/MAIB_2013_Safety_Digest_lubrication_bearing_cases.pdf,21,rotation of bearing shells and the blockage of oil ways,edge:862d08e407129a89c4657856,assertion:3d35afc1f74fb32cfb80686d
影响因素,缸套注油口加工毛刺,增加风险,故障,缸套黏着拉伤,source_statement,船用柴油机摩擦副；二次维修文章，机型及根因须核实；不能以某一症状直接确诊拉缸。,possible,01_datasets/marine_diesel_RAG_corpus_All_data/All_data/test/船机帮船用柴油机的拉缸故障.md,,缸套注油口油槽有毛刺和高点，缸套扫气口有凸点或锐边，缸套内径尺寸到不到图纸要求，过大或过小。,edge:863228aacf11cfd97850ab9d,assertion:f1c5cd124b35f4f18d8c89ea
故障,压缩机下端轴承过热失效,是概念的实例,故障,压缩机下端轴承过热失效,concept_alignment,仅在本声明来源及构型范围内使用,stated,02_reports/MAIB_2013_Safety_Digest_lubrication_bearing_cases.pdf,14,bottom end bearing had overheated and failed,edge:864119542918a7dffc503c1a,assertion:ae9a6d22cddd77c31bd70590
运维措施,按本机规程定期清洁启动空气管路,应对,影响因素,空气启动马达吸入异物,source_recommendation,S6U-PTK与文中船舶发电机经验；部分表述不严谨，不采纳未经原厂确认的轴承结构改造建议。,stated,01_datasets/marine_diesel_RAG_corpus_All_data/All_data/test/船机帮船舶发电机常见故障及对策.md,,要定期清理船舶的管路,edge:86664ff9a6ad93fa496471bb,assertion:2414a64d17fb3c4ca915d12f
故障,活塞环变形,适用于,设备,柴油机,applicability_index,船用柴油机摩擦副；二次维修文章，机型及根因须核实；不能以某一症状直接确诊拉缸。,stated,01_datasets/marine_diesel_RAG_corpus_All_data/All_data/test/船机帮船用柴油机的拉缸故障.md,,另外活塞环的变形，在活塞环内出现卡滞，活塞环尺寸不对，环槽间隙过小，受到热膨胀无间隙，也会出现拉缸，活塞环无弹力，也可造成拉缸。,edge:8667e68c3ea1da3de255ae81,assertion:2f58a93d4684bf5dedc98058
设备,左舷主机排气装置,记载于,来源,MAIB Safety Digest 2013 lubrication and bearing cases,provenance_index,仅在本声明来源及构型范围内使用,stated,02_reports/MAIB_2013_Safety_Digest_lubrication_bearing_cases.pdf,40,small passenger catamaran,edge:86a8c8ffb374468e991248f9,assertion:b028c81444e2ca1789460786
检查方法,核验轴承磨损监测快速磨损功能,记载于,来源,MAN SL2013-569 bearing wear monitoring and bearing seizure,provenance_index,仅在本声明来源及构型范围内使用,stated,02_reports/MAN_SL2013_569_bearing_wear_monitoring.pdf,4,Ability to detect rapidly developing bearing damage,edge:86aed9ad5eb6a284e26206b1,assertion:29a18b4b723ab3a9ddca8623
运维措施,按厂家程序拆洗滑油冷却器,适用于,设备,船舶动力装置,applicability_index,综合维护二次文章，原厂和标准出处未独立证实；不采纳文中统一周期、报警值、压力值、浮动轴承加脂和未经验证改造方案。以下仅用于检索维护主题，由适用机型规程决定具体操作。,stated,01_datasets/marine_diesel_RAG_corpus_All_data/All_data/test/船机帮船舶动力设备日常维护要点与常见故障排除.md,,每月拆洗冷却器一次,edge:86c51d84ef850bc812550316,assertion:95d143d1a59d61b1df8129ea
船舶,Windcat 8,发生案例,事故案例,左舷主机轴瓦失效与火灾,case_index,仅在本声明来源及构型范围内使用,stated,02_reports/MAIB_2018_01_Windcat8_bearing_failure_fire.pdf,1,failure of a piston connecting rod big end shell bearing,edge:86ef11fbc6664e722d7105f5,assertion:763abff25d9bfc8d9b48e510
故障,连杆盖配合面微动磨损,记载于,来源,Wight Sky multiple engine failures,provenance_index,仅在本声明来源及构型范围内使用,stated,02_reports/MAIB_2022_04_Wight_Sky_multiple_engine_failures.pdf,84,transposition of the bearing caps reduced the metal-to-metal contact,edge:86f616d6ed559a1143583c08,assertion:e2912229af062b4232620f66
系统,传动与推进系统,记载于,来源,Wight Sky catastrophic main engine bearing failure,provenance_index,仅在本声明来源及构型范围内使用,stated,02_reports/MAIB_2018_14_Wight_Sky_engine_bearing_fire.pdf,1,debris in the engine’s oil channels following rebuild,edge:86f72b936a272ce32265236c,assertion:b2edd11601ab7e0d1b7b6fbb
状态,滑油温度降低,导致,状态,滑油黏度过高,source_statement,柴油机水冷机理二次资料；文中80–90℃等数值不能当作所有机型阈值。,stated,01_datasets/marine_diesel_RAG_corpus_All_data/All_data/test/船机帮柴油机冷却水过高或过低的危害.md,,冷却水温度过低，润滑油温度随之下降，机油在低温时粘度较大，流动性差,edge:86fa925c223ddfb617310450,assertion:91b68885183c808402923a9d
状态,两台压缩机供气不足,记载于,来源,MAIB Safety Digest 2013 lubrication and bearing cases,provenance_index,仅在本声明来源及构型范围内使用,stated,02_reports/MAIB_2013_Safety_Digest_lubrication_bearing_cases.pdf,15,Neither compressor had been able to keep up with demand,edge:8700823f78af468cd097e4bf,assertion:f1e13e73fcb456b27fc8e039
状态,冷却器机械振动,增加风险,故障,滑油冷却器管束断裂,source_statement,海水冷却的推进柴油机滑油系统；匿名二次报道。文中压力试验参数和标准引用未独立核实，不作为通用操作依据。,possible,01_datasets/marine_diesel_RAG_corpus_All_data/All_data/test/船机帮船舶动力系统滑油水污染故障实例分析.md,,船舶运行中机械振动导致冷却器焊缝开裂或管束断裂。,edge:87134e5eb2ca76ea92f3fcfd,assertion:978bf816508b8d37ed224ab4
检查方法,停机隔离后检查喷油器底座损伤,记载于,来源,船机帮船舶发电机常见故障及对策,provenance_index,仅在本声明来源及构型范围内使用,stated,01_datasets/marine_diesel_RAG_corpus_All_data/All_data/test/船机帮船舶发电机常见故障及对策.md,,卸下喷油嘴并校验其喷油压力，若发现孔道阻塞现象需将喷油嘴进行拆卸，检查针阀和底座有无变形损坏,edge:872311356002d25602712f81,assertion:713081f810629e8eb7588b87
故障,活塞环卡滞,增加风险,故障,缸套黏着拉伤,source_statement,船用柴油机摩擦副；二次维修文章，机型及根因须核实；不能以某一症状直接确诊拉缸。,possible,01_datasets/marine_diesel_RAG_corpus_All_data/All_data/test/船机帮船用柴油机的拉缸故障.md,,另外活塞环的变形，在活塞环内出现卡滞，活塞环尺寸不对，环槽间隙过小，受到热膨胀无间隙，也会出现拉缸，活塞环无弹力，也可造成拉缸。,edge:872eb2af93dea7d3a100588d,assertion:d3d0d825a01705c25732559c
故障,连杆大端轴瓦失效,相关联,状态,轴瓦本体可能存在薄弱点,source_case_statement,本报告案例，不外推为所有船舶已证实根因,probable,02_reports/MAIB_2018_01_Windcat8_bearing_failure_fire.pdf,9,It is more likely that the failure was due to a weakness in the thin-walled shell bearing itself,edge:8731603a312e2329b4058f5a,assertion:5f671f689d39898c041e16d1
船舶,Finlandia Seaways,发生案例,事故案例,主机连杆小端疲劳断裂,case_index,仅在本声明来源及构型范围内使用,stated,02_reports/MAIB_2021_02_Finlandia_Seaways_connecting_rod_failure.pdf,9,fracture of the connecting rod small end,edge:87408a1751b9b89d35882a5b,assertion:fdeb18ee590cbf8fd96a668c
状态,轴承滑油供给不足,记载于,来源,油品课堂第六讲某船使用假冒润滑油导致主机烧瓦事故案例,provenance_index,仅在本声明来源及构型范围内使用,stated,01_datasets/marine_diesel_RAG_corpus_All_data/All_data/train/油品课堂第六讲某船使用假冒润滑油导致主机烧瓦事故案例.md,,堵塞机油滤清器和油道，影响正常供油，导致烧瓦,edge:874be8136ef0d53e35112cc0,assertion:c37ffe0a91f1694010476dc5
状态,停机时并联机组拖转,记载于,来源,Wight Sky multiple engine failures,provenance_index,仅在本声明来源及构型范围内使用,stated,02_reports/MAIB_2022_04_Wight_Sky_multiple_engine_failures.pdf,85,inability to immediately declutch and therefore stop an engine,edge:875a65eaa666de2f619ebe54,assertion:6d38b1e0f9a8990f36489c7f
设备,ME3主机燃油供给与排气装置,包含部件,部件,ME3排气歧管,asset_index,仅在本声明来源及构型范围内使用,stated,02_reports/MAIB_2024_20_Stena_Europe_fuel_spray_fire.pdf,7,fuel leaking under pressure,edge:878deb1b795b506bdc416767,assertion:00289fb581134e02eb9c8584
部件,相邻机组排气保温,记载于,来源,MAIB Safety Digest 2016 generator oil fire case,provenance_index,仅在本声明来源及构型范围内使用,stated,02_reports/MAIB_2016_Safety_Digest_generator_oil_fire.pdf,26,fully loaded ro-ro passenger ferry,edge:87956a922b39343471de3a78,assertion:70ae21aebd8350598d2378b2
故障,活塞咬死,是概念的实例,故障,活塞咬死,concept_alignment,仅在本声明来源及构型范围内使用,stated,02_reports/MAIB_2013_Safety_Digest_lubrication_bearing_cases.pdf,21,seizure of several pistons,edge:87a1e6e411827b4d7ee97553,assertion:9879806edc40ab20480f059d
运维措施,确认油样不合格后按原厂要求更换滑油,适用于,设备,船舶动力装置,applicability_index,综合维护二次文章，原厂和标准出处未独立证实；不采纳文中统一周期、报警值、压力值、浮动轴承加脂和未经验证改造方案。以下仅用于检索维护主题，由适用机型规程决定具体操作。,stated,01_datasets/marine_diesel_RAG_corpus_All_data/All_data/test/船机帮船舶动力设备日常维护要点与常见故障排除.md,,超标时需整批换油并追溯污染源,edge:87b739bc108e9045bbf86bfc,assertion:54e7cab2dcdaba57a2dacdbf
参数,发动机滑油温度进口,记载于,来源,variable_dictionary,provenance_index,仅在本声明来源及构型范围内使用,stated,01_datasets/Marine_Engine_Fault_Data_v1/Marine_Engine_Fault_Data/variable_dictionary.csv,,"LO Temp. Engine In,T10,°C,number,TRUE,TRUE,temperature,",edge:87c5a9bef26678ee2ac26dfb,assertion:22204d679b594cb06725aba5
运维措施,按原厂认可方法清洗喷油器积碳,记载于,来源,船机帮船舶动力设备日常维护要点与常见故障排除,provenance_index,仅在本声明来源及构型范围内使用,stated,01_datasets/marine_diesel_RAG_corpus_All_data/All_data/test/船机帮船舶动力设备日常维护要点与常见故障排除.md,,积碳严重时采用超声波进行清洗,edge:87e2cf6329f10f9d6c7972df,assertion:fb4496399c351f9de09e6bbb
影响因素,转速传感器安装间隙过大,导致,状态,飞轮齿圈有效转速信号丢失,source_statement,12V20/27、双机双轴双桨定距推进的文中闭环调速构型；信号接口及间隙不可跨机型套用。,possible,01_datasets/marine_diesel_RAG_corpus_All_data/All_data/test/船机帮某型船主机遥控系统典型故障分析.md,,传感器安装距离过近，主机运行过程中由于振动导致的飞轮偏心可能会导致飞轮齿顶损坏传感器感应端；传感器安装距离过远，可能会导致飞轮齿圈上某些齿的有效感应信号丢失造成主机游车。,edge:87e6d0c28e8c6478d99bb7ec,assertion:8f022f1c91588772b5d4c412
检查方法,用示波器观察转速信号波形,记载于,来源,船机帮某型船主机遥控系统典型故障分析,provenance_index,仅在本声明来源及构型范围内使用,stated,01_datasets/marine_diesel_RAG_corpus_All_data/All_data/test/船机帮某型船主机遥控系统典型故障分析.md,,用万用表测量转速传感器转速信号频率，与车令对应转速设定值一致，通过示波表监测转速信号波形，发现部分波形有幅值偏低的现象。,edge:87eab2c045244a7d3b24cc87,assertion:45997cba360909bbe3a07fb0
状态,零件配合间隙异常,记载于,来源,船机帮柴油机冷却水过高或过低的危害,provenance_index,仅在本声明来源及构型范围内使用,stated,01_datasets/marine_diesel_RAG_corpus_All_data/All_data/test/船机帮柴油机冷却水过高或过低的危害.md,,高温使零件膨胀变形，严重地影响配合零件的正常间隙，甚至卡死。,edge:87eac2f6828ae6813ba0754a,assertion:df5d96d08a3a53a315756e08
影响因素,黏度指数改进剂高剪切断裂,导致,状态,滑油黏度降低,source_statement,某型巡逻船试航故障二次报道；排查中已排除的原因不作为本案正向根因，油品及公差不能跨机型使用。,possible,01_datasets/marine_diesel_RAG_corpus_All_data/All_data/test/船机帮柴油机轴瓦抱轴故障分析.md,,"高分子聚合物断裂后是不可逆的,导致粘度很快降低,机油承载能力下降。",edge:88035c6ae692ddfea0bbc3dc,assertion:37d6386fa10bd617dfea8d4f
故障,轴承与活塞断油过热,是概念的实例,故障,轴承与活塞断油过热,concept_alignment,仅在本声明来源及构型范围内使用,stated,02_reports/MAIB_2013_Safety_Digest_lubrication_bearing_cases.pdf,21,subsequent oil starvation and overheating,edge:8814389a3f269ee4c88fbad7,assertion:a19a3f73e79c213dc4c40541
状态,机舱火灾,是概念的实例,状态,机舱火灾,concept_alignment,仅在本声明来源及构型范围内使用,stated,02_reports/MAIB_2026_10_Kommandor_Susan_generator_bearing_failure.pdf,1,The failure resulted in an engine room fire and a complete power blackout,edge:882351db2d09f140cc4304fb,assertion:18be3e32f825bd6e6e8b6e7e
状态,失去操纵能力,记载于,来源,Spirit of Discovery loss of propulsion in heavy weather,provenance_index,仅在本声明来源及构型范围内使用,stated,02_reports/MAIB_2026_06_Spirit_of_Discovery_propulsion_loss.pdf,51,both pods being parked at 90° to the vessel’s heading,edge:883c3a66e3b511bed179c0b0,assertion:b0138d4b4c6ffbaba3b84899
参数,1缸最高缸压,记载于,来源,variable_dictionary,provenance_index,仅在本声明来源及构型范围内使用,stated,01_datasets/Marine_Engine_Fault_Data_v1/Marine_Engine_Fault_Data/variable_dictionary.csv,,"Max. In-Cylinder Press. No.1,Pmax,MPa,number,TRUE,TRUE,pressure / derived pressure,shorthand label is reused across cylinder-resolved and/or aggregate variables; use the full variable-name row during preprocessing",edge:8855b85c6ea93a4c0a8b26b5,assertion:b331ac5c2d2803d10a8919f3
状态,齿轮箱与轴系对中异常,记载于,来源,船机帮船用齿轮箱故障分析与管理对策,provenance_index,仅在本声明来源及构型范围内使用,stated,01_datasets/marine_diesel_RAG_corpus_All_data/All_data/test/船机帮船用齿轮箱故障分析与管理对策.md,,严格进行轴系校中，确保齿轮箱两端与轴系的对中。,edge:8865a494c45ea818d755cc55,assertion:24fa133a8147dd92b04d35df
状态,副机冷却水供给中断,记载于,来源,船机帮一起副机冷却水失压停车故障的处理和原因分析,provenance_index,仅在本声明来源及构型范围内使用,stated,01_datasets/marine_diesel_RAG_corpus_All_data/All_data/test/船机帮一起副机冷却水失压停车故障的处理和原因分析.md,,"系统中就可能形成气囊,导致水泵吸空, 冷却水中断",edge:8867573aefa9606c21b9b185,assertion:a333240138c972a6ca0492c0
运维措施,频繁启停滑动轴承机组按认可设计配置静压顶升润滑,记载于,来源,STAMFORD AGN076 alternator bearings,provenance_index,仅在本声明来源及构型范围内使用,stated,02_reports/STAMFORD_AGN076_alternator_bearings.pdf,6,hydrostatic jacking equipment is highly recommended,edge:886fee37b9eed1a2b5ab5e9a,assertion:923df274a3dd261499754f1a
故障,电容内压升高与壳体破裂,导致,状态,谐波滤波器爆炸,source_case_statement,本报告案例，不外推为所有船舶已证实根因,reported,02_reports/MAIB_2011_28_Queen_Mary_2_harmonic_filter_failure.pdf,13,explosion was triggered by deterioration,edge:88a11aa68f4a9f1c8c20b6fd,assertion:07b5ebc93386f645612d8229
故障,增压器转子弯曲变形,记载于,来源,船机帮船舶柴油机废气涡轮增压器振动的主要原因有哪些,provenance_index,仅在本声明来源及构型范围内使用,stated,01_datasets/marine_diesel_RAG_corpus_All_data/All_data/test/船机帮船舶柴油机废气涡轮增压器振动的主要原因有哪些.md,,增压器转子就会由于长期不运转其自重使其产生弯曲变形，破坏了转子与壳体、气封等的配合间隙，使转子失中。,edge:88bb1f678e8ccc2bd83ededa,assertion:ef278389f2238d3e2b993e05
检查方法,测量车钟数字量信号幅值,记载于,来源,船机帮某型船主机遥控系统典型故障分析,provenance_index,仅在本声明来源及构型范围内使用,stated,01_datasets/marine_diesel_RAG_corpus_All_data/All_data/test/船机帮某型船主机遥控系统典型故障分析.md,,观察集控室转速控制器4路数字量，车钟指令输入信号与实际车钟显示同步并一致，测量数字量信号幅值正常。,edge:88c6ca8465d07932a935624f,assertion:5e5a566cac5b5d20f3d3522e
故障,增压器轴承磨损,表现为,状态,增压器振动增大,source_statement,船用废气涡轮增压器；拆装细节为VTR400示例，必须服从适用机型手册。,stated,01_datasets/marine_diesel_RAG_corpus_All_data/All_data/test/船机帮船舶柴油机废气涡轮增压器振动的主要原因有哪些.md,,轴承长时间使用后产生磨损、变形、裂纹和烧伤时，使摩擦力矩增大，转速下降，振动和噪声大增。,edge:88e5dc2cfbd19cc4928d7925,assertion:0a28014b04bfc3fb3b99941d
参数,涡轮排气温度进口,表征,设备,试验柴油机,native_variable_dictionary,仅在本声明来源及构型范围内使用,stated,01_datasets/Marine_Engine_Fault_Data_v1/Marine_Engine_Fault_Data/variable_dictionary.csv,,"Exh.Gas Temp. Turbine In,T4,°C,number,TRUE,TRUE,temperature,",edge:88e81345b1eda56f12418bfd,assertion:c59e2c9999aa0cc54f10d0ad
事故案例,滑油滤芯漏装与主机抱轴,涉及,运维措施,油雾报警后尽快停机检查,case_index,仅在本声明来源及构型范围内使用,stated,02_reports/MAIB_2013_Safety_Digest_lubrication_bearing_cases.pdf,23,stopping and inspecting the engine as soon as possible,edge:88ecad347b582fb7e799dc4c,assertion:0bec08337754979853967598
运维措施,按维护要求清除机组表面锈屑,作用于,设备,柴油发电机,source_recommendation,Caterpillar3512冬季维护经验，原始应用场景不一定为船舶；仅提取可迁移维护主题，必须核对船用构型，排除未获批准的自主回油改造及统一数值。,stated,01_datasets/marine_diesel_RAG_corpus_All_data/All_data/test/船机帮冬季卡特柴油发电机组的安全运行.md,,将附着在机组上的水迹、油迹和铁绣等杂物清除干净。,edge:88ff5b8f7ce2091ab8e7253b,assertion:927b5cacb5540a9963f26dc3
事故案例,控制空气不足与离合器脱开,涉及,设备,控制空气供给与主机离合装置,case_index,仅在本声明来源及构型范围内使用,stated,02_reports/MAIB_2013_Safety_Digest_lubrication_bearing_cases.pdf,14,ro-ro passenger ferry,edge:89126bb9edcd9747d1c205bb,assertion:cc5f4cfaada1506988eb9c0e
事故案例,发电机滑油泵堵头松脱火灾,涉及,运维措施,检修后核验堵头紧固与排气保温,case_index,仅在本声明来源及构型范围内使用,stated,02_reports/MAIB_2016_Safety_Digest_generator_oil_fire.pdf,26,exhaust piping had been left unlagged,edge:8913ebd4bc130010087325d3,assertion:89087409a35deceff89971a8
故障,齿轮疲劳裂纹,导致,故障,齿轮疲劳断裂,source_statement,GW系列船用齿轮箱；通用机理与A/B船匿名案例须区分，尺寸不能跨机型套用。,possible,01_datasets/marine_diesel_RAG_corpus_All_data/All_data/test/船机帮船用齿轮箱故障分析与管理对策.md,,若齿轮突然过载就可能会超负荷造成突然断裂；若非突然断裂，齿轮重复受过载力，造成应力集中，也会导致疲劳裂纹，进而导致疲劳断裂。,edge:893111f45068620073b400dd,assertion:a2e90bc1fd6ba80fd15983dc
事故案例,可调螺距桨倒车响应迟缓与码头碰撞,涉及,状态,船艏撞击码头,case_index,仅在本声明来源及构型范围内使用,stated,02_reports/MAIB_2016_Safety_Digest_generator_oil_fire.pdf,29,vessel’s bow struck the quay,edge:8968ecffd62e33eef185aebb,assertion:c9e9ed94776c7c4a5bd437fb
检查方法,按VTR400手册测量压气机端K值,记载于,来源,船机帮船舶柴油机废气涡轮增压器振动的主要原因有哪些,provenance_index,仅在本声明来源及构型范围内使用,stated,01_datasets/marine_diesel_RAG_corpus_All_data/All_data/test/船机帮船舶柴油机废气涡轮增压器振动的主要原因有哪些.md,,最后测量压气机端的K值，并应符合要求。,edge:897cc5c76c3dff000cc791ff,assertion:1553bf7101f48700564c6152
检查方法,隔离泄压后按手册检查高压接头密封面,适用于,设备,高压共轨燃油喷射装置,applicability_index,航浚6008/MAN L32/44CR与CR2.2；轨压数值、扭矩与拆装必须核对本机手册。,stated,01_datasets/marine_diesel_RAG_corpus_All_data/All_data/test/船机帮高压共轨柴油机燃油喷射系统故障分析.md,,可先尝试按规定扭力复紧接头；如果没有改善，再拆开检查密封面,edge:897edca04f13dc84add67e95,assertion:05b70591d6890cd3eb917f53
运维措施,按机型维护要求保持增压器进气口清洁,适用于,设备,废气涡轮增压器,applicability_index,船用废气涡轮增压器；拆装细节为VTR400示例，必须服从适用机型手册。,stated,01_datasets/marine_diesel_RAG_corpus_All_data/All_data/test/船机帮船舶柴油机废气涡轮增压器振动的主要原因有哪些.md,,管理中注意压气机进气滤器、叶轮、扩压器、空气冷却器、进气口和排气口、涡轮喷嘴环、叶片等流通部分的清洁，就会防止和消除喘振，也就会使振动消失。,edge:897f43fefc534d40e5ea0e89,assertion:c0ad2e5da28bcbde18dde94d
故障,曲轴箱被连杆击穿,是概念的实例,故障,曲轴箱被连杆击穿,concept_alignment,仅在本声明来源及构型范围内使用,stated,02_reports/MAIB_2018_01_Windcat8_bearing_failure_fire.pdf,1,connecting rod assembly releasing and penetrating through the engine crankcase,edge:898f3a89352a3c6a3d667f99,assertion:13487a6d938308b216127c84
状态,进水蔓延至住舱,记载于,来源,MAIB Safety Digest 2016 generator oil fire case,provenance_index,仅在本声明来源及构型范围内使用,stated,02_reports/MAIB_2016_Safety_Digest_generator_oil_fire.pdf,40,water entering the accommodation areas through the open engine room doorway,edge:89a0b244c623d4e55350cba1,assertion:e7c9539139f6eeecea59853e
运维措施,确认故障后按手册更换喷油器,应对,故障,喷油器泄漏,source_recommendation,航浚6008/MAN L32/44CR与CR2.2；轨压数值、扭矩与拆装必须核对本机手册。,stated,01_datasets/marine_diesel_RAG_corpus_All_data/All_data/test/船机帮高压共轨柴油机燃油喷射系统故障分析.md,,一般通过检查高压油泵或油头来确认，并换新故障的高压油泵或油头,edge:89a3cb90b09802defb211de1,assertion:6d9be6da73e5c38f791174ef
故障,柴油机敲缸,记载于,来源,船机帮柴油机冷却水过高或过低的危害,provenance_index,仅在本声明来源及构型范围内使用,stated,01_datasets/marine_diesel_RAG_corpus_All_data/All_data/test/船机帮柴油机冷却水过高或过低的危害.md,,冷却水温度过高，致使活塞、活塞环、气缸套、缸盖和气门等零件的工作温度升高，导致充气不足，燃烧不正常，容易引起敲缸、爆燃。,edge:89c41cc0f90661aaab2f7f12,assertion:5ae8063cd3193e9c92e0426f
故障,主机离合器脱开,发生于,设备,控制空气供给与主机离合装置,case_equipment_index,仅在本声明来源及构型范围内使用,stated,02_reports/MAIB_2013_Safety_Digest_lubrication_bearing_cases.pdf,14,three main engine clutches disengaged almost simultaneously,edge:89d2f7b6656ec522452c24d8,assertion:a7fe0f0f64f973ef9fea0cb6
部件,螺距控制油路,记载于,来源,Pride of Canterbury CPP hydraulic overpressure and fire,provenance_index,仅在本声明来源及构型范围内使用,stated,02_reports/MAIB_2015_22_Pride_of_Canterbury_CPP_hydraulic_fire.pdf,30,Pride of Canterbury,edge:89dd6206bf0ec44bf8e99512,assertion:12391f7f00ee45ed6ab9ff26
事故案例,燃油法兰松动与主机火灾,涉及,影响因素,燃油接头喷溅保护缺失,case_index,仅在本声明来源及构型范围内使用,stated,02_reports/MAIB_2024_20_Stena_Europe_fuel_spray_fire.pdf,29,joint was not protected by anti-splashing tape or shielding,edge:8a233392f409048673c9acd0,assertion:e93cb4e012e716c8b3ab3462
检查方法,核查海水冷却器防腐电流设定,记载于,来源,船机帮船舶动力系统滑油水污染故障实例分析,provenance_index,仅在本声明来源及构型范围内使用,stated,01_datasets/marine_diesel_RAG_corpus_All_data/All_data/test/船机帮船舶动力系统滑油水污染故障实例分析.md,,定期检查防污防腐电流设定是否在保护范围内,edge:8a30e14a98a9178afa06a3d0,assertion:c1c1b0f48ca2c4a73b86c6c9
状态,压力空气进入共享冷却淡水回路,促成,状态,冷却淡水回路形成气囊,secondary_source_statement,文中共享中央淡水冷却回路；须核对本船空压机冷却器与副机回路连接,possible,01_datasets/marine_diesel_RAG_corpus_All_data/All_data/test/船机帮一起副机冷却水失压停车故障的处理和原因分析.md,,"若压力空气进入冷却淡水系统, 系统中空气量大于透气管路泄放空气的能力, 系统中就可能形成气囊,导致水泵吸空, 冷却水中断",edge:8a3c9b1ccbc3093c1a733370,assertion:d15b8f446b91382586ace607
故障,主机灾难性失效,记载于,来源,Wight Sky catastrophic main engine bearing failure,provenance_index,仅在本声明来源及构型范围内使用,stated,02_reports/MAIB_2018_14_Wight_Sky_engine_bearing_fire.pdf,14,resulting in destructive failure,edge:8a3e162ab39be745b638d98f,assertion:2dda317d5cd5b30b37ebaffa
检查方法,检查柴油机异常振动与气阀磨损,检查,故障,排气阀磨损,source_check,共轨柴油机排气阀，厂家与具体型号未确定；仅作机理检索测试，不作直接操作授权。,stated,01_datasets/marine_diesel_RAG_corpus_All_data/All_data/test/船机帮船用共轨柴油机排气阀常见故障与排除.md,,经常检查柴油机振动情况，以免因异常振动造成排气阀过度磨损而引起密封不良,edge:8a41b411875769538ac8775c,assertion:28ddc434593c5b00ff675aab
事故案例,液压背压阀卡滞与火灾,涉及,部件,回油法兰,case_index,仅在本声明来源及构型范围内使用,stated,02_reports/MAIB_2015_22_Pride_of_Canterbury_CPP_hydraulic_fire.pdf,30,Pride of Canterbury,edge:8a472b62ae9130a2af256e65,assertion:b4ffd81a0b54c11d68f90ffd
运维措施,核查CPP法兰额定压力与喷溅防护,记载于,来源,Pride of Canterbury CPP hydraulic overpressure and fire,provenance_index,仅在本声明来源及构型范围内使用,stated,02_reports/MAIB_2015_22_Pride_of_Canterbury_CPP_hydraulic_fire.pdf,35,all CPP system flanges are fitted with protective coverings,edge:8a654de44597a98bbcffb4b3,assertion:9b536e51a6f69f245b67e1e2
状态,喷油压力过低,记载于,来源,船机帮船舶发电机常见故障及对策,provenance_index,仅在本声明来源及构型范围内使用,stated,01_datasets/marine_diesel_RAG_corpus_All_data/All_data/test/船机帮船舶发电机常见故障及对策.md,,喷油机压力过低造成燃油和雾化均匀度不良，无法与空气完全融合而使得燃烧积碳冒烟；,edge:8a7ee220aed371eef15eca65,assertion:9344a54a4845dc9cc5cff11d
部件,ME3燃油双螺钉法兰,是概念的实例,部件,ME3燃油双螺钉法兰,concept_alignment,仅在本声明来源及构型范围内使用,stated,02_reports/MAIB_2024_20_Stena_Europe_fuel_spray_fire.pdf,7,fuel leaking under pressure,edge:8aacb1109dc806b72628db63,assertion:85a111097154177951de1d37
故障,CPP倒车响应迟缓,是概念的实例,故障,CPP倒车响应迟缓,concept_alignment,仅在本声明来源及构型范围内使用,stated,02_reports/MAIB_2016_Safety_Digest_generator_oil_fire.pdf,29,parameters for astern pitch control had been incorrectly set,edge:8ae2cfe7491982b5cd855638,assertion:e07596068b67d02a27202af3
事故案例,主机重装后轴承失效与火灾,涉及,设备,故障主机,case_index,仅在本声明来源及构型范围内使用,stated,02_reports/MAIB_2018_14_Wight_Sky_engine_bearing_fire.pdf,1,debris in the engine’s oil channels following rebuild,edge:8b3a456b8f0209076cd23162,assertion:73c60e89e150298dd5a84ba7
事故案例,燃油法兰松动与主机火灾,涉及,运维措施,改装ME3四螺钉燃油法兰,case_index,仅在本声明来源及构型范围内使用,stated,02_reports/MAIB_2024_20_Stena_Europe_fuel_spray_fire.pdf,31,incorporate four-screw flanges,edge:8b67900ac5e71887f2a49ad0,assertion:227b99b8289115b107e9cf02
检查方法,取样检测滑油理化指标,检查,状态,滑油含水污染,source_check,海水冷却的推进柴油机滑油系统；匿名二次报道。文中压力试验参数和标准引用未独立核实，不作为通用操作依据。,stated,01_datasets/marine_diesel_RAG_corpus_All_data/All_data/test/船机帮船舶动力系统滑油水污染故障实例分析.md,,油液理化指标、金属磨粒指标、外源污染元素,edge:8b9411260cf824ce480899ab,assertion:47c92b30148535ad0ced4ea7
故障,发电机轴承滚珠碎裂,记载于,来源,船机帮船舶发电机常见故障及对策,provenance_index,仅在本声明来源及构型范围内使用,stated,01_datasets/marine_diesel_RAG_corpus_All_data/All_data/test/船机帮船舶发电机常见故障及对策.md,,轴承内的滚珠因碎裂而移位，导致发电机转子下沉，缩短了定子与转子之间的距离，两者摩擦不断加重，最终引起发电机的短路故障。,edge:8bb1362384dde4828bd717ff,assertion:e3cb8bc120d1ec2b4b1eb27e
运维措施,按停机规程逐渐卸去发电机负荷,记载于,来源,船机帮冬季卡特柴油发电机组的安全运行,provenance_index,仅在本声明来源及构型范围内使用,stated,01_datasets/marine_diesel_RAG_corpus_All_data/All_data/test/船机帮冬季卡特柴油发电机组的安全运行.md,,逐渐卸去负荷，断开并网开关。,edge:8bb3c62b3fa15b5efa68038b,assertion:9a4a9147ada1354d91ea2953
状态,润滑油系统污染,导致,故障,主轴承瓦片转位,source_case_statement,本报告案例，不外推为所有船舶已证实根因,reported,02_reports/MAIB_2013_Safety_Digest_lubrication_bearing_cases.pdf,21,rotation of bearing shells and the blockage of oil ways,edge:8bbdd216b5b7259017f7e991,assertion:bfa5843b35900bb456649872
设备,左舷主机排气装置,包含部件,部件,高温报警线束,asset_index,仅在本声明来源及构型范围内使用,stated,02_reports/MAIB_2013_Safety_Digest_lubrication_bearing_cases.pdf,40,small passenger catamaran,edge:8bbdfec332cd75ae3d776c32,assertion:ae70da3116a12fc9cd2dd4e1
检查方法,热成像检查排气未保温热点,适用于,设备,柴油发电机润滑与排气装置,applicability_index,本报告案例，不外推为所有船舶已证实根因,stated,02_reports/MAIB_2016_Safety_Digest_generator_oil_fire.pdf,28,thermal image will immediately identify unlagged sections,edge:8bbe9b006767ffdc9c9e069c,assertion:f779bb515bc7bd5cd20dabf0
状态,靠泊推进制动能力丧失,记载于,来源,MAIB Safety Digest 2013 lubrication and bearing cases,provenance_index,仅在本声明来源及构型范围内使用,stated,02_reports/MAIB_2013_Safety_Digest_lubrication_bearing_cases.pdf,15,ferry’s bow hitting her berth,edge:8be71fdab36747e8c70edf1c,assertion:8337e600cbe36c3263d947a4
状态,齿轮箱滑油污染,记载于,来源,船机帮船用齿轮箱故障分析与管理对策,provenance_index,仅在本声明来源及构型范围内使用,stated,01_datasets/marine_diesel_RAG_corpus_All_data/All_data/test/船机帮船用齿轮箱故障分析与管理对策.md,,应该经常检查润滑部位是否达到润滑效果，以及润滑剂有无杂质，是否失效，并重点监控滑油温度。,edge:8bee02848ade61fda36b1a36,assertion:e6234fbb5a5e7ac342652aae
检查方法,日常检查排气阀弹簧状态,记载于,来源,船机帮船用共轨柴油机排气阀常见故障与排除,provenance_index,仅在本声明来源及构型范围内使用,stated,01_datasets/marine_diesel_RAG_corpus_All_data/All_data/test/船机帮船用共轨柴油机排气阀常见故障与排除.md,,包括对喷油器、排气阀阀杆、弹簧、阀壳等检查，确保各部件工况正常。,edge:8beedb40fa230a31e0af4cb8,assertion:43fc69e8156c1a114a070c40
影响因素,反复燃油漏泄未完整报告,是概念的实例,影响因素,反复燃油漏泄未完整报告,concept_alignment,仅在本声明来源及构型范围内使用,stated,02_reports/MAIB_2024_20_Stena_Europe_fuel_spray_fire.pdf,31,review process to manage service bulletins,edge:8bfb3e12555188ede43b9c2b,assertion:ab04793bceac5cba797a3a48
故障,轴系或联轴器疲劳磨损损伤,适用于,系统,电力与控制系统,functional_classification,内燃机-发电机传动链一般机理；证据支持扭振导致失效风险及电气故障转矩冲击，但未建立某大型船主轴联轴器断裂的已证实事故链。,stated,02_reports/STAMFORD_AGN235_torsional_analysis.pdf,2,prevent fatigue or wear damage,edge:8bfc4ee71baee5218bb96cd3,assertion:d34c481a1aabdce2bb366a9f
检查方法,按电气隔离规程检测发电机绝缘,记载于,来源,船机帮船舶发电机常见故障及对策,provenance_index,仅在本声明来源及构型范围内使用,stated,01_datasets/marine_diesel_RAG_corpus_All_data/All_data/test/船机帮船舶发电机常见故障及对策.md,,确保清洁，定期检测绝缘值,edge:8c2237677dc99fc1a016920c,assertion:4e2b3f9234c2af07ea94b90a
检查方法,检查缸套表面与活塞环状态,适用于,系统,润滑与轴承系统,functional_classification,MAN B&W两冲程柴油机缸套/活塞环；2016通函用于机理，润滑油选择须查2023通函及本机手册。不能把活塞咬死一概等同于已证实拉缸。,stated,02_reports/MAN_SL2016_633_piston_rings_scuffing.pdf,3,Conditioning the liner surface,edge:8c3251486ae0ba13cb3839c4,assertion:f5ef026fd53e8000b18dd7f8
影响因素,缸套铁素体含量超标,记载于,来源,船机帮船用柴油机的拉缸故障,provenance_index,仅在本声明来源及构型范围内使用,stated,01_datasets/marine_diesel_RAG_corpus_All_data/All_data/test/船机帮船用柴油机的拉缸故障.md,,常见的原因有缸套本身的材质不过关，铸造后的金相组织到不到要求，铁素体含量超标，较高，石墨聚集现象；,edge:8c34bb2864d6282481830c05,assertion:fb83b71911e1ebc185dec300
状态,润滑油膜完整性破坏,记载于,来源,船机帮船舶动力系统滑油水污染故障实例分析,provenance_index,仅在本声明来源及构型范围内使用,stated,01_datasets/marine_diesel_RAG_corpus_All_data/All_data/test/船机帮船舶动力系统滑油水污染故障实例分析.md,,水分侵入会破坏油膜完整性，引发乳化变质和酸性腐蚀,edge:8c366c134c81aa216fed3755,assertion:6d1bd3607b6320bf7d5f168e
设备,左舷主机,记载于,来源,Windcat 8 connecting rod big-end bearing failure,provenance_index,仅在本声明来源及构型范围内使用,stated,02_reports/MAIB_2018_01_Windcat8_bearing_failure_fire.pdf,1,failure of a piston connecting rod big end shell bearing,edge:8c4348d0ddb8e14a046fd8f3,assertion:ea8d94e7f5edf316377780a7
运维措施,由合格人员修复检验确认的空压机冷却器渗漏,应对,故障,空压机高压冷却器渗漏,secondary_source_statement,文中共享中央淡水冷却回路；须核对本船空压机冷却器与副机回路连接,secondary_stated,01_datasets/marine_diesel_RAG_corpus_All_data/All_data/test/船机帮一起副机冷却水失压停车故障的处理和原因分析.md,,修复 No.3 主空压机高压冷却器后单独使用该机,edge:8c638cf49c34471c70f5d6fb,assertion:d7615e7a4397caa81fc670ec
状态,滑油压力降低,记载于,来源,船机帮柴油机冷却水过高或过低的危害,provenance_index,仅在本声明来源及构型范围内使用,stated,01_datasets/marine_diesel_RAG_corpus_All_data/All_data/test/船机帮柴油机冷却水过高或过低的危害.md,,会使润滑油温度升高而变得过稀、机油压力变低,edge:8c74a6f65b3202b1443f3ef4,assertion:09e457f7a9fce847091b91a3
故障,海水隔离阀执行器缺陷,记载于,来源,MAIB Safety Digest 2016 generator oil fire case,provenance_index,仅在本声明来源及构型范围内使用,stated,02_reports/MAIB_2016_Safety_Digest_generator_oil_fire.pdf,41,giving an impression that the valve was fully closed when it was not,edge:8c8be283d9317d8ecaf51f88,assertion:c297ec4d5c4e6738002de5fc
状态,气缸爆燃,记载于,来源,船机帮柴油机冷却水过高或过低的危害,provenance_index,仅在本声明来源及构型范围内使用,stated,01_datasets/marine_diesel_RAG_corpus_All_data/All_data/test/船机帮柴油机冷却水过高或过低的危害.md,,冷却水温度过高，致使活塞、活塞环、气缸套、缸盖和气门等零件的工作温度升高，导致充气不足，燃烧不正常，容易引起敲缸、爆燃。,edge:8c9595dbc20e5fbba80df01b,assertion:b80bd513dbd9b1e7b62fada5
检查方法,定期监测谐波畸变和运行参数,适用于,设备,艉部谐波滤波器,applicability_index,本报告案例，不外推为所有船舶已证实根因,stated,02_reports/MAIB_2011_28_Queen_Mary_2_harmonic_filter_failure.pdf,69,Regular monitoring of power quality,edge:8cb791f92a1d6db6e667c6df,assertion:494162f58abc2422c5d2784a
运维措施,在洁净环境装配并整体安装主机,记载于,来源,Wight Sky catastrophic main engine bearing failure,provenance_index,仅在本声明来源及构型范围内使用,stated,02_reports/MAIB_2018_14_Wight_Sky_engine_bearing_fire.pdf,14,Rebuilding the engine in a clean and controlled environment,edge:8cd28e6eee6d962acd9d7436,assertion:1afb43f96f9b9edaf97a88c2
故障,轴瓦烧伤,适用于,设备,柴油机,applicability_index,二次转载文章，船舶/原始报告身份未核实；不计入正式事故案例,stated,01_datasets/marine_diesel_RAG_corpus_All_data/All_data/train/油品课堂第六讲某船使用假冒润滑油导致主机烧瓦事故案例.md,,烧瓦的主要原因是机油供应不足且品质不佳，轴瓦产生干摩擦引起高温，使瓦面上的合金熔化,edge:8ce837e18461e21406e5a49d,assertion:3015463b6b54bd0d6ee12847
部件,排气阀阀杆,记载于,来源,船机帮船用共轨柴油机排气阀常见故障与排除,provenance_index,仅在本声明来源及构型范围内使用,stated,01_datasets/marine_diesel_RAG_corpus_All_data/All_data/test/船机帮船用共轨柴油机排气阀常见故障与排除.md,,包括对喷油器、排气阀阀杆、弹簧、阀壳等检查，确保各部件工况正常。,edge:8d004e9312d21a81e11bb35d,assertion:6de32247e7ad3ebe32e0ae28
故障,陶瓷密封环热裂,适用于,设备,滑油冷却器,applicability_index,海水冷却的推进柴油机滑油系统；匿名二次报道。文中压力试验参数和标准引用未独立核实，不作为通用操作依据。,stated,01_datasets/marine_diesel_RAG_corpus_All_data/All_data/test/船机帮船舶动力系统滑油水污染故障实例分析.md,,高温冷却水急冷急热导致密封面产生微观裂纹,edge:8d2670cd223c8f786a26c3ab,assertion:b55653e50eee24cd01ed96b3
检查方法,用示波器测量遥控电源纹波,检查,状态,遥控直流电源纹波增大,source_check,12V20/27、双机双轴双桨定距推进的文中闭环调速构型；信号接口及间隙不可跨机型套用。,stated,01_datasets/marine_diesel_RAG_corpus_All_data/All_data/test/船机帮某型船主机遥控系统典型故障分析.md,,用福禄克F124型示波器检测各电源模块输出端绝缘正常，输出稳定；测量空载电压，纹波在0.1 V以内；按照各电源模块设计负荷的60%通过电子负载进行带载试验,edge:8d59e03e453dde5be21b1faf,assertion:eb1a9624eca21f43a4315f0b
故障,遥控电源绝缘不良,适用于,设备,主机遥控控制装置,applicability_index,12V20/27、双机双轴双桨定距推进的文中闭环调速构型；信号接口及间隙不可跨机型套用。,stated,01_datasets/marine_diesel_RAG_corpus_All_data/All_data/test/船机帮某型船主机遥控系统典型故障分析.md,,电源绝缘不良、输出不稳、直流电源纹波大、带载能力下降都会导致系统工作不稳甚至崩溃。,edge:8d5b452fb504615fb280ad00,assertion:177e45482c4d69e8656488aa
事故案例,滑油滤芯漏装与主机抱轴,涉及,故障,油道堵塞,case_index,仅在本声明来源及构型范围内使用,stated,02_reports/MAIB_2013_Safety_Digest_lubrication_bearing_cases.pdf,21,rotation of bearing shells and the blockage of oil ways,edge:8d657454fdda0c4115e420e8,assertion:18da224715e60011a01775dd
检查方法,检测冷却液缓蚀剂浓度,检查,影响因素,冷却水水质或处理不当,source_check,海水冷却的推进柴油机滑油系统；匿名二次报道。文中压力试验参数和标准引用未独立核实，不作为通用操作依据。,stated,01_datasets/marine_diesel_RAG_corpus_All_data/All_data/test/船机帮船舶动力系统滑油水污染故障实例分析.md,,定期开展缓蚀剂浓度、pH 值浓度、氯离子浓度等影响冷却液腐蚀率的关键指标检测,edge:8d75f7bb60705e5b5369b358,assertion:fc4ed1f5b8c64dc10f8039ac
影响因素,机舱水密门敞开,是概念的实例,影响因素,机舱水密门敞开,concept_alignment,仅在本声明来源及构型范围内使用,stated,02_reports/MAIB_2016_Safety_Digest_generator_oil_fire.pdf,40,water entering the accommodation areas through the open engine room doorway,edge:8d7d6733e0f782c7e8d00eae,assertion:42d9af40c868decd2526684d
检查方法,检查配电板合闸模块输出,检查,部件,配电板合闸模块,source_check,DG2、施耐德NW08-63和文中扩展箱构型；仅合格电气人员可按本船隔离规程检修。,stated,01_datasets/marine_diesel_RAG_corpus_All_data/All_data/test/船机帮船舶柴油发电机主开关并网合闸失败故障的分析与排查.md,,重点检测与主开关合闸信号的相关中间继电器和模块输出信号,edge:8d93757b6febab85bcd1facf,assertion:8195be2fa118280f992a4efc
影响因素,增压器修后装配不良,记载于,来源,船机帮船舶柴油机废气涡轮增压器振动的主要原因有哪些,provenance_index,仅在本声明来源及构型范围内使用,stated,01_datasets/marine_diesel_RAG_corpus_All_data/All_data/test/船机帮船舶柴油机废气涡轮增压器振动的主要原因有哪些.md,,如修理质量差或修后装配不良时，就会造成增压器运转时转子与壳体或气封相碰，产生摩擦导致振动。,edge:8da23e1e482960a6f46619a6,assertion:7f48ecd7aaa68487604c86d4
运维措施,使用备用螺距控制,记载于,来源,MAIB Safety Digest 2016 generator oil fire case,provenance_index,仅在本声明来源及构型范围内使用,stated,02_reports/MAIB_2016_Safety_Digest_generator_oil_fire.pdf,29,bypassed the feedback control system,edge:8da9ab57647fe2cc2999c855,assertion:0dc360288a426600043a5364
故障,CPP执行器联轴器松脱,适用于,系统,电力与控制系统,functional_classification,实际证据是Hebrides的CPP执行器小型爪式联轴器，不是主推进轴联轴器断裂；主轴断裂根因不可由此推断。,stated,02_reports/MAIB_2017_20_Hebrides_CPP_coupling.pdf,35,absence of thread locking fluid,edge:8dd459514b09a4c066aee696,assertion:047660a62fb1409a1a19d36f
参数,排气温度,记载于,来源,船机帮船用柴油机的拉缸故障,provenance_index,仅在本声明来源及构型范围内使用,stated,01_datasets/marine_diesel_RAG_corpus_All_data/All_data/test/船机帮船用柴油机的拉缸故障.md,,排温升高,edge:8dd51088fb1e76e11cf7bc21,assertion:61c4ba1fde53eb1873506c7c
参数,增压空气压力,记载于,来源,variable_dictionary,provenance_index,仅在本声明来源及构型范围内使用,stated,01_datasets/Marine_Engine_Fault_Data_v1/Marine_Engine_Fault_Data/variable_dictionary.csv,,"Charge Air Press.,Pturb,kgf/cm2,number,TRUE,TRUE,pressure / derived pressure,",edge:8de32ff81b8188aef0a4e35a,assertion:96815eb2888d593f83a2f7b2
运维措施,按储气瓶操作规程排放底部冷凝水,适用于,设备,船舶动力装置,applicability_index,综合维护二次文章，原厂和标准出处未独立证实；不采纳文中统一周期、报警值、压力值、浮动轴承加脂和未经验证改造方案。以下仅用于检索维护主题，由适用机型规程决定具体操作。,stated,01_datasets/marine_diesel_RAG_corpus_All_data/All_data/test/船机帮船舶动力设备日常维护要点与常见故障排除.md,,每日排放空气瓶底部冷凝水,edge:8de8b6ec26596e6de1cf7d4d,assertion:d0c97689f26ba8df11aa2a47
检查方法,核查热态对中和风浪工况下振动,适用于,系统,传动与推进系统,functional_classification,通过齿轮箱及联轴器驱动的轴带发电机；不能推广到所有同轴无附加轴承的构型。,stated,02_reports/STAMFORD_AGN039_marine_shaft_generators.pdf,2,alignment is not accurate,edge:8e18f19098a42909fbd3232b,assertion:f40643d57bd2dba193748ee0
部件,盘车机构,是概念的实例,部件,盘车机构,concept_alignment,仅在本声明来源及构型范围内使用,stated,02_reports/MAIB_2013_Safety_Digest_lubrication_bearing_cases.pdf,16,specialist cargo ship,edge:8e3968319b8755da929b78ee,assertion:b60176c117ff68ddd4b592c7
参数,水力测功器载荷,记载于,来源,variable_dictionary,provenance_index,仅在本声明来源及构型范围内使用,stated,01_datasets/Marine_Engine_Fault_Data_v1/Marine_Engine_Fault_Data/variable_dictionary.csv,,"Water Brake Weight,F,kgf,number,TRUE,TRUE,operating / load,",edge:8e3f4a0d1ecdad0a35d8817f,assertion:1696bac4da0b97245317292c
参数,气缸压缩压力,记载于,来源,船机帮船用柴油机的拉缸故障,provenance_index,仅在本声明来源及构型范围内使用,stated,01_datasets/marine_diesel_RAG_corpus_All_data/All_data/test/船机帮船用柴油机的拉缸故障.md,,压缩压力和爆发压力降低,edge:8e4140ab6dd5166049569d0a,assertion:3d59547500257cee823ac8a2
检查方法,检查主开关合闸中间继电器信号,记载于,来源,船机帮船舶柴油发电机主开关并网合闸失败故障的分析与排查,provenance_index,仅在本声明来源及构型范围内使用,stated,01_datasets/marine_diesel_RAG_corpus_All_data/All_data/test/船机帮船舶柴油发电机主开关并网合闸失败故障的分析与排查.md,,重点检测与主开关合闸信号的相关中间继电器和模块输出信号,edge:8e469cb8fbd14b1d0dcd3584,assertion:2e13c995642b56942a134220
运维措施,复核联轴器正常与失火工况转矩和热负荷裕量,应对,故障,轴系扭转共振风险,source_guidance_statement,内燃机-发电机传动链一般机理；证据支持扭振导致失效风险及电气故障转矩冲击，但未建立某大型船主轴联轴器断裂的已证实事故链。,guidance,02_reports/STAMFORD_AGN235_torsional_analysis.pdf,7,engine normal and misfire scenarios,edge:8e47d304ec0bf5c3e53967e7,assertion:9b942b418cb422d6d4f4d87f
部件,双联滑油滤器,记载于,来源,MAIB Safety Digest 2013 lubrication and bearing cases,provenance_index,仅在本声明来源及构型范围内使用,stated,02_reports/MAIB_2013_Safety_Digest_lubrication_bearing_cases.pdf,21,fully loaded cargo ship,edge:8e4f350123541f301b52cd1d,assertion:7e0bef32b9b88d6e3316ac5a
系统,电力与控制系统,记载于,来源,RMS Queen Mary 2 harmonic-filter capacitor failure and blackout,provenance_index,仅在本声明来源及构型范围内使用,stated,02_reports/MAIB_2011_28_Queen_Mary_2_harmonic_filter_failure.pdf,13,explosion was triggered by deterioration in the capacitors,edge:8e507f26c6db9fc73c24eb57,assertion:44e727605ede6b664d369f92
运维措施,按本机规程更换燃油滤器,作用于,设备,燃油滤器,source_recommendation,综合维护二次文章，原厂和标准出处未独立证实；不采纳文中统一周期、报警值、压力值、浮动轴承加脂和未经验证改造方案。以下仅用于检索维护主题，由适用机型规程决定具体操作。,stated,01_datasets/marine_diesel_RAG_corpus_All_data/All_data/test/船机帮船舶动力设备日常维护要点与常见故障排除.md,,更换燃油系统滤器并进行手动排气，通过试验台校准雾化锥角,edge:8e528898e1b686c1a32816e8,assertion:7d6c9980fa09dea2c03b3bbd
参数,增压空气冷却器热损失功率,记载于,来源,variable_dictionary,provenance_index,仅在本声明来源及构型范围内使用,stated,01_datasets/Marine_Engine_Fault_Data_v1/Marine_Engine_Fault_Data/variable_dictionary.csv,,"Loss in Charge Air IC,Qrej_air,kW,number,TRUE,TRUE,performance / derived,",edge:8e569c9e552dc77ca39f8d9e,assertion:0853e2300f25b6e255bb1964
部件,高温报警线束,记载于,来源,MAIB Safety Digest 2013 lubrication and bearing cases,provenance_index,仅在本声明来源及构型范围内使用,stated,02_reports/MAIB_2013_Safety_Digest_lubrication_bearing_cases.pdf,40,small passenger catamaran,edge:8e7f72d5dfdd5704aa8376c6,assertion:1044f1ce0cc94e155b41ad37
故障,空压机高压冷却器渗漏,记载于,来源,船机帮一起副机冷却水失压停车故障的处理和原因分析,provenance_index,仅在本声明来源及构型范围内使用,stated,01_datasets/marine_diesel_RAG_corpus_All_data/All_data/test/船机帮一起副机冷却水失压停车故障的处理和原因分析.md,,发现 No.3 主空压机高压冷却器渗漏,edge:8e81c4dd851d449841748088,assertion:f56d2511f8834436f525f50d
影响因素,备用气瓶上线时未隔离主气瓶,是概念的实例,影响因素,备用气瓶上线时未隔离主气瓶,concept_alignment,仅在本声明来源及构型范围内使用,stated,02_reports/MAIB_2013_Safety_Digest_lubrication_bearing_cases.pdf,15,air pressure equalised at a level that was insufficient,edge:8e87e9ee653b1b6853ed0e58,assertion:e9c504ab1a80deae37ec705a
事故案例,可调螺距桨倒车响应迟缓与码头碰撞,涉及,运维措施,定期演练推进失效与恢复,case_index,仅在本声明来源及构型范围内使用,stated,02_reports/MAIB_2016_Safety_Digest_generator_oil_fire.pdf,29,Regular drills simulating propulsion system failure and recovery,edge:8e8919951f1241b0c533d2d8,assertion:f1700f84625869dde6c7f938
运维措施,修复并定期测试控制台指示照明,记载于,来源,MAIB Safety Digest 2013 lubrication and bearing cases,provenance_index,仅在本声明来源及构型范围内使用,stated,02_reports/MAIB_2013_Safety_Digest_lubrication_bearing_cases.pdf,18,should therefore be tested regularly,edge:8e8e79098942ad4cf3c22ab8,assertion:254e9511ad127bfd8e082e1d
影响因素,坞修后滑油泵堵头紧固不足,导致,故障,滑油泵堵头振松,source_case_statement,本报告案例，不外推为所有船舶已证实根因,reported,02_reports/MAIB_2016_Safety_Digest_generator_oil_fire.pdf,26,insufficiently tightened by shore staff,edge:8e90eaf0712a2398b2799756,assertion:91b35289d8186c5344874c79
故障,轴承与活塞断油过热,记载于,来源,MAIB Safety Digest 2013 lubrication and bearing cases,provenance_index,仅在本声明来源及构型范围内使用,stated,02_reports/MAIB_2013_Safety_Digest_lubrication_bearing_cases.pdf,21,subsequent oil starvation and overheating,edge:8ebd68e735348f77d34cd6c7,assertion:38ef1b02432652dd5a70f79e
影响因素,吊舱舱底传感器位置偏低,是概念的实例,影响因素,吊舱舱底传感器位置偏低,concept_alignment,仅在本声明来源及构型范围内使用,stated,02_reports/MAIB_2026_06_Spirit_of_Discovery_propulsion_loss.pdf,43,low position of the bilge sensor meant that it could be activated by a relatively small amount of liquid,edge:8ed052a492bab64490e45f9f,assertion:204513e2bfcf1fbf1998d0dc
故障,主机灾难性失效,记载于,来源,Wight Sky multiple engine failures,provenance_index,仅在本声明来源及构型范围内使用,stated,02_reports/MAIB_2022_04_Wight_Sky_multiple_engine_failures.pdf,84,ME2 failed catastrophically due to a sudden loss of lubricating oil supply,edge:8eee672a72d6ff632117c038,assertion:c12d2ffd96a5bb1ab81c792e
状态,燃油共轨压力不足,记载于,来源,船机帮高压共轨柴油机燃油喷射系统故障分析,provenance_index,仅在本声明来源及构型范围内使用,stated,01_datasets/marine_diesel_RAG_corpus_All_data/All_data/test/船机帮高压共轨柴油机燃油喷射系统故障分析.md,,实际各高压油泵节流阀卡在较小或全关的位置，造成进入高压油泵的油量不足，共轨压力上不来，主机无法启动。,edge:8efbb4e05f9bf2ee271ee428,assertion:fc130c061a30cbd56b8a4f6b
检查方法,检查缸套阻水圈,记载于,来源,船机帮船舶动力系统滑油水污染故障实例分析,provenance_index,仅在本声明来源及构型范围内使用,stated,01_datasets/marine_diesel_RAG_corpus_All_data/All_data/test/船机帮船舶动力系统滑油水污染故障实例分析.md,,定期检测缸套水腔密封性，重点检查缸套阻水圈、水腔盖板垫片等薄弱点，发现渗漏立即更换密封件,edge:8efdcde48f8c156c49072c7f,assertion:620dd72e1bd20cc5c30a95b9
检查方法,核查高压油泵零位油量,记载于,来源,船机帮船用柴油机调速器的维护与保养十飞车故障,provenance_index,仅在本声明来源及构型范围内使用,stated,01_datasets/marine_diesel_RAG_corpus_All_data/All_data/test/船机帮船用柴油机调速器的维护与保养十飞车故障.md,,高压油泵“0”位油量过大。,edge:8f11313d4224dd5668e11fc0,assertion:321f4e58f77f3100d5bd5f59
影响因素,机舱水密门敞开,记载于,来源,MAIB Safety Digest 2016 generator oil fire case,provenance_index,仅在本声明来源及构型范围内使用,stated,02_reports/MAIB_2016_Safety_Digest_generator_oil_fire.pdf,40,water entering the accommodation areas through the open engine room doorway,edge:8f170e4658795cdf08d54c02,assertion:1e4c97f992236fe013b27a4b
故障,海水隔离阀未完全关闭,记载于,来源,MAIB Safety Digest 2016 generator oil fire case,provenance_index,仅在本声明来源及构型范围内使用,stated,02_reports/MAIB_2016_Safety_Digest_generator_oil_fire.pdf,41,giving an impression that the valve was fully closed when it was not,edge:8f1c4e1e37bb3f86b83d2e63,assertion:eb1603f96f4e74bddf7fb5e7
运维措施,按机型设计调整离合器活塞端向间隙,适用于,设备,减速齿轮箱,applicability_index,GW系列船用齿轮箱；通用机理与A/B船匿名案例须区分，尺寸不能跨机型套用。,stated,01_datasets/marine_diesel_RAG_corpus_All_data/All_data/test/船机帮船用齿轮箱故障分析与管理对策.md,,针对故障原因更换了活塞，调整了内凹圈与从动齿轮的端向间隙。,edge:8f1ff1dfac31cf8cdb77a505,assertion:7196edb9a853c68eef49a1fd
运维措施,停用故障主机并查明报警原因,应对,状态,机油高温报警,source_case_statement,本报告案例，不外推为所有船舶已证实根因,reported_action,02_reports/MAIB_2018_01_Windcat8_bearing_failure_fire.pdf,11,stop the affected engine when a high oil temperature alarm activates,edge:8f49ab8352be35f78f9b7b57,assertion:d581c2d79d1d4b0d955a37d9
检查方法,核验喷油泵齿条与调速器行程对应关系,记载于,来源,船机帮船用柴油机调速器的维护与保养十飞车故障,provenance_index,仅在本声明来源及构型范围内使用,stated,01_datasets/marine_diesel_RAG_corpus_All_data/All_data/test/船机帮船用柴油机调速器的维护与保养十飞车故障.md,,喷油泵齿条的零油量位置、全油量位置与调速器内动力活塞的行程是否相对应。调速器加减油方向与喷油泵是否一致。,edge:8f5936fac109e373c5e6da79,assertion:bf0255766518c45858f0a5f8
故障,缸套黏着拉伤,记载于,来源,MAN SL2019-685 condition-based overhaul of cermet piston rings,provenance_index,仅在本声明来源及构型范围内使用,stated,02_reports/MAN_SL2019_685_ring_coating_wear.pdf,2,high iron content,edge:8f747b282daad8aad807abd3,assertion:c75f7697fa4a8beb7d5b4385
设备,共轨柴油机,服务于系统,系统,燃油与进排气系统,functional_classification,仅在本声明来源及构型范围内使用,stated,01_datasets/marine_diesel_RAG_corpus_All_data/All_data/test/船机帮船用共轨柴油机排气阀常见故障与排除.md,,排气阀打不开，一般由于共轨滑油漏泄导致油压不够引起的。,edge:8f7c155ce2e376d37e6dee71,assertion:57330215322269451db28c23
状态,螺旋桨出水,是概念的实例,状态,螺旋桨出水,concept_alignment,仅在本声明来源及构型范围内使用,stated,02_reports/MAIB_2026_06_Spirit_of_Discovery_propulsion_loss.pdf,42,pitching caused the propellers to come out of the water,edge:8f884f007fefcd33f02fab13,assertion:72635b6360aa82b62f83ff62
事故案例,DG1发电机故障与失电,涉及,部件,DG1 5号连杆大端轴瓦,case_index,仅在本声明来源及构型范围内使用,stated,02_reports/MAIB_2026_10_Kommandor_Susan_generator_bearing_failure.pdf,1,catastrophic failure of a diesel generator engine,edge:8f8dae6482988218008343e8,assertion:3f0e84b6a052ffaa5d49201e
设备,柴油机,记载于,来源,船机帮柴油机冷却水过高或过低的危害,provenance_index,仅在本声明来源及构型范围内使用,stated,01_datasets/marine_diesel_RAG_corpus_All_data/All_data/test/船机帮柴油机冷却水过高或过低的危害.md,,冷却水温度过高，致使活塞、活塞环、气缸套、缸盖和气门等零件的工作温度升高，导致充气不足，燃烧不正常，容易引起敲缸、爆燃。,edge:8fb899c75cfe8d179f051ce3,assertion:1b4b6d478a3064540f16592c
故障,CPP回油法兰破裂,适用于,设备,右舷可调螺距桨液压装置,applicability_index,本报告案例，不外推为所有船舶已证实根因,stated,02_reports/MAIB_2015_22_Pride_of_Canterbury_CPP_hydraulic_fire.pdf,29,flanged joint ruptured because the CPP system became over- pressurised,edge:8fc85fb203032b244aeed113,assertion:d8458191c7b24dcf16bbb586
设备,吊舱推进装置,记载于,来源,Spirit of Discovery loss of propulsion in heavy weather,provenance_index,仅在本声明来源及构型范围内使用,stated,02_reports/MAIB_2026_06_Spirit_of_Discovery_propulsion_loss.pdf,42,propellers to come out of the water,edge:8fcccf28f2638b6c41df0930,assertion:a575841b58bc50be10a3b1a9
状态,船舶仅剩应急电源,导致,故障,应急供电无法启动便携泵,source_case_statement,本报告案例，不外推为所有船舶已证实根因,reported,02_reports/MAIB_2016_Safety_Digest_generator_oil_fire.pdf,40,running on emergency power only,edge:8feee6594b5c455ca3aa3c63,assertion:665f82693919b448edb941c2
检查方法,定期验证保护系统全部子部件,适用于,设备,艉部谐波滤波器,applicability_index,本报告案例，不外推为所有船舶已证实根因,stated,02_reports/MAIB_2011_28_Queen_Mary_2_harmonic_filter_failure.pdf,69,all the sub-components in the system are functional,edge:8ff83a6099ecc8aa33f015af,assertion:a4803f5768ed49938cbf95b2
事故案例,发电机滑油泵堵头松脱火灾,涉及,设备,柴油发电机润滑与排气装置,case_index,仅在本声明来源及构型范围内使用,stated,02_reports/MAIB_2016_Safety_Digest_generator_oil_fire.pdf,26,fully loaded ro-ro passenger ferry,edge:8ffe501b1abb5953b85c3a1f,assertion:d751d629f62a10ea7a25ea61
运维措施,按电气隔离规程更换启动马达碳刷,适用于,设备,船舶动力装置,applicability_index,综合维护二次文章，原厂和标准出处未独立证实；不采纳文中统一周期、报警值、压力值、浮动轴承加脂和未经验证改造方案。以下仅用于检索维护主题，由适用机型规程决定具体操作。,stated,01_datasets/marine_diesel_RAG_corpus_All_data/All_data/test/船机帮船舶动力设备日常维护要点与常见故障排除.md,,补充电气系统电解液至 1.28 g/cm³，更换碳刷,edge:901455073cda678cccbf3187,assertion:d2694b39e51a37726e35189f
状态,密封O形圈溶胀,记载于,来源,船机帮船舶动力系统滑油水污染故障实例分析,provenance_index,仅在本声明来源及构型范围内使用,stated,01_datasets/marine_diesel_RAG_corpus_All_data/All_data/test/船机帮船舶动力系统滑油水污染故障实例分析.md,,冷却水处理剂与密封材料发生溶胀反应,edge:9016004631bdd8ccce6ba958,assertion:ac838077e58c1bd4af6eb6c7
运维措施,按本机要求调整传动皮带张紧,记载于,来源,船机帮船舶动力设备日常维护要点与常见故障排除,provenance_index,仅在本声明来源及构型范围内使用,stated,01_datasets/marine_diesel_RAG_corpus_All_data/All_data/test/船机帮船舶动力设备日常维护要点与常见故障排除.md,,系统调试需校准恒温阀，验证热交换器温差并调整皮带挠度,edge:90479e629ca1d6868a4fa997,assertion:e49ea15e74f9065551d53a72
运维措施,由合格人员按本机手册执行无励磁吹干,适用于,设备,交流发电机,applicability_index,STAMFORD/AvK对应交流发电机型号；AGN040应与本机Owner Manual联合使用；干燥与绝缘处置仅由合格人员实施。,stated,02_reports/STAMFORD_AGN040_winding_insulation.pdf,7,unexcited 'blow-drying',edge:90541445967ee1edabca01cb,assertion:835b2d943f821a0e8dfdbef2
事故案例,燃油法兰松动与主机火灾,涉及,状态,机舱火灾,case_index,仅在本声明来源及构型范围内使用,stated,02_reports/MAIB_2024_20_Stena_Europe_fuel_spray_fire.pdf,7,igniting on an exposed hot surface,edge:905ce781efc5c6e140745f4f,assertion:228539c3dad07def93d3ead1
状态,机舱爆炸风险,记载于,来源,船机帮高压共轨柴油机燃油喷射系统故障分析,provenance_index,仅在本声明来源及构型范围内使用,stated,01_datasets/marine_diesel_RAG_corpus_All_data/All_data/test/船机帮高压共轨柴油机燃油喷射系统故障分析.md,,高压燃油一旦出现泄漏故障，须及时定位排除，否则将有击伤、火灾甚至爆炸危险。,edge:906b7b982d03faa76f57514c,assertion:057216aec9620bb8e9aae7fb
故障,涡轮叶片变形,导致,状态,增压器转子质量分布不均,source_statement,船用废气涡轮增压器；拆装细节为VTR400示例，必须服从适用机型手册。,stated,01_datasets/marine_diesel_RAG_corpus_All_data/All_data/test/船机帮船舶柴油机废气涡轮增压器振动的主要原因有哪些.md,,由于涡轮叶片上严重积炭或叶片变形、折断、压气机叶轮、叶片变形或损坏等都会使转子质量分布发生变化,edge:908dd0d76bc28b208659690e,assertion:f9d6d4062da13d11ab485965
设备,高压油泵,记载于,来源,船机帮船用柴油机调速器的维护与保养十飞车故障,provenance_index,仅在本声明来源及构型范围内使用,stated,01_datasets/marine_diesel_RAG_corpus_All_data/All_data/test/船机帮船用柴油机调速器的维护与保养十飞车故障.md,,供油联接机构、高压油泵是否有阻卡。,edge:90bf45cf452498eadb09400f,assertion:edad828bd8724ee56741caca
运维措施,必要时由合格人员按厂家程序实施专用励磁干燥,记载于,来源,STAMFORD AGN040 winding insulation system,provenance_index,仅在本声明来源及构型范围内使用,stated,02_reports/STAMFORD_AGN040_winding_insulation.pdf,8,By separately exciting at a level,edge:90c15332913817a9db1dc230,assertion:909a9871436f65b03b659d6e
故障,喷油控制电磁阀堵塞,促成,状态,单缸排温偏低且喷油时长偏长,source_statement,航浚6008/MAN L32/44CR与CR2.2；轨压数值、扭矩与拆装必须核对本机手册。,possible,01_datasets/marine_diesel_RAG_corpus_All_data/All_data/test/船机帮高压共轨柴油机燃油喷射系统故障分析.md,,某缸排温偏低，而喷油时长明显大于其他缸时，可能是喷油控制电磁阀堵塞或卡在较小开度位置，需解体清洁活络阀芯,edge:90cbf0f579449e17984de32b,assertion:d4ebd6723670995098d0b33b
运维措施,按认可方法对冷却回路除垢,适用于,设备,船舶动力装置,applicability_index,综合维护二次文章，原厂和标准出处未独立证实；不采纳文中统一周期、报警值、压力值、浮动轴承加脂和未经验证改造方案。以下仅用于检索维护主题，由适用机型规程决定具体操作。,stated,01_datasets/marine_diesel_RAG_corpus_All_data/All_data/test/船机帮船舶动力设备日常维护要点与常见故障排除.md,,使用专用清洗剂除垢,edge:90e100008a8be7bb9f0c4e51,assertion:ce8b55f230e8f967c1b26efa
状态,气阀导管沉积增多,记载于,来源,船机帮船用共轨柴油机排气阀常见故障与排除,provenance_index,仅在本声明来源及构型范围内使用,stated,01_datasets/marine_diesel_RAG_corpus_All_data/All_data/test/船机帮船用共轨柴油机排气阀常见故障与排除.md,,气阀间隙过小或气阀导管中沉积物增多会导致阀杆卡住。,edge:90f2511a8b71cb2be191b8ac,assertion:bb2cf109bd99719cb96b3ea2
状态,气阀间隙过小,导致,状态,气阀关闭不严,source_statement,S6U-PTK与文中船舶发电机经验；部分表述不严谨，不采纳未经原厂确认的轴承结构改造建议。,possible,01_datasets/marine_diesel_RAG_corpus_All_data/All_data/test/船机帮船舶发电机常见故障及对策.md,,气阀机构回受热膨胀，过小的间隙造成关闭不严，漏气而导致燃烧不充分，出现黑烟现象；,edge:90fbf1a50fd447e52bd6092a,assertion:a4c99ad9a8c7975189b2ef14
运维措施,按厂家程序及时降负荷并核查气缸润滑,适用于,系统,燃油与进排气系统,functional_classification,MAN B&W两冲程柴油机缸套/活塞环；2016通函用于机理，润滑油选择须查2023通函及本机手册。不能把活塞咬死一概等同于已证实拉缸。,stated,02_reports/MAN_SL2016_633_piston_rings_scuffing.pdf,2,increased lubrication and reduced load,edge:9131483c46c49c93893dd1e2,assertion:2c10de78029cf3e20c214288
运维措施,按本机轴向间隙要求更换增压器止推轴承,记载于,来源,船机帮船舶动力设备日常维护要点与常见故障排除,provenance_index,仅在本声明来源及构型范围内使用,stated,01_datasets/marine_diesel_RAG_corpus_All_data/All_data/test/船机帮船舶动力设备日常维护要点与常见故障排除.md,,轴向窜动量＞ 0.3 mm 时更换止推轴承,edge:916e7eab479b21b7440ca308,assertion:619d862e6f49f90db0660355
故障,排气管未恢复保温,发生于,设备,柴油发电机润滑与排气装置,case_equipment_index,仅在本声明来源及构型范围内使用,stated,02_reports/MAIB_2016_Safety_Digest_generator_oil_fire.pdf,28,radiate heat to the protective casing,edge:9171b403640b5dc2aa6ec3d2,assertion:5998af4e96496b48199e2d65
故障,增压器轴承烧伤,表现为,状态,增压器转速下降,source_statement,船用废气涡轮增压器；拆装细节为VTR400示例，必须服从适用机型手册。,stated,01_datasets/marine_diesel_RAG_corpus_All_data/All_data/test/船机帮船舶柴油机废气涡轮增压器振动的主要原因有哪些.md,,轴承长时间使用后产生磨损、变形、裂纹和烧伤时，使摩擦力矩增大，转速下降，振动和噪声大增。,edge:91756b48aeb625461aae30e2,assertion:82b795c3aaa98991a8bbdfa0
运维措施,按本机要求补充滑油柜油位,记载于,来源,船机帮船舶动力设备日常维护要点与常见故障排除,provenance_index,仅在本声明来源及构型范围内使用,stated,01_datasets/marine_diesel_RAG_corpus_All_data/All_data/test/船机帮船舶动力设备日常维护要点与常见故障排除.md,,保持油位在视镜中高位与低位标记之间,edge:919281bf5321cc1f7c215680,assertion:31572290755e05878ce2101a
故障,连杆大端轴承断油,适用于,设备,故障主机,applicability_index,本报告案例，不外推为所有船舶已证实根因,stated,02_reports/MAIB_2018_14_Wight_Sky_engine_bearing_fire.pdf,14,lubrication supply to big end bearing 4 was blocked,edge:91a26326adb22aa5cebdac5f,assertion:7a15277ddefb5c9423c5140c
检查方法,委托合格机构检验主轴瓦材料质量,记载于,来源,船机帮柴油机轴瓦抱轴故障分析,provenance_index,仅在本声明来源及构型范围内使用,stated,01_datasets/marine_diesel_RAG_corpus_All_data/All_data/test/船机帮柴油机轴瓦抱轴故障分析.md,,"对故障机主轴瓦送第三方公司检测,未发现异常。",edge:91a3a1800d6a750dfcc76371,assertion:26438e38c97796f8ed58a3d3
状态,扫气温度升高,增加风险,故障,缸套黏着拉伤,source_statement,船用柴油机摩擦副；二次维修文章，机型及根因须核实；不能以某一症状直接确诊拉缸。,possible,01_datasets/marine_diesel_RAG_corpus_All_data/All_data/test/船机帮船用柴油机的拉缸故障.md,,柴油机参数异常没及时发现，高温水温度过高，冷却效果差，低温水温度过高，造成扫气温度高，排温偏高长期运行可造成拉缸，长时间超负荷运行，也可造成拉缸，长时间用劣质的燃油也可造成拉缸，应该定期检查做好早发现早预防，避免重大损失。,edge:91bee17d0992fbaac14bb669,assertion:598b80167fc06ee22d941c7b
事故案例,压载泵检修隔离失效与机舱进水,涉及,故障,应急供电无法启动便携泵,case_index,仅在本声明来源及构型范围内使用,stated,02_reports/MAIB_2016_Safety_Digest_generator_oil_fire.pdf,40,running on emergency power only,edge:91e283cf9c94151e4b87ad47,assertion:4746e67b0e3f674888d25898
事故案例,液压背压阀卡滞与火灾,涉及,影响因素,回油法兰未设喷溅保护,case_index,仅在本声明来源及构型范围内使用,stated,02_reports/MAIB_2015_22_Pride_of_Canterbury_CPP_hydraulic_fire.pdf,30,no evidence after the fire of shielding on the flanged joints,edge:91faf395cb9d4a95df60f1d2,assertion:f379677ba0fda3820eeb4b58
部件,曲轴主轴承,记载于,来源,MAIB Safety Digest 2013 lubrication and bearing cases,provenance_index,仅在本声明来源及构型范围内使用,stated,02_reports/MAIB_2013_Safety_Digest_lubrication_bearing_cases.pdf,21,fully loaded cargo ship,edge:92430322cb085f9fbcbc6985,assertion:2f9402955c88d02c7780ffd5
事故案例,误选可调螺距桨备用模式与泊位碰撞,涉及,影响因素,调光与推进安全按钮相邻相似,case_index,仅在本声明来源及构型范围内使用,stated,02_reports/MAIB_2016_Safety_Digest_generator_oil_fire.pdf,21,close proximity of the safety-critical propulsion control buttons,edge:9261ad750839111b851dc5ab,assertion:9b35738f12b8c6821196b8e2
故障,滑油冷却芯体腐蚀破损,适用于,设备,滑油冷却器,applicability_index,海水冷却的推进柴油机滑油系统；匿名二次报道。文中压力试验参数和标准引用未独立核实，不作为通用操作依据。,stated,01_datasets/marine_diesel_RAG_corpus_All_data/All_data/test/船机帮船舶动力系统滑油水污染故障实例分析.md,,海水冷却介质通过破损处渗透至滑油系统。,edge:9261f3a8dde9dfdaefd3fac5,assertion:b840852b24d913ebfc3b9fab
运维措施,按电气隔离规程更换启动马达碳刷,记载于,来源,船机帮船舶动力设备日常维护要点与常见故障排除,provenance_index,仅在本声明来源及构型范围内使用,stated,01_datasets/marine_diesel_RAG_corpus_All_data/All_data/test/船机帮船舶动力设备日常维护要点与常见故障排除.md,,补充电气系统电解液至 1.28 g/cm³，更换碳刷,edge:927686034e9145b8d0b11c73,assertion:d6174c2fc0ef06757f5fbce3
影响因素,缸体铸造砂眼缺陷,记载于,来源,船机帮船舶动力系统滑油水污染故障实例分析,provenance_index,仅在本声明来源及构型范围内使用,stated,01_datasets/marine_diesel_RAG_corpus_All_data/All_data/test/船机帮船舶动力系统滑油水污染故障实例分析.md,,水套腔体砂眼或裂纹在交变应力下扩展，形成渗水通道。,edge:9287d172cf76e2916aa685ba,assertion:488ec58c2bad215f0c839b1f
运维措施,机舱及时通报推进控制异常,记载于,来源,MAIB Safety Digest 2016 generator oil fire case,provenance_index,仅在本声明来源及构型范围内使用,stated,02_reports/MAIB_2016_Safety_Digest_generator_oil_fire.pdf,21,keep the bridge team informed of the status,edge:92939646ff18350d3b024f28,assertion:a76ef29fb7047a5c8bf0196b
事故案例,滑油滤芯漏装与主机抱轴,涉及,部件,双联滑油滤器,case_index,仅在本声明来源及构型范围内使用,stated,02_reports/MAIB_2013_Safety_Digest_lubrication_bearing_cases.pdf,21,fully loaded cargo ship,edge:92c96dabe1362a4b6f7ffab2,assertion:3de97b48b2bafc534b64d743
检查方法,以认可磁粉探伤方法检查喷油部件裂纹,适用于,设备,柴油发电机,applicability_index,S6U-PTK与文中船舶发电机经验；部分表述不严谨，不采纳未经原厂确认的轴承结构改造建议。,stated,01_datasets/marine_diesel_RAG_corpus_All_data/All_data/test/船机帮船舶发电机常见故障及对策.md,,出现裂缝可用磁粉探伤法进行检测,edge:92edb71e34b4ed48541371ee,assertion:1ac3bb9f008ab6825cbfa07a
部件,吊舱推进电机,记载于,来源,Spirit of Discovery loss of propulsion in heavy weather,provenance_index,仅在本声明来源及构型范围内使用,stated,02_reports/MAIB_2026_06_Spirit_of_Discovery_propulsion_loss.pdf,42,propellers to come out of the water,edge:92ee5e54a70249d6913b1f49,assertion:5a5de5010b78e998a31389aa
事故案例,可调螺距桨倒车响应迟缓与码头碰撞,涉及,状态,球鼻艏破损,case_index,仅在本声明来源及构型范围内使用,stated,02_reports/MAIB_2016_Safety_Digest_generator_oil_fire.pdf,29,bulbous bow was holed,edge:9302318b71bc4782dc9e7bcf,assertion:2285b3b8fd0e19d759ba491b
运维措施,按本机手册处理冷却水并定期送检,适用于,系统,燃油与进排气系统,functional_classification,MAN四冲程柴油机闭式淡水冷却；水质要求与添加剂须按具体机型手册确认。,stated,02_reports/MAN_SL2016_623_cooling_water.pdf,3,send a coolant sample to an,edge:930731a91371c66eae601cbf,assertion:737cc723c2dd6a78c7d24515
部件,高温报警线束,是概念的实例,部件,高温报警线束,concept_alignment,仅在本声明来源及构型范围内使用,stated,02_reports/MAIB_2013_Safety_Digest_lubrication_bearing_cases.pdf,40,small passenger catamaran,edge:9317833092a50abcec414373,assertion:69fc001c57acbd3bb39fd72b
参数,机械损失功率,表征,设备,试验柴油机,native_variable_dictionary,仅在本声明来源及构型范围内使用,stated,01_datasets/Marine_Engine_Fault_Data_v1/Marine_Engine_Fault_Data/variable_dictionary.csv,,"Mechanical Loss,Wm,kW,number,TRUE,TRUE,performance / derived,",edge:931954c8c1748d06ca2fae8f,assertion:c3d58ece0715d4d1304fbd4d
故障,压力燃油泄漏,导致,状态,燃油喷向裸露高温排气歧管,source_case_statement,本报告案例，不外推为所有船舶已证实根因,reported,02_reports/MAIB_2024_20_Stena_Europe_fuel_spray_fire.pdf,29,fuel sprayed onto the exposed exhaust manifold,edge:9319aa1e406a0d86a4356f53,assertion:8ec68d4bef4bddfed65b55bb
检查方法,定期记录发电机轴承温度,检查,部件,发电机轴承,source_check,S6U-PTK与文中船舶发电机经验；部分表述不严谨，不采纳未经原厂确认的轴承结构改造建议。,stated,01_datasets/marine_diesel_RAG_corpus_All_data/All_data/test/船机帮船舶发电机常见故障及对策.md,,定期测量、记录轴承温度,edge:933ed1fc9d4759bb4149622c,assertion:bb8e2cfbc1f7c043fd806011
检查方法,检查齿轮箱润滑效果,记载于,来源,船机帮船用齿轮箱故障分析与管理对策,provenance_index,仅在本声明来源及构型范围内使用,stated,01_datasets/marine_diesel_RAG_corpus_All_data/All_data/test/船机帮船用齿轮箱故障分析与管理对策.md,,应该经常检查润滑部位是否达到润滑效果，以及润滑剂有无杂质，是否失效，并重点监控滑油温度。,edge:934ebeb118b0e48692939747,assertion:6c62518b13bc2e9d7469a5aa
故障,曲轴主轴承与曲柄销断油,是概念的实例,故障,曲轴主轴承与曲柄销断油,concept_alignment,仅在本声明来源及构型范围内使用,stated,02_reports/MAIB_2022_04_Wight_Sky_multiple_engine_failures.pdf,84,oilway to the main journal and crankpin was blocked off when the bearing shells turned,edge:9353005af20647e0f41d7178,assertion:10b6e0e57db61872dbcc9328
部件,合闸中间继电器,记载于,来源,船机帮船舶柴油发电机主开关并网合闸失败故障的分析与排查,provenance_index,仅在本声明来源及构型范围内使用,stated,01_datasets/marine_diesel_RAG_corpus_All_data/All_data/test/船机帮船舶柴油发电机主开关并网合闸失败故障的分析与排查.md,,重点检测与主开关合闸信号的相关中间继电器和模块输出信号,edge:9359757df61f7a85707d1ac9,assertion:9c6a51beba228c374edc1fa8
故障,CPP执行器运动传递失效,导致,状态,驾驶台丧失左舷螺距控制,source_guidance_statement,实际证据是Hebrides的CPP执行器小型爪式联轴器，不是主推进轴联轴器断裂；主轴断裂根因不可由此推断。,reported,02_reports/MAIB_2017_20_Hebrides_CPP_coupling.pdf,30,control of the ferry’s port CPP was lost,edge:936f2c1210550c544718e354,assertion:00d1c60c76d6d255d0be8d50
检查方法,检测遥控电源模块绝缘,检查,故障,遥控电源绝缘不良,source_check,12V20/27、双机双轴双桨定距推进的文中闭环调速构型；信号接口及间隙不可跨机型套用。,stated,01_datasets/marine_diesel_RAG_corpus_All_data/All_data/test/船机帮某型船主机遥控系统典型故障分析.md,,用福禄克F124型示波器检测各电源模块输出端绝缘正常，输出稳定；测量空载电压，纹波在0.1 V以内；按照各电源模块设计负荷的60%通过电子负载进行带载试验,edge:93749d0f55a252cfc2387f4d,assertion:3aa8521a9bf09c1219c900b2
状态,零件热膨胀变形,导致,状态,零件配合间隙异常,source_statement,柴油机水冷机理二次资料；文中80–90℃等数值不能当作所有机型阈值。,possible,01_datasets/marine_diesel_RAG_corpus_All_data/All_data/test/船机帮柴油机冷却水过高或过低的危害.md,,高温使零件膨胀变形，严重地影响配合零件的正常间隙，甚至卡死。,edge:938256568230a53e8058001e,assertion:fdf74aada70017fd8a897938
影响因素,非原厂零件超出适用保养周期,是概念的实例,影响因素,非原厂零件超出适用保养周期,concept_alignment,仅在本声明来源及构型范围内使用,stated,02_reports/MAIB_2026_10_Kommandor_Susan_generator_bearing_failure.pdf,8,Use of the CTP parts beyond their design life led the connecting rod bearings to fail,edge:9385903b1646061e97efee3b,assertion:d035aa38acb8b4908e98c843
故障,电机与发电机轴承电蚀,适用于,系统,润滑与轴承系统,functional_classification,具有闭合轴电流路径的旋转电机；轴承绝缘和接地刷方案按厂家/机型确定，不能假定全部STAMFORD机型都需要绝缘轴承。,stated,02_reports/STAMFORD_AGN033_bearing_currents.pdf,1,electrical erosion of the bearing materials,edge:939b2001df13c97af91196b6,assertion:dd7a3d327aea3e5d1c73cc27
运维措施,按海用构型设计加装防滴百叶,记载于,来源,STAMFORD AGN040 winding insulation system,provenance_index,仅在本声明来源及构型范围内使用,stated,02_reports/STAMFORD_AGN040_winding_insulation.pdf,5,The addition of drip proof louvres is recommended,edge:939e731a2458a6a509b71249,assertion:02550bac0a036c38adcd69ba
故障,主机灾难性失效,发生于,设备,ME2主机,case_equipment_index,仅在本声明来源及构型范围内使用,stated,02_reports/MAIB_2022_04_Wight_Sky_multiple_engine_failures.pdf,84,ME2 failed catastrophically due to a sudden loss of lubricating oil supply,edge:93dd5db820059fd50d739f65,assertion:cbe11eeda636f0fc0b650d8e
事故案例,滑油滤芯漏装与主机抱轴,涉及,状态,油雾探测器反复报警,case_index,仅在本声明来源及构型范围内使用,stated,02_reports/MAIB_2013_Safety_Digest_lubrication_bearing_cases.pdf,21,OMD alarm activated again,edge:93f7513dec780202fdff93c1,assertion:b0e7320db378bdf603b236e6
故障,误选CPP备用控制模式,发生于,设备,可调螺距桨推进控制装置,case_equipment_index,仅在本声明来源及构型范围内使用,stated,02_reports/MAIB_2016_Safety_Digest_generator_oil_fire.pdf,21,close proximity of the safety-critical propulsion control buttons,edge:9417be7bf1bfbf7f23d17dc8,assertion:43885e61fe7b642b7ccc459f
运维措施,维持厂家要求的扫气冷却器水流量,适用于,系统,燃油与进排气系统,functional_classification,扫气空气冷却器水侧；该证据描述低流量局部沸腾及管路汽蚀，不等同于已证明所有冷却泵汽蚀由此引起。,stated,02_reports/MAN_main_engine_auxiliary_efficiency.pdf,11,maintains a constant cooling water flow,edge:943e7ab80c4646d5d8846588,assertion:a99cda29881655d18ed458fe
故障,柴油机敲缸,适用于,设备,柴油机,applicability_index,柴油机水冷机理二次资料；文中80–90℃等数值不能当作所有机型阈值。,stated,01_datasets/marine_diesel_RAG_corpus_All_data/All_data/test/船机帮柴油机冷却水过高或过低的危害.md,,冷却水温度过高，致使活塞、活塞环、气缸套、缸盖和气门等零件的工作温度升高，导致充气不足，燃烧不正常，容易引起敲缸、爆燃。,edge:944336d81a7eb61f3e06b37c,assertion:1a9f19d872d17845d5fdf98c
运维措施,按本机手册处理冷却水并定期送检,记载于,来源,MAN SL2016-623 cooling water treatment and periodical testing,provenance_index,仅在本声明来源及构型范围内使用,stated,02_reports/MAN_SL2016_623_cooling_water.pdf,3,send a coolant sample to an,edge:94806e94d617e46d4841aa21,assertion:adcb4c1a60eb60419ad85e14
检查方法,结合缸压与惯量刚度进行扭振分析并试验验证,适用于,系统,燃油与进排气系统,functional_classification,内燃机-发电机传动链一般机理；证据支持扭振导致失效风险及电气故障转矩冲击，但未建立某大型船主轴联轴器断裂的已证实事故链。,stated,02_reports/STAMFORD_AGN235_torsional_analysis.pdf,7,require validation by test,edge:949e977d99d4a406eded9baa,assertion:1d41b58b3ab5f230c1cd5923
状态,缸套局部高温,记载于,来源,船机帮船用柴油机的拉缸故障,provenance_index,仅在本声明来源及构型范围内使用,stated,01_datasets/marine_diesel_RAG_corpus_All_data/All_data/test/船机帮船用柴油机的拉缸故障.md,,若由于某种原因，油膜变薄或遭到破坏，因润滑不良出现干摩擦或半干摩擦，缸套与活塞环的摩擦系数突然增大，造成局部高温粘附磨损的过程。,edge:94ee6d0e47c216c62826edba,assertion:f453d3606a63467a88a19cbd
影响因素,非原厂轴承材料粘结较弱,促成,故障,连杆大端轴瓦失效,source_case_statement,本报告案例，不外推为所有船舶已证实根因,probable,02_reports/MAIB_2026_10_Kommandor_Susan_generator_bearing_failure.pdf,5,most likely root cause for the bearing failure is weak bonding of the copper layer,edge:94f52e3c3499866b59bf40ec,assertion:6e8439ba1f6a2bebc3ea77ac
检查方法,监测发电机轴承运行声音,检查,部件,发电机轴承,source_check,S6U-PTK与文中船舶发电机经验；部分表述不严谨，不采纳未经原厂确认的轴承结构改造建议。,stated,01_datasets/marine_diesel_RAG_corpus_All_data/All_data/test/船机帮船舶发电机常见故障及对策.md,,注意轴承运行声音,edge:95217ed386511a5b9b2fcda5,assertion:82d9dd0ad6438a39cc2ba3a2
状态,滑油系统油泥沉积,记载于,来源,油品课堂第六讲某船使用假冒润滑油导致主机烧瓦事故案例,provenance_index,仅在本声明来源及构型范围内使用,stated,01_datasets/marine_diesel_RAG_corpus_All_data/All_data/train/油品课堂第六讲某船使用假冒润滑油导致主机烧瓦事故案例.md,,这批假油，不但油膜强度不足，而且容易变质形成漆膜和油泥等沉积物，堵塞机油滤清器和油道，影响正常供油，导致烧瓦,edge:952a9df5b3313df260e2ae22,assertion:ebea2f416b98c17a6e537d53
状态,增压器振动增大,记载于,来源,船机帮船舶柴油机废气涡轮增压器振动的主要原因有哪些,provenance_index,仅在本声明来源及构型范围内使用,stated,01_datasets/marine_diesel_RAG_corpus_All_data/All_data/test/船机帮船舶柴油机废气涡轮增压器振动的主要原因有哪些.md,,轴承长时间使用后产生磨损、变形、裂纹和烧伤时，使摩擦力矩增大，转速下降，振动和噪声大增。,edge:953673b81d576aabf34d30bf,assertion:aa1616e9c0e4c1eecf83d602
故障,活塞环与缸套磨损,记载于,来源,MAN SL2019-685 condition-based overhaul of cermet piston rings,provenance_index,仅在本声明来源及构型范围内使用,stated,02_reports/MAN_SL2019_685_ring_coating_wear.pdf,2,high iron content,edge:955f5c442de32efe91392385,assertion:7723ea59ec77868d9c6b1bb2
状态,滑油劣化,记载于,来源,船机帮船舶动力设备日常维护要点与常见故障排除,provenance_index,仅在本声明来源及构型范围内使用,stated,01_datasets/marine_diesel_RAG_corpus_All_data/All_data/test/船机帮船舶动力设备日常维护要点与常见故障排除.md,,超标时需整批换油并追溯污染源,edge:95a0547af3a4d519889d9b83,assertion:4c11e5edf7e4a0e6ad2e99a2
检查方法,断电核验主开关分闸线圈,适用于,设备,发电机主开关,applicability_index,DG2、施耐德NW08-63和文中扩展箱构型；仅合格电气人员可按本船隔离规程检修。,stated,01_datasets/marine_diesel_RAG_corpus_All_data/All_data/test/船机帮船舶柴油发电机主开关并网合闸失败故障的分析与排查.md,,对其蓄能马达进行测量未发现问题，然后利用万用表对主开关的控制分闸线圈 MN 与 XF 进行测量,edge:95ada7c463d243fbe15ed1bd,assertion:97f0cae844ae336f2ad3d6c0
运维措施,清洁后按厂家程序烘干定子绕组,作用于,部件,发电机定子绕组,source_manufacturer_recommendation,STAMFORD/AvK对应交流发电机型号；AGN040应与本机Owner Manual联合使用；干燥与绝缘处置仅由合格人员实施。,guidance,02_reports/STAMFORD_AGN040_winding_insulation.pdf,8,baked in an oven to completely dry out,edge:95be618f75365efec57c53df,assertion:ca57f3dced596b4183f7fc81
状态,增压器径向振动增大,提示,故障,压气机喘振,source_statement,船用废气涡轮增压器；拆装细节为VTR400示例，必须服从适用机型手册。,possible,01_datasets/marine_diesel_RAG_corpus_All_data/All_data/test/船机帮船舶柴油机废气涡轮增压器振动的主要原因有哪些.md,,## 一 压气机喘振引起强烈振动 这种振动包含径向振动和轴向振动。,edge:95ca30ca093a8878f673fc15,assertion:a994ff01e80b859671a5a350
参数,轴转矩,记载于,来源,variable_dictionary,provenance_index,仅在本声明来源及构型范围内使用,stated,01_datasets/Marine_Engine_Fault_Data_v1/Marine_Engine_Fault_Data/variable_dictionary.csv,,"Shaft Torque,Tq,Nm,number,TRUE,TRUE,other,",edge:95dfb2586b12f0788b5aa04a,assertion:ed2a9375d9c1d50c3f78085a
故障,活塞咬死,发生于,设备,主机润滑装置,case_equipment_index,仅在本声明来源及构型范围内使用,stated,02_reports/MAIB_2013_Safety_Digest_lubrication_bearing_cases.pdf,21,seizure of several pistons,edge:95f8d4cd22aebf65755200b1,assertion:7eb94562131631aa5e266de2
运维措施,按手册清洁活络共轨节流阀顶杆,适用于,设备,高压共轨燃油喷射装置,applicability_index,航浚6008/MAN L32/44CR与CR2.2；轨压数值、扭矩与拆装必须核对本机手册。,stated,01_datasets/marine_diesel_RAG_corpus_All_data/All_data/test/船机帮高压共轨柴油机燃油喷射系统故障分析.md,,一般需拆检各节流阀，清洁、活络各节流阀电磁阀顶杆和阀芯部分，装复后，即可恢复正常。,edge:960ae6c6ee75bb8597d78c70,assertion:05e109bb3c18dcc095e3dd5a
检查方法,转速调节失效时检查调速器齿轮,检查,部件,调速器传动齿轮,source_check,调速器维修经验；不同调速器针阀与补偿调节不可照抄，飞车必须执行本船应急规程。,stated,01_datasets/marine_diesel_RAG_corpus_All_data/All_data/test/船机帮船用柴油机调速器的维护与保养十飞车故障.md,,转速调节失效——重点查离合器电机、各齿轮等,edge:961f547347c08d880bb850ee,assertion:58cc95685a59a35dce5f090f
运维措施,确认故障后按手册更换高压油泵,应对,故障,高压油泵泄漏,source_recommendation,航浚6008/MAN L32/44CR与CR2.2；轨压数值、扭矩与拆装必须核对本机手册。,stated,01_datasets/marine_diesel_RAG_corpus_All_data/All_data/test/船机帮高压共轨柴油机燃油喷射系统故障分析.md,,一般通过检查高压油泵或油头来确认，并换新故障的高压油泵或油头,edge:9632752f4785b6039087a25c,assertion:b9414833bcb5b6d3c5e6f406
检查方法,按电路规程监测电气比例阀驱动电流,记载于,来源,船机帮某型船主机遥控系统典型故障分析,provenance_index,仅在本声明来源及构型范围内使用,stated,01_datasets/marine_diesel_RAG_corpus_All_data/All_data/test/船机帮某型船主机遥控系统典型故障分析.md,,通过给EP阀线圈串联电流表监测各工况驱动电流信号,edge:9636a0a98e8c05145ed5bb34,assertion:92f8e79eb572e197c7101d28
状态,连杆小端刻痕,记载于,来源,Finlandia Seaways engine failure and fire,provenance_index,仅在本声明来源及构型范围内使用,stated,02_reports/MAIB_2021_02_Finlandia_Seaways_connecting_rod_failure.pdf,56,notch damage on the internal surfaces of their small end eyes,edge:964564f12cbdf55104d0f685,assertion:10cfb5ab974427ff0d7b47be
故障,油抹布接触高温排气歧管,是概念的实例,故障,油抹布接触高温排气歧管,concept_alignment,仅在本声明来源及构型范围内使用,stated,02_reports/MAIB_2013_Safety_Digest_lubrication_bearing_cases.pdf,41,Vibration caused the oil-soaked rag to fall,edge:965329bb69ab0311de7625fd,assertion:417a75706a31752a9d071ced
故障,高温报警线束烧损短路,是概念的实例,故障,高温报警线束烧损短路,concept_alignment,仅在本声明来源及构型范围内使用,stated,02_reports/MAIB_2013_Safety_Digest_lubrication_bearing_cases.pdf,41,causing it to short circuit and set off the alarm,edge:965423d064eb505987e307c5,assertion:049c569a0ce0cef9600eae56
检查方法,检查齿轮箱润滑剂状态,检查,状态,齿轮箱滑油劣化,source_check,GW系列船用齿轮箱；通用机理与A/B船匿名案例须区分，尺寸不能跨机型套用。,stated,01_datasets/marine_diesel_RAG_corpus_All_data/All_data/test/船机帮船用齿轮箱故障分析与管理对策.md,,应该经常检查润滑部位是否达到润滑效果，以及润滑剂有无杂质，是否失效，并重点监控滑油温度。,edge:96583b1506b35ec137636e87,assertion:d00aba584130a29ae5f87e22
故障,主机灾难性失效,是概念的实例,故障,主机灾难性失效,concept_alignment,仅在本声明来源及构型范围内使用,stated,02_reports/MAIB_2022_04_Wight_Sky_multiple_engine_failures.pdf,84,ME2 failed catastrophically due to a sudden loss of lubricating oil supply,edge:966fbce32c6ca44b7e2d964e,assertion:09e69a42d6ef6457b67389fb
设备,交流发电机,服务于系统,系统,电力与控制系统,functional_classification,仅在本声明来源及构型范围内使用,stated,02_reports/STAMFORD_AGN076_alternator_bearings.pdf,6,hydrostatic jacking equipment is highly recommended,edge:96976f741f922093c5a9cfba,assertion:f49914b354fc07bdad216e29
事故案例,误选可调螺距桨备用模式与泊位碰撞,涉及,设备,可调螺距桨推进控制装置,case_index,仅在本声明来源及构型范围内使用,stated,02_reports/MAIB_2016_Safety_Digest_generator_oil_fire.pdf,19,large roll-on roll-off passenger ferry,edge:96a4a0b91d7f38c2a79f5a91,assertion:1c28987c4047b4cdace02156
运维措施,按本机规程干燥绝缘受潮的发电机绕组,记载于,来源,船机帮冬季卡特柴油发电机组的安全运行,provenance_index,仅在本声明来源及构型范围内使用,stated,01_datasets/marine_diesel_RAG_corpus_All_data/All_data/test/船机帮冬季卡特柴油发电机组的安全运行.md,,若绝缘电阻低于上述数值，必须进行干燥处理。,edge:96b433e0f734553e0152b1f2,assertion:395194c34ae16ecf9944df92
检查方法,核查轴电压电流与轴承接地绝缘方案,适用于,系统,润滑与轴承系统,functional_classification,具有闭合轴电流路径的旋转电机；轴承绝缘和接地刷方案按厂家/机型确定，不能假定全部STAMFORD机型都需要绝缘轴承。,stated,02_reports/STAMFORD_AGN033_bearing_currents.pdf,3,shaft voltage measurement,edge:96c785a41213c1755f05414a,assertion:d21c199cbbbe39b9482c4b0d
部件,发电机机罩,记载于,来源,STAMFORD AGN040 winding insulation system,provenance_index,仅在本声明来源及构型范围内使用,stated,02_reports/STAMFORD_AGN040_winding_insulation.pdf,7,engineered natural convection of airflow through the canopy,edge:96d04cc3ab3f26b1adedd14e,assertion:d6e9cac8c0cd8ce446dd749d
运维措施,将螺旋桨出水风险纳入耐波决策,应对,状态,螺旋桨出水,source_case_statement,本报告案例，不外推为所有船舶已证实根因,reported_action,02_reports/MAIB_2026_06_Spirit_of_Discovery_propulsion_loss.pdf,53,includes propeller exposure in wave heights up to 10.5m,edge:96f6a168399cbbf9f95b088f,assertion:ce68aa94ffcdcf6eee6c4e70
参数,2缸最高缸压,记载于,来源,variable_dictionary,provenance_index,仅在本声明来源及构型范围内使用,stated,01_datasets/Marine_Engine_Fault_Data_v1/Marine_Engine_Fault_Data/variable_dictionary.csv,,"Max. In-Cylinder Press. No.2,Pmax,MPa,number,TRUE,TRUE,pressure / derived pressure,shorthand label is reused across cylinder-resolved and/or aggregate variables; use the full variable-name row during preprocessing",edge:97016d40951c3e267fde934c,assertion:45afe35aba841ea02c94e765
状态,隔振器压缩量不一致,导致,状态,隔振器刚度不一致,source_statement,某型巡逻船试航故障二次报道；排查中已排除的原因不作为本案正向根因，油品及公差不能跨机型使用。,possible,01_datasets/marine_diesel_RAG_corpus_All_data/All_data/test/船机帮柴油机轴瓦抱轴故障分析.md,,"主机安装基座平面度可能导致柴油机各隔振器压缩量存在差异,使各隔振器高度不一致,造成隔振器刚度不一致,影响柴油机运行过程中的对中状态。",edge:972340cef3046a3b57eaef44,assertion:f2c186b1cd64b874386543f9
影响因素,缸体铸造砂眼缺陷,增加风险,状态,缸体水套渗水通道形成,source_statement,海水冷却的推进柴油机滑油系统；匿名二次报道。文中压力试验参数和标准引用未独立核实，不作为通用操作依据。,possible,01_datasets/marine_diesel_RAG_corpus_All_data/All_data/test/船机帮船舶动力系统滑油水污染故障实例分析.md,,水套腔体砂眼或裂纹在交变应力下扩展，形成渗水通道。,edge:9723902a2f3ddc89068ea8ee,assertion:1fda032ab099243e0f53be5e
运维措施,确认故障后按手册更换高压油泵,适用于,设备,高压共轨燃油喷射装置,applicability_index,航浚6008/MAN L32/44CR与CR2.2；轨压数值、扭矩与拆装必须核对本机手册。,stated,01_datasets/marine_diesel_RAG_corpus_All_data/All_data/test/船机帮高压共轨柴油机燃油喷射系统故障分析.md,,一般通过检查高压油泵或油头来确认，并换新故障的高压油泵或油头,edge:9753b6f31813333b7ff6d8de,assertion:cbd43752980062a556438d6a
状态,不溶灰分沉积,增加风险,故障,气缸磨损增加,source_statement,船用柴油机摩擦副；二次维修文章，机型及根因须核实；不能以某一症状直接确诊拉缸。,possible,01_datasets/marine_diesel_RAG_corpus_All_data/All_data/test/船机帮船用柴油机的拉缸故障.md,,灰分过高会导致燃烧室，活塞头，顶环沉积过多，一些不溶灰分也会造成磨损。,edge:975bb35ce932a2230602e22f,assertion:70db617ea1b92a7aa2b50f18
影响因素,非原厂零件超出适用保养周期,促成,故障,连杆大端轴瓦失效,source_case_statement,本报告案例，不外推为所有船舶已证实根因,reported,02_reports/MAIB_2026_10_Kommandor_Susan_generator_bearing_failure.pdf,8,Use of the CTP parts beyond their design life led the connecting rod bearings to fail,edge:975dd3879528c9f349f409e5,assertion:a006fbe5150230db746868c5
状态,液压油喷向高温排气管,记载于,来源,Pride of Canterbury CPP hydraulic overpressure and fire,provenance_index,仅在本声明来源及构型范围内使用,stated,02_reports/MAIB_2015_22_Pride_of_Canterbury_CPP_hydraulic_fire.pdf,29,"spray of hydraulic oil, from a ruptured pipework joint",edge:9792f5b6b47d1aabc99773da,assertion:1c69d3d8d77afb3afc9831d4
检查方法,核验喷油泵齿条与调速器行程对应关系,检查,影响因素,喷油泵齿条行程匹配错误,source_check,调速器维修经验；不同调速器针阀与补偿调节不可照抄，飞车必须执行本船应急规程。,stated,01_datasets/marine_diesel_RAG_corpus_All_data/All_data/test/船机帮船用柴油机调速器的维护与保养十飞车故障.md,,喷油泵齿条的零油量位置、全油量位置与调速器内动力活塞的行程是否相对应。调速器加减油方向与喷油泵是否一致。,edge:9797bf043b89228b06ad9b4b,assertion:cf928acb598c30122eac54f6
运维措施,按原厂周期清洗更换增压器滤网,适用于,设备,柴油发电机,applicability_index,S6U-PTK与文中船舶发电机经验；部分表述不严谨，不采纳未经原厂确认的轴承结构改造建议。,stated,01_datasets/marine_diesel_RAG_corpus_All_data/All_data/test/船机帮船舶发电机常见故障及对策.md,,定时清洗并更换滤网；,edge:97c6fdac98443e411f7e9c0f,assertion:573625dc49191d23d4051b99
检查方法,定期按手册核验高压油管接头紧固与泄漏,检查,故障,高压燃油接头泄漏,source_check,航浚6008/MAN L32/44CR与CR2.2；轨压数值、扭矩与拆装必须核对本机手册。,stated,01_datasets/marine_diesel_RAG_corpus_All_data/All_data/test/船机帮高压共轨柴油机燃油喷射系统故障分析.md,,定期对各高压油管接头进行扭力复紧检查，及时处理轻微泄漏,edge:9805acd9c50521b6478ba566,assertion:ff91a959b15076d054fd19d8
状态,进水蔓延至住舱,是概念的实例,状态,进水蔓延至住舱,concept_alignment,仅在本声明来源及构型范围内使用,stated,02_reports/MAIB_2016_Safety_Digest_generator_oil_fire.pdf,40,water entering the accommodation areas through the open engine room doorway,edge:980a02c9228f9cbed1e41c2e,assertion:b346f587d8e13549f4f1f009
状态,靠泊推进制动能力丧失,导致,状态,船艏撞击泊位,source_case_statement,本报告案例，不外推为所有船舶已证实根因,reported,02_reports/MAIB_2013_Safety_Digest_lubrication_bearing_cases.pdf,15,ferry’s bow hitting her berth at a speed of 2.5kts,edge:98145ceaf83adb4ec68e5456,assertion:49f9eb3280548497a74d9b09
状态,气缸充气不足,记载于,来源,船机帮柴油机冷却水过高或过低的危害,provenance_index,仅在本声明来源及构型范围内使用,stated,01_datasets/marine_diesel_RAG_corpus_All_data/All_data/test/船机帮柴油机冷却水过高或过低的危害.md,,冷却水温度过高，致使活塞、活塞环、气缸套、缸盖和气门等零件的工作温度升高，导致充气不足，燃烧不正常，容易引起敲缸、爆燃。,edge:983d31a0f07dcae479c616ac,assertion:0ac0a1dd15f09d004c3baffa
状态,滑油黏度过高,导致,状态,滑油流动性变差,source_statement,柴油机水冷机理二次资料；文中80–90℃等数值不能当作所有机型阈值。,stated,01_datasets/marine_diesel_RAG_corpus_All_data/All_data/test/船机帮柴油机冷却水过高或过低的危害.md,,冷却水温度过低，润滑油温度随之下降，机油在低温时粘度较大，流动性差,edge:983f116fc527bc89089e4929,assertion:3cd4801843be2dad6d029a0c
影响因素,燃油钒钠等腐蚀性成分,记载于,来源,船机帮船用共轨柴油机排气阀常见故障与排除,provenance_index,仅在本声明来源及构型范围内使用,stated,01_datasets/marine_diesel_RAG_corpus_All_data/All_data/test/船机帮船用共轨柴油机排气阀常见故障与排除.md,,钒、钠等高温燃烧产物腐蚀排气阀。,edge:984492905e50287b16dcbbd1,assertion:3585005689e142aa15b86552
检查方法,按实验室方法测定滑油水分,记载于,来源,船机帮船舶动力系统滑油水污染故障实例分析,provenance_index,仅在本声明来源及构型范围内使用,stated,01_datasets/marine_diesel_RAG_corpus_All_data/All_data/test/船机帮船舶动力系统滑油水污染故障实例分析.md,,油样水分检测采取卡尔费休库伦滴定法,edge:986cae4f7e62bbc490e3602f,assertion:1d26aa8e0ae1faaea3bc0c29
部件,活塞与缸套,记载于,来源,MAIB Safety Digest 2013 lubrication and bearing cases,provenance_index,仅在本声明来源及构型范围内使用,stated,02_reports/MAIB_2013_Safety_Digest_lubrication_bearing_cases.pdf,21,fully loaded cargo ship,edge:9873cc6ca53ecb948bbc4eb3,assertion:34f37028455840b556f8381a
影响因素,机舱水密门敞开,加剧,状态,进水蔓延至住舱,source_case_statement,本报告案例，不外推为所有船舶已证实根因,reported,02_reports/MAIB_2016_Safety_Digest_generator_oil_fire.pdf,40,water entering the accommodation areas through the open engine room doorway,edge:987e0a1cc7c4599fa89de222,assertion:8c9578dec54a6edfbf3843ad
事故案例,误选可调螺距桨备用模式与泊位碰撞,涉及,部件,可调螺距桨备用模式按钮,case_index,仅在本声明来源及构型范围内使用,stated,02_reports/MAIB_2016_Safety_Digest_generator_oil_fire.pdf,19,large roll-on roll-off passenger ferry,edge:988df1a2e35deab8ac096136,assertion:894de716a7ce38b40c8a5760
影响因素,排气隔热与屏蔽缺失损坏,促成,状态,排气歧管裸露高温,source_case_statement,本报告案例，不外推为所有船舶已证实根因,reported,02_reports/MAIB_2024_20_Stena_Europe_fuel_spray_fire.pdf,29,insulation and shielding,edge:98b1ae27db80a76242273f9e,assertion:efc45bc24bb04034b7406d06
故障,排气阀故障,记载于,来源,船机帮船用共轨柴油机排气阀常见故障与排除,provenance_index,仅在本声明来源及构型范围内使用,stated,01_datasets/marine_diesel_RAG_corpus_All_data/All_data/test/船机帮船用共轨柴油机排气阀常见故障与排除.md,,共轨柴油机排气阀常见故障有,edge:98b96ac7ae2b5edd60f2c1ae,assertion:3f0c8f5a77db0e0958ec2fdf
状态,海水经泵进口管大量流入,记载于,来源,MAIB Safety Digest 2016 generator oil fire case,provenance_index,仅在本声明来源及构型范围内使用,stated,02_reports/MAIB_2016_Safety_Digest_generator_oil_fire.pdf,40,water started to flow from the inlet pipe,edge:98f05afd6591b7fb640fb53e,assertion:3a45215ede9121f9012f3b6c
状态,曲轴与机座需大修,记载于,来源,MAN SL2013-569 bearing wear monitoring and bearing seizure,provenance_index,仅在本声明来源及构型范围内使用,stated,02_reports/MAN_SL2013_569_bearing_wear_monitoring.pdf,2,comprehensive repair of the crankshaft and bearing,edge:9922ea6520dc7bda74c11d8d,assertion:18a081b93674a0af5a9ab1d7
影响因素,联轴器紧定螺钉缺少锁固措施,记载于,来源,MAIB Hebrides CPP actuator coupling failure,provenance_index,仅在本声明来源及构型范围内使用,stated,02_reports/MAIB_2017_20_Hebrides_CPP_coupling.pdf,35,absence of thread locking fluid,edge:992adc0d539c901e694a24c6,assertion:5f746415e75f930674feb35d
运维措施,完成认可修复后更换被污染滑油,应对,状态,滑油含水污染,source_recommendation,海水冷却的推进柴油机滑油系统；匿名二次报道。文中压力试验参数和标准引用未独立核实，不作为通用操作依据。,stated,01_datasets/marine_diesel_RAG_corpus_All_data/All_data/test/船机帮船舶动力系统滑油水污染故障实例分析.md,,故障修复后，船员对系统滑油进行换新,edge:9946e8687012062531870ca2,assertion:564e975509d1939e059d0c45
检查方法,检测冷却液pH值,适用于,设备,滑油冷却器,applicability_index,海水冷却的推进柴油机滑油系统；匿名二次报道。文中压力试验参数和标准引用未独立核实，不作为通用操作依据。,stated,01_datasets/marine_diesel_RAG_corpus_All_data/All_data/test/船机帮船舶动力系统滑油水污染故障实例分析.md,,定期开展缓蚀剂浓度、pH 值浓度、氯离子浓度等影响冷却液腐蚀率的关键指标检测,edge:9950eeb278c30fbeb2ba5e8a,assertion:cf9534213ef9b183ff2c657b
部件,气缸盖,记载于,来源,船机帮柴油机轴瓦抱轴故障分析,provenance_index,仅在本声明来源及构型范围内使用,stated,01_datasets/marine_diesel_RAG_corpus_All_data/All_data/test/船机帮柴油机轴瓦抱轴故障分析.md,,对故障柴油机进行拆检，拆下柴油机外围管路、气缸盖，拆除活塞、连杆组件和曲轴。,edge:9960eaea0569e114336c439b,assertion:ca8d693e1bec6cabb768e35e
故障,滑油滤清器与油道堵塞,适用于,设备,柴油机,applicability_index,二次转载文章，船舶/原始报告身份未核实；不计入正式事故案例,stated,01_datasets/marine_diesel_RAG_corpus_All_data/All_data/train/油品课堂第六讲某船使用假冒润滑油导致主机烧瓦事故案例.md,,这批假油，不但油膜强度不足，而且容易变质形成漆膜和油泥等沉积物，堵塞机油滤清器和油道，影响正常供油，导致烧瓦,edge:99761c80a4514141bc55794e,assertion:7472723578a6b3730adf5d8c
部件,海水滤网,记载于,来源,船机帮船舶动力设备日常维护要点与常见故障排除,provenance_index,仅在本声明来源及构型范围内使用,stated,01_datasets/marine_diesel_RAG_corpus_All_data/All_data/test/船机帮船舶动力设备日常维护要点与常见故障排除.md,,清洗或更换堵塞率超 40% 的海水滤网,edge:999b70109c1f3863063095b2,assertion:a4008ed82321934b4fdb238b
状态,螺旋桨出水,记载于,来源,Spirit of Discovery loss of propulsion in heavy weather,provenance_index,仅在本声明来源及构型范围内使用,stated,02_reports/MAIB_2026_06_Spirit_of_Discovery_propulsion_loss.pdf,42,pitching caused the propellers to come out of the water,edge:99ade310f6a0034dbbed1965,assertion:6940c77a7e9d9f265b562712
故障,增压空气冷却器污损,记载于,来源,dataset_index,provenance_index,仅在本声明来源及构型范围内使用,stated,01_datasets/Marine_Engine_Fault_Data_v1/Marine_Engine_Fault_Data/dataset_index.csv,,"AC_Fouling/AC_Fouling_40_Load.csv,scenario,Air-cooler fouling,40%,single load condition,3,4678,73,""binary (0=pre-anomaly, 1=anomaly)"",Pre-anomaly and anomaly segments.",edge:99b3a0330132196333147598,assertion:fa552530749c331b563e6130
故障,活塞偏磨,记载于,来源,船机帮船用柴油机的拉缸故障,provenance_index,仅在本声明来源及构型范围内使用,stated,01_datasets/marine_diesel_RAG_corpus_All_data/All_data/test/船机帮船用柴油机的拉缸故障.md,,活塞不对中，造成活塞偏磨，甚至活塞裙磨到缸套，造成部分区域拉伤,edge:99b8b95f123ba20c207c5d6d,assertion:53c69a86b618aa28b0357cea
状态,减振器滑油供给不足或含水污染,促成,故障,扭振减振器失效,source_guidance_statement,MAN L16/24、L21/31、L27/38等通函列明机型；不得推广其维护周期到其它机型。,possible,02_reports/MAN_SL2017_654_torsional_damper.pdf,1,will reduce the service life,edge:99d5013882c407e27e3ff365,assertion:251418e603f70a188fb5857a
故障,高压油泵节流阀小开度卡滞,适用于,设备,高压共轨燃油喷射装置,applicability_index,航浚6008/MAN L32/44CR与CR2.2；轨压数值、扭矩与拆装必须核对本机手册。,stated,01_datasets/marine_diesel_RAG_corpus_All_data/All_data/test/船机帮高压共轨柴油机燃油喷射系统故障分析.md,,实际各高压油泵节流阀卡在较小或全关的位置，造成进入高压油泵的油量不足，共轨压力上不来，主机无法启动。,edge:99e26ef720d1eebfedfc37cb,assertion:daeaeb8d2f5aa8f31325d17d
运维措施,将螺旋桨出水风险纳入耐波决策,适用于,设备,吊舱推进装置,applicability_index,本报告案例，不外推为所有船舶已证实根因,stated,02_reports/MAIB_2026_06_Spirit_of_Discovery_propulsion_loss.pdf,53,includes propeller exposure in wave heights up to 10.5m,edge:99ea67baeb367a8ce548a227,assertion:2f25fcbfc9e19d940b8697b3
故障,排气阀烧损,属于概念类别,故障,排气阀故障,curator_concept_taxonomy,依据该文故障枚举整理的概念包含关系，非事故根因关系,stated,01_datasets/marine_diesel_RAG_corpus_All_data/All_data/test/船机帮船用共轨柴油机排气阀常见故障与排除.md,,共轨柴油机排气阀常见故障有,edge:99eb2bfb4cd40a043079d9a6,assertion:8d0e3586806be95126d94a41
故障,气缸磨损增加,适用于,设备,柴油机,applicability_index,船用柴油机摩擦副；二次维修文章，机型及根因须核实；不能以某一症状直接确诊拉缸。,stated,01_datasets/marine_diesel_RAG_corpus_All_data/All_data/test/船机帮船用柴油机的拉缸故障.md,,灰分过高会导致燃烧室，活塞头，顶环沉积过多，一些不溶灰分也会造成磨损。,edge:99f474f5aa7c31dc0dd230a5,assertion:1fa5b28475e06627394686da
故障,在线滑油滤器缺少滤芯,记载于,来源,MAIB Safety Digest 2013 lubrication and bearing cases,provenance_index,仅在本声明来源及构型范围内使用,stated,02_reports/MAIB_2013_Safety_Digest_lubrication_bearing_cases.pdf,21,duplex filter was found without a filter cartridge,edge:99fefbd474fc8da9f9edca48,assertion:1205e6cc138d7447ad1290ee
检查方法,检测滑油运动黏度变化,适用于,设备,滑油冷却器,applicability_index,海水冷却的推进柴油机滑油系统；匿名二次报道。文中压力试验参数和标准引用未独立核实，不作为通用操作依据。,stated,01_datasets/marine_diesel_RAG_corpus_All_data/All_data/test/船机帮船舶动力系统滑油水污染故障实例分析.md,,重点关注水分、黏度、酸值等指标变化，超标时及时预警并检查排故。,edge:9a023980880723ce42e4b493,assertion:ed5e1a88898f682477106245
检查方法,按OEM要求检查执行器联轴器紧固完整性,检查,故障,CPP执行器联轴器松脱,source_guidance_statement,实际证据是Hebrides的CPP执行器小型爪式联轴器，不是主推进轴联轴器断裂；主轴断裂根因不可由此推断。,reported_action,02_reports/MAIB_2017_20_Hebrides_CPP_coupling.pdf,36,inspection and integrity of the jaw coupling,edge:9a0d3ca6e7f087a4c29a5e08,assertion:58eccddb2407766eed403d03
影响因素,长期使用不合格燃油,增加风险,故障,缸套黏着拉伤,source_statement,船用柴油机摩擦副；二次维修文章，机型及根因须核实；不能以某一症状直接确诊拉缸。,possible,01_datasets/marine_diesel_RAG_corpus_All_data/All_data/test/船机帮船用柴油机的拉缸故障.md,,柴油机参数异常没及时发现，高温水温度过高，冷却效果差，低温水温度过高，造成扫气温度高，排温偏高长期运行可造成拉缸，长时间超负荷运行，也可造成拉缸，长时间用劣质的燃油也可造成拉缸，应该定期检查做好早发现早预防，避免重大损失。,edge:9a29c1a1f754e5124367fb50,assertion:95009e4e5d2c92980181f99a
检查方法,断电核验主开关合闸线圈,检查,部件,主开关合闸线圈,source_check,DG2、施耐德NW08-63和文中扩展箱构型；仅合格电气人员可按本船隔离规程检修。,stated,01_datasets/marine_diesel_RAG_corpus_All_data/All_data/test/船机帮船舶柴油发电机主开关并网合闸失败故障的分析与排查.md,,对其蓄能马达进行测量未发现问题，然后利用万用表对主开关的控制分闸线圈 MN 与 XF 进行测量,edge:9a3e772fa33264f655508b71,assertion:ef2a866b3bc53559d0439e0c
运维措施,按适用机型维护接地刷与绝缘轴承,适用于,系统,电力与控制系统,functional_classification,具有闭合轴电流路径的旋转电机；轴承绝缘和接地刷方案按厂家/机型确定，不能假定全部STAMFORD机型都需要绝缘轴承。,stated,02_reports/STAMFORD_AGN033_bearing_currents.pdf,3,rotor earthing brush and insulated bearings,edge:9a41e67b01e0189d16b5dff8,assertion:717fcfe732f43f5f7140b95d
检查方法,按说明书进行喷油器试压,适用于,设备,共轨柴油机,applicability_index,共轨柴油机排气阀，厂家与具体型号未确定；仅作机理检索测试，不作直接操作授权。,stated,01_datasets/marine_diesel_RAG_corpus_All_data/All_data/test/船机帮船用共轨柴油机排气阀常见故障与排除.md,,喷油器使用前轮机员要严格按照说明书进行试压、雾化试验、密封性等检查,edge:9a686fbe72b9eba0ea648051,assertion:87a1f56f333d0128bc5b8a32
事故案例,ME4连杆轴承盖错装失效,涉及,部件,ME4连杆大端轴承盖,case_index,仅在本声明来源及构型范围内使用,stated,02_reports/MAIB_2022_04_Wight_Sky_multiple_engine_failures.pdf,84,ME4 failed catastrophically because of an assembly error,edge:9a6d4580d103ab59bf26e08c,assertion:81ebdc68921d08158326d52d
检查方法,检查高压油泵卡阻,检查,设备,高压油泵,source_check,调速器维修经验；不同调速器针阀与补偿调节不可照抄，飞车必须执行本船应急规程。,stated,01_datasets/marine_diesel_RAG_corpus_All_data/All_data/test/船机帮船用柴油机调速器的维护与保养十飞车故障.md,,供油联接机构、高压油泵是否有阻卡。,edge:9a81e37503b42c42929ed689,assertion:f42e7fcb4de34f561a0627d1
状态,燃油共轨压力不足,导致,状态,主机启动失败,source_statement,航浚6008/MAN L32/44CR与CR2.2；轨压数值、扭矩与拆装必须核对本机手册。,stated,01_datasets/marine_diesel_RAG_corpus_All_data/All_data/test/船机帮高压共轨柴油机燃油喷射系统故障分析.md,,实际各高压油泵节流阀卡在较小或全关的位置，造成进入高压油泵的油量不足，共轨压力上不来，主机无法启动。,edge:9a82e0e80854390a3359ba9d,assertion:c86ea8abe2f10c8e564f96d2
状态,减振器异响或机组振动变化,记载于,来源,MAN SL2017-654 crankshaft torsional vibration damper,provenance_index,仅在本声明来源及构型范围内使用,stated,02_reports/MAN_SL2017_654_torsional_damper.pdf,1,abnormal noise,edge:9a96be36e5b6188140f1a3a2,assertion:87e257cd421662867777cc9e
状态,推进电机扭矩骤降,导致,状态,推进电机超速,source_case_statement,本报告案例，不外推为所有船舶已证实根因,reported,02_reports/MAIB_2026_06_Spirit_of_Discovery_propulsion_loss.pdf,42,led to a very rapid increase in the motors’ rpm,edge:9aa36f61d66a02a3c9ad7a56,assertion:d5a6c7dde40785811cf33f7e
运维措施,确认渗漏后按手册更换缸套水腔密封件,应对,状态,冷却水沿缸套进入曲轴箱,source_recommendation,海水冷却的推进柴油机滑油系统；匿名二次报道。文中压力试验参数和标准引用未独立核实，不作为通用操作依据。,stated,01_datasets/marine_diesel_RAG_corpus_All_data/All_data/test/船机帮船舶动力系统滑油水污染故障实例分析.md,,定期检测缸套水腔密封性，重点检查缸套阻水圈、水腔盖板垫片等薄弱点，发现渗漏立即更换密封件,edge:9aa3b09b90d9400d1a7af50d,assertion:4f2db5b48d62c8ce61a786a6
检查方法,日常检查排气阀弹簧状态,检查,部件,气阀弹簧,source_check,共轨柴油机排气阀，厂家与具体型号未确定；仅作机理检索测试，不作直接操作授权。,stated,01_datasets/marine_diesel_RAG_corpus_All_data/All_data/test/船机帮船用共轨柴油机排气阀常见故障与排除.md,,包括对喷油器、排气阀阀杆、弹簧、阀壳等检查，确保各部件工况正常。,edge:9ad57b7178822005a96506fa,assertion:f266dacfd2cf33b3020180d0
部件,螺距控制油路,是概念的实例,部件,螺距控制油路,concept_alignment,仅在本声明来源及构型范围内使用,stated,02_reports/MAIB_2015_22_Pride_of_Canterbury_CPP_hydraulic_fire.pdf,30,Pride of Canterbury,edge:9ada9046cb29d818004857ff,assertion:f571c7472d1e9093b4c42f19
检查方法,日常检查排气阀阀杆状态,检查,部件,排气阀阀杆,source_check,共轨柴油机排气阀，厂家与具体型号未确定；仅作机理检索测试，不作直接操作授权。,stated,01_datasets/marine_diesel_RAG_corpus_All_data/All_data/test/船机帮船用共轨柴油机排气阀常见故障与排除.md,,包括对喷油器、排气阀阀杆、弹簧、阀壳等检查，确保各部件工况正常。,edge:9adeb951418c1229dff4f31c,assertion:787424f6e589b17074b1681f
影响因素,吊舱舱底传感器位置偏低,记载于,来源,Spirit of Discovery loss of propulsion in heavy weather,provenance_index,仅在本声明来源及构型范围内使用,stated,02_reports/MAIB_2026_06_Spirit_of_Discovery_propulsion_loss.pdf,43,low position of the bilge sensor meant that it could be activated by a relatively small amount of liquid,edge:9b0d21cfe07c5aa998a1fcac,assertion:5c45cd2ee8791e412aa678e5
参数,增压器功率,记载于,来源,variable_dictionary,provenance_index,仅在本声明来源及构型范围内使用,stated,01_datasets/Marine_Engine_Fault_Data_v1/Marine_Engine_Fault_Data/variable_dictionary.csv,,"TCH Power,Qturb,kW,number,TRUE,TRUE,other,",edge:9b15731049dacbd706c2de7d,assertion:397214af52288d6550175c81
影响因素,备用气瓶上线时未隔离主气瓶,记载于,来源,MAIB Safety Digest 2013 lubrication and bearing cases,provenance_index,仅在本声明来源及构型范围内使用,stated,02_reports/MAIB_2013_Safety_Digest_lubrication_bearing_cases.pdf,15,air pressure equalised at a level that was insufficient,edge:9b28609409502928c53448eb,assertion:508ef2044934f5d942943755
状态,曲轴箱冒烟,提示,故障,缸套黏着拉伤,source_statement,船用柴油机摩擦副；二次维修文章，机型及根因须核实；不能以某一症状直接确诊拉缸。,possible,01_datasets/marine_diesel_RAG_corpus_All_data/All_data/test/船机帮船用柴油机的拉缸故障.md,,四冲程机器还伴随着滑油大幅度损耗，有时会出现曲轴箱冒烟。,edge:9b2bc83bfb465a53c5c8da6c,assertion:ec70b5719fe63e22c702166c
运维措施,按停机规程断开发电机并网开关,适用于,设备,柴油发电机,applicability_index,Caterpillar3512冬季维护经验，原始应用场景不一定为船舶；仅提取可迁移维护主题，必须核对船用构型，排除未获批准的自主回油改造及统一数值。,stated,01_datasets/marine_diesel_RAG_corpus_All_data/All_data/test/船机帮冬季卡特柴油发电机组的安全运行.md,,逐渐卸去负荷，断开并网开关。,edge:9b3b2f403edfe885722664c1,assertion:e60030fc366d248ed793d60a
检查方法,设计复核发电机组飞轮壳刚度,记载于,来源,STAMFORD AGN076 alternator bearings,provenance_index,仅在本声明来源及构型范围内使用,stated,02_reports/STAMFORD_AGN076_alternator_bearings.pdf,7,suitable flywheel housing design in terms of stiffness and rigidity,edge:9b495a256437171188dc9eca,assertion:0b909fa17d186e379bf02004
检查方法,停机隔离后按手册拆检活塞,检查,部件,活塞,source_check,某型巡逻船试航故障二次报道；排查中已排除的原因不作为本案正向根因，油品及公差不能跨机型使用。,stated,01_datasets/marine_diesel_RAG_corpus_All_data/All_data/test/船机帮柴油机轴瓦抱轴故障分析.md,,对故障柴油机进行拆检，拆下柴油机外围管路、气缸盖，拆除活塞、连杆组件和曲轴。,edge:9b5654dc4347b1a231b01ea3,assertion:4a9237faa2ea9a063fd393eb
事故案例,主机重装后轴承失效与火灾,涉及,运维措施,在洁净环境装配并整体安装主机,case_index,仅在本声明来源及构型范围内使用,stated,02_reports/MAIB_2018_14_Wight_Sky_engine_bearing_fire.pdf,14,Rebuilding the engine in a clean and controlled environment,edge:9b635bacfbb37e61b9758f8e,assertion:59ff9d1f11d934d24ff592d1
检查方法,定期记录发电机轴承温度,记载于,来源,船机帮船舶发电机常见故障及对策,provenance_index,仅在本声明来源及构型范围内使用,stated,01_datasets/marine_diesel_RAG_corpus_All_data/All_data/test/船机帮船舶发电机常见故障及对策.md,,定期测量、记录轴承温度,edge:9b6464df5085e9c9ff8cba0a,assertion:463155d045d7574719566e29
故障,喷油控制电磁阀大开度卡滞,记载于,来源,船机帮高压共轨柴油机燃油喷射系统故障分析,provenance_index,仅在本声明来源及构型范围内使用,stated,01_datasets/marine_diesel_RAG_corpus_All_data/All_data/test/船机帮高压共轨柴油机燃油喷射系统故障分析.md,,如果该缸喷油时长明显小于其他各缸，则基本可以断定该缸喷油控制电磁阀故障，一般是磨损造成通流面积变大所致，需换新喷油控制电磁阀；也有可能是阀芯卡在较大开度位置所致，需解体清洁活络阀芯。,edge:9b73d789d914f6758b3c64af,assertion:370fe5f35014e94feca1b83e
状态,气阀间隙过小,记载于,来源,船机帮船舶发电机常见故障及对策,provenance_index,仅在本声明来源及构型范围内使用,stated,01_datasets/marine_diesel_RAG_corpus_All_data/All_data/test/船机帮船舶发电机常见故障及对策.md,,气阀机构回受热膨胀，过小的间隙造成关闭不严，漏气而导致燃烧不充分，出现黑烟现象；,edge:9b7ff115c1b15a8c86ecd19f,assertion:1e8ae178c7a91e6c05585fd0
影响因素,未响应轴承磨损报警与减速请求,记载于,来源,MAN SL2013-569 bearing wear monitoring and bearing seizure,provenance_index,仅在本声明来源及构型范围内使用,stated,02_reports/MAN_SL2013_569_bearing_wear_monitoring.pdf,2,crew did not react to the alarm,edge:9ba63ad691c6df084e80149a,assertion:a4b262978200063361f2d67c
状态,舱底高液位报警,相关联,状态,机舱进水,migration_association_not_fault_diagnosis,本报告案例，不外推为所有船舶已证实根因,reported,02_reports/MAIB_2016_Safety_Digest_generator_oil_fire.pdf,59,bilge high level alarm was illuminated and sounding,edge:9bae9ba117e21b0aa722d364,assertion:5ead6585695bd98679a01888
检查方法,用示波器观察转速信号波形,检查,状态,转速信号波形失真,source_check,12V20/27、双机双轴双桨定距推进的文中闭环调速构型；信号接口及间隙不可跨机型套用。,stated,01_datasets/marine_diesel_RAG_corpus_All_data/All_data/test/船机帮某型船主机遥控系统典型故障分析.md,,用万用表测量转速传感器转速信号频率，与车令对应转速设定值一致，通过示波表监测转速信号波形，发现部分波形有幅值偏低的现象。,edge:9bb6eb5ec0f9a4f09be23881,assertion:ac904c2a538889c4612d09ee
事故案例,发电机滑油泵堵头松脱火灾,涉及,故障,排气管未恢复保温,case_index,仅在本声明来源及构型范围内使用,stated,02_reports/MAIB_2016_Safety_Digest_generator_oil_fire.pdf,28,radiate heat to the protective casing,edge:9bde044a7c8bd7eb52249e1a,assertion:c86d4e63a303a4941363e037
故障,压气机空气滤清器堵塞,记载于,来源,船机帮船舶发电机常见故障及对策,provenance_index,仅在本声明来源及构型范围内使用,stated,01_datasets/marine_diesel_RAG_corpus_All_data/All_data/test/船机帮船舶发电机常见故障及对策.md,,增压器的滤网不清洁，造成流阻增大，增压能力被降低，致使电机燃烧室缺乏氧气无法有效燃烧；,edge:9be6a063a0235d8080481d0d,assertion:57b3572684921eef41b234c7
运维措施,检修前泄压并控制法兰拆开幅度,应对,影响因素,未核对阀位即拆进口法兰,source_case_statement,本报告案例，不外推为所有船舶已证实根因,reported_action,02_reports/MAIB_2016_Safety_Digest_generator_oil_fire.pdf,41,flange was split in a controlled manner,edge:9c00ff21bfd07e49a7310845,assertion:20267dd26de4307799acdb76
状态,气缸爆发压力降低,以参数描述,参数,气缸爆发压力,explicit_parameter_description,仅在本声明来源及构型范围内使用,stated,01_datasets/marine_diesel_RAG_corpus_All_data/All_data/test/船机帮船用柴油机的拉缸故障.md,,压缩压力和爆发压力降低,edge:9c2e318c984fa3e66916d0e9,assertion:e59c94b90cca5cd4022e1701
状态,润滑油压力下降,先于发生,故障,主机灾难性失效,source_case_statement,本报告案例，不外推为所有船舶已证实根因,reported,02_reports/MAIB_2022_04_Wight_Sky_multiple_engine_failures.pdf,70,ECU detected a loss of lubricating oil pressure and initiated an engine shutdown,edge:9c38191d00a7b3bac9491909,assertion:4bd235062bd6714ef40aa64f
检查方法,核验轴承与大修零件来源,检查,影响因素,装入非原厂轴承,source_case_statement,本报告案例，不外推为所有船舶已证实根因,derived_action,02_reports/MAIB_2026_10_Kommandor_Susan_generator_bearing_failure.pdf,8,no verification of authenticity for the parts used,edge:9c5140a590be32b5c0372dd4,assertion:ce8254fe6edcb824189d492b
部件,可调螺距桨备用模式按钮,记载于,来源,MAIB Safety Digest 2016 generator oil fire case,provenance_index,仅在本声明来源及构型范围内使用,stated,02_reports/MAIB_2016_Safety_Digest_generator_oil_fire.pdf,19,large roll-on roll-off passenger ferry,edge:9c5dfe00902a5c544b0d2304,assertion:3e70188d411b78b4a9739d0e
检查方法,检测海水冷却器牺牲阳极消耗,记载于,来源,船机帮船舶动力系统滑油水污染故障实例分析,provenance_index,仅在本声明来源及构型范围内使用,stated,01_datasets/marine_diesel_RAG_corpus_All_data/All_data/test/船机帮船舶动力系统滑油水污染故障实例分析.md,,定期检测阳极消耗量，剩余质量不符合要求时立即予以更换,edge:9c922491117503f711199757,assertion:976e0bc5d10df9e8464a7335
状态,液压油喷向高温排气管,记载于,来源,Pride of Canterbury CPP hydraulic overpressure and fire,provenance_index,仅在本声明来源及构型范围内使用,stated,02_reports/MAIB_2015_22_Pride_of_Canterbury_CPP_hydraulic_fire.pdf,29,"spray of hydraulic oil, from a ruptured pipework joint",edge:9ccf7bb84ff62dfbafd670b6,assertion:21e4c4fec231b3e341b70022
部件,空气冷却器,记载于,来源,船机帮船舶柴油机废气涡轮增压器振动的主要原因有哪些,provenance_index,仅在本声明来源及构型范围内使用,stated,01_datasets/marine_diesel_RAG_corpus_All_data/All_data/test/船机帮船舶柴油机废气涡轮增压器振动的主要原因有哪些.md,,管理中注意压气机进气滤器、叶轮、扩压器、空气冷却器、进气口和排气口、涡轮喷嘴环、叶片等流通部分的清洁，就会防止和消除喘振，也就会使振动消失。,edge:9cec8fcf44b10c050fb76cc6,assertion:bf37122db382ad45976a8ac5
参数,高温淡水泵压力原始电压信号,记载于,来源,variable_dictionary,provenance_index,仅在本声明来源及构型范围内使用,stated,01_datasets/Marine_Engine_Fault_Data_v1/Marine_Engine_Fault_Data/variable_dictionary.csv,,"Fresh Cooling Water Press.,Pl_water1,V,number,TRUE,TRUE,pressure / derived pressure,raw voltage signal associated with HT cooling-water pump pressure; not converted to engineering pressure units",edge:9cefb054842dd8f01dea71ef,assertion:9dc00243828778a258cc040a
影响因素,可调螺距桨倒车参数设置错误,记载于,来源,MAIB Safety Digest 2016 generator oil fire case,provenance_index,仅在本声明来源及构型范围内使用,stated,02_reports/MAIB_2016_Safety_Digest_generator_oil_fire.pdf,29,parameters for astern pitch control had been incorrectly set,edge:9d08b72c0989b3fbb198fbd4,assertion:0af8ab2b8c6d456b39950bed
状态,机舱火灾,记载于,来源,Wight Sky catastrophic main engine bearing failure,provenance_index,仅在本声明来源及构型范围内使用,stated,02_reports/MAIB_2018_14_Wight_Sky_engine_bearing_fire.pdf,1,"catastrophic failure of one of its main propulsion engines, followed by a fire",edge:9d0ac563dab52da501d1bbba,assertion:9fa95c5880ff66b7d90b7589
运维措施,按本机轴向间隙要求更换增压器止推轴承,作用于,部件,增压器止推轴承,source_recommendation,综合维护二次文章，原厂和标准出处未独立证实；不采纳文中统一周期、报警值、压力值、浮动轴承加脂和未经验证改造方案。以下仅用于检索维护主题，由适用机型规程决定具体操作。,stated,01_datasets/marine_diesel_RAG_corpus_All_data/All_data/test/船机帮船舶动力设备日常维护要点与常见故障排除.md,,轴向窜动量＞ 0.3 mm 时更换止推轴承,edge:9d36450b5ef0a0691a4419cd,assertion:b49e3a276b7a7d62649c2ca0
事故案例,ME2主轴承断油失效,涉及,状态,油路磨粒与污染,case_index,仅在本声明来源及构型范围内使用,stated,02_reports/MAIB_2022_04_Wight_Sky_multiple_engine_failures.pdf,84,silica sand and other abrasive particles embedded in the main bearing shells,edge:9d400588af50a7309008ba27,assertion:4b9d6ad16da61c2a622aeb28
状态,涡轮叶片严重积炭,导致,状态,增压器转子质量分布不均,source_statement,船用废气涡轮增压器；拆装细节为VTR400示例，必须服从适用机型手册。,stated,01_datasets/marine_diesel_RAG_corpus_All_data/All_data/test/船机帮船舶柴油机废气涡轮增压器振动的主要原因有哪些.md,,由于涡轮叶片上严重积炭或叶片变形、折断、压气机叶轮、叶片变形或损坏等都会使转子质量分布发生变化,edge:9d40f7a4464348fbc7fbb405,assertion:6b01460710b503e2e41af67c
事故案例,大风浪中吊舱推进丧失,涉及,运维措施,将螺旋桨出水风险纳入耐波决策,case_index,仅在本声明来源及构型范围内使用,stated,02_reports/MAIB_2026_06_Spirit_of_Discovery_propulsion_loss.pdf,53,includes propeller exposure in wave heights up to 10.5m,edge:9d51b5c25c3b9019ee00106d,assertion:42b9f85fab29de5b8815e0c9
状态,机舱火灾,记载于,来源,MAIB Safety Digest 2013 lubrication and bearing cases,provenance_index,仅在本声明来源及构型范围内使用,stated,02_reports/MAIB_2013_Safety_Digest_lubrication_bearing_cases.pdf,41,hot manifold and catch fire,edge:9d5376349d4349374ffe8b7b,assertion:5979f9b92d7e2b79b36ad84c
故障,增压器轴承裂纹,适用于,设备,废气涡轮增压器,applicability_index,船用废气涡轮增压器；拆装细节为VTR400示例，必须服从适用机型手册。,stated,01_datasets/marine_diesel_RAG_corpus_All_data/All_data/test/船机帮船舶柴油机废气涡轮增压器振动的主要原因有哪些.md,,轴承长时间使用后产生磨损、变形、裂纹和烧伤时，使摩擦力矩增大，转速下降，振动和噪声大增。,edge:9d5e132ecf793e5d1e7788a1,assertion:1151e136e161b470b0cdd754
运维措施,按试验台规程校准喷油器雾化锥角,作用于,部件,喷油器,source_recommendation,综合维护二次文章，原厂和标准出处未独立证实；不采纳文中统一周期、报警值、压力值、浮动轴承加脂和未经验证改造方案。以下仅用于检索维护主题，由适用机型规程决定具体操作。,stated,01_datasets/marine_diesel_RAG_corpus_All_data/All_data/test/船机帮船舶动力设备日常维护要点与常见故障排除.md,,更换燃油系统滤器并进行手动排气，通过试验台校准雾化锥角,edge:9d65729df00f863761c574c1,assertion:d6bb2ab0c9c038bead9bf295
参数,2缸有效功率,表征,设备,试验柴油机,native_variable_dictionary,仅在本声明来源及构型范围内使用,stated,01_datasets/Marine_Engine_Fault_Data_v1/Marine_Engine_Fault_Data/variable_dictionary.csv,,"Effective Work No.2,We,kW,number,TRUE,TRUE,performance / derived,shorthand label is reused across cylinder-resolved and/or aggregate variables; use the full variable-name row during preprocessing",edge:9d6bdec590aaac133c7a869a,assertion:ab1cd0cbc9a79bf90d083f5a
参数,燃油流量计处燃油温度进口,表征,设备,试验柴油机,native_variable_dictionary,仅在本声明来源及构型范围内使用,stated,01_datasets/Marine_Engine_Fault_Data_v1/Marine_Engine_Fault_Data/variable_dictionary.csv,,"Fuel Oil Temp. Flow meter In,T21,°C,number,TRUE,TRUE,temperature,",edge:9d7fc207d7f8a0b930f9437a,assertion:01d05e3ecf62628c55fd4acc
状态,增压器转子动不平衡,导致,状态,增压器振动增大,source_statement,船用废气涡轮增压器；拆装细节为VTR400示例，必须服从适用机型手册。,stated,01_datasets/marine_diesel_RAG_corpus_All_data/All_data/test/船机帮船舶柴油机废气涡轮增压器振动的主要原因有哪些.md,,由于转子动态不平衡而产生剧烈振动，工作不平稳。,edge:9d903da539352aece48318c6,assertion:d94ea438496de8b4c6e91aca
故障,高压燃油管密封面损伤,记载于,来源,船机帮高压共轨柴油机燃油喷射系统故障分析,provenance_index,仅在本声明来源及构型范围内使用,stated,01_datasets/marine_diesel_RAG_corpus_All_data/All_data/test/船机帮高压共轨柴油机燃油喷射系统故障分析.md,,可清洁密封面并涂专用白油，按说明书要求规范对中安装；发现有明显伤痕，则需更换高压油管或有关零部件。,edge:9da52f9cfe713c319450264c,assertion:d3888d51d2f09c1547d1e7ab
状态,齿轮局部应力集中,导致,故障,齿轮疲劳裂纹,source_statement,GW系列船用齿轮箱；通用机理与A/B船匿名案例须区分，尺寸不能跨机型套用。,possible,01_datasets/marine_diesel_RAG_corpus_All_data/All_data/test/船机帮船用齿轮箱故障分析与管理对策.md,,若齿轮突然过载就可能会超负荷造成突然断裂；若非突然断裂，齿轮重复受过载力，造成应力集中，也会导致疲劳裂纹，进而导致疲劳断裂。,edge:9dc033a314b3868d2d360ee1,assertion:7f3f58e87d4a2fe9de4de5cf
状态,冷却水腔与润滑油道连通,记载于,来源,船机帮船舶动力系统滑油水污染故障实例分析,provenance_index,仅在本声明来源及构型范围内使用,stated,01_datasets/marine_diesel_RAG_corpus_All_data/All_data/test/船机帮船舶动力系统滑油水污染故障实例分析.md,,燃烧室高温导致金属密封垫片热变形，冷却水腔与润滑油道连通。,edge:9dc04a2de11c2812c927176b,assertion:2e1868931431855fcd8b7ed0
事故案例,盘车联锁失效与启动损坏,涉及,部件,盘车安全联锁,case_index,仅在本声明来源及构型范围内使用,stated,02_reports/MAIB_2013_Safety_Digest_lubrication_bearing_cases.pdf,16,specialist cargo ship,edge:9dc0a0a0e93b3a6718a73004,assertion:8b0f0797d998f428627a4c08
状态,发电机滑油低压报警,记载于,来源,MAIB Safety Digest 2016 generator oil fire case,provenance_index,仅在本声明来源及构型范围内使用,stated,02_reports/MAIB_2016_Safety_Digest_generator_oil_fire.pdf,26,low oil pressure alarm on one of the generators,edge:9dda54eee896cacfbc8c1ea4,assertion:ac4568cba62b58dce44add5f
检查方法,按VTR400手册测量压气机端K值,适用于,设备,废气涡轮增压器,applicability_index,船用废气涡轮增压器；拆装细节为VTR400示例，必须服从适用机型手册。,stated,01_datasets/marine_diesel_RAG_corpus_All_data/All_data/test/船机帮船舶柴油机废气涡轮增压器振动的主要原因有哪些.md,,最后测量压气机端的K值，并应符合要求。,edge:9de3f0c4ad26d23f83084946,assertion:3741253c396e280e59504983
故障,压气机叶轮变形,记载于,来源,船机帮船舶柴油机废气涡轮增压器振动的主要原因有哪些,provenance_index,仅在本声明来源及构型范围内使用,stated,01_datasets/marine_diesel_RAG_corpus_All_data/All_data/test/船机帮船舶柴油机废气涡轮增压器振动的主要原因有哪些.md,,由于涡轮叶片上严重积炭或叶片变形、折断、压气机叶轮、叶片变形或损坏等都会使转子质量分布发生变化,edge:9de589de415ed10b876926af,assertion:036826eb864fd4d18d2734e2
设备,主机海水冷却与舱底排水装置,服务于系统,系统,传动与推进系统,functional_classification,仅在本声明来源及构型范围内使用,stated,02_reports/MAIB_2016_Safety_Digest_generator_oil_fire.pdf,59,steel hulled fishing trawler,edge:9ded7be4c43f2d7f3313bb71,assertion:e68789bddfb64ab4eb6e026b
设备,控制空气供给与主机离合装置,包含部件,部件,主机离合器,asset_index,仅在本声明来源及构型范围内使用,stated,02_reports/MAIB_2013_Safety_Digest_lubrication_bearing_cases.pdf,14,ro-ro passenger ferry,edge:9e15f12a7f095e6b18cda332,assertion:5c5783ebfee9c256f13ff9af
部件,配电板合闸模块,记载于,来源,船机帮船舶柴油发电机主开关并网合闸失败故障的分析与排查,provenance_index,仅在本声明来源及构型范围内使用,stated,01_datasets/marine_diesel_RAG_corpus_All_data/All_data/test/船机帮船舶柴油发电机主开关并网合闸失败故障的分析与排查.md,,重点检测与主开关合闸信号的相关中间继电器和模块输出信号,edge:9e2d677446767721bf200314,assertion:a2f83cdfe2d1b1783aa16e50
部件,气阀弹簧,记载于,来源,船机帮船用共轨柴油机排气阀常见故障与排除,provenance_index,仅在本声明来源及构型范围内使用,stated,01_datasets/marine_diesel_RAG_corpus_All_data/All_data/test/船机帮船用共轨柴油机排气阀常见故障与排除.md,,包括对喷油器、排气阀阀杆、弹簧、阀壳等检查，确保各部件工况正常。,edge:9e3132d3353e07ee6b96302e,assertion:d5c9743cc74bfcd58a1009ed
参数,发动机冷却水温度出口 II,记载于,来源,variable_dictionary,provenance_index,仅在本声明来源及构型范围内使用,stated,01_datasets/Marine_Engine_Fault_Data_v1/Marine_Engine_Fault_Data/variable_dictionary.csv,,"Cooling Water Temp. Engine Out II,T8,°C,number,TRUE,TRUE,temperature,",edge:9e37b77192590dc7c2ef1330,assertion:eeaa610a44348246f3084420
故障,共轨滑油泄漏,记载于,来源,船机帮船用共轨柴油机排气阀常见故障与排除,provenance_index,仅在本声明来源及构型范围内使用,stated,01_datasets/marine_diesel_RAG_corpus_All_data/All_data/test/船机帮船用共轨柴油机排气阀常见故障与排除.md,,排气阀打不开，一般由于共轨滑油漏泄导致油压不够引起的。,edge:9e400bab35d1fc5fcad0492d,assertion:5e791d2a3803f1a9879abb9d
检查方法,按电路规程监测电气比例阀驱动电流,检查,部件,电气比例阀,source_check,12V20/27、双机双轴双桨定距推进的文中闭环调速构型；信号接口及间隙不可跨机型套用。,stated,01_datasets/marine_diesel_RAG_corpus_All_data/All_data/test/船机帮某型船主机遥控系统典型故障分析.md,,通过给EP阀线圈串联电流表监测各工况驱动电流信号,edge:9e55a4c036fa3f94c155762a,assertion:98d1329b76baa9b555f23e94
故障,高压共轨燃油泄漏,增加风险,状态,高压燃油喷射伤人风险,source_statement,航浚6008/MAN L32/44CR与CR2.2；轨压数值、扭矩与拆装必须核对本机手册。,possible,01_datasets/marine_diesel_RAG_corpus_All_data/All_data/test/船机帮高压共轨柴油机燃油喷射系统故障分析.md,,高压燃油一旦出现泄漏故障，须及时定位排除，否则将有击伤、火灾甚至爆炸危险。,edge:9e5c46d5859217f9d3ef4db1,assertion:130132240a0798b45255fdce
事故案例,ME4连杆轴承盖错装失效,涉及,设备,ME4主机,case_index,仅在本声明来源及构型范围内使用,stated,02_reports/MAIB_2022_04_Wight_Sky_multiple_engine_failures.pdf,84,ME4 failed catastrophically because of an assembly error,edge:9e70b221956e1332b147709b,assertion:ce8ca6a444281a3ca2d5ed3f
影响因素,活塞装配对中不当,记载于,来源,船机帮船用柴油机的拉缸故障,provenance_index,仅在本声明来源及构型范围内使用,stated,01_datasets/marine_diesel_RAG_corpus_All_data/All_data/test/船机帮船用柴油机的拉缸故障.md,,活塞不对中，造成活塞偏磨，甚至活塞裙磨到缸套，造成部分区域拉伤,edge:9e70ceb634cfdd6f80e15cd9,assertion:2e4a0329083fa1513572beaf
运维措施,按维护规程清洁冷却液加注口盖,适用于,设备,柴油发电机,applicability_index,Caterpillar3512冬季维护经验，原始应用场景不一定为船舶；仅提取可迁移维护主题，必须核对船用构型，排除未获批准的自主回油改造及统一数值。,stated,01_datasets/marine_diesel_RAG_corpus_All_data/All_data/test/船机帮冬季卡特柴油发电机组的安全运行.md,,清洁冷却系统加注口盖。,edge:9e96ea03adcba3308129bbac,assertion:d60ac9ee67ee6211b9a11f80
运维措施,将谐波滤波器纳入关键设备与保护测试,适用于,设备,艉部谐波滤波器,applicability_index,本报告案例，不外推为所有船舶已证实根因,stated,02_reports/MAIB_2011_28_Queen_Mary_2_harmonic_filter_failure.pdf,70,procedures exist for regular testing of their protection systems,edge:9ea35c2c4568d6ae4a895e8f,assertion:12ca366ec936849ae0d35827
故障,轴系扭振与联轴器过载风险,记载于,来源,STAMFORD AGN235 generating set torsional vibration analysis,provenance_index,仅在本声明来源及构型范围内使用,stated,02_reports/STAMFORD_AGN235_torsional_analysis.pdf,1,pulses can excite very significant resonant responses,edge:9ea874327532409bda3f5f89,assertion:99d924ef256f6c148905b554
检查方法,检查滑油滤清器与油道沉积,记载于,来源,油品课堂第六讲某船使用假冒润滑油导致主机烧瓦事故案例,provenance_index,仅在本声明来源及构型范围内使用,stated,01_datasets/marine_diesel_RAG_corpus_All_data/All_data/train/油品课堂第六讲某船使用假冒润滑油导致主机烧瓦事故案例.md,,拆检发现机油滤清器淤塞严重，油底壳及油道拐弯等处沉积有大量油泥,edge:9eafe762e02e3c7172602ae3,assertion:15fbdcfa86f1c932e8802a28
状态,吊舱转至90度停放,记载于,来源,Spirit of Discovery loss of propulsion in heavy weather,provenance_index,仅在本声明来源及构型范围内使用,stated,02_reports/MAIB_2026_06_Spirit_of_Discovery_propulsion_loss.pdf,42,pods automatically parked at 90°,edge:9eb74928fc4b470606b8d903,assertion:a2aae773100e100dc88e1e2a
系统,船舶动力系统,记载于,来源,船机帮船舶动力设备日常维护要点与常见故障排除,provenance_index,仅在本声明来源及构型范围内使用,stated,01_datasets/marine_diesel_RAG_corpus_All_data/All_data/test/船机帮船舶动力设备日常维护要点与常见故障排除.md,,船舶动力系统作为船舶航行与电力供给的中枢单元,edge:9ecd19f6e7356eb9314e0373,assertion:3933af9b944ec8116400f59f
检查方法,核查齿轮箱空转功耗,记载于,来源,船机帮船用齿轮箱故障分析与管理对策,provenance_index,仅在本声明来源及构型范围内使用,stated,01_datasets/marine_diesel_RAG_corpus_All_data/All_data/test/船机帮船用齿轮箱故障分析与管理对策.md,,应按照规定进行空转试验(一般不小于4h)，核查运转、温度、功耗等情况；,edge:9ecd7fe1db6b111e830dda44,assertion:b6e75bac90b112326595c375
状态,全部推进电机停机,记载于,来源,RMS Queen Mary 2 harmonic-filter capacitor failure and blackout,provenance_index,仅在本声明来源及构型范围内使用,stated,02_reports/MAIB_2011_28_Queen_Mary_2_harmonic_filter_failure.pdf,13,all four propulsion motors shut down,edge:9ed78bbef1a8b8b45dfe66ca,assertion:33edfefdfc8d5b01d06d3849
状态,含硫燃烧产物与缸壁凝水形成酸,增加风险,故障,缸套低温腐蚀,source_statement,柴油机水冷机理二次资料；文中80–90℃等数值不能当作所有机型阈值。,possible,01_datasets/marine_diesel_RAG_corpus_All_data/All_data/test/船机帮柴油机冷却水过高或过低的危害.md,,就会变成强列的腐蚀剂(如亚硫酸、硫酸)粘附在缸壁上，因此缸壁表面就会受到强烈的腐蚀,edge:9ee3a341624f64973b1b86b9,assertion:028412a1aefa2c47f0a0adc9
状态,备用空气均压后仍不足,是概念的实例,状态,备用空气均压后仍不足,concept_alignment,仅在本声明来源及构型范围内使用,stated,02_reports/MAIB_2013_Safety_Digest_lubrication_bearing_cases.pdf,15,air pressure equalised at a level that was insufficient,edge:9f035cfa11ca888533881992,assertion:5f3d61f8b8f76b1fb2942be8
故障,缸套硬质颗粒划伤,适用于,设备,柴油机,applicability_index,船用柴油机摩擦副；二次维修文章，机型及根因须核实；不能以某一症状直接确诊拉缸。,stated,01_datasets/marine_diesel_RAG_corpus_All_data/All_data/test/船机帮船用柴油机的拉缸故障.md,,清洁度不好也可造成拉缸，当缸套内壁，气缸滑油孔，油槽粘有硬质颗粒，铁屑在安装前未清理干净，未清洁彻底，柴油机盘车后会造成缸套的硬质划伤，且较深。,edge:9f4911bd327dc2dbfce21e8d,assertion:5f797e8b381d028f97317be7
状态,球鼻艏破损,是概念的实例,状态,球鼻艏破损,concept_alignment,仅在本声明来源及构型范围内使用,stated,02_reports/MAIB_2016_Safety_Digest_generator_oil_fire.pdf,29,bulbous bow was holed,edge:9f4a317908ba10147277b6c5,assertion:15634349d64f5531e4a8294f
事故案例,ME4连杆轴承盖错装失效,涉及,故障,主机灾难性失效,case_index,仅在本声明来源及构型范围内使用,stated,02_reports/MAIB_2022_04_Wight_Sky_multiple_engine_failures.pdf,84,ME4 failed catastrophically because of an assembly error,edge:9f6621e2669ac5e4b7ab92d4,assertion:bfff8f22ffda87214fe86010
运维措施,按认可设计加强柴油机安装对中控制,适用于,设备,柴油机,applicability_index,某型巡逻船试航故障二次报道；排查中已排除的原因不作为本案正向根因，油品及公差不能跨机型使用。,stated,01_datasets/marine_diesel_RAG_corpus_All_data/All_data/test/船机帮柴油机轴瓦抱轴故障分析.md,,"需进一步加强对中控制,并增加机脚限位器。",edge:9f68910d52efeae26fbf947a,assertion:14339e9e2fae8a08d52926cd
状态,发电机定转子污染,记载于,来源,船机帮船舶发电机常见故障及对策,provenance_index,仅在本声明来源及构型范围内使用,stated,01_datasets/marine_diesel_RAG_corpus_All_data/All_data/test/船机帮船舶发电机常见故障及对策.md,,加强对发电机转子、定子的日常养护，确保清洁,edge:9fa694ff7261d0c20b50fbd5,assertion:0f66df91d3371169a814cd89
故障,压缩机滑油排出管脱开,发生于,设备,控制空气供给与主机离合装置,case_equipment_index,仅在本声明来源及构型范围内使用,stated,02_reports/MAIB_2013_Safety_Digest_lubrication_bearing_cases.pdf,14,bottom end bearing had overheated and failed,edge:9fb57b4eca12a8e5ea3651b8,assertion:e8a24909b3651599ebef1e86
状态,大风浪中剧烈纵摇,记载于,来源,Spirit of Discovery loss of propulsion in heavy weather,provenance_index,仅在本声明来源及构型范围内使用,stated,02_reports/MAIB_2026_06_Spirit_of_Discovery_propulsion_loss.pdf,42,pitching caused the propellers to come out of the water,edge:9fb68de97cff4c237f012685,assertion:f2e54eab314147df0216e745
事故案例,大风浪中吊舱推进丧失,涉及,状态,失去推进,case_index,仅在本声明来源及构型范围内使用,stated,02_reports/MAIB_2026_06_Spirit_of_Discovery_propulsion_loss.pdf,42,"port pod automatically shut down, followed shortly afterwards by its starboard pod",edge:9fbbdb3db2f02d1682bc6930,assertion:0dbb641b5fa566514a58fb76
检查方法,核查齿轮箱空转功耗,适用于,设备,减速齿轮箱,applicability_index,GW系列船用齿轮箱；通用机理与A/B船匿名案例须区分，尺寸不能跨机型套用。,stated,01_datasets/marine_diesel_RAG_corpus_All_data/All_data/test/船机帮船用齿轮箱故障分析与管理对策.md,,应按照规定进行空转试验(一般不小于4h)，核查运转、温度、功耗等情况；,edge:9fc573bb1fe01a913135e7e6,assertion:67c996381e302d4b835c1671
故障,缸套硬质颗粒划伤,记载于,来源,船机帮船用柴油机的拉缸故障,provenance_index,仅在本声明来源及构型范围内使用,stated,01_datasets/marine_diesel_RAG_corpus_All_data/All_data/test/船机帮船用柴油机的拉缸故障.md,,清洁度不好也可造成拉缸，当缸套内壁，气缸滑油孔，油槽粘有硬质颗粒，铁屑在安装前未清理干净，未清洁彻底，柴油机盘车后会造成缸套的硬质划伤，且较深。,edge:9fd8fac08fb5f356e548baf6,assertion:cfdf87512933188f015c29d6
运维措施,由合格人员修复检验确认的空压机冷却器渗漏,适用于,设备,柴油机,applicability_index,文中共享中央淡水冷却回路；须核对本船空压机冷却器与副机回路连接,stated,01_datasets/marine_diesel_RAG_corpus_All_data/All_data/test/船机帮一起副机冷却水失压停车故障的处理和原因分析.md,,修复 No.3 主空压机高压冷却器后单独使用该机,edge:9fda0d95259e6874381ae46a,assertion:d09b14054ec9b13be1467728
运维措施,按认可维修工艺修复海水泵叶轮腐蚀,作用于,部件,海水泵叶轮,source_recommendation,综合维护二次文章，原厂和标准出处未独立证实；不采纳文中统一周期、报警值、压力值、浮动轴承加脂和未经验证改造方案。以下仅用于检索维护主题，由适用机型规程决定具体操作。,stated,01_datasets/marine_diesel_RAG_corpus_All_data/All_data/test/船机帮船舶动力设备日常维护要点与常见故障排除.md,,蚀坑需进行堆焊修复或整体更换,edge:9ff0217262bafa2b7f70323b,assertion:4142bae9536276088d1338dd
故障,应急供电无法启动便携泵,发生于,设备,海水压载与机舱排水装置,case_equipment_index,仅在本声明来源及构型范围内使用,stated,02_reports/MAIB_2016_Safety_Digest_generator_oil_fire.pdf,40,running on emergency power only,edge:a003428304c2f2c8206afdb0,assertion:b79c820a81e5f893da5ba69e
检查方法,检测冷却液氯离子浓度,检查,影响因素,冷却水水质或处理不当,source_check,海水冷却的推进柴油机滑油系统；匿名二次报道。文中压力试验参数和标准引用未独立核实，不作为通用操作依据。,stated,01_datasets/marine_diesel_RAG_corpus_All_data/All_data/test/船机帮船舶动力系统滑油水污染故障实例分析.md,,定期开展缓蚀剂浓度、pH 值浓度、氯离子浓度等影响冷却液腐蚀率的关键指标检测,edge:a00ccfafeff72294c32125d9,assertion:e752dfd656334384dfaabf33
故障,主轴瓦磨损失效,记载于,来源,船机帮柴油机轴瓦抱轴故障分析,provenance_index,仅在本声明来源及构型范围内使用,stated,01_datasets/marine_diesel_RAG_corpus_All_data/All_data/test/船机帮柴油机轴瓦抱轴故障分析.md,,"对中状态异常引起各档主轴承间隙变化,当主轴承间隙过小时易使主轴承油膜无法建立,最终出现轴瓦磨损失效。",edge:a0230b4f045fdde7cc4f3ad9,assertion:a728a53a1f3580dc4989489e
事故案例,大风浪中吊舱推进丧失,涉及,部件,吊舱推进电机,case_index,仅在本声明来源及构型范围内使用,stated,02_reports/MAIB_2026_06_Spirit_of_Discovery_propulsion_loss.pdf,42,propellers to come out of the water,edge:a03370e2a463eaea2799e97e,assertion:c3868856bee3ec9907173ca5
检查方法,计划维护检查海水进口管路,记载于,来源,MAIB Safety Digest 2016 generator oil fire case,provenance_index,仅在本声明来源及构型范围内使用,stated,02_reports/MAIB_2016_Safety_Digest_generator_oil_fire.pdf,60,Sea inlet pipework should be thoroughly checked,edge:a038aeda9eb72ee189787ed1,assertion:62b4d1c22cc9480ab4811420
状态,增压能力降低,导致,状态,气缸燃烧缺氧,source_statement,S6U-PTK与文中船舶发电机经验；部分表述不严谨，不采纳未经原厂确认的轴承结构改造建议。,stated,01_datasets/marine_diesel_RAG_corpus_All_data/All_data/test/船机帮船舶发电机常见故障及对策.md,,增压器的滤网不清洁，造成流阻增大，增压能力被降低，致使电机燃烧室缺乏氧气无法有效燃烧；,edge:a043dcf0b4b6e1638431648c,assertion:87eb1b1ff7c306cd82082899
运维措施,按电气隔离规程清理集电环,作用于,部件,集电环,source_recommendation,综合维护二次文章，原厂和标准出处未独立证实；不采纳文中统一周期、报警值、压力值、浮动轴承加脂和未经验证改造方案。以下仅用于检索维护主题，由适用机型规程决定具体操作。,stated,01_datasets/marine_diesel_RAG_corpus_All_data/All_data/test/船机帮船舶动力设备日常维护要点与常见故障排除.md,,集电环清理需同步绝缘检测,edge:a045f4135925311e039dbb6a,assertion:13f45ce61bc7b14ce2439583
影响因素,缸套材料不符合要求,记载于,来源,船机帮船用柴油机的拉缸故障,provenance_index,仅在本声明来源及构型范围内使用,stated,01_datasets/marine_diesel_RAG_corpus_All_data/All_data/test/船机帮船用柴油机的拉缸故障.md,,常见的原因有缸套本身的材质不过关，铸造后的金相组织到不到要求，铁素体含量超标，较高，石墨聚集现象；,edge:a08c90130595b3d06073439b,assertion:256f8d1d77595e9952200122
事故案例,海水冷却管疑似失效与沉没,涉及,运维措施,航行中保持驾驶台值守与报警响应,case_index,仅在本声明来源及构型范围内使用,stated,02_reports/MAIB_2016_Safety_Digest_generator_oil_fire.pdf,60,Never leave the wheelhouse unmanned when underway,edge:a094dc084caa8b479ee18f6f,assertion:4cc5e084bb72b491a30e2f75
状态,谐波滤波器爆炸,促成,状态,船舶高压电网不稳定,source_case_statement,本报告案例，不外推为所有船舶已证实根因,probable,02_reports/MAIB_2011_28_Queen_Mary_2_harmonic_filter_failure.pdf,13,caused general instability in the electrical network,edge:a0a46652cd64fad9b7ff6be2,assertion:796a6617dd31df4860b132e7
参数,1缸指示功,记载于,来源,variable_dictionary,provenance_index,仅在本声明来源及构型范围内使用,stated,01_datasets/Marine_Engine_Fault_Data_v1/Marine_Engine_Fault_Data/variable_dictionary.csv,,"Indicated Work No.1,Wi,J,number,TRUE,TRUE,performance / derived,shorthand label is reused across cylinder-resolved and/or aggregate variables; use the full variable-name row during preprocessing",edge:a0a4d29a8c94837511d3ca56,assertion:daf4a55acdcbc1e77159bf25
事故案例,主机连杆小端疲劳断裂,涉及,状态,机舱火灾,case_index,仅在本声明来源及构型范围内使用,stated,02_reports/MAIB_2021_02_Finlandia_Seaways_connecting_rod_failure.pdf,9,catastrophic main engine failure that caused serious structural damage to the engine and a fire,edge:a0ad7e2a739af496bd0e9d8c,assertion:1cd2aaeb17b7509f3c1e529c
设备,左舷主机排气装置,是概念的实例,设备,左舷主机排气装置,concept_alignment,仅在本声明来源及构型范围内使用,stated,02_reports/MAIB_2013_Safety_Digest_lubrication_bearing_cases.pdf,40,small passenger catamaran,edge:a0d20f93c3819964c63c246b,assertion:4454250b1f0ccec4993c6fdd
设备,左舷主机,记载于,来源,Windcat 8 connecting rod big-end bearing failure,provenance_index,仅在本声明来源及构型范围内使用,stated,02_reports/MAIB_2018_01_Windcat8_bearing_failure_fire.pdf,1,failure of a piston connecting rod big end shell bearing,edge:a0d597bdfa84613c6ba57095,assertion:3e83158506971932e298c43c
状态,齿轮箱滑油劣化,记载于,来源,船机帮船用齿轮箱故障分析与管理对策,provenance_index,仅在本声明来源及构型范围内使用,stated,01_datasets/marine_diesel_RAG_corpus_All_data/All_data/test/船机帮船用齿轮箱故障分析与管理对策.md,,应该经常检查润滑部位是否达到润滑效果，以及润滑剂有无杂质，是否失效，并重点监控滑油温度。,edge:a0d7f7266b756af0363f574d,assertion:ace8c1f961d1c36e2e93a075
状态,增压器轴向振动增大,提示,故障,压气机喘振,source_statement,船用废气涡轮增压器；拆装细节为VTR400示例，必须服从适用机型手册。,possible,01_datasets/marine_diesel_RAG_corpus_All_data/All_data/test/船机帮船舶柴油机废气涡轮增压器振动的主要原因有哪些.md,,## 一 压气机喘振引起强烈振动 这种振动包含径向振动和轴向振动。,edge:a0e077c959151331b4bfabad,assertion:fdd107b5b9e5b771c16ff48f
事故案例,控制空气不足与离合器脱开,涉及,故障,主机离合器脱开,case_index,仅在本声明来源及构型范围内使用,stated,02_reports/MAIB_2013_Safety_Digest_lubrication_bearing_cases.pdf,14,three main engine clutches disengaged almost simultaneously,edge:a0e752ba2a28495a35a10006,assertion:4c8de071275d9153f0899825
状态,转速信号波形失真,记载于,来源,船机帮某型船主机遥控系统典型故障分析,provenance_index,仅在本声明来源及构型范围内使用,stated,01_datasets/marine_diesel_RAG_corpus_All_data/All_data/test/船机帮某型船主机遥控系统典型故障分析.md,,用万用表测量转速传感器转速信号频率，与车令对应转速设定值一致，通过示波表监测转速信号波形，发现部分波形有幅值偏低的现象。,edge:a0ff19f7d63e10c1a659f516,assertion:a4b75f78483e32507e7cb881
运维措施,按适用机型维护接地刷与绝缘轴承,应对,状态,轴电流通过滚动轴承,source_guidance_statement,具有闭合轴电流路径的旋转电机；轴承绝缘和接地刷方案按厂家/机型确定，不能假定全部STAMFORD机型都需要绝缘轴承。,guidance,02_reports/STAMFORD_AGN033_bearing_currents.pdf,3,rotor earthing brush and insulated bearings,edge:a10191fd7a4213b3989939f4,assertion:4e0d87f75815dbab2ffe41f0
检查方法,检查缸套表面与活塞环状态,记载于,来源,MAN SL2016-633 hard-coated piston rings and liner scuffing,provenance_index,仅在本声明来源及构型范围内使用,stated,02_reports/MAN_SL2016_633_piston_rings_scuffing.pdf,3,Conditioning the liner surface,edge:a104b9c90d6616427c9d4c8b,assertion:0b41513e81bea90c9b8a84e6
运维措施,按手册调整转速传感器齿顶对中位置,应对,状态,转速信号波形失真,source_recommendation,12V20/27、双机双轴双桨定距推进的文中闭环调速构型；信号接口及间隙不可跨机型套用。,stated,01_datasets/marine_diesel_RAG_corpus_All_data/All_data/test/船机帮某型船主机遥控系统典型故障分析.md,,通过加垫片将转速传感器感应部向外适当移动,edge:a135d8a12bcfd336e38b94d2,assertion:900b57217ab4603368e9d44e
部件,传动皮带,记载于,来源,船机帮船舶动力设备日常维护要点与常见故障排除,provenance_index,仅在本声明来源及构型范围内使用,stated,01_datasets/marine_diesel_RAG_corpus_All_data/All_data/test/船机帮船舶动力设备日常维护要点与常见故障排除.md,,系统调试需校准恒温阀，验证热交换器温差并调整皮带挠度,edge:a195ec24b68a9dc1e7b98613,assertion:45fb5b85094b399ee435e185
故障,连杆小端疲劳断裂,记载于,来源,Finlandia Seaways engine failure and fire,provenance_index,仅在本声明来源及构型范围内使用,stated,02_reports/MAIB_2021_02_Finlandia_Seaways_connecting_rod_failure.pdf,9,introduced stress raisers that signficantly increased the likelihood of crack initiation and fatigue failure,edge:a1a7e078d7113c76d6eb40ec,assertion:677d35d47b4108c1723b29f0
状态,主机遥控系统工作不稳定,记载于,来源,船机帮某型船主机遥控系统典型故障分析,provenance_index,仅在本声明来源及构型范围内使用,stated,01_datasets/marine_diesel_RAG_corpus_All_data/All_data/test/船机帮某型船主机遥控系统典型故障分析.md,,电源绝缘不良、输出不稳、直流电源纹波大、带载能力下降都会导致系统工作不稳甚至崩溃。,edge:a1b54454ca8ebbf6c97b5314,assertion:e71dcb0bd10d20cb537e14f4
故障,活塞环卡滞,记载于,来源,船机帮船用柴油机的拉缸故障,provenance_index,仅在本声明来源及构型范围内使用,stated,01_datasets/marine_diesel_RAG_corpus_All_data/All_data/test/船机帮船用柴油机的拉缸故障.md,,另外活塞环的变形，在活塞环内出现卡滞，活塞环尺寸不对，环槽间隙过小，受到热膨胀无间隙，也会出现拉缸，活塞环无弹力，也可造成拉缸。,edge:a1c68c81cea69fffbf99fbf3,assertion:b4bdc47e2c899247810297a1
故障,连杆大端轴瓦失效,是概念的实例,故障,连杆大端轴瓦失效,concept_alignment,仅在本声明来源及构型范围内使用,stated,02_reports/MAIB_2026_10_Kommandor_Susan_generator_bearing_failure.pdf,5,most likely root cause for the bearing failure is weak bonding of the copper layer,edge:a1d3e5216da42864e10c95e1,assertion:bbdc9b96d78d8641d4b691c2
状态,轴带变流器控制与发电端变频条件,相关联,故障,船舶电网电压频率振荡,source_guidance_statement,2021论文三类船舶的实测电网信号，含轴带发电化学品船；不是所有振荡都超限。DP船风浪影响主要作用于基波与频率，不能一概说风浪显著放大所有谐波。,research_observation,03_papers/Frontiers_2021_marine_converter_oscillations.pdf,6,ower converter control under the condit,edge:a1df45d0db4e85e70364e481,assertion:91887c9367fa85afde0c680f
运维措施,按手册清洁活络共轨节流阀顶杆,记载于,来源,船机帮高压共轨柴油机燃油喷射系统故障分析,provenance_index,仅在本声明来源及构型范围内使用,stated,01_datasets/marine_diesel_RAG_corpus_All_data/All_data/test/船机帮高压共轨柴油机燃油喷射系统故障分析.md,,一般需拆检各节流阀，清洁、活络各节流阀电磁阀顶杆和阀芯部分，装复后，即可恢复正常。,edge:a1e1928931172f646ec52eb5,assertion:38d019543d8d16fa919fdfc6
故障,空气启动马达叶轮断裂,记载于,来源,船机帮船舶发电机常见故障及对策,provenance_index,仅在本声明来源及构型范围内使用,stated,01_datasets/marine_diesel_RAG_corpus_All_data/All_data/test/船机帮船舶发电机常见故障及对策.md,,在叶轮的高速运转中被异物击坏，致使叶轮断裂并带动其他叶轮的损坏。,edge:a1e337aa5b7e62f7ea686ceb,assertion:efaab4dd30a06839f45e7917
检查方法,定期记录发电机轴承温度,适用于,设备,柴油发电机,applicability_index,S6U-PTK与文中船舶发电机经验；部分表述不严谨，不采纳未经原厂确认的轴承结构改造建议。,stated,01_datasets/marine_diesel_RAG_corpus_All_data/All_data/test/船机帮船舶发电机常见故障及对策.md,,定期测量、记录轴承温度,edge:a1ed71861a158c4cc7398273,assertion:e32ae1f359cd8e54ca8c05a9
运维措施,开展机舱进水应急演练,记载于,来源,MAIB Safety Digest 2016 generator oil fire case,provenance_index,仅在本声明来源及构型范围内使用,stated,02_reports/MAIB_2016_Safety_Digest_generator_oil_fire.pdf,41,never carried out an engine room flooding drill,edge:a22492fb599d8eb7e218ae35,assertion:4709395a0719b8c8a7611b3c
检查方法,结合缸压与惯量刚度进行扭振分析并试验验证,检查,故障,轴系扭转共振风险,source_guidance_statement,内燃机-发电机传动链一般机理；证据支持扭振导致失效风险及电气故障转矩冲击，但未建立某大型船主轴联轴器断裂的已证实事故链。,guidance,02_reports/STAMFORD_AGN235_torsional_analysis.pdf,7,require validation by test,edge:a225c671e3dd7f7b1e7beb68,assertion:3724830fcadbdcf2bc5f5fc3
故障,滑油泵堵头振松,是概念的实例,故障,滑油泵堵头振松,concept_alignment,仅在本声明来源及构型范围内使用,stated,02_reports/MAIB_2016_Safety_Digest_generator_oil_fire.pdf,26,insufficiently tightened by shore staff,edge:a2291689f0490f7816202fc3,assertion:5cc96ef2c692d4d638ba7674
状态,推进电机超速,记载于,来源,Spirit of Discovery loss of propulsion in heavy weather,provenance_index,仅在本声明来源及构型范围内使用,stated,02_reports/MAIB_2026_06_Spirit_of_Discovery_propulsion_loss.pdf,42,led to a very rapid increase in the motors’ rpm,edge:a22c6ac564f8d9e2628322aa,assertion:2fb6a81d344e956d04d7393d
故障,净油泄漏报警盒节流孔堵塞,导致,状态,共轨净油泄漏误报警,source_statement,航浚6008/MAN L32/44CR与CR2.2；轨压数值、扭矩与拆装必须核对本机手册。,possible,01_datasets/marine_diesel_RAG_corpus_All_data/All_data/test/船机帮高压共轨柴油机燃油喷射系统故障分析.md,,报警是因为报警检测盒内部节流孔堵塞所致的误报警，疏通即可。,edge:a246619d98ac7f7c297e792d,assertion:8821a6eb843766ef6e0703f6
状态,进气流阻增大,记载于,来源,船机帮船舶发电机常见故障及对策,provenance_index,仅在本声明来源及构型范围内使用,stated,01_datasets/marine_diesel_RAG_corpus_All_data/All_data/test/船机帮船舶发电机常见故障及对策.md,,增压器的滤网不清洁，造成流阻增大，增压能力被降低，致使电机燃烧室缺乏氧气无法有效燃烧；,edge:a24d99f838f5d7505210b7da,assertion:4a39bd863e39984de13359f1
检查方法,测量柴油机各缸负荷分配,检查,状态,柴油机各缸负荷不均,source_check,S6U-PTK与文中船舶发电机经验；部分表述不严谨，不采纳未经原厂确认的轴承结构改造建议。,stated,01_datasets/marine_diesel_RAG_corpus_All_data/All_data/test/船机帮船舶发电机常见故障及对策.md,,各汽缸的负荷要定时测量,edge:a25fb7767ad81eab36a4e97f,assertion:beeac1597201fff465522019
故障,安全停车中间继电器故障,记载于,来源,船机帮船舶柴油发电机主开关并网合闸失败故障的分析与排查,provenance_index,仅在本声明来源及构型范围内使用,stated,01_datasets/marine_diesel_RAG_corpus_All_data/All_data/test/船机帮船舶柴油发电机主开关并网合闸失败故障的分析与排查.md,,在正常状态下该继电器线圈是断开的，控制分闸线圈 MN 的触点处于常闭状态，主开关可以正常合闸。,edge:a28bc0a27aa82619ddc817d3,assertion:5594cfea59e0e7d6c6d9fa95
故障,二号压缩机排气阀损坏,发生于,设备,控制空气供给与主机离合装置,case_equipment_index,仅在本声明来源及构型范围内使用,stated,02_reports/MAIB_2013_Safety_Digest_lubrication_bearing_cases.pdf,15,Neither compressor had been able to keep up with demand,edge:a2c41a3d09e1002974c0fcd4,assertion:203b30e5e011077093b26bd5
检查方法,检查水腔盖板垫片,检查,部件,水腔盖板垫片,source_check,海水冷却的推进柴油机滑油系统；匿名二次报道。文中压力试验参数和标准引用未独立核实，不作为通用操作依据。,stated,01_datasets/marine_diesel_RAG_corpus_All_data/All_data/test/船机帮船舶动力系统滑油水污染故障实例分析.md,,定期检测缸套水腔密封性，重点检查缸套阻水圈、水腔盖板垫片等薄弱点，发现渗漏立即更换密封件,edge:a2c762e24d69e7647b56a15b,assertion:f5a425cfd6bb7da5d82dbb66
状态,一台主机数周不能运行,记载于,来源,Stena Europe pressurised fuel spray and engine-room fire,provenance_index,仅在本声明来源及构型范围内使用,stated,02_reports/MAIB_2024_20_Stena_Europe_fuel_spray_fire.pdf,7,one of its four main engines inoperative for several weeks,edge:a2d048e47b0cac5ffefb5470,assertion:85f2f0635bb9dc2d9d2aba4b
状态,冷却水温度过高,记载于,来源,船机帮柴油机冷却水过高或过低的危害,provenance_index,仅在本声明来源及构型范围内使用,stated,01_datasets/marine_diesel_RAG_corpus_All_data/All_data/test/船机帮柴油机冷却水过高或过低的危害.md,,冷却水温度过高，致使活塞、活塞环、气缸套、缸盖和气门等零件的工作温度升高，导致充气不足，燃烧不正常，容易引起敲缸、爆燃。,edge:a2f1eb84520059b46947d293,assertion:1158ddf6644d8d37637bc12f
设备,减速齿轮箱,服务于系统,系统,传动与推进系统,functional_classification,仅在本声明来源及构型范围内使用,stated,01_datasets/marine_diesel_RAG_corpus_All_data/All_data/test/船机帮船用齿轮箱故障分析与管理对策.md,,若齿轮突然过载就可能会超负荷造成突然断裂；若非突然断裂，齿轮重复受过载力，造成应力集中，也会导致疲劳裂纹，进而导致疲劳断裂。,edge:a2f57cd76d9e2380fa634da6,assertion:93fa7b6e1594282ca4b31b91
故障,喷油控制电磁阀小开度卡滞,适用于,设备,高压共轨燃油喷射装置,applicability_index,航浚6008/MAN L32/44CR与CR2.2；轨压数值、扭矩与拆装必须核对本机手册。,stated,01_datasets/marine_diesel_RAG_corpus_All_data/All_data/test/船机帮高压共轨柴油机燃油喷射系统故障分析.md,,某缸排温偏低，而喷油时长明显大于其他缸时，可能是喷油控制电磁阀堵塞或卡在较小开度位置，需解体清洁活络阀芯,edge:a305a0121a684ef798604d25,assertion:036724fd34017e5552b00281
运维措施,按OEM服务程序维护CPP执行器,适用于,系统,电力与控制系统,functional_classification,实际证据是Hebrides的CPP执行器小型爪式联轴器，不是主推进轴联轴器断裂；主轴断裂根因不可由此推断。,stated,02_reports/MAIB_2017_20_Hebrides_CPP_coupling.pdf,36,service procedure for the linear servomotor,edge:a30bf731b02cc446454b19bb,assertion:aa6daf5be06ef164a984cf46
检查方法,按试验台规程校验喷油器喷油压力,适用于,设备,柴油发电机,applicability_index,S6U-PTK与文中船舶发电机经验；部分表述不严谨，不采纳未经原厂确认的轴承结构改造建议。,stated,01_datasets/marine_diesel_RAG_corpus_All_data/All_data/test/船机帮船舶发电机常见故障及对策.md,,卸下喷油嘴并校验其喷油压力，若发现孔道阻塞现象需将喷油嘴进行拆卸，检查针阀和底座有无变形损坏,edge:a32a1fbfc965ac5281c7a856,assertion:f1bb9bfcce0edc735b64ca15
设备,减速齿轮箱,记载于,来源,船机帮船用齿轮箱故障分析与管理对策,provenance_index,仅在本声明来源及构型范围内使用,stated,01_datasets/marine_diesel_RAG_corpus_All_data/All_data/test/船机帮船用齿轮箱故障分析与管理对策.md,,若齿轮突然过载就可能会超负荷造成突然断裂；若非突然断裂，齿轮重复受过载力，造成应力集中，也会导致疲劳裂纹，进而导致疲劳断裂。,edge:a35e5541196a3013cae53bbb,assertion:0b914b2597e727f6d2b9497d
船舶,Pride of Canterbury,发生案例,事故案例,液压背压阀卡滞与火灾,case_index,仅在本声明来源及构型范围内使用,stated,02_reports/MAIB_2015_22_Pride_of_Canterbury_CPP_hydraulic_fire.pdf,30,Pride of Canterbury,edge:a3618cbb72163e6d424bd95b,assertion:cc8121dba183acec94fe243a
影响因素,装入非原厂轴承,是概念的实例,影响因素,装入非原厂轴承,concept_alignment,仅在本声明来源及构型范围内使用,stated,02_reports/MAIB_2026_10_Kommandor_Susan_generator_bearing_failure.pdf,8,no verification of authenticity for the parts used,edge:a36278f8801346bf9acc42c7,assertion:bb58c8d1ff7529364a885751
状态,舱底高液位报警,记载于,来源,MAIB Safety Digest 2016 generator oil fire case,provenance_index,仅在本声明来源及构型范围内使用,stated,02_reports/MAIB_2016_Safety_Digest_generator_oil_fire.pdf,59,bilge high level alarm was illuminated and sounding,edge:a36ad3f9fe56722bd129836c,assertion:5ceb98ace97d48f21b1d40ac
事故案例,液压背压阀卡滞与火灾,涉及,运维措施,按厂商通告更换背压阀,case_index,仅在本声明来源及构型范围内使用,stated,02_reports/MAIB_2015_22_Pride_of_Canterbury_CPP_hydraulic_fire.pdf,35,replace back pressure valves at least every 15 years,edge:a371f15d923c97efd6099672,assertion:51ca22a139b7cc1788c615f0
故障,主轴承咬死,记载于,来源,MAIB Safety Digest 2013 lubrication and bearing cases,provenance_index,仅在本声明来源及构型范围内使用,stated,02_reports/MAIB_2013_Safety_Digest_lubrication_bearing_cases.pdf,21,contamination caused main bearing seizure,edge:a373796868e6930c9320ba4c,assertion:0d118664b1e52a8899d0d055
检查方法,检查活塞顶部冷却喷孔通畅性,记载于,来源,船机帮MANKSZ型柴油机活塞冷却系统故障分析,provenance_index,仅在本声明来源及构型范围内使用,stated,01_datasets/marine_diesel_RAG_corpus_All_data/All_data/val/船机帮MANKSZ型柴油机活塞冷却系统故障分析.md,,只有6个孔是通畅的，其余全被脏物封死,edge:a3862ae60a5e11526e36b8ed,assertion:61b253b960448462a09f613b
检查方法,进出港前测试正倒车响应,检查,故障,CPP倒车响应迟缓,source_case_statement,本报告案例，不外推为所有船舶已证实根因,reported_action,02_reports/MAIB_2016_Safety_Digest_generator_oil_fire.pdf,29,Frequent engine response tests should be completed,edge:a39feae7df9628346d6e46cb,assertion:0f9a184d33181bf19d9b3950
状态,推进电机保护跳闸,记载于,来源,Spirit of Discovery loss of propulsion in heavy weather,provenance_index,仅在本声明来源及构型范围内使用,stated,02_reports/MAIB_2026_06_Spirit_of_Discovery_propulsion_loss.pdf,42,automatically tripped the power to its motor,edge:a3c2eeb7a396183507e1716f,assertion:5a87ea91a9ff0d8ff8577fe3
船舶,Wight Sky,发生案例,事故案例,ME2主轴承断油失效,case_index,仅在本声明来源及构型范围内使用,stated,02_reports/MAIB_2022_04_Wight_Sky_multiple_engine_failures.pdf,84,ME2 failed catastrophically due to a sudden loss of lubricating oil supply,edge:a3c4863f136e2df7c6539646,assertion:fe15953deeaef0347f452462
故障,冷却水管路汽蚀,适用于,系统,冷却与海水系统,functional_classification,扫气空气冷却器水侧；该证据描述低流量局部沸腾及管路汽蚀，不等同于已证明所有冷却泵汽蚀由此引起。,stated,02_reports/MAN_main_engine_auxiliary_efficiency.pdf,11,may lead to cavitation in the cooling water pipes,edge:a3ccf4c25ce4116095ec62c6,assertion:de3372e96b592c16a4491722
检查方法,定期按手册核验高压油管接头紧固与泄漏,适用于,设备,高压共轨燃油喷射装置,applicability_index,航浚6008/MAN L32/44CR与CR2.2；轨压数值、扭矩与拆装必须核对本机手册。,stated,01_datasets/marine_diesel_RAG_corpus_All_data/All_data/test/船机帮高压共轨柴油机燃油喷射系统故障分析.md,,定期对各高压油管接头进行扭力复紧检查，及时处理轻微泄漏,edge:a3e485e06d514ef589e7f057,assertion:670ab04bcfe5764896f0b12e
检查方法,检测冷却液缓蚀剂浓度,记载于,来源,船机帮船舶动力系统滑油水污染故障实例分析,provenance_index,仅在本声明来源及构型范围内使用,stated,01_datasets/marine_diesel_RAG_corpus_All_data/All_data/test/船机帮船舶动力系统滑油水污染故障实例分析.md,,定期开展缓蚀剂浓度、pH 值浓度、氯离子浓度等影响冷却液腐蚀率的关键指标检测,edge:a406ef7c8244efff3db3f638,assertion:26c0a57a154e098da5bbc6b8
运维措施,定期演练推进失效与恢复,适用于,设备,可调螺距桨推进装置,applicability_index,本报告案例，不外推为所有船舶已证实根因,stated,02_reports/MAIB_2016_Safety_Digest_generator_oil_fire.pdf,29,Regular drills simulating propulsion system failure and recovery,edge:a4113ec4719f0a9de5a3a6e3,assertion:b8299f5a2a8310cfd666ea06
故障,涡轮叶片折断,记载于,来源,船机帮船舶柴油机废气涡轮增压器振动的主要原因有哪些,provenance_index,仅在本声明来源及构型范围内使用,stated,01_datasets/marine_diesel_RAG_corpus_All_data/All_data/test/船机帮船舶柴油机废气涡轮增压器振动的主要原因有哪些.md,,由于涡轮叶片上严重积炭或叶片变形、折断、压气机叶轮、叶片变形或损坏等都会使转子质量分布发生变化,edge:a422435a900c5b2705447876,assertion:18778fb3f968aa08ef71fb48
状态,全部推进电机停机,导致,状态,失去推进,source_case_statement,本报告案例，不外推为所有船舶已证实根因,reported,02_reports/MAIB_2011_28_Queen_Mary_2_harmonic_filter_failure.pdf,13,vessel was clear of navigational hazards and drifted in open sea,edge:a427326e1366934d7abe7ce9,assertion:cb3bc4e24fc564bb500072e9
运维措施,规范收集处置含油废物,记载于,来源,MAIB Safety Digest 2013 lubrication and bearing cases,provenance_index,仅在本声明来源及构型范围内使用,stated,02_reports/MAIB_2013_Safety_Digest_lubrication_bearing_cases.pdf,42,correct disposal of contaminated waste,edge:a46668a5261faf18dcd439e3,assertion:aaaacbe65801cca4700ebc5d
故障,CPP系统超压,记载于,来源,Pride of Canterbury CPP hydraulic overpressure and fire,provenance_index,仅在本声明来源及构型范围内使用,stated,02_reports/MAIB_2015_22_Pride_of_Canterbury_CPP_hydraulic_fire.pdf,29,back pressure valve (PSV3) becoming jammed in the closed position,edge:a472b8915f1afa2d4f904a02,assertion:cda29a342a827ec004e219fc
检查方法,检查主开关合闸中间继电器信号,适用于,设备,发电机主开关,applicability_index,DG2、施耐德NW08-63和文中扩展箱构型；仅合格电气人员可按本船隔离规程检修。,stated,01_datasets/marine_diesel_RAG_corpus_All_data/All_data/test/船机帮船舶柴油发电机主开关并网合闸失败故障的分析与排查.md,,重点检测与主开关合闸信号的相关中间继电器和模块输出信号,edge:a48bfedeffd9cb899ea2e56b,assertion:f234c6a77a12a30b7acaed94
状态,控制空气压力不足,记载于,来源,MAIB Safety Digest 2013 lubrication and bearing cases,provenance_index,仅在本声明来源及构型范围内使用,stated,02_reports/MAIB_2013_Safety_Digest_lubrication_bearing_cases.pdf,14,air pressure in the main air receiver was dropping,edge:a4a28a3638a3d4d7f846cd3f,assertion:8c44dcccb11dab786def7ffd
检查方法,检测滑油酸值变化,检查,状态,滑油酸性腐蚀,source_check,海水冷却的推进柴油机滑油系统；匿名二次报道。文中压力试验参数和标准引用未独立核实，不作为通用操作依据。,stated,01_datasets/marine_diesel_RAG_corpus_All_data/All_data/test/船机帮船舶动力系统滑油水污染故障实例分析.md,,重点关注水分、黏度、酸值等指标变化，超标时及时预警并检查排故。,edge:a4ad8484109400b1aed9a23c,assertion:27b0ad9b1cf52e1abcbf3e89
设备,主机启动与盘车装置,是概念的实例,设备,主机启动与盘车装置,concept_alignment,仅在本声明来源及构型范围内使用,stated,02_reports/MAIB_2013_Safety_Digest_lubrication_bearing_cases.pdf,16,specialist cargo ship,edge:a4e78166ea0f5c3ed98325a3,assertion:e9816a294f017fde312f5990
检查方法,记录柴油机滑油液位变化,适用于,设备,滑油冷却器,applicability_index,海水冷却的推进柴油机滑油系统；匿名二次报道。文中压力试验参数和标准引用未独立核实，不作为通用操作依据。,stated,01_datasets/marine_diesel_RAG_corpus_All_data/All_data/test/船机帮船舶动力系统滑油水污染故障实例分析.md,,每小时记录油温、水压、液位等关键参数，关注数据异常变化,edge:a4f9a37767f73516c7506acc,assertion:fc3d47895393733dd182485b
检查方法,核对调速器连接与运转方向,适用于,设备,柴油机调速器,applicability_index,调速器维修经验；不同调速器针阀与补偿调节不可照抄，飞车必须执行本船应急规程。,stated,01_datasets/marine_diesel_RAG_corpus_All_data/All_data/test/船机帮船用柴油机调速器的维护与保养十飞车故障.md,,调速器连接错误，运转方向不对。,edge:a506564728e7f85a53c91e2a,assertion:ef794220939cf2b272917bb1
运维措施,按原厂周期清洗更换增压器滤网,应对,故障,压气机空气滤清器堵塞,source_recommendation,S6U-PTK与文中船舶发电机经验；部分表述不严谨，不采纳未经原厂确认的轴承结构改造建议。,stated,01_datasets/marine_diesel_RAG_corpus_All_data/All_data/test/船机帮船舶发电机常见故障及对策.md,,定时清洗并更换滤网；,edge:a50f5ee3f0e5d46824e0dc58,assertion:47ad8e08dc16971de0d58783
部件,可调螺距桨反馈控制器,是概念的实例,部件,可调螺距桨反馈控制器,concept_alignment,仅在本声明来源及构型范围内使用,stated,02_reports/MAIB_2016_Safety_Digest_generator_oil_fire.pdf,29,chemical tanker,edge:a5146a24ea991b6f1aeac984,assertion:bdd4be24cbb3146b67a554ac
参数,发动机冷却水流量,记载于,来源,variable_dictionary,provenance_index,仅在本声明来源及构型范围内使用,stated,01_datasets/Marine_Engine_Fault_Data_v1/Marine_Engine_Fault_Data/variable_dictionary.csv,,"Engine Cooling water flow,Qw_eng,m3/h,number,TRUE,TRUE,flow / fuel / air,",edge:a524b0b0589867d0ad97d710,assertion:6a65ddc30849265ceb074d23
运维措施,严重表面污染时由合格人员拆机清洁定子绕组,作用于,部件,发电机定子绕组,source_manufacturer_recommendation,STAMFORD/AvK对应交流发电机型号；AGN040应与本机Owner Manual联合使用；干燥与绝缘处置仅由合格人员实施。,guidance,02_reports/STAMFORD_AGN040_winding_insulation.pdf,8,the alternator must be removed from the engine and stripped down,edge:a52e1bd7beb8d983c8fd1aa2,assertion:89e6d8af3bae5eb3fd973899
影响因素,增压器修理质量不良,记载于,来源,船机帮船舶柴油机废气涡轮增压器振动的主要原因有哪些,provenance_index,仅在本声明来源及构型范围内使用,stated,01_datasets/marine_diesel_RAG_corpus_All_data/All_data/test/船机帮船舶柴油机废气涡轮增压器振动的主要原因有哪些.md,,如修理质量差或修后装配不良时，就会造成增压器运转时转子与壳体或气封相碰，产生摩擦导致振动。,edge:a53436eda24e662f6dd30673,assertion:75711155bec01012f94b7d60
故障,冷却水泵吸空,导致,状态,副机冷却水供给中断,secondary_source_statement,文中共享中央淡水冷却回路；须核对本船空压机冷却器与副机回路连接,secondary_stated,01_datasets/marine_diesel_RAG_corpus_All_data/All_data/test/船机帮一起副机冷却水失压停车故障的处理和原因分析.md,,"系统中就可能形成气囊,导致水泵吸空, 冷却水中断",edge:a553798294f0b8af43f0c77d,assertion:b3ce9ec7bd4eea6a9f1be476
检查方法,停机隔离后按手册拆检曲轴,检查,部件,曲轴,source_check,某型巡逻船试航故障二次报道；排查中已排除的原因不作为本案正向根因，油品及公差不能跨机型使用。,stated,01_datasets/marine_diesel_RAG_corpus_All_data/All_data/test/船机帮柴油机轴瓦抱轴故障分析.md,,对故障柴油机进行拆检，拆下柴油机外围管路、气缸盖，拆除活塞、连杆组件和曲轴。,edge:a56af072a14bdab6b2a5e038,assertion:eae24437c1f1db87db91ba37
故障,增压空气流道堵塞,适用于,设备,废气涡轮增压器,applicability_index,船用废气涡轮增压器；拆装细节为VTR400示例，必须服从适用机型手册。,stated,01_datasets/marine_diesel_RAG_corpus_All_data/All_data/test/船机帮船舶柴油机废气涡轮增压器振动的主要原因有哪些.md,,增压系统流道阻塞是增压器喘振的常见原因。,edge:a57086e36d9fab93e8c5b577,assertion:3ce3f6dd2e2959a6ffaa1d9b
参数,增压器滑油温度出口,记载于,来源,variable_dictionary,provenance_index,仅在本声明来源及构型范围内使用,stated,01_datasets/Marine_Engine_Fault_Data_v1/Marine_Engine_Fault_Data/variable_dictionary.csv,,"LO Temp. TCH Out,T20,°C,number,TRUE,TRUE,temperature,",edge:a586189a8c19aa4309a733f9,assertion:48f7614aa41ebdc98207b91f
故障,喷油器喷嘴堵塞,适用于,设备,试验柴油机,native_dataset_label,Marine Engine Fault Dataset原始标签；不推导未在数据中证明的机理,dataset_label,01_datasets/Marine_Engine_Fault_Data_v1/Marine_Engine_Fault_Data/dataset_index.csv,,"Injector_Nozzle/Clogged_Injector_Nozzle1_40_60_85_Load.csv,scenario,Injection-valve nozzle clogging,""40%, 60%, 85% (stepped)"",one-hole plugged nozzle,3,6492,73,all-anomaly (no baseline segment),Anomalous operation only (no baseline segment). Compressor Filter Loss (dPf) and Turbine Back Pressure (dPex) not recorded in this run (columns present but empty).",edge:a5a6003c5e47720675d55cb1,assertion:b2be0ce88682e9d2c3c5c9d4
故障,主轴承咬死,是概念的实例,故障,主轴承咬死,concept_alignment,仅在本声明来源及构型范围内使用,stated,02_reports/MAIB_2013_Safety_Digest_lubrication_bearing_cases.pdf,21,contamination caused main bearing seizure,edge:a5b6cf9540ed7c2c4f84eb57,assertion:cd7206bed45ae9786ca927a2
运维措施,按机型要求及时更换损坏增压器轴承,适用于,设备,废气涡轮增压器,applicability_index,船用废气涡轮增压器；拆装细节为VTR400示例，必须服从适用机型手册。,stated,01_datasets/marine_diesel_RAG_corpus_All_data/All_data/test/船机帮船舶柴油机废气涡轮增压器振动的主要原因有哪些.md,,为此应按轴承规定的使用期按时更换轴承，发生损坏时更应即时更换轴承。,edge:a5cafb78bc7592b05401c168,assertion:66115c72b072e96f1971a369
影响因素,油污抹布遗留在歧管上方,记载于,来源,MAIB Safety Digest 2013 lubrication and bearing cases,provenance_index,仅在本声明来源及构型范围内使用,stated,02_reports/MAIB_2013_Safety_Digest_lubrication_bearing_cases.pdf,41,Vibration caused the oil-soaked rag to fall,edge:a5dc5e99972bad5ba331be76,assertion:1e23f4fc1964b66612a3c51c
故障,海水隔离阀未完全关闭,发生于,设备,海水压载与机舱排水装置,case_equipment_index,仅在本声明来源及构型范围内使用,stated,02_reports/MAIB_2016_Safety_Digest_generator_oil_fire.pdf,41,giving an impression that the valve was fully closed when it was not,edge:a5e30f6c36607d34be809405,assertion:32f856cf23ffee354a4c79f1
设备,控制空气供给与主机离合装置,服务于系统,系统,电力与控制系统,functional_classification,仅在本声明来源及构型范围内使用,stated,02_reports/MAIB_2013_Safety_Digest_lubrication_bearing_cases.pdf,14,ro-ro passenger ferry,edge:a5f816dd2687dcb778f54319,assertion:bff9de517b7668aa975a3cec
设备,海水压载与机舱排水装置,是概念的实例,设备,海水压载与机舱排水装置,concept_alignment,仅在本声明来源及构型范围内使用,stated,02_reports/MAIB_2016_Safety_Digest_generator_oil_fire.pdf,40,general cargo vessel,edge:a5ff3604709d6a9fffce8137,assertion:248a956c452340e177880acd
检查方法,检查调速器驱动轴完整性,记载于,来源,船机帮船用柴油机调速器的维护与保养十飞车故障,provenance_index,仅在本声明来源及构型范围内使用,stated,01_datasets/marine_diesel_RAG_corpus_All_data/All_data/test/船机帮船用柴油机调速器的维护与保养十飞车故障.md,,调速器驱动轴是否扭断。,edge:a605365c22cdab1cfe68ef29,assertion:02474c4e885085823f2799f3
运维措施,按厂家认可清洗方式清洁发动机散热器,作用于,部件,发动机散热器,source_recommendation,Caterpillar3512冬季维护经验，原始应用场景不一定为船舶；仅提取可迁移维护主题，必须核对船用构型，排除未获批准的自主回油改造及统一数值。,stated,01_datasets/marine_diesel_RAG_corpus_All_data/All_data/test/船机帮冬季卡特柴油发电机组的安全运行.md,,及时清理发动机散热器,edge:a6067f246e324194ab914765,assertion:2e53b7599f97df22b217cfbb
运维措施,按启动空气规程排空气路积水,记载于,来源,船机帮冬季卡特柴油发电机组的安全运行,provenance_index,仅在本声明来源及构型范围内使用,stated,01_datasets/marine_diesel_RAG_corpus_All_data/All_data/test/船机帮冬季卡特柴油发电机组的安全运行.md,,要及时排空气路内的积水,edge:a61eb2f965a707a0b5787b3a,assertion:1f811655ff6e04524bb95735
检查方法,隔离后由合格人员检测绝缘电阻与极化指数,适用于,系统,冷却与海水系统,functional_classification,STAMFORD/AvK发电机；检测与干燥作业须停电隔离，由合格人员依本机手册执行，本文不提供通用阈值或操作命令。,stated,02_reports/STAMFORD_AGN040_winding_insulation.pdf,6,Polarization Index,edge:a649ae89966ebf451bbcb9a7,assertion:a188bfea072af018ed68256d
检查方法,计划维护检查海水进口管路,检查,故障,主机海水冷却管疑似失效,source_case_statement,本报告案例，不外推为所有船舶已证实根因,reported_action,02_reports/MAIB_2016_Safety_Digest_generator_oil_fire.pdf,60,Sea inlet pipework should be thoroughly checked,edge:a65b6648037dd960eb3b4749,assertion:b9893ded28603bf2cd353943
状态,主轴承润滑油膜厚度减小,记载于,来源,船机帮柴油机轴瓦抱轴故障分析,provenance_index,仅在本声明来源及构型范围内使用,stated,01_datasets/marine_diesel_RAG_corpus_All_data/All_data/test/船机帮柴油机轴瓦抱轴故障分析.md,,"机油粘度下降会导致油膜厚度的减小,机油承载能力降低",edge:a65c4852f18de61c5e505941,assertion:77f094d8d8e787b9bd5922ce
状态,船舶停航一个月,是概念的实例,状态,船舶停航一个月,concept_alignment,仅在本声明来源及构型范围内使用,stated,02_reports/MAIB_2013_Safety_Digest_lubrication_bearing_cases.pdf,16,disabled the ship for a month,edge:a66834857146df95107ce558,assertion:17a705952ec2045c4d670b0d
检查方法,取样检测滑油理化指标,适用于,设备,滑油冷却器,applicability_index,海水冷却的推进柴油机滑油系统；匿名二次报道。文中压力试验参数和标准引用未独立核实，不作为通用操作依据。,stated,01_datasets/marine_diesel_RAG_corpus_All_data/All_data/test/船机帮船舶动力系统滑油水污染故障实例分析.md,,油液理化指标、金属磨粒指标、外源污染元素,edge:a68d0faee9c201ef8db6f4d5,assertion:940cf81e52a4dacabfa9251d
运维措施,按认可维修工艺修复海水泵叶轮腐蚀,适用于,设备,船舶动力装置,applicability_index,综合维护二次文章，原厂和标准出处未独立证实；不采纳文中统一周期、报警值、压力值、浮动轴承加脂和未经验证改造方案。以下仅用于检索维护主题，由适用机型规程决定具体操作。,stated,01_datasets/marine_diesel_RAG_corpus_All_data/All_data/test/船机帮船舶动力设备日常维护要点与常见故障排除.md,,蚀坑需进行堆焊修复或整体更换,edge:a6ab6311f319e19486441e2e,assertion:6f80b351ef71df9db50ce52c
状态,异物经滑油进入主轴承,导致,故障,主轴承咬死,source_guidance_statement,主机滑动轴承；烧瓦是检索用的工程统称，不能把全部轴瓦疲劳、瓦片转位或轴承失效直接标成已证实烧瓦。,guidance,02_reports/MAN_SL2013_569_bearing_wear_monitoring.pdf,2,sudden ingress of foreign matter,edge:a6b0dd235c31eac71b7cab80,assertion:7a7f6b3211e5bb307934a0b9
检查方法,用示波器测量遥控电源纹波,记载于,来源,船机帮某型船主机遥控系统典型故障分析,provenance_index,仅在本声明来源及构型范围内使用,stated,01_datasets/marine_diesel_RAG_corpus_All_data/All_data/test/船机帮某型船主机遥控系统典型故障分析.md,,用福禄克F124型示波器检测各电源模块输出端绝缘正常，输出稳定；测量空载电压，纹波在0.1 V以内；按照各电源模块设计负荷的60%通过电子负载进行带载试验,edge:a6bf062f996d4ea85fa13fa7,assertion:c8116bb013e74cc05086b4d4
运维措施,确认减振器故障后按厂家程序更换,适用于,系统,传动与推进系统,functional_classification,MAN L16/24、L21/31、L27/38等通函列明机型；不得推广其维护周期到其它机型。,stated,02_reports/MAN_SL2017_654_torsional_damper.pdf,1,complete torsional vibration damper must be replaced,edge:a6d919dedd819c5be322bb57,assertion:f027d6ea32e03936632a314f
运维措施,按手册清洁活络共轨节流阀阀芯,适用于,设备,高压共轨燃油喷射装置,applicability_index,航浚6008/MAN L32/44CR与CR2.2；轨压数值、扭矩与拆装必须核对本机手册。,stated,01_datasets/marine_diesel_RAG_corpus_All_data/All_data/test/船机帮高压共轨柴油机燃油喷射系统故障分析.md,,一般需拆检各节流阀，清洁、活络各节流阀电磁阀顶杆和阀芯部分，装复后，即可恢复正常。,edge:a6e856fb599a6aca842b7beb,assertion:0d5a59325e1d3b2d6eb9ede3
故障,冷却水通道结垢堵塞,导致,状态,换热能力降低,source_guidance_statement,MAN四冲程柴油机闭式淡水冷却；水质要求与添加剂须按具体机型手册确认。,guidance,02_reports/MAN_SL2016_623_cooling_water.pdf,2,reduce the heat transfer,edge:a6f2a3ee7c64e2fadb6cee32,assertion:9d3545b3d62972ded0f451cd
检查方法,检查高压油泵异常泄漏,记载于,来源,船机帮高压共轨柴油机燃油喷射系统故障分析,provenance_index,仅在本声明来源及构型范围内使用,stated,01_datasets/marine_diesel_RAG_corpus_All_data/All_data/test/船机帮高压共轨柴油机燃油喷射系统故障分析.md,,一般通过检查高压油泵或油头来确认，并换新故障的高压油泵或油头,edge:a6f43618a2309bd7f03bda64,assertion:383e5f15032cb06b461fa9bb
状态,原动机转矩脉动与负载波动,记载于,来源,Comparative Case Study on Oscillatory Behavior in Power Systems of Marine Vessels With High Power Converters,provenance_index,仅在本声明来源及构型范围内使用,stated,03_papers/Frontiers_2021_marine_converter_oscillations.pdf,2,sating torque of,edge:a747c66710f11bdb7f2034de,assertion:6b80396075cb2cdf938774cd
影响因素,盘车指示灯照明不足,是概念的实例,影响因素,盘车指示灯照明不足,concept_alignment,仅在本声明来源及构型范围内使用,stated,02_reports/MAIB_2013_Safety_Digest_lubrication_bearing_cases.pdf,18,should therefore be tested regularly,edge:a749c6838026e30057701c13,assertion:3736bb0b9e4f81ede03f2e1b
状态,油舱水蒸气凝结,记载于,来源,船机帮船舶动力系统滑油水污染故障实例分析,provenance_index,仅在本声明来源及构型范围内使用,stated,01_datasets/marine_diesel_RAG_corpus_All_data/All_data/test/船机帮船舶动力系统滑油水污染故障实例分析.md,,完善油舱呼吸系统，配置高性能干燥剂滤罐，避免水蒸气在油舱顶部凝结。,edge:a76225577d03aa4eb48e918d,assertion:8c35b1cabd09a59308acf70f
状态,轴带发电机与齿轮箱对中失准,促成,故障,轴带发电机振动损伤,source_guidance_statement,通过齿轮箱及联轴器驱动的轴带发电机；不能推广到所有同轴无附加轴承的构型。,possible,02_reports/STAMFORD_AGN039_marine_shaft_generators.pdf,2,excessive vibration is likely to damage,edge:a782b726eee585d60225a70a,assertion:07070a53dfaa3b4958feddba
设备,高压共轨燃油喷射装置,服务于系统,系统,燃油与进排气系统,functional_classification,仅在本声明来源及构型范围内使用,stated,01_datasets/marine_diesel_RAG_corpus_All_data/All_data/test/船机帮高压共轨柴油机燃油喷射系统故障分析.md,,冲洗单向阀 12 止回功能失效，使整个共轨系统直接与 12bar 的供油管路相通，无法建立轨压而启动失败。,edge:a79739c44afbcb1b2ff6f14b,assertion:4d558492f54a1a34399c17a2
运维措施,委托原厂或合格服务方检修调速器,记载于,来源,船机帮船用柴油机调速器的维护与保养十飞车故障,provenance_index,仅在本声明来源及构型范围内使用,stated,01_datasets/marine_diesel_RAG_corpus_All_data/All_data/test/船机帮船用柴油机调速器的维护与保养十飞车故障.md,,维修调速器最好找原厂服务。,edge:a7c7733e42e1285233d961c6,assertion:fd2dffa70e0b75af21b957f3
状态,滑油含水污染,记载于,来源,船机帮船舶动力系统滑油水污染故障实例分析,provenance_index,仅在本声明来源及构型范围内使用,stated,01_datasets/marine_diesel_RAG_corpus_All_data/All_data/test/船机帮船舶动力系统滑油水污染故障实例分析.md,,水分侵入会破坏油膜完整性，引发乳化变质和酸性腐蚀,edge:a80e6743b0a0ff233340452f,assertion:eba1aca8e63153469a9c256b
运维措施,按本机要求减少不必要的轻重油切换,应对,状态,共轨燃油系统污染,source_recommendation,航浚6008/MAN L32/44CR与CR2.2；轨压数值、扭矩与拆装必须核对本机手册。,stated,01_datasets/marine_diesel_RAG_corpus_All_data/All_data/test/船机帮高压共轨柴油机燃油喷射系统故障分析.md,,轻重油频繁切换，容易造成共轨系统被污染，导致柴油机启动故障及零件的异常磨损，使用中尽量避免轻重油频繁切换。,edge:a840909f6d777b66d3b2265d,assertion:0fcfcd10e31d639822f06b07
运维措施,按制造商工艺更换活塞销轴套,记载于,来源,Finlandia Seaways engine failure and fire,provenance_index,仅在本声明来源及构型范围内使用,stated,02_reports/MAIB_2021_02_Finlandia_Seaways_connecting_rod_failure.pdf,56,recommended procedures for overhauling the connecting rod small ends had not been followed,edge:a8a74f4ef38d3c5e1809bcf1,assertion:26a945b8e9dc32a0376b3dbf
故障,高压燃油接头泄漏,适用于,设备,高压共轨燃油喷射装置,applicability_index,航浚6008/MAN L32/44CR与CR2.2；轨压数值、扭矩与拆装必须核对本机手册。,stated,01_datasets/marine_diesel_RAG_corpus_All_data/All_data/test/船机帮高压共轨柴油机燃油喷射系统故障分析.md,,可先尝试按规定扭力复紧接头；如果没有改善，再拆开检查密封面,edge:a8a96d5d6ea6f2052d01deb9,assertion:8c7c32f50b37fbaec2f30735
状态,高温燃气进入低压回油,导致,状态,燃油集油筒低液位报警,secondary_source_statement,MAN B&W 5S60ME-C7；不可套用具体装配尺寸、压力或紧固参数到其他机型,secondary_stated,01_datasets/marine_diesel_RAG_corpus_All_data/All_data/test/船机帮5S60ME船用柴油机喷油器故障分析与对策.md,,"气缸内的高压高温燃气穿过喷油器壳体裂纹进入低压燃油中,随回油进入集油筒中导致集油筒中空气多而油位低引发报警",edge:a8bb28643087f057840b0703,assertion:ba65ee1a8247e16d4346bc3b
影响因素,海上盐雾腐蚀环境,记载于,来源,船机帮船舶动力设备日常维护要点与常见故障排除,provenance_index,仅在本声明来源及构型范围内使用,stated,01_datasets/marine_diesel_RAG_corpus_All_data/All_data/test/船机帮船舶动力设备日常维护要点与常见故障排除.md,,盐雾腐蚀、机械疲劳、极端载荷冲击以及系统老化等因素交互作用，故障发生概率显著上升。,edge:a8d75f4223066e931bba9f25,assertion:b5c112da1b40e868ee73578b
影响因素,齿轮制造加工误差,记载于,来源,船机帮船用齿轮箱故障分析与管理对策,provenance_index,仅在本声明来源及构型范围内使用,stated,01_datasets/marine_diesel_RAG_corpus_All_data/All_data/test/船机帮船用齿轮箱故障分析与管理对策.md,,由于刀具、车床的误差及其安装不当等原因，可能造成齿轮产生偏心、周节误差、基节误差、齿形误差等。,edge:a8eebd28922440d94c236a9d,assertion:21a9cf5481e18770d7568124
系统,传动与推进系统,记载于,来源,Finlandia Seaways engine failure and fire,provenance_index,仅在本声明来源及构型范围内使用,stated,02_reports/MAIB_2021_02_Finlandia_Seaways_connecting_rod_failure.pdf,9,fracture of the connecting rod small end,edge:a90953750798db8716f5f146,assertion:466a40c8070e0a3b35356654
检查方法,记录柴油机滑油温度变化,记载于,来源,船机帮船舶动力系统滑油水污染故障实例分析,provenance_index,仅在本声明来源及构型范围内使用,stated,01_datasets/marine_diesel_RAG_corpus_All_data/All_data/test/船机帮船舶动力系统滑油水污染故障实例分析.md,,每小时记录油温、水压、液位等关键参数，关注数据异常变化,edge:a90f54de4cf2e814c4e0049b,assertion:ad68c38183a22ac414f689e5
设备,右舷可调螺距桨液压装置,记载于,来源,Pride of Canterbury CPP hydraulic overpressure and fire,provenance_index,仅在本声明来源及构型范围内使用,stated,02_reports/MAIB_2015_22_Pride_of_Canterbury_CPP_hydraulic_fire.pdf,30,Pride of Canterbury,edge:a922ec261d0c6ed057a5aac6,assertion:fda746d45e93c2339c8af81c
检查方法,按说明书检查喷油器密封性,适用于,设备,共轨柴油机,applicability_index,共轨柴油机排气阀，厂家与具体型号未确定；仅作机理检索测试，不作直接操作授权。,stated,01_datasets/marine_diesel_RAG_corpus_All_data/All_data/test/船机帮船用共轨柴油机排气阀常见故障与排除.md,,喷油器使用前轮机员要严格按照说明书进行试压、雾化试验、密封性等检查,edge:a92cf746aed627088aa1cb09,assertion:1417b874704b7e953dff7f70
运维措施,启动前安全清除机组表面积水,作用于,设备,柴油发电机,source_recommendation,Caterpillar3512冬季维护经验，原始应用场景不一定为船舶；仅提取可迁移维护主题，必须核对船用构型，排除未获批准的自主回油改造及统一数值。,stated,01_datasets/marine_diesel_RAG_corpus_All_data/All_data/test/船机帮冬季卡特柴油发电机组的安全运行.md,,将附着在机组上的水迹、油迹和铁绣等杂物清除干净。,edge:a95503561cb732093e94fc99,assertion:7f4560d074ab05299b0732a8
部件,喷油器针阀,记载于,来源,船机帮船舶发电机常见故障及对策,provenance_index,仅在本声明来源及构型范围内使用,stated,01_datasets/marine_diesel_RAG_corpus_All_data/All_data/test/船机帮船舶发电机常见故障及对策.md,,卸下喷油嘴并校验其喷油压力，若发现孔道阻塞现象需将喷油嘴进行拆卸，检查针阀和底座有无变形损坏,edge:a9680df72bbd09d9fe8f05df,assertion:93eac098d9ece26b34e601c6
事故案例,大风浪中吊舱推进丧失,涉及,运维措施,修订进水停机序列并允许船员干预,case_index,仅在本声明来源及构型范围内使用,stated,02_reports/MAIB_2026_06_Spirit_of_Discovery_propulsion_loss.pdf,53,revised WLS sequence activation that allows the crew to intervene,edge:a98209d6e15152666ec0e13a,assertion:0c7ac1ea8b7830f344f3b73c
故障,CPP系统超压,记载于,来源,Pride of Canterbury CPP hydraulic overpressure and fire,provenance_index,仅在本声明来源及构型范围内使用,stated,02_reports/MAIB_2015_22_Pride_of_Canterbury_CPP_hydraulic_fire.pdf,29,back pressure valve (PSV3) becoming jammed in the closed position,edge:a99768c553e1664e6fe18cd6,assertion:035a65dfa0928da1c97bad80
状态,主机停止,记载于,来源,MAIB Safety Digest 2016 generator oil fire case,provenance_index,仅在本声明来源及构型范围内使用,stated,02_reports/MAIB_2016_Safety_Digest_generator_oil_fire.pdf,59,main engine then stopped,edge:a9d06447672ae409d8d55e52,assertion:541e551e9856d1b1b0cd420a
设备,交流发电机,记载于,来源,STAMFORD AGN076 alternator bearings,provenance_index,仅在本声明来源及构型范围内使用,stated,02_reports/STAMFORD_AGN076_alternator_bearings.pdf,6,hydrostatic jacking equipment is highly recommended,edge:a9f06be30423c8a3d945ccc2,assertion:113c96b83248d909547296e8
状态,安全停车联锁触点断开,记载于,来源,船机帮船舶柴油发电机主开关并网合闸失败故障的分析与排查,provenance_index,仅在本声明来源及构型范围内使用,stated,01_datasets/marine_diesel_RAG_corpus_All_data/All_data/test/船机帮船舶柴油发电机主开关并网合闸失败故障的分析与排查.md,,若扩展箱存在问题，会导致“安全停车”信号断开。,edge:a9f6b962a37d66aa0b67fb8d,assertion:097e85ba880e456c5bafafdb
事故案例,海水冷却管疑似失效与沉没,涉及,设备,主机海水冷却与舱底排水装置,case_index,仅在本声明来源及构型范围内使用,stated,02_reports/MAIB_2016_Safety_Digest_generator_oil_fire.pdf,59,steel hulled fishing trawler,edge:aa0c2dc0024d3a919c6f15bf,assertion:48c537ebe9b5ac013378d06d
状态,排气歧管裸露高温,记载于,来源,Stena Europe pressurised fuel spray and engine-room fire,provenance_index,仅在本声明来源及构型范围内使用,stated,02_reports/MAIB_2024_20_Stena_Europe_fuel_spray_fire.pdf,29,insulation and shielding,edge:aa16355d4849618e2aac673b,assertion:38028d9bb167d1214b635c02
状态,主机无法继续运行,是概念的实例,状态,主机无法继续运行,concept_alignment,仅在本声明来源及构型范围内使用,stated,02_reports/MAIB_2013_Safety_Digest_lubrication_bearing_cases.pdf,21,prevented the engine from further operation,edge:aa3acf8d19d5c7dd27a6dd54,assertion:fee5fbf607c8eea8bed06153
状态,燃烧室及活塞环沉积增多,记载于,来源,船机帮船用柴油机的拉缸故障,provenance_index,仅在本声明来源及构型范围内使用,stated,01_datasets/marine_diesel_RAG_corpus_All_data/All_data/test/船机帮船用柴油机的拉缸故障.md,,灰分过高会导致燃烧室，活塞头，顶环沉积过多，一些不溶灰分也会造成磨损。,edge:aa41d3d66d9601cb23c759a7,assertion:f0223cbd88c68bca4b7b026f
检查方法,确认共轨泄漏盒出口真实出油,记载于,来源,船机帮高压共轨柴油机燃油喷射系统故障分析,provenance_index,仅在本声明来源及构型范围内使用,stated,01_datasets/marine_diesel_RAG_corpus_All_data/All_data/test/船机帮高压共轨柴油机燃油喷射系统故障分析.md,,先确认泄漏盒出口漏斗确实有油流出，以排除传感器误报警,edge:aa43035eb8379468d4b261a6,assertion:286b3dd3df924d077c07325c
运维措施,核验润滑油质量并按厂家规格选油,适用于,设备,柴油机,applicability_index,二次转载文章，船舶/原始报告身份未核实；不计入正式事故案例,stated,01_datasets/marine_diesel_RAG_corpus_All_data/All_data/train/油品课堂第六讲某船使用假冒润滑油导致主机烧瓦事故案例.md,,要高度重视机油的优劣，正确选用润滑油,edge:aa45056bebd1511799e784be,assertion:84bf71fc3574be07ba1a2e07
检查方法,按手册检验缸套水腔密封性,记载于,来源,船机帮船舶动力系统滑油水污染故障实例分析,provenance_index,仅在本声明来源及构型范围内使用,stated,01_datasets/marine_diesel_RAG_corpus_All_data/All_data/test/船机帮船舶动力系统滑油水污染故障实例分析.md,,定期检测缸套水腔密封性，重点检查缸套阻水圈、水腔盖板垫片等薄弱点，发现渗漏立即更换密封件,edge:aa4b8657b64e12e63f5eb2d4,assertion:850a2e7f8489b757a7a8e597
故障,活塞咬死,适用于,设备,主机润滑装置,applicability_index,本报告案例，不外推为所有船舶已证实根因,stated,02_reports/MAIB_2013_Safety_Digest_lubrication_bearing_cases.pdf,21,seizure of several pistons,edge:aa579094cfda2716ca88e471,assertion:1111ad25d3c07932b0bebd78
事故案例,DG1发电机故障与失电,涉及,检查方法,核验轴承与大修零件来源,case_index,仅在本声明来源及构型范围内使用,stated,02_reports/MAIB_2026_10_Kommandor_Susan_generator_bearing_failure.pdf,8,no verification of authenticity for the parts used,edge:aa6fd714fe4818769d4bd61e,assertion:789fafa2eb2461ecaab7aec8
状态,气缸爆发压力降低,记载于,来源,船机帮船用柴油机的拉缸故障,provenance_index,仅在本声明来源及构型范围内使用,stated,01_datasets/marine_diesel_RAG_corpus_All_data/All_data/test/船机帮船用柴油机的拉缸故障.md,,缸套和活塞环被拉伤，会出现串气、压缩压力和爆发压力降低，燃油油耗偏高；,edge:aa8efed132585e38739e38de,assertion:aa5da54b4b7aeaa1c83f564e
部件,电池固定卡子,记载于,来源,船机帮冬季卡特柴油发电机组的安全运行,provenance_index,仅在本声明来源及构型范围内使用,stated,01_datasets/marine_diesel_RAG_corpus_All_data/All_data/test/船机帮冬季卡特柴油发电机组的安全运行.md,,平时及时清理蓄电池上的接线端子和电池卡子上的附着物。,edge:aaa0869008c73c84aa84e3d0,assertion:9fe4e7e846830cffc876b125
故障,缸套黏着拉伤,记载于,来源,MAN SL2023-737 cylinder lubrication update,provenance_index,仅在本声明来源及构型范围内使用,stated,02_reports/MAN_SL2023_737_cylinder_lubrication.pdf,1,maintaining an adequate oil film,edge:aab96eeb176bd967ed97bf38,assertion:24d15e206d67fef80b040303
故障,油抹布接触高温排气歧管,记载于,来源,MAIB Safety Digest 2013 lubrication and bearing cases,provenance_index,仅在本声明来源及构型范围内使用,stated,02_reports/MAIB_2013_Safety_Digest_lubrication_bearing_cases.pdf,41,Vibration caused the oil-soaked rag to fall,edge:aabb4a10a5fff8fdb59597a6,assertion:587485953f49d4f79af34cd7
状态,转速信号波形失真,以参数描述,参数,转速信号波形,explicit_parameter_description,仅在本声明来源及构型范围内使用,stated,01_datasets/marine_diesel_RAG_corpus_All_data/All_data/test/船机帮某型船主机遥控系统典型故障分析.md,,转速信号波形失真,edge:aabcb7d8c326cf21d82377c3,assertion:9fc64cf5da2ac96042fd03cc
事故案例,压载泵检修隔离失效与机舱进水,涉及,设备,海水压载与机舱排水装置,case_index,仅在本声明来源及构型范围内使用,stated,02_reports/MAIB_2016_Safety_Digest_generator_oil_fire.pdf,40,general cargo vessel,edge:ab104de6139406378509e291,assertion:783c561f6654647ae3bc5290
故障,电容内部电弧与介质汽化,导致,故障,电容内压升高与壳体破裂,source_case_statement,本报告案例，不外推为所有船舶已证实根因,reported,02_reports/MAIB_2011_28_Queen_Mary_2_harmonic_filter_failure.pdf,13,caused the capacitor casing to rupture,edge:ab15763e6d14c81f0650e5d4,assertion:af5da0bf141ab94ea13dcaa3
运维措施,油雾报警后尽快停机检查,适用于,设备,主机润滑装置,applicability_index,本报告案例，不外推为所有船舶已证实根因,stated,02_reports/MAIB_2013_Safety_Digest_lubrication_bearing_cases.pdf,23,stopping and inspecting the engine as soon as possible,edge:ab23be087c8c36f13c70e40e,assertion:c4a19497090b5fc6234dbc3d
设备,海水压载与机舱排水装置,记载于,来源,MAIB Safety Digest 2016 generator oil fire case,provenance_index,仅在本声明来源及构型范围内使用,stated,02_reports/MAIB_2016_Safety_Digest_generator_oil_fire.pdf,40,general cargo vessel,edge:ab2d514c1cdd1a922b5c8d68,assertion:dc3d53a134582d7827ab6d09
检查方法,检测冷却液氯离子浓度,记载于,来源,船机帮船舶动力系统滑油水污染故障实例分析,provenance_index,仅在本声明来源及构型范围内使用,stated,01_datasets/marine_diesel_RAG_corpus_All_data/All_data/test/船机帮船舶动力系统滑油水污染故障实例分析.md,,定期开展缓蚀剂浓度、pH 值浓度、氯离子浓度等影响冷却液腐蚀率的关键指标检测,edge:ab2d83378dda9d63f1b91f7e,assertion:09af2186f436920299c79322
事故案例,燃油法兰松动与主机火灾,涉及,状态,排气歧管裸露高温,case_index,仅在本声明来源及构型范围内使用,stated,02_reports/MAIB_2024_20_Stena_Europe_fuel_spray_fire.pdf,29,insulation and shielding,edge:ab363a862b87303b0fff42d8,assertion:55666509b1fe887be8452c09
系统,燃油与进排气系统,属于上级系统,系统,船舶动力系统,curator_functional_taxonomy,实验本体的功能分组，不作为来源报告的原始因果结论,stated,01_datasets/marine_diesel_RAG_corpus_All_data/All_data/test/船机帮船舶动力设备日常维护要点与常见故障排除.md,,船舶动力系统作为船舶航行与电力供给的中枢单元,edge:ab59c918f1fb4e8ce4a81acf,assertion:27fe6857e3424fc4635ac7e2
影响因素,油污抹布遗留在歧管上方,是概念的实例,影响因素,油污抹布遗留在歧管上方,concept_alignment,仅在本声明来源及构型范围内使用,stated,02_reports/MAIB_2013_Safety_Digest_lubrication_bearing_cases.pdf,41,Vibration caused the oil-soaked rag to fall,edge:ab6b77fe4b950e0326c84a25,assertion:82659b7e8f84e6514d204242
状态,高压油泵进油量不足,导致,状态,燃油共轨压力不足,source_statement,航浚6008/MAN L32/44CR与CR2.2；轨压数值、扭矩与拆装必须核对本机手册。,stated,01_datasets/marine_diesel_RAG_corpus_All_data/All_data/test/船机帮高压共轨柴油机燃油喷射系统故障分析.md,,实际各高压油泵节流阀卡在较小或全关的位置，造成进入高压油泵的油量不足，共轨压力上不来，主机无法启动。,edge:ab717dfe2b53399b623cc933,assertion:d658fc6abef2cfd2abb52a6f
检查方法,按本机要求复检转速传感器安装间隙,记载于,来源,船机帮某型船主机遥控系统典型故障分析,provenance_index,仅在本声明来源及构型范围内使用,stated,01_datasets/marine_diesel_RAG_corpus_All_data/All_data/test/船机帮某型船主机遥控系统典型故障分析.md,,塞尺复检间隙或手动盘车无卡滞,edge:ab90ed276f68582d2b3ae913,assertion:f3a3f11f6020c70764bccc9a
状态,球鼻艏破损,记载于,来源,MAIB Safety Digest 2016 generator oil fire case,provenance_index,仅在本声明来源及构型范围内使用,stated,02_reports/MAIB_2016_Safety_Digest_generator_oil_fire.pdf,29,bulbous bow was holed,edge:ab9da1a066edfbd995451564,assertion:19fe89b661c6894dac1b627f
状态,机舱火灾,记载于,来源,Kommandor Susan catastrophic engine failure and fire,provenance_index,仅在本声明来源及构型范围内使用,stated,02_reports/MAIB_2026_10_Kommandor_Susan_generator_bearing_failure.pdf,1,The failure resulted in an engine room fire and a complete power blackout,edge:abacbd8f9ad6057d651b2ec5,assertion:3eebe1e14a898a5856f7dba6
事故案例,燃油法兰松动与主机火灾,涉及,影响因素,排气隔热与屏蔽缺失损坏,case_index,仅在本声明来源及构型范围内使用,stated,02_reports/MAIB_2024_20_Stena_Europe_fuel_spray_fire.pdf,29,insulation and shielding,edge:abb93c770f86780215f260a6,assertion:51b34a8607adeb241a0aeed6
设备,海水压载与机舱排水装置,包含部件,部件,便携电动排水泵,asset_index,仅在本声明来源及构型范围内使用,stated,02_reports/MAIB_2016_Safety_Digest_generator_oil_fire.pdf,40,general cargo vessel,edge:abc9ff07edac756ab5c6cd94,assertion:44362e83eb1b9032a88278b6
系统,电力与控制系统,记载于,来源,MAIB Safety Digest 2013 lubrication and bearing cases,provenance_index,仅在本声明来源及构型范围内使用,stated,02_reports/MAIB_2013_Safety_Digest_lubrication_bearing_cases.pdf,14,ro-ro passenger ferry,edge:abe357c4c63124c3587d5f6e,assertion:7341dd33c876febdd7626a8f
状态,气缸燃烧异常,记载于,来源,船机帮柴油机冷却水过高或过低的危害,provenance_index,仅在本声明来源及构型范围内使用,stated,01_datasets/marine_diesel_RAG_corpus_All_data/All_data/test/船机帮柴油机冷却水过高或过低的危害.md,,冷却水温度过高，致使活塞、活塞环、气缸套、缸盖和气门等零件的工作温度升高，导致充气不足，燃烧不正常，容易引起敲缸、爆燃。,edge:abec0e378e83c99da564de18,assertion:2035458a034e047815c2e834
系统,传动与推进系统,记载于,来源,Stena Europe pressurised fuel spray and engine-room fire,provenance_index,仅在本声明来源及构型范围内使用,stated,02_reports/MAIB_2024_20_Stena_Europe_fuel_spray_fire.pdf,7,fuel leaking under pressure,edge:ac013696ed4467d618ab38a4,assertion:a4594ee478df9050d6d62172
故障,滑油泵堵头振松,记载于,来源,MAIB Safety Digest 2016 generator oil fire case,provenance_index,仅在本声明来源及构型范围内使用,stated,02_reports/MAIB_2016_Safety_Digest_generator_oil_fire.pdf,26,insufficiently tightened by shore staff,edge:ac0ad7e15bc6bbcc929ef4b4,assertion:edb8fbd3d0af3597c9851ccf
故障,油道堵塞,发生于,设备,主机润滑装置,case_equipment_index,仅在本声明来源及构型范围内使用,stated,02_reports/MAIB_2013_Safety_Digest_lubrication_bearing_cases.pdf,21,rotation of bearing shells and the blockage of oil ways,edge:ac0e7a303a67d40a6226cb1d,assertion:17b453174f35dfc8e7e82a6a
船舶,Windcat 8,记载于,来源,Windcat 8 connecting rod big-end bearing failure,provenance_index,仅在本声明来源及构型范围内使用,stated,02_reports/MAIB_2018_01_Windcat8_bearing_failure_fire.pdf,1,failure of a piston connecting rod big end shell bearing,edge:ac1a4b728c366f7046b5108c,assertion:bda544e973549e51e4c8c145
设备,左舷主机,是概念的实例,设备,左舷主机,concept_alignment,仅在本声明来源及构型范围内使用,stated,02_reports/MAIB_2018_01_Windcat8_bearing_failure_fire.pdf,1,failure of a piston connecting rod big end shell bearing,edge:ac29db7662b0b425893cdd08,assertion:cecc7408644fcfccbc7dd578
状态,机舱进水,记载于,来源,MAIB Safety Digest 2016 generator oil fire case,provenance_index,仅在本声明来源及构型范围内使用,stated,02_reports/MAIB_2016_Safety_Digest_generator_oil_fire.pdf,60,suggests the failure of a main engine sea water cooling pipe,edge:ac35b79daa1148c6471d0bb1,assertion:b8806b2a7976fd65c148dc3b
故障,油抹布接触高温排气歧管,发生于,设备,左舷主机排气装置,case_equipment_index,仅在本声明来源及构型范围内使用,stated,02_reports/MAIB_2013_Safety_Digest_lubrication_bearing_cases.pdf,41,Vibration caused the oil-soaked rag to fall,edge:ac4ab0ca6ec3cc30adda8098,assertion:f496f9fcfc500fdf6b7ce279
运维措施,按制造商工艺更换活塞销轴套,应对,影响因素,连杆小端轴套更换产生应力集中,source_case_statement,本报告案例，不外推为所有船舶已证实根因,derived_action,02_reports/MAIB_2021_02_Finlandia_Seaways_connecting_rod_failure.pdf,56,recommended procedures for overhauling the connecting rod small ends had not been followed,edge:ac4bdcfbaea1f42114f2d218,assertion:2a853f25b762895a4058aacb
运维措施,按认可设计提供发电机总质量支承,适用于,设备,交流发电机,applicability_index,STAMFORD/AvK发电机：滚动轴承与滑动轴承、单/双轴承构型分别适用，不能跨型号套用。,stated,02_reports/STAMFORD_AGN076_alternator_bearings.pdf,7,Provide the necessary support for the total mass of the alternator,edge:ac6721c424da2d19458019df,assertion:a6eed3ade466b32ff59ebe97
检查方法,核验喷油泵齿条与调速器行程对应关系,适用于,设备,柴油机调速器,applicability_index,调速器维修经验；不同调速器针阀与补偿调节不可照抄，飞车必须执行本船应急规程。,stated,01_datasets/marine_diesel_RAG_corpus_All_data/All_data/test/船机帮船用柴油机调速器的维护与保养十飞车故障.md,,喷油泵齿条的零油量位置、全油量位置与调速器内动力活塞的行程是否相对应。调速器加减油方向与喷油泵是否一致。,edge:ac6b1f89f0170db9fa587f12,assertion:5b6fdd88813557ec7363d160
影响因素,未完成厂商四螺钉法兰改造,记载于,来源,Stena Europe pressurised fuel spray and engine-room fire,provenance_index,仅在本声明来源及构型范围内使用,stated,02_reports/MAIB_2024_20_Stena_Europe_fuel_spray_fire.pdf,29,risk of fuel leakage remained high,edge:ac6b58dea0365f8970339d35,assertion:400394810892099f9d1a45f8
故障,离合器打滑,记载于,来源,船机帮船用齿轮箱故障分析与管理对策,provenance_index,仅在本声明来源及构型范围内使用,stated,01_datasets/marine_diesel_RAG_corpus_All_data/All_data/test/船机帮船用齿轮箱故障分析与管理对策.md,,两组(共21个)摩擦片之间打滑(似转非转)，内凹圈跟着从动齿轮也似转非转(本不该转)，结果磨坏了活塞的端面和外周面，润滑油的温度持续升高。,edge:ac7d699ad2da8c5d5f771692,assertion:d9146d8cac3a7fbe96a4bb41
事故案例,可调螺距桨倒车响应迟缓与码头碰撞,涉及,部件,可调螺距桨反馈控制器,case_index,仅在本声明来源及构型范围内使用,stated,02_reports/MAIB_2016_Safety_Digest_generator_oil_fire.pdf,29,chemical tanker,edge:aca3da0cf3ef6a1b871eca11,assertion:c17b5f6db132ac5ff58c987a
检查方法,检查缸套阻水圈,适用于,设备,滑油冷却器,applicability_index,海水冷却的推进柴油机滑油系统；匿名二次报道。文中压力试验参数和标准引用未独立核实，不作为通用操作依据。,stated,01_datasets/marine_diesel_RAG_corpus_All_data/All_data/test/船机帮船舶动力系统滑油水污染故障实例分析.md,,定期检测缸套水腔密封性，重点检查缸套阻水圈、水腔盖板垫片等薄弱点，发现渗漏立即更换密封件,edge:acbd80f01ec1646f798c9e54,assertion:b3b7dd2ae8766b28d3f03f76
状态,控制空气低压报警,记载于,来源,MAIB Safety Digest 2013 lubrication and bearing cases,provenance_index,仅在本声明来源及构型范围内使用,stated,02_reports/MAIB_2013_Safety_Digest_lubrication_bearing_cases.pdf,14,multiple alarms sounded in the ECR warning of low control air pressure,edge:ad0897b6c5cdb27f1db9feb9,assertion:e273b8408d152578feb98ff5
检查方法,以认可磁粉探伤方法检查喷油部件裂纹,记载于,来源,船机帮船舶发电机常见故障及对策,provenance_index,仅在本声明来源及构型范围内使用,stated,01_datasets/marine_diesel_RAG_corpus_All_data/All_data/test/船机帮船舶发电机常见故障及对策.md,,出现裂缝可用磁粉探伤法进行检测,edge:ad1e30c03ad7f49bfd482b97,assertion:36364ccb874f6fb977e36169
事故案例,谐波滤波电容失效与全船失电,涉及,故障,电容内部电弧与介质汽化,case_index,仅在本声明来源及构型范围内使用,stated,02_reports/MAIB_2011_28_Queen_Mary_2_harmonic_filter_failure.pdf,13,Internal arcing between the capacitor plates developed,edge:ad2e17ee8bb08ee1083eac31,assertion:22d0846e640dddf4ac37daf6
故障,油底壳道门垫片老化,适用于,设备,滑油冷却器,applicability_index,海水冷却的推进柴油机滑油系统；匿名二次报道。文中压力试验参数和标准引用未独立核实，不作为通用操作依据。,stated,01_datasets/marine_diesel_RAG_corpus_All_data/All_data/test/船机帮船舶动力系统滑油水污染故障实例分析.md,,道门垫片老化或紧固螺栓松动导致机舱积水渗入。,edge:ad322985ab12a949e4254a68,assertion:16e3b97095ce6a96999508a8
部件,主开关蓄能马达,记载于,来源,船机帮船舶柴油发电机主开关并网合闸失败故障的分析与排查,provenance_index,仅在本声明来源及构型范围内使用,stated,01_datasets/marine_diesel_RAG_corpus_All_data/All_data/test/船机帮船舶柴油发电机主开关并网合闸失败故障的分析与排查.md,,对其蓄能马达进行测量未发现问题，然后利用万用表对主开关的控制分闸线圈 MN 与 XF 进行测量,edge:ad34adb306604d63d5118f64,assertion:d005f289a92c65ae2ca64a77
部件,排气阀阀壳,记载于,来源,船机帮船用共轨柴油机排气阀常见故障与排除,provenance_index,仅在本声明来源及构型范围内使用,stated,01_datasets/marine_diesel_RAG_corpus_All_data/All_data/test/船机帮船用共轨柴油机排气阀常见故障与排除.md,,包括对喷油器、排气阀阀杆、弹簧、阀壳等检查，确保各部件工况正常。,edge:ad3b9a67bfc075c3aa1c3781,assertion:e55abdfee12f3535032c6616
故障,压力滑油喷漏,导致,状态,滑油喷雾接触高温排气护罩,source_case_statement,本报告案例，不外推为所有船舶已证实根因,reported,02_reports/MAIB_2016_Safety_Digest_generator_oil_fire.pdf,26,oil spray ignited when it came into contact,edge:ad470393889a56fb1035d57b,assertion:f86ebf9b7edffed7aba0564a
运维措施,按机型维护要求保持涡轮叶片清洁,应对,故障,压气机喘振,source_recommendation,船用废气涡轮增压器；拆装细节为VTR400示例，必须服从适用机型手册。,stated,01_datasets/marine_diesel_RAG_corpus_All_data/All_data/test/船机帮船舶柴油机废气涡轮增压器振动的主要原因有哪些.md,,管理中注意压气机进气滤器、叶轮、扩压器、空气冷却器、进气口和排气口、涡轮喷嘴环、叶片等流通部分的清洁，就会防止和消除喘振，也就会使振动消失。,edge:ad56faf523bfb43d1da6747a,assertion:5873bdba5e8377429e7e9361
参数,滑油压力,记载于,来源,船机帮柴油机冷却水过高或过低的危害,provenance_index,仅在本声明来源及构型范围内使用,stated,01_datasets/marine_diesel_RAG_corpus_All_data/All_data/test/船机帮柴油机冷却水过高或过低的危害.md,,机油压力变低,edge:ad81bc81d23ed1ec21bd3025,assertion:e83811cc01b0216acbecfeb0
事故案例,左舷主机轴瓦失效与火灾,涉及,设备,左舷主机,case_index,仅在本声明来源及构型范围内使用,stated,02_reports/MAIB_2018_01_Windcat8_bearing_failure_fire.pdf,1,failure of a piston connecting rod big end shell bearing,edge:ad872f54ab2d6ddaa88bbcde,assertion:8c608a702d26dfe363bf0ab0
部件,左舷主机6号连杆大端轴瓦,是概念的实例,部件,左舷主机6号连杆大端轴瓦,concept_alignment,仅在本声明来源及构型范围内使用,stated,02_reports/MAIB_2018_01_Windcat8_bearing_failure_fire.pdf,1,failure of a piston connecting rod big end shell bearing,edge:ad90156a2d1d91af8e1b91c9,assertion:a4274b70ce1b7367056163f0
检查方法,定期监测谐波畸变和运行参数,检查,状态,船舶高压电网不稳定,source_case_statement,本报告案例，不外推为所有船舶已证实根因,reported_action,02_reports/MAIB_2011_28_Queen_Mary_2_harmonic_filter_failure.pdf,69,Regular monitoring of power quality,edge:ad93b0ac99517ea4dae0e4c3,assertion:3265e9b541e377bc9404f457
状态,活塞环附近局部过热,记载于,来源,船机帮船用柴油机的拉缸故障,provenance_index,仅在本声明来源及构型范围内使用,stated,01_datasets/marine_diesel_RAG_corpus_All_data/All_data/test/船机帮船用柴油机的拉缸故障.md,,喷油器定位销位置错误反装了180°，这样喷油器的喷口喷向缸套内壁，过热的温度集中在活塞环附近，很难形成油膜，缸套很快会拉伤掉。,edge:adb54514983b4d71ec9ad2be,assertion:240602e60ec1d06d317f4cb9
状态,主机高温报警,记载于,来源,MAIB Safety Digest 2013 lubrication and bearing cases,provenance_index,仅在本声明来源及构型范围内使用,stated,02_reports/MAIB_2013_Safety_Digest_lubrication_bearing_cases.pdf,41,set off the alarm in the wheelhouse,edge:addd2a66a5a13dbe4d986339,assertion:8c8a20be5317f9297f7846c9
运维措施,维持厂家要求的扫气冷却器水流量,记载于,来源,MAN efficiency improvements main engine auxiliary systems,provenance_index,仅在本声明来源及构型范围内使用,stated,02_reports/MAN_main_engine_auxiliary_efficiency.pdf,11,maintains a constant cooling water flow,edge:adec0735ff36396350efecff,assertion:e247e95a23dea402fd1afc42
状态,转速控制器车令判断错误,记载于,来源,船机帮某型船主机遥控系统典型故障分析,provenance_index,仅在本声明来源及构型范围内使用,stated,01_datasets/marine_diesel_RAG_corpus_All_data/All_data/test/船机帮某型船主机遥控系统典型故障分析.md,,车钟指令的传递和接收不正常会导致集控室转速控制器对当前车令判断与实际不一致，转速控制器设定转速不正确导致柴油机实际转速波动或显示值与正常值存在较大偏差。,edge:adfe27a154c1333be21053e0,assertion:5144f42530320e293e50d47e
状态,排气阀频繁撞击疲劳,促成,故障,排气阀阀杆断裂,source_statement,共轨柴油机排气阀，厂家与具体型号未确定；仅作机理检索测试，不作直接操作授权。,possible,01_datasets/marine_diesel_RAG_corpus_All_data/All_data/test/船机帮船用共轨柴油机排气阀常见故障与排除.md,,这种断裂大多由于频繁撞击引起金属疲劳以及高温下金属的机械强度降低造成的。,edge:ae0b664b443dccd566614d07,assertion:e068be53c4c233eed26837a8
故障,主机离合器脱开,记载于,来源,MAIB Safety Digest 2013 lubrication and bearing cases,provenance_index,仅在本声明来源及构型范围内使用,stated,02_reports/MAIB_2013_Safety_Digest_lubrication_bearing_cases.pdf,14,three main engine clutches disengaged almost simultaneously,edge:ae163c9655c72e76b04166cf,assertion:44d9e277978bb6246f171179
故障,压缩机下端轴承过热失效,发生于,设备,控制空气供给与主机离合装置,case_equipment_index,仅在本声明来源及构型范围内使用,stated,02_reports/MAIB_2013_Safety_Digest_lubrication_bearing_cases.pdf,14,bottom end bearing had overheated and failed,edge:ae18fc2ac5e2cb5760938258,assertion:0c95c9ab56d71681b770912f
故障,压气机空气滤清器堵塞,适用于,设备,柴油发电机,applicability_index,S6U-PTK与文中船舶发电机经验；部分表述不严谨，不采纳未经原厂确认的轴承结构改造建议。,stated,01_datasets/marine_diesel_RAG_corpus_All_data/All_data/test/船机帮船舶发电机常见故障及对策.md,,增压器的滤网不清洁，造成流阻增大，增压能力被降低，致使电机燃烧室缺乏氧气无法有效燃烧；,edge:ae3acbada8b45156362214d6,assertion:dc7027af029eb6618a8d9b8a
运维措施,维持厂家要求的扫气冷却器水流量,适用于,系统,冷却与海水系统,functional_classification,扫气空气冷却器水侧；该证据描述低流量局部沸腾及管路汽蚀，不等同于已证明所有冷却泵汽蚀由此引起。,stated,02_reports/MAN_main_engine_auxiliary_efficiency.pdf,11,maintains a constant cooling water flow,edge:ae47753b2188c2efaa24d89f,assertion:191733eee1dd2f219bb59de2
设备,吊舱推进装置,服务于系统,系统,电力与控制系统,functional_classification,仅在本声明来源及构型范围内使用,stated,02_reports/MAIB_2026_06_Spirit_of_Discovery_propulsion_loss.pdf,42,propellers to come out of the water,edge:ae63eccbd3a78367cd05b2c9,assertion:1f72b6e3ecaa9bafab5fe257
检查方法,进出港前测试正倒车响应,适用于,设备,可调螺距桨推进装置,applicability_index,本报告案例，不外推为所有船舶已证实根因,stated,02_reports/MAIB_2016_Safety_Digest_generator_oil_fire.pdf,29,Frequent engine response tests should be completed,edge:ae8420e1b79a77d23293aea3,assertion:6ffa8b49d09ebefa4304201c
部件,活塞环,记载于,来源,船机帮船舶动力设备日常维护要点与常见故障排除,provenance_index,仅在本声明来源及构型范围内使用,stated,01_datasets/marine_diesel_RAG_corpus_All_data/All_data/test/船机帮船舶动力设备日常维护要点与常见故障排除.md,,当活塞环侧隙＞ 0.25 mm或背隙＞ 1.2 mm 时换新,edge:aea20e32e0402e89094f7add,assertion:088d957bc006cb800835093f
状态,船舶停航一个月,记载于,来源,MAIB Safety Digest 2013 lubrication and bearing cases,provenance_index,仅在本声明来源及构型范围内使用,stated,02_reports/MAIB_2013_Safety_Digest_lubrication_bearing_cases.pdf,16,disabled the ship for a month,edge:aeaf12bb265af28ae742b60d,assertion:a7332c3fffbd9f16bf996d5e
状态,零件热膨胀变形,记载于,来源,船机帮柴油机冷却水过高或过低的危害,provenance_index,仅在本声明来源及构型范围内使用,stated,01_datasets/marine_diesel_RAG_corpus_All_data/All_data/test/船机帮柴油机冷却水过高或过低的危害.md,,高温使零件膨胀变形，严重地影响配合零件的正常间隙，甚至卡死。,edge:aec9defc5fb3ee4cff754374,assertion:b5a513b3f062799750752417
影响因素,转速传感器安装间隙过小,记载于,来源,船机帮某型船主机遥控系统典型故障分析,provenance_index,仅在本声明来源及构型范围内使用,stated,01_datasets/marine_diesel_RAG_corpus_All_data/All_data/test/船机帮某型船主机遥控系统典型故障分析.md,,传感器安装距离过近，主机运行过程中由于振动导致的飞轮偏心可能会导致飞轮齿顶损坏传感器感应端；传感器安装距离过远，可能会导致飞轮齿圈上某些齿的有效感应信号丢失造成主机游车。,edge:aed33684aee74c5531560b24,assertion:2f5e02fac2e5b50a09afdc99
参数,增压器滑油温度进口,记载于,来源,variable_dictionary,provenance_index,仅在本声明来源及构型范围内使用,stated,01_datasets/Marine_Engine_Fault_Data_v1/Marine_Engine_Fault_Data/variable_dictionary.csv,,"LO Temp. TCH In,T19,°C,number,TRUE,TRUE,temperature,",edge:aeef126532f3ee28105970f6,assertion:98d33d6de7236ce91072b75b
设备,艉部谐波滤波器,记载于,来源,RMS Queen Mary 2 harmonic-filter capacitor failure and blackout,provenance_index,仅在本声明来源及构型范围内使用,stated,02_reports/MAIB_2011_28_Queen_Mary_2_harmonic_filter_failure.pdf,13,explosion was triggered by deterioration in the capacitors,edge:aefdca2ca0ccf8df085ffa90,assertion:9672aaa7368e0133a14f587f
设备,发电机主开关,服务于系统,系统,电力与控制系统,functional_classification,仅在本声明来源及构型范围内使用,stated,01_datasets/marine_diesel_RAG_corpus_All_data/All_data/test/船机帮船舶柴油发电机主开关并网合闸失败故障的分析与排查.md,,若扩展箱存在问题，会导致“安全停车”信号断开。,edge:af1b7ff66a81e84551a9685d,assertion:0b48439055e9e4b7951bcc7b
影响因素,联轴器紧定螺钉缺少锁固措施,导致,故障,CPP执行器联轴器松脱,source_guidance_statement,实际证据是Hebrides的CPP执行器小型爪式联轴器，不是主推进轴联轴器断裂；主轴断裂根因不可由此推断。,reported,02_reports/MAIB_2017_20_Hebrides_CPP_coupling.pdf,35,absence of thread locking fluid,edge:af1dd1b4dd5c3ced7f00edba,assertion:09cf405676ded3042bcd3207
故障,主轴承瓦片转位,是概念的实例,故障,主轴承瓦片转位,concept_alignment,仅在本声明来源及构型范围内使用,stated,02_reports/MAIB_2022_04_Wight_Sky_multiple_engine_failures.pdf,84,oilway to the main journal and crankpin was blocked off when the bearing shells turned,edge:af28070b27112333b5913f60,assertion:41f3efbda4352f279c0f1797
故障,压力滑油喷漏,记载于,来源,MAIB Safety Digest 2016 generator oil fire case,provenance_index,仅在本声明来源及构型范围内使用,stated,02_reports/MAIB_2016_Safety_Digest_generator_oil_fire.pdf,26,oil from this generator was spraying,edge:af290406eb1ceb95756556f7,assertion:6a143c62e9be0412ba2a957e
运维措施,改进吊舱舱底传感器布置,应对,影响因素,吊舱舱底传感器位置偏低,source_case_statement,本报告案例，不外推为所有船舶已证实根因,reported_action,02_reports/MAIB_2026_06_Spirit_of_Discovery_propulsion_loss.pdf,53,Improved the position of the SISHIp eSiPODs bilge sensor arrangements,edge:af2c913077e010bb5c47bf82,assertion:c0969db985a74c08fcbae389
故障,主轴承瓦片转位,导致,故障,曲轴主轴承与曲柄销断油,source_case_statement,本报告案例，不外推为所有船舶已证实根因,reported,02_reports/MAIB_2022_04_Wight_Sky_multiple_engine_failures.pdf,84,oilway to the main journal and crankpin was blocked off when the bearing shells turned,edge:af3972a26b52d64b755f2b2d,assertion:5a2a419bc9e41b41b9b28d06
运维措施,响应轴承磨损报警并按安全程序降负荷,应对,影响因素,未响应轴承磨损报警与减速请求,source_guidance_statement,主机滑动轴承；烧瓦是检索用的工程统称，不能把全部轴瓦疲劳、瓦片转位或轴承失效直接标成已证实烧瓦。,guidance,02_reports/MAN_SL2013_569_bearing_wear_monitoring.pdf,2,automatic slow-down/load reduction,edge:af3ce1ad4d4d6049b6ea9aa4,assertion:06e575eb5d2a0dcc23541a7d
运维措施,绝缘恢复合格后按厂家要求涂覆相容树脂,记载于,来源,STAMFORD AGN040 winding insulation system,provenance_index,仅在本声明来源及构型范围内使用,stated,02_reports/STAMFORD_AGN040_winding_insulation.pdf,8,over coating resin that is compatible with the original factory impregnation,edge:af613cbba7271187ccb7e619,assertion:c9a416e49705e924b9e7cf2c
故障,主轴承咬死,记载于,来源,MAIB Safety Digest 2013 lubrication and bearing cases,provenance_index,仅在本声明来源及构型范围内使用,stated,02_reports/MAIB_2013_Safety_Digest_lubrication_bearing_cases.pdf,21,contamination caused main bearing seizure,edge:af6527f6408f6f9d4506ddb9,assertion:795f58331821b1fe7b905f67
状态,油路磨粒与污染,记载于,来源,Wight Sky multiple engine failures,provenance_index,仅在本声明来源及构型范围内使用,stated,02_reports/MAIB_2022_04_Wight_Sky_multiple_engine_failures.pdf,84,silica sand and other abrasive particles embedded in the main bearing shells,edge:af793ec7bb7a60d97ce88afa,assertion:9f440aaac66f367297a7041b
影响因素,喷油器定位装配方向错误,导致,状态,燃油喷束指向缸套内壁,source_statement,船用柴油机摩擦副；二次维修文章，机型及根因须核实；不能以某一症状直接确诊拉缸。,possible,01_datasets/marine_diesel_RAG_corpus_All_data/All_data/test/船机帮船用柴油机的拉缸故障.md,,喷油器定位销位置错误反装了180°，这样喷油器的喷口喷向缸套内壁，过热的温度集中在活塞环附近，很难形成油膜，缸套很快会拉伤掉。,edge:af7eeb48ca0087ec8cf6e25b,assertion:84a0e8ebfb227dc7c98f3a8e
运维措施,按适用冷却液规格补充膨胀水箱,适用于,设备,船舶动力装置,applicability_index,综合维护二次文章，原厂和标准出处未独立证实；不采纳文中统一周期、报警值、压力值、浮动轴承加脂和未经验证改造方案。以下仅用于检索维护主题，由适用机型规程决定具体操作。,stated,01_datasets/marine_diesel_RAG_corpus_All_data/All_data/test/船机帮船舶动力设备日常维护要点与常见故障排除.md,,每日记录高温淡水、膨胀水箱水位，补水频次异常增加可能预示有内漏。,edge:af8786c012da1ea3661a1c00,assertion:8805af40899149c457e6bde2
参数,机舱温度,记载于,来源,variable_dictionary,provenance_index,仅在本声明来源及构型范围内使用,stated,01_datasets/Marine_Engine_Fault_Data_v1/Marine_Engine_Fault_Data/variable_dictionary.csv,,"Engine room Temp.,T22,°C,number,TRUE,TRUE,temperature,",edge:af8979cf482ee793c91d7db0,assertion:f6de40e42f7bc5e18234df51
状态,船舶仅剩应急电源,是概念的实例,状态,船舶仅剩应急电源,concept_alignment,仅在本声明来源及构型范围内使用,stated,02_reports/MAIB_2016_Safety_Digest_generator_oil_fire.pdf,40,running on emergency power only,edge:afadb0fba7e3c736b949a523,assertion:8456704d728ef0d8ed066561
检查方法,切换后核验压缩机供气能力,检查,状态,两台压缩机供气不足,source_case_statement,本报告案例，不外推为所有船舶已证实根因,derived_action,02_reports/MAIB_2013_Safety_Digest_lubrication_bearing_cases.pdf,15,check that it is operating correctly,edge:afb1c397a0eeefbbb727b655,assertion:84feca5b7ef8e0096784b351
事故案例,左舷主机轴瓦失效与火灾,涉及,故障,曲轴箱被连杆击穿,case_index,仅在本声明来源及构型范围内使用,stated,02_reports/MAIB_2018_01_Windcat8_bearing_failure_fire.pdf,1,connecting rod assembly releasing and penetrating through the engine crankcase,edge:affd9824bd51feeb54e0e4c7,assertion:6f60d5f83034d9fa0078f0e9
船舶,Kommandor Susan,记载于,来源,Kommandor Susan catastrophic engine failure and fire,provenance_index,仅在本声明来源及构型范围内使用,stated,02_reports/MAIB_2026_10_Kommandor_Susan_generator_bearing_failure.pdf,1,catastrophic failure of a diesel generator engine,edge:b013cfc4f81a44b2b2ee3c0e,assertion:e5aa03094c18fae9559418b2
部件,主机海水冷却管,是概念的实例,部件,主机海水冷却管,concept_alignment,仅在本声明来源及构型范围内使用,stated,02_reports/MAIB_2016_Safety_Digest_generator_oil_fire.pdf,59,steel hulled fishing trawler,edge:b03e807a6e717112fb090d16,assertion:3f82a95a7d5c2fb55f05b349
状态,橡胶密封件高温失弹,记载于,来源,船机帮柴油机冷却水过高或过低的危害,provenance_index,仅在本声明来源及构型范围内使用,stated,01_datasets/marine_diesel_RAG_corpus_All_data/All_data/test/船机帮柴油机冷却水过高或过低的危害.md,,一些纸质、橡胶密封件因高温而失去弹性或者密封功能下降，造成柴油机密封件部位向外漏油,edge:b0437e0d84a9b297648559a0,assertion:00d5687b95df9fb67dccbc68
故障,增压器轴承磨损,适用于,设备,废气涡轮增压器,applicability_index,船用废气涡轮增压器；拆装细节为VTR400示例，必须服从适用机型手册。,stated,01_datasets/marine_diesel_RAG_corpus_All_data/All_data/test/船机帮船舶柴油机废气涡轮增压器振动的主要原因有哪些.md,,轴承长时间使用后产生磨损、变形、裂纹和烧伤时，使摩擦力矩增大，转速下降，振动和噪声大增。,edge:b07a8f9ba69c809da5604495,assertion:a2a009d6237796d2bdc8fdde
检查方法,定期检查气缸异常运行参数,检查,故障,缸套黏着拉伤,source_check,船用柴油机摩擦副；二次维修文章，机型及根因须核实；不能以某一症状直接确诊拉缸。,stated,01_datasets/marine_diesel_RAG_corpus_All_data/All_data/test/船机帮船用柴油机的拉缸故障.md,,柴油机参数异常没及时发现，高温水温度过高，冷却效果差，低温水温度过高，造成扫气温度高，排温偏高长期运行可造成拉缸，长时间超负荷运行，也可造成拉缸，长时间用劣质的燃油也可造成拉缸，应该定期检查做好早发现早预防，避免重大损失。,edge:b0884cbf06852334a4caaf5f,assertion:1f311f617da1b7175afab23e
检查方法,检查齿轮箱滑油过滤器磨屑,适用于,设备,减速齿轮箱,applicability_index,GW系列船用齿轮箱；通用机理与A/B船匿名案例须区分，尺寸不能跨机型套用。,stated,01_datasets/marine_diesel_RAG_corpus_All_data/All_data/test/船机帮船用齿轮箱故障分析与管理对策.md,,检查滑油过滤器的杂质，通过观察初步判断内部的磨损情况。定期进行滑油的色谱分析，进一步根据滑油的杂质来掌握磨损。,edge:b08ab29c8a5ce5bae67f9cee,assertion:6efffdd5a78a6d9ab6e989a4
故障,冷却水泵汽蚀,记载于,来源,dataset_index,provenance_index,仅在本声明来源及构型范围内使用,stated,01_datasets/Marine_Engine_Fault_Data_v1/Marine_Engine_Fault_Data/dataset_index.csv,,"Pump_Cavitation/CW_Pump_Cavitation_60_Load.csv,scenario,Cooling-water pump cavitation,60%,single load condition,3,5845,73,""binary (0=pre-anomaly, 1=anomaly)"",Pre-anomaly and anomaly segments. Compressor Filter Loss (dPf) and Turbine Back Pressure (dPex) not recorded in this run (columns present but empty).",edge:b091a10b6443d33b33f4afd4,assertion:1d2a2939cf3a43d3db61fcff
运维措施,按机型维护要求保持涡轮喷嘴环清洁,作用于,部件,涡轮喷嘴环,source_recommendation,船用废气涡轮增压器；拆装细节为VTR400示例，必须服从适用机型手册。,stated,01_datasets/marine_diesel_RAG_corpus_All_data/All_data/test/船机帮船舶柴油机废气涡轮增压器振动的主要原因有哪些.md,,管理中注意压气机进气滤器、叶轮、扩压器、空气冷却器、进气口和排气口、涡轮喷嘴环、叶片等流通部分的清洁，就会防止和消除喘振，也就会使振动消失。,edge:b0932ac6e2cd5d658e5218f2,assertion:e0eaff451acabb68e688e935
系统,冷却与海水系统,记载于,来源,MAIB Safety Digest 2016 generator oil fire case,provenance_index,仅在本声明来源及构型范围内使用,stated,02_reports/MAIB_2016_Safety_Digest_generator_oil_fire.pdf,40,general cargo vessel,edge:b0b7979002ba6cefc2f8bcd2,assertion:8cb4f38adce68bae9a09cc84
状态,遥控直流电源纹波增大,记载于,来源,船机帮某型船主机遥控系统典型故障分析,provenance_index,仅在本声明来源及构型范围内使用,stated,01_datasets/marine_diesel_RAG_corpus_All_data/All_data/test/船机帮某型船主机遥控系统典型故障分析.md,,电源绝缘不良、输出不稳、直流电源纹波大、带载能力下降都会导致系统工作不稳甚至崩溃。,edge:b0dd117c07599f4e589d4b8b,assertion:b6692e700782c8983b677ce4
事故案例,主机重装后轴承失效与火灾,涉及,状态,关键设备失电,case_index,仅在本声明来源及构型范围内使用,stated,02_reports/MAIB_2018_14_Wight_Sky_engine_bearing_fire.pdf,14,essential services switchboard aft circuit breaker had been left in manual mode,edge:b0ee3df10e768804e13a821e,assertion:7df50e9abb0ccc6b3eb43bcf
参数,排气质量流量,记载于,来源,variable_dictionary,provenance_index,仅在本声明来源及构型范围内使用,stated,01_datasets/Marine_Engine_Fault_Data_v1/Marine_Engine_Fault_Data/variable_dictionary.csv,,"Exh. Gas Mass Flow,Mexh,kg/s,number,TRUE,TRUE,flow / fuel / air,",edge:b0f49cc26a0c99c65ee8a890,assertion:ddf0f15942345bc5ed28fbf4
运维措施,按机型维护要求保持增压器排气口清洁,作用于,部件,增压器排气口,source_recommendation,船用废气涡轮增压器；拆装细节为VTR400示例，必须服从适用机型手册。,stated,01_datasets/marine_diesel_RAG_corpus_All_data/All_data/test/船机帮船舶柴油机废气涡轮增压器振动的主要原因有哪些.md,,管理中注意压气机进气滤器、叶轮、扩压器、空气冷却器、进气口和排气口、涡轮喷嘴环、叶片等流通部分的清洁，就会防止和消除喘振，也就会使振动消失。,edge:b0f4b756981083c702382999,assertion:b2b7ea594dd16d2bf1f6f423
运维措施,按停机规程逐渐卸去发电机负荷,作用于,设备,柴油发电机,source_recommendation,Caterpillar3512冬季维护经验，原始应用场景不一定为船舶；仅提取可迁移维护主题，必须核对船用构型，排除未获批准的自主回油改造及统一数值。,stated,01_datasets/marine_diesel_RAG_corpus_All_data/All_data/test/船机帮冬季卡特柴油发电机组的安全运行.md,,逐渐卸去负荷，断开并网开关。,edge:b0f6c240161e84329e082e19,assertion:9a7907be1f908cb390ac576a
状态,齿轮箱滑油温度持续升高,以参数描述,参数,齿轮箱滑油温度,explicit_parameter_description,仅在本声明来源及构型范围内使用,stated,01_datasets/marine_diesel_RAG_corpus_All_data/All_data/test/船机帮船用齿轮箱故障分析与管理对策.md,,润滑油的温度持续升高,edge:b0ff8941e0177ec4c5f693ec,assertion:19edce0960a11913aa562c51
状态,高温冷却水温度过高,记载于,来源,船机帮船用柴油机的拉缸故障,provenance_index,仅在本声明来源及构型范围内使用,stated,01_datasets/marine_diesel_RAG_corpus_All_data/All_data/test/船机帮船用柴油机的拉缸故障.md,,柴油机参数异常没及时发现，高温水温度过高，冷却效果差，低温水温度过高，造成扫气温度高，排温偏高长期运行可造成拉缸，长时间超负荷运行，也可造成拉缸，长时间用劣质的燃油也可造成拉缸，应该定期检查做好早发现早预防，避免重大损失。,edge:b112045cf068f7d23152cb78,assertion:2f0e4d5901bce5d1a674fd61
故障,高温报警线束烧损短路,导致,状态,主机高温报警,source_case_statement,本报告案例，不外推为所有船舶已证实根因,reported,02_reports/MAIB_2013_Safety_Digest_lubrication_bearing_cases.pdf,41,set off the alarm in the wheelhouse,edge:b12ce9567c831567e9c8f6bf,assertion:72191a0c248be92387ad2422
故障,增压器涡轮退化（柴油机试验）,适用于,设备,试验柴油机,native_dataset_label,Marine Engine Fault Dataset原始标签；不推导未在数据中证明的机理,dataset_label,01_datasets/Marine_Engine_Fault_Data_v1/Marine_Engine_Fault_Data/dataset_index.csv,,"Turbine_Degradation/Turbine_Degradation_60_Load.csv,scenario,Turbine degradation,60%,single load condition,3,4905,73,""binary (0=pre-anomaly, 1=anomaly)"",Pre-anomaly and anomaly segments.",edge:b1328a51a03a0a5ffc6d2b4b,assertion:61066e87b7d7e547bb72739f
参数,增压器滑油泵压力原始电压信号,表征,设备,试验柴油机,native_variable_dictionary,仅在本声明来源及构型范围内使用,stated,01_datasets/Marine_Engine_Fault_Data_v1/Marine_Engine_Fault_Data/variable_dictionary.csv,,"TCH LO pump Press.,Pl_loturb,V,number,TRUE,TRUE,pressure / derived pressure,raw voltage signal associated with turbocharger LO pump pressure; not converted to engineering pressure units",edge:b147abd09efd18a10afd215e,assertion:649e504534df6000e9accb07
部件,燃油管段,记载于,来源,船机帮船舶动力设备日常维护要点与常见故障排除,provenance_index,仅在本声明来源及构型范围内使用,stated,01_datasets/marine_diesel_RAG_corpus_All_data/All_data/test/船机帮船舶动力设备日常维护要点与常见故障排除.md,,更换合规管段，解决泄漏故障,edge:b159c090f86047c72489fbf2,assertion:bd1d49a0fa31196bb94e2a62
状态,增压器润滑冷却不足,导致,状态,增压器内部胶质积炭,source_statement,柴油机水冷机理二次资料；文中80–90℃等数值不能当作所有机型阈值。,possible,01_datasets/marine_diesel_RAG_corpus_All_data/All_data/test/船机帮柴油机冷却水过高或过低的危害.md,,机油温度变高，黏度下降，压力变低，就不能充分满足增压器所需要的润滑和冷却条件，容易造成增压机内部结胶、积炭，使增压机早期磨损甚至损坏。,edge:b18a29f8edbfc8630fc0a379,assertion:34486c35099be6b9225cc5ff
事故案例,误选可调螺距桨备用模式与泊位碰撞,涉及,状态,右舷螺距保持前进,case_index,仅在本声明来源及构型范围内使用,stated,02_reports/MAIB_2016_Safety_Digest_generator_oil_fire.pdf,20,continued to thrust at over half ahead,edge:b19311d2ce899aedcce33974,assertion:e766f3d88ed86d66ef1e42b9
状态,扫气空气冷却器水流量过低,导致,状态,扫气空气温度升高,source_guidance_statement,扫气空气冷却器水侧；该证据描述低流量局部沸腾及管路汽蚀，不等同于已证明所有冷却泵汽蚀由此引起。,guidance,02_reports/MAN_main_engine_auxiliary_efficiency.pdf,11,Increased scavenge air temperature,edge:b19744da91619926041c883b,assertion:c174c488035e0e570f621079
运维措施,按厂家设计配置发电机防凝露加热器,适用于,设备,交流发电机,applicability_index,STAMFORD/AvK对应交流发电机型号；AGN040应与本机Owner Manual联合使用；干燥与绝缘处置仅由合格人员实施。,stated,02_reports/STAMFORD_AGN040_winding_insulation.pdf,5,the option of an Anti- Condensation Heater is recommended,edge:b1e94857098d7c788cc50e9b,assertion:2b0d1b5fe50b2f41ca813ab8
故障,轴带发电机振动损伤,记载于,来源,STAMFORD AGN039 marine shaft generators,provenance_index,仅在本声明来源及构型范围内使用,stated,02_reports/STAMFORD_AGN039_marine_shaft_generators.pdf,2,excessive vibration is likely to damage,edge:b1ee53cd4d3633fe0d4cb764,assertion:9c80fb4dc8ae4eaf98302190
部件,电气比例阀,记载于,来源,船机帮某型船主机遥控系统典型故障分析,provenance_index,仅在本声明来源及构型范围内使用,stated,01_datasets/marine_diesel_RAG_corpus_All_data/All_data/test/船机帮某型船主机遥控系统典型故障分析.md,,通过给EP阀线圈串联电流表监测各工况驱动电流信号,edge:b21969b9a925f45c8ac165ab,assertion:afc7c8286a23e36a060b2728
故障,主轴承损伤,适用于,设备,柴油机,applicability_index,某型巡逻船试航故障二次报道；排查中已排除的原因不作为本案正向根因，油品及公差不能跨机型使用。,stated,01_datasets/marine_diesel_RAG_corpus_All_data/All_data/test/船机帮柴油机轴瓦抱轴故障分析.md,,"对中超差后柴油机轴向跳动会对柴油机止推轴承造成损伤,而径向跳动超差会对柴油机主轴承造成损伤。",edge:b23913f5ba633fe9aaf7ff3d,assertion:fda2233b8d21093122198433
设备,DG1柴油发电机,记载于,来源,Kommandor Susan catastrophic engine failure and fire,provenance_index,仅在本声明来源及构型范围内使用,stated,02_reports/MAIB_2026_10_Kommandor_Susan_generator_bearing_failure.pdf,1,catastrophic failure of a diesel generator engine,edge:b23cc971d851a8989d76bcc2,assertion:a164b68c6a34550cdee91c28
状态,滑油系统污染,记载于,来源,船机帮船舶动力设备日常维护要点与常见故障排除,provenance_index,仅在本声明来源及构型范围内使用,stated,01_datasets/marine_diesel_RAG_corpus_All_data/All_data/test/船机帮船舶动力设备日常维护要点与常见故障排除.md,,超标时需整批换油并追溯污染源,edge:b265418db600aac59f0c70ac,assertion:4eb73eefd1b6b72e0a507206
故障,电机与发电机轴承电蚀,适用于,系统,电力与控制系统,functional_classification,具有闭合轴电流路径的旋转电机；轴承绝缘和接地刷方案按厂家/机型确定，不能假定全部STAMFORD机型都需要绝缘轴承。,stated,02_reports/STAMFORD_AGN033_bearing_currents.pdf,1,electrical erosion of the bearing materials,edge:b27b549e0a03a12bb2a51c8b,assertion:73ad8948bd62860ea9639a85
故障,滑油冷却器管束断裂,记载于,来源,船机帮船舶动力系统滑油水污染故障实例分析,provenance_index,仅在本声明来源及构型范围内使用,stated,01_datasets/marine_diesel_RAG_corpus_All_data/All_data/test/船机帮船舶动力系统滑油水污染故障实例分析.md,,船舶运行中机械振动导致冷却器焊缝开裂或管束断裂。,edge:b2810beb10a2fe6a7cc19a0e,assertion:a278efecec60dd9a40169f8a
设备,柴油发电机润滑与排气装置,是概念的实例,设备,柴油发电机润滑与排气装置,concept_alignment,仅在本声明来源及构型范围内使用,stated,02_reports/MAIB_2016_Safety_Digest_generator_oil_fire.pdf,26,fully loaded ro-ro passenger ferry,edge:b29c1428aa4d6f21a8919e95,assertion:1ff199827a03260804b0515f
运维措施,按设计要求更换消耗超限的牺牲阳极,应对,故障,滑油冷却芯体腐蚀破损,source_recommendation,海水冷却的推进柴油机滑油系统；匿名二次报道。文中压力试验参数和标准引用未独立核实，不作为通用操作依据。,stated,01_datasets/marine_diesel_RAG_corpus_All_data/All_data/test/船机帮船舶动力系统滑油水污染故障实例分析.md,,定期检测阳极消耗量，剩余质量不符合要求时立即予以更换,edge:b2bc9862a2ea4a19bb24d756,assertion:42e6e7c0ce91c36c317fc91a
影响因素,盘车指示灯照明不足,记载于,来源,MAIB Safety Digest 2013 lubrication and bearing cases,provenance_index,仅在本声明来源及构型范围内使用,stated,02_reports/MAIB_2013_Safety_Digest_lubrication_bearing_cases.pdf,18,should therefore be tested regularly,edge:b2d63018ee32b5ace1f75bbf,assertion:27b4e9337802ec7122e1e563
状态,右舷螺距保持前进,是概念的实例,状态,右舷螺距保持前进,concept_alignment,仅在本声明来源及构型范围内使用,stated,02_reports/MAIB_2016_Safety_Digest_generator_oil_fire.pdf,20,continued to thrust at over half ahead,edge:b2db3466cbc85d934fd309da,assertion:26a26694c8401a4e82ccf407
故障,轴系或联轴器疲劳磨损损伤,记载于,来源,STAMFORD AGN235 generating set torsional vibration analysis,provenance_index,仅在本声明来源及构型范围内使用,stated,02_reports/STAMFORD_AGN235_torsional_analysis.pdf,2,prevent fatigue or wear damage,edge:b2dc2db08bc31912e821561b,assertion:fac1280d7b884477a90977a1
设备,主机润滑装置,是概念的实例,设备,主机润滑装置,concept_alignment,仅在本声明来源及构型范围内使用,stated,02_reports/MAIB_2013_Safety_Digest_lubrication_bearing_cases.pdf,21,fully loaded cargo ship,edge:b2dd9c3984fd20ea990ca4df,assertion:3174bbb7797124fbf86c5588
状态,滑油喷雾接触高温排气护罩,导致,状态,机舱火灾,source_case_statement,本报告案例，不外推为所有船舶已证实根因,reported,02_reports/MAIB_2016_Safety_Digest_generator_oil_fire.pdf,26,exhaust casing of the adjacent engine caught fire,edge:b30f835d2fa3b0252efc482a,assertion:477ec0aa2b375b13dd465b7f
故障,主轴承瓦片转位,记载于,来源,MAIB Safety Digest 2013 lubrication and bearing cases,provenance_index,仅在本声明来源及构型范围内使用,stated,02_reports/MAIB_2013_Safety_Digest_lubrication_bearing_cases.pdf,21,rotation of bearing shells and the blockage of oil ways,edge:b3111a649cb3bb39e6ed3424,assertion:37b3f87beb70e3f9f275ddf5
影响因素,换油过程温度黏度变化过急,增加风险,故障,高压油泵卡死,source_statement,航浚6008/MAN L32/44CR与CR2.2；轨压数值、扭矩与拆装必须核对本机手册。,possible,01_datasets/marine_diesel_RAG_corpus_All_data/All_data/test/船机帮高压共轨柴油机燃油喷射系统故障分析.md,,保持换油过程温度、粘度平缓变化，防止变化过急造成各阀件卡阻或高压油泵卡死,edge:b332bc9b249e4e07d7dd4246,assertion:14ce5550c12a1fbfb62b1862
状态,海水泵填料压紧力下降,记载于,来源,船机帮船舶动力系统滑油水污染故障实例分析,provenance_index,仅在本声明来源及构型范围内使用,stated,01_datasets/marine_diesel_RAG_corpus_All_data/All_data/test/船机帮船舶动力系统滑油水污染故障实例分析.md,,船舶振动引起填料压紧力下降，形成轴向泄漏通道,edge:b34935c71f3b9ddb1c549247,assertion:af87a8bd082747612b348a76
部件,盘车安全联锁,记载于,来源,MAIB Safety Digest 2013 lubrication and bearing cases,provenance_index,仅在本声明来源及构型范围内使用,stated,02_reports/MAIB_2013_Safety_Digest_lubrication_bearing_cases.pdf,16,specialist cargo ship,edge:b34c510020844502b3615cc7,assertion:204003806dbeae3a3aef8409
检查方法,转速调节失效时检查离合器电机,适用于,设备,柴油机调速器,applicability_index,调速器维修经验；不同调速器针阀与补偿调节不可照抄，飞车必须执行本船应急规程。,stated,01_datasets/marine_diesel_RAG_corpus_All_data/All_data/test/船机帮船用柴油机调速器的维护与保养十飞车故障.md,,转速调节失效——重点查离合器电机、各齿轮等,edge:b3689bc85ff8b44a1fb5179c,assertion:e726e562d37c0705a4375576
运维措施,确认泄漏后按认可标准更换燃油管段,作用于,部件,燃油管段,source_recommendation,综合维护二次文章，原厂和标准出处未独立证实；不采纳文中统一周期、报警值、压力值、浮动轴承加脂和未经验证改造方案。以下仅用于检索维护主题，由适用机型规程决定具体操作。,stated,01_datasets/marine_diesel_RAG_corpus_All_data/All_data/test/船机帮船舶动力设备日常维护要点与常见故障排除.md,,更换合规管段，解决泄漏故障,edge:b37934876b89cab0cc137b82,assertion:1183367233230e643dd1067f
事故案例,误选可调螺距桨备用模式与泊位碰撞,涉及,状态,船艏进水,case_index,仅在本声明来源及构型范围内使用,stated,02_reports/MAIB_2016_Safety_Digest_generator_oil_fire.pdf,19,water ingress into the vessel’s forward spaces,edge:b37bea5c8388e0bd6be6fc11,assertion:06e8e623632eae61af9eaf14
运维措施,按环境要求配置发电机机罩空间加热,记载于,来源,STAMFORD AGN040 winding insulation system,provenance_index,仅在本声明来源及构型范围内使用,stated,02_reports/STAMFORD_AGN040_winding_insulation.pdf,7,capable of maintaining low RH values within the Generating Set enclosure,edge:b3af5297a1abe7dcbfd42ffd,assertion:6d9c9344b105a6b86baee9b1
事故案例,谐波滤波电容失效与全船失电,涉及,检查方法,定期验证保护系统全部子部件,case_index,仅在本声明来源及构型范围内使用,stated,02_reports/MAIB_2011_28_Queen_Mary_2_harmonic_filter_failure.pdf,69,all the sub-components in the system are functional,edge:b3b12948bf3d2a46030312b2,assertion:0d030088e382712cb824b3ef
运维措施,依据本船规格选择合格燃油滑油,记载于,来源,船机帮船用共轨柴油机排气阀常见故障与排除,provenance_index,仅在本声明来源及构型范围内使用,stated,01_datasets/marine_diesel_RAG_corpus_All_data/All_data/test/船机帮船用共轨柴油机排气阀常见故障与排除.md,,首先要选择适合本船的燃油滑油，确保油的质量,edge:b3c152d31cff75175806753a,assertion:5b0eb1dbe84573262640e652
故障,主轴承瓦片转位,记载于,来源,Wight Sky multiple engine failures,provenance_index,仅在本声明来源及构型范围内使用,stated,02_reports/MAIB_2022_04_Wight_Sky_multiple_engine_failures.pdf,84,oilway to the main journal and crankpin was blocked off when the bearing shells turned,edge:b3c192e152550df69ee960b1,assertion:7a8d0d2ad10e6e10043e193d
故障,高压共轨燃油泄漏,增加风险,状态,机舱爆炸风险,source_statement,航浚6008/MAN L32/44CR与CR2.2；轨压数值、扭矩与拆装必须核对本机手册。,possible,01_datasets/marine_diesel_RAG_corpus_All_data/All_data/test/船机帮高压共轨柴油机燃油喷射系统故障分析.md,,高压燃油一旦出现泄漏故障，须及时定位排除，否则将有击伤、火灾甚至爆炸危险。,edge:b3c1f013b1f8a918f99eedfd,assertion:b8d493635e18ee1f3feadf9b
状态,全部推进电机停机,是概念的实例,状态,全部推进电机停机,concept_alignment,仅在本声明来源及构型范围内使用,stated,02_reports/MAIB_2011_28_Queen_Mary_2_harmonic_filter_failure.pdf,13,all four propulsion motors shut down,edge:b3cf4c691fc31ad162f9f02f,assertion:d90ea877268b3fb0711b415d
故障,发电机轴承滚珠碎裂,导致,状态,发电机转子下沉,source_statement,S6U-PTK与文中船舶发电机经验；部分表述不严谨，不采纳未经原厂确认的轴承结构改造建议。,stated,01_datasets/marine_diesel_RAG_corpus_All_data/All_data/test/船机帮船舶发电机常见故障及对策.md,,轴承内的滚珠因碎裂而移位，导致发电机转子下沉，缩短了定子与转子之间的距离，两者摩擦不断加重，最终引起发电机的短路故障。,edge:b3d147b875de4a5068b339b5,assertion:02bc10a4e55c406ad918006d
影响因素,柴油机隔振器支脚压缩高度超差,记载于,来源,船机帮柴油机轴瓦抱轴故障分析,provenance_index,仅在本声明来源及构型范围内使用,stated,01_datasets/marine_diesel_RAG_corpus_All_data/All_data/test/船机帮柴油机轴瓦抱轴故障分析.md,,"在隔振器安装支脚压缩高度严重超差及其他外部原因等多重因素下,引发轴瓦损坏概率增加。",edge:b3e43393998ec71e19d42856,assertion:d673446a75a177c497fdd73c
部件,增压器转子,记载于,来源,船机帮船舶动力设备日常维护要点与常见故障排除,provenance_index,仅在本声明来源及构型范围内使用,stated,01_datasets/marine_diesel_RAG_corpus_All_data/All_data/test/船机帮船舶动力设备日常维护要点与常见故障排除.md,,若偏差过大需离线进行动平衡校正,edge:b3ee4d8352261a8f2a2dfe96,assertion:ccee39304ca1fa7465e74f27
检查方法,以振动频谱验证齿轮箱修复状态,适用于,设备,减速齿轮箱,applicability_index,GW系列船用齿轮箱；通用机理与A/B船匿名案例须区分，尺寸不能跨机型套用。,stated,01_datasets/marine_diesel_RAG_corpus_All_data/All_data/test/船机帮船用齿轮箱故障分析与管理对策.md,,状态监控(振动频谱测量)也是很必要的验证环节。,edge:b403fee77d25fbe3bdad8eb6,assertion:267654d3939b2b660b13aed5
状态,气缸盖垫片热变形,导致,状态,冷却水腔与润滑油道连通,source_statement,海水冷却的推进柴油机滑油系统；匿名二次报道。文中压力试验参数和标准引用未独立核实，不作为通用操作依据。,possible,01_datasets/marine_diesel_RAG_corpus_All_data/All_data/test/船机帮船舶动力系统滑油水污染故障实例分析.md,,燃烧室高温导致金属密封垫片热变形，冷却水腔与润滑油道连通。,edge:b414c4478e034279a1c2a7bd,assertion:313ba4db466ce4a9e46bb374
参数,有效效率,表征,设备,试验柴油机,native_variable_dictionary,仅在本声明来源及构型范围内使用,stated,01_datasets/Marine_Engine_Fault_Data_v1/Marine_Engine_Fault_Data/variable_dictionary.csv,,"Effective Efficiency,Efft,%,number,TRUE,TRUE,performance / derived,",edge:b41d154b4a5d65f5ec39d7ba,assertion:19d15e34abce6b73774c9cd3
故障,主机海水冷却管疑似失效,记载于,来源,MAIB Safety Digest 2016 generator oil fire case,provenance_index,仅在本声明来源及构型范围内使用,stated,02_reports/MAIB_2016_Safety_Digest_generator_oil_fire.pdf,60,suggests the failure of a main engine sea water cooling pipe,edge:b447b7d7ee6216be35cee3ee,assertion:0fa3bb652efc01bf0af4afd8
事故案例,左舷主机轴瓦失效与火灾,涉及,部件,左舷主机6号连杆大端轴瓦,case_index,仅在本声明来源及构型范围内使用,stated,02_reports/MAIB_2018_01_Windcat8_bearing_failure_fire.pdf,1,failure of a piston connecting rod big end shell bearing,edge:b44e4b0a58b40bc067f68d59,assertion:57d7f5d6963fba2187ff28d2
故障,发电机绕组绝缘电阻降低,记载于,来源,STAMFORD AGN040 winding insulation system,provenance_index,仅在本声明来源及构型范围内使用,stated,02_reports/STAMFORD_AGN040_winding_insulation.pdf,6,Surface moisture,edge:b4585f11478fc6580955cfed,assertion:8ed627b13d848ec44e4e4eae
状态,全船失电,记载于,来源,Kommandor Susan catastrophic engine failure and fire,provenance_index,仅在本声明来源及构型范围内使用,stated,02_reports/MAIB_2026_10_Kommandor_Susan_generator_bearing_failure.pdf,1,The failure resulted in an engine room fire and a complete power blackout,edge:b45d918b60e5e4708f15efa3,assertion:9f2ffe89e3b0414993b8e27b
检查方法,切换后核验压缩机供气能力,适用于,设备,控制空气供给与主机离合装置,applicability_index,本报告案例，不外推为所有船舶已证实根因,stated,02_reports/MAIB_2013_Safety_Digest_lubrication_bearing_cases.pdf,15,check that it is operating correctly,edge:b49b76a227330302cd770a8d,assertion:2de02dfcce782d5b75cb4aaa
状态,主轴承润滑油膜无法建立,导致,故障,主轴瓦磨损失效,source_statement,某型巡逻船试航故障二次报道；排查中已排除的原因不作为本案正向根因，油品及公差不能跨机型使用。,possible,01_datasets/marine_diesel_RAG_corpus_All_data/All_data/test/船机帮柴油机轴瓦抱轴故障分析.md,,"对中状态异常引起各档主轴承间隙变化,当主轴承间隙过小时易使主轴承油膜无法建立,最终出现轴瓦磨损失效。",edge:b4a67d73f6832f28a00699da,assertion:8ac5b438ccfb4fedaa4d995d
事故案例,ME2主轴承断油失效,涉及,状态,润滑油压力下降,case_index,仅在本声明来源及构型范围内使用,stated,02_reports/MAIB_2022_04_Wight_Sky_multiple_engine_failures.pdf,70,ECU detected a loss of lubricating oil pressure and initiated an engine shutdown,edge:b4c16e8538e09eb4a160706d,assertion:28fad95df722a6900233708b
检查方法,以认可磁粉探伤方法检查喷油部件裂纹,检查,故障,喷油器裂纹,source_check,S6U-PTK与文中船舶发电机经验；部分表述不严谨，不采纳未经原厂确认的轴承结构改造建议。,stated,01_datasets/marine_diesel_RAG_corpus_All_data/All_data/test/船机帮船舶发电机常见故障及对策.md,,出现裂缝可用磁粉探伤法进行检测,edge:b4c1dfd97015629d8e3cb02f,assertion:9390bd9d867dff3933f82cef
故障,连杆盖螺栓松动与断裂,是概念的实例,故障,连杆盖螺栓松动与断裂,concept_alignment,仅在本声明来源及构型范围内使用,stated,02_reports/MAIB_2022_04_Wight_Sky_multiple_engine_failures.pdf,84,"fretting wear between the mating faces, which would have led to loosening and rapid failure",edge:b4c65f6dbf6917eb3de7f497,assertion:dfd1574054676e556df933f1
检查方法,检查喷油器异常泄漏,适用于,设备,高压共轨燃油喷射装置,applicability_index,航浚6008/MAN L32/44CR与CR2.2；轨压数值、扭矩与拆装必须核对本机手册。,stated,01_datasets/marine_diesel_RAG_corpus_All_data/All_data/test/船机帮高压共轨柴油机燃油喷射系统故障分析.md,,一般通过检查高压油泵或油头来确认，并换新故障的高压油泵或油头,edge:b4cb9d3e4798a8b106bc2ce2,assertion:0ce703856e9f7d6a2c54d1e8
运维措施,确认故障后按手册更换空气启动马达,应对,故障,空气启动马达叶轮断裂,source_recommendation,S6U-PTK与文中船舶发电机经验；部分表述不严谨，不采纳未经原厂确认的轴承结构改造建议。,stated,01_datasets/marine_diesel_RAG_corpus_All_data/All_data/test/船机帮船舶发电机常见故障及对策.md,,选择更换马达后发电机正常启动，故障排除。,edge:b509de10fdf31be3873e8f86,assertion:6ee5c5321f74028cdcbd916a
故障,增压器减振弹簧片断裂,记载于,来源,船机帮船舶柴油机废气涡轮增压器振动的主要原因有哪些,provenance_index,仅在本声明来源及构型范围内使用,stated,01_datasets/marine_diesel_RAG_corpus_All_data/All_data/test/船机帮船舶柴油机废气涡轮增压器振动的主要原因有哪些.md,,轴承中的减振弹簧片的磨损、变形或断裂等使转子安装位置发生变化，转子对中不良产生强烈振动。,edge:b510e4bb71f39adbb49c6d37,assertion:473b645c96ab8832ea5926f4
状态,齿轮基节误差,记载于,来源,船机帮船用齿轮箱故障分析与管理对策,provenance_index,仅在本声明来源及构型范围内使用,stated,01_datasets/marine_diesel_RAG_corpus_All_data/All_data/test/船机帮船用齿轮箱故障分析与管理对策.md,,由于刀具、车床的误差及其安装不当等原因，可能造成齿轮产生偏心、周节误差、基节误差、齿形误差等。,edge:b516abf33ca1f42c5b9bdd8f,assertion:85edf77be3d0b6385bca2d77
故障,曲轴主轴承与曲柄销断油,记载于,来源,Wight Sky multiple engine failures,provenance_index,仅在本声明来源及构型范围内使用,stated,02_reports/MAIB_2022_04_Wight_Sky_multiple_engine_failures.pdf,84,oilway to the main journal and crankpin was blocked off when the bearing shells turned,edge:b5415dc97566535cd196efee,assertion:4a1b671a6707551d9e48ae69
设备,柴油发电机,服务于系统,系统,电力与控制系统,functional_classification,仅在本声明来源及构型范围内使用,stated,01_datasets/marine_diesel_RAG_corpus_All_data/All_data/test/船机帮船舶发电机常见故障及对策.md,,轴承内的滚珠因碎裂而移位，导致发电机转子下沉，缩短了定子与转子之间的距离，两者摩擦不断加重，最终引起发电机的短路故障。,edge:b54d559b347ce09166dec4dd,assertion:7e546f920413521a26faedf8
故障,增压器轴承裂纹,表现为,状态,增压器振动增大,source_statement,船用废气涡轮增压器；拆装细节为VTR400示例，必须服从适用机型手册。,stated,01_datasets/marine_diesel_RAG_corpus_All_data/All_data/test/船机帮船舶柴油机废气涡轮增压器振动的主要原因有哪些.md,,轴承长时间使用后产生磨损、变形、裂纹和烧伤时，使摩擦力矩增大，转速下降，振动和噪声大增。,edge:b583c945785ef8d21e5f5b50,assertion:4310c659bb162e78a34de70d
事故案例,谐波滤波电容失效与全船失电,涉及,状态,全船失电,case_index,仅在本声明来源及构型范围内使用,stated,02_reports/MAIB_2011_28_Queen_Mary_2_harmonic_filter_failure.pdf,13,led to the generators shutting down,edge:b588912bb10418c379be315a,assertion:a7be9351b88e9d556e3bce71
检查方法,检查齿轮箱润滑效果,适用于,设备,减速齿轮箱,applicability_index,GW系列船用齿轮箱；通用机理与A/B船匿名案例须区分，尺寸不能跨机型套用。,stated,01_datasets/marine_diesel_RAG_corpus_All_data/All_data/test/船机帮船用齿轮箱故障分析与管理对策.md,,应该经常检查润滑部位是否达到润滑效果，以及润滑剂有无杂质，是否失效，并重点监控滑油温度。,edge:b58bbc7c89092bc2c139f3d2,assertion:906482a3a55e60fe29dcce87
事故案例,误选可调螺距桨备用模式与泊位碰撞,涉及,状态,CPP备用模式指示灯点亮,case_index,仅在本声明来源及构型范围内使用,stated,02_reports/MAIB_2016_Safety_Digest_generator_oil_fire.pdf,19,back-up control system indicator lamp was illuminated,edge:b58be5c8d4acd701c578f3b8,assertion:f5c6dd867d17bb1995460213
运维措施,按本机要求减少不必要的轻重油切换,记载于,来源,船机帮高压共轨柴油机燃油喷射系统故障分析,provenance_index,仅在本声明来源及构型范围内使用,stated,01_datasets/marine_diesel_RAG_corpus_All_data/All_data/test/船机帮高压共轨柴油机燃油喷射系统故障分析.md,,轻重油频繁切换，容易造成共轨系统被污染，导致柴油机启动故障及零件的异常磨损，使用中尽量避免轻重油频繁切换。,edge:b58d8264453c28c5094b4b14,assertion:d6cdb052486b616a6e4a6fcb
故障,高压共轨燃油泄漏,记载于,来源,船机帮高压共轨柴油机燃油喷射系统故障分析,provenance_index,仅在本声明来源及构型范围内使用,stated,01_datasets/marine_diesel_RAG_corpus_All_data/All_data/test/船机帮高压共轨柴油机燃油喷射系统故障分析.md,,高压燃油一旦出现泄漏故障，须及时定位排除，否则将有击伤、火灾甚至爆炸危险。,edge:b58fbb5a0751cc6da558a334,assertion:b7a47deb20b6bf9a9e516345
故障,增压器轴承烧伤,表现为,状态,增压器振动增大,source_statement,船用废气涡轮增压器；拆装细节为VTR400示例，必须服从适用机型手册。,stated,01_datasets/marine_diesel_RAG_corpus_All_data/All_data/test/船机帮船舶柴油机废气涡轮增压器振动的主要原因有哪些.md,,轴承长时间使用后产生磨损、变形、裂纹和烧伤时，使摩擦力矩增大，转速下降，振动和噪声大增。,edge:b5903baf3dde89aed7b31aed,assertion:9ae655a61ade0513729c6ee1
检查方法,核对调速器连接与运转方向,检查,影响因素,调速器连接方向错误,source_check,调速器维修经验；不同调速器针阀与补偿调节不可照抄，飞车必须执行本船应急规程。,stated,01_datasets/marine_diesel_RAG_corpus_All_data/All_data/test/船机帮船用柴油机调速器的维护与保养十飞车故障.md,,调速器连接错误，运转方向不对。,edge:b59aa9598c78f12f929e240f,assertion:a558f72f9250853e5a8987f8
状态,共轨冲洗单向阀油泥黏附,相关联,故障,共轨冲洗单向阀止回失效,source_statement,航浚6008/MAN L32/44CR与CR2.2；轨压数值、扭矩与拆装必须核对本机手册。,stated,01_datasets/marine_diesel_RAG_corpus_All_data/All_data/test/船机帮高压共轨柴油机燃油喷射系统故障分析.md,,拆检该单向阀，发现有油泥黏在里面,edge:b5b7b9ba021504b30cc9e31e,assertion:ffab097f0703a8e6179439ed
故障,轴瓦烧伤,记载于,来源,油品课堂第六讲某船使用假冒润滑油导致主机烧瓦事故案例,provenance_index,仅在本声明来源及构型范围内使用,stated,01_datasets/marine_diesel_RAG_corpus_All_data/All_data/train/油品课堂第六讲某船使用假冒润滑油导致主机烧瓦事故案例.md,,烧瓦的主要原因是机油供应不足且品质不佳，轴瓦产生干摩擦引起高温，使瓦面上的合金熔化,edge:b5e27994f5347a758e57162b,assertion:f487e84041791e4fa25fa42d
事故案例,压载泵检修隔离失效与机舱进水,涉及,故障,海水隔离阀执行器缺陷,case_index,仅在本声明来源及构型范围内使用,stated,02_reports/MAIB_2016_Safety_Digest_generator_oil_fire.pdf,41,giving an impression that the valve was fully closed when it was not,edge:b5f597c9e59168bbf7dda692,assertion:cbbc47e33326f750d40457aa
部件,牺牲阳极,记载于,来源,船机帮船舶动力系统滑油水污染故障实例分析,provenance_index,仅在本声明来源及构型范围内使用,stated,01_datasets/marine_diesel_RAG_corpus_All_data/All_data/test/船机帮船舶动力系统滑油水污染故障实例分析.md,,定期检测阳极消耗量，剩余质量不符合要求时立即予以更换,edge:b5f66f8f50c64f650e4d8356,assertion:325801c1bb0c35adb9d75316
运维措施,按机型维护要求保持涡轮叶片清洁,作用于,部件,涡轮叶片,source_recommendation,船用废气涡轮增压器；拆装细节为VTR400示例，必须服从适用机型手册。,stated,01_datasets/marine_diesel_RAG_corpus_All_data/All_data/test/船机帮船舶柴油机废气涡轮增压器振动的主要原因有哪些.md,,管理中注意压气机进气滤器、叶轮、扩压器、空气冷却器、进气口和排气口、涡轮喷嘴环、叶片等流通部分的清洁，就会防止和消除喘振，也就会使振动消失。,edge:b5feb3a4250c0da4b98de59c,assertion:381126fbc5c9b320aa7d0466
影响因素,增压器修后装配不良,增加风险,状态,增压器转子与壳体气封碰摩,source_statement,船用废气涡轮增压器；拆装细节为VTR400示例，必须服从适用机型手册。,possible,01_datasets/marine_diesel_RAG_corpus_All_data/All_data/test/船机帮船舶柴油机废气涡轮增压器振动的主要原因有哪些.md,,如修理质量差或修后装配不良时，就会造成增压器运转时转子与壳体或气封相碰，产生摩擦导致振动。,edge:b6016aee08751764a9746663,assertion:59907b6e3b8767a88c6e430d
运维措施,按本机安全规程排除燃油管路空气,记载于,来源,船机帮船舶动力设备日常维护要点与常见故障排除,provenance_index,仅在本声明来源及构型范围内使用,stated,01_datasets/marine_diesel_RAG_corpus_All_data/All_data/test/船机帮船舶动力设备日常维护要点与常见故障排除.md,,更换燃油系统滤器并进行手动排气，通过试验台校准雾化锥角,edge:b64d9bee055b73b984b38e01,assertion:0132416a17dade0edfe6e24a
状态,高压共轨与低压供油管路连通,记载于,来源,船机帮高压共轨柴油机燃油喷射系统故障分析,provenance_index,仅在本声明来源及构型范围内使用,stated,01_datasets/marine_diesel_RAG_corpus_All_data/All_data/test/船机帮高压共轨柴油机燃油喷射系统故障分析.md,,冲洗单向阀 12 止回功能失效，使整个共轨系统直接与 12bar 的供油管路相通，无法建立轨压而启动失败。,edge:b65cbaad154cba3722a815cc,assertion:8155517f628e639d3f02a583
状态,气缸充气不足,导致,状态,气缸燃烧异常,source_statement,柴油机水冷机理二次资料；文中80–90℃等数值不能当作所有机型阈值。,possible,01_datasets/marine_diesel_RAG_corpus_All_data/All_data/test/船机帮柴油机冷却水过高或过低的危害.md,,冷却水温度过高，致使活塞、活塞环、气缸套、缸盖和气门等零件的工作温度升高，导致充气不足，燃烧不正常，容易引起敲缸、爆燃。,edge:b65f665f49ef1087910e0f4a,assertion:b9176919f67b05b14c336a63
参数,喷油器冷却油压力原始电压信号,表征,设备,试验柴油机,native_variable_dictionary,仅在本声明来源及构型范围内使用,stated,01_datasets/Marine_Engine_Fault_Data_v1/Marine_Engine_Fault_Data/variable_dictionary.csv,,"Fuel Injector Cooling Oil Press.,Pl_valve,V,number,TRUE,TRUE,pressure / derived pressure,",edge:b669edf75b3a67a74c64c084,assertion:beb2e466e389da3fcabbda5a
事故案例,油抹布落至排气歧管起火,涉及,部件,排气歧管,case_index,仅在本声明来源及构型范围内使用,stated,02_reports/MAIB_2013_Safety_Digest_lubrication_bearing_cases.pdf,40,small passenger catamaran,edge:b69a753dd72137286245a3a4,assertion:d4e3a2e13e047300f6b60666
运维措施,使用原厂零件重建并大修发电机组,适用于,设备,DG1柴油发电机,applicability_index,本报告案例，不外推为所有船舶已证实根因,stated,02_reports/MAIB_2026_10_Kommandor_Susan_generator_bearing_failure.pdf,9,"Completed major overhauls of DG2, DG3 and DG4 using genuine Caterpillar parts",edge:b6a467ae41991d50714693b9,assertion:35abf197e38afa2583745acf
故障,CPP系统超压,导致,故障,CPP回油法兰破裂,source_case_statement,本报告案例，不外推为所有船舶已证实根因,reported,02_reports/MAIB_2015_22_Pride_of_Canterbury_CPP_hydraulic_fire.pdf,29,flanged joint ruptured because the CPP system became over- pressurised,edge:b6a8f9caff274057477c824d,assertion:c7d4061ea876cd623a55c5f2
设备,柴油机,记载于,来源,船机帮船用柴油机的拉缸故障,provenance_index,仅在本声明来源及构型范围内使用,stated,01_datasets/marine_diesel_RAG_corpus_All_data/All_data/test/船机帮船用柴油机的拉缸故障.md,,若由于某种原因，油膜变薄或遭到破坏，因润滑不良出现干摩擦或半干摩擦，缸套与活塞环的摩擦系数突然增大，造成局部高温粘附磨损的过程。,edge:b6b405a28c9640b53b9ef78b,assertion:3229a1643ddf284f25acadcf
状态,缸套表面抛光或涂抹,记载于,来源,MAN SL2016-633 hard-coated piston rings and liner scuffing,provenance_index,仅在本声明来源及构型范围内使用,stated,02_reports/MAN_SL2016_633_piston_rings_scuffing.pdf,2,making it difficult to keep a proper oil film,edge:b6b80ec70e2c9c32a1bdcc16,assertion:fa1328f705b5416de4d7c702
影响因素,柴油机对中调整顶丝顶死,记载于,来源,船机帮柴油机轴瓦抱轴故障分析,provenance_index,仅在本声明来源及构型范围内使用,stated,01_datasets/marine_diesel_RAG_corpus_All_data/All_data/test/船机帮柴油机轴瓦抱轴故障分析.md,,"顶丝与柴油机支脚顶死后,柴油机工作时,隔振块不能很好地吸收柴油机轴向振动",edge:b6db27815365f48f18c0782e,assertion:72507726789b862a6f208ff1
运维措施,仅按并网与调速规程调整发电频率,作用于,设备,柴油发电机,source_recommendation,Caterpillar3512冬季维护经验，原始应用场景不一定为船舶；仅提取可迁移维护主题，必须核对船用构型，排除未获批准的自主回油改造及统一数值。,stated,01_datasets/marine_diesel_RAG_corpus_All_data/All_data/test/船机帮冬季卡特柴油发电机组的安全运行.md,,应及时调整频率和电压，使其保持额定值,edge:b6e9821ff2827b8d7eaf95a0,assertion:1dfc4bffd3290ed21880d02a
检查方法,检查减振器异响与振动趋势,检查,故障,扭振减振器失效,source_guidance_statement,MAN L16/24、L21/31、L27/38等通函列明机型；不得推广其维护周期到其它机型。,derived_action,02_reports/MAN_SL2017_654_torsional_damper.pdf,1,behavior of the complete GenSet,edge:b70f4a876830736291929d56,assertion:2e3b20c19b26be08d3bd785d
运维措施,绝缘恢复合格后按厂家要求涂覆相容树脂,作用于,部件,发电机定子绕组,source_manufacturer_recommendation,STAMFORD/AvK对应交流发电机型号；AGN040应与本机Owner Manual联合使用；干燥与绝缘处置仅由合格人员实施。,guidance,02_reports/STAMFORD_AGN040_winding_insulation.pdf,8,over coating resin that is compatible with the original factory impregnation,edge:b72ecc6da6269eaecc5f06dc,assertion:53cd8dc6f1e4b5370d685924
影响因素,长期使用不合格燃油,记载于,来源,船机帮船用柴油机的拉缸故障,provenance_index,仅在本声明来源及构型范围内使用,stated,01_datasets/marine_diesel_RAG_corpus_All_data/All_data/test/船机帮船用柴油机的拉缸故障.md,,柴油机参数异常没及时发现，高温水温度过高，冷却效果差，低温水温度过高，造成扫气温度高，排温偏高长期运行可造成拉缸，长时间超负荷运行，也可造成拉缸，长时间用劣质的燃油也可造成拉缸，应该定期检查做好早发现早预防，避免重大损失。,edge:b732d07a6ae2c8aef4eb3d88,assertion:4da0be2b9f90702a33dfb6b7
故障,运动副卡死,适用于,设备,柴油机,applicability_index,柴油机水冷机理二次资料；文中80–90℃等数值不能当作所有机型阈值。,stated,01_datasets/marine_diesel_RAG_corpus_All_data/All_data/test/船机帮柴油机冷却水过高或过低的危害.md,,高温使零件膨胀变形，严重地影响配合零件的正常间隙，甚至卡死。,edge:b7340e5d69a786d57ec4054d,assertion:9e10ee030797772040e2eefd
系统,传动与推进系统,记载于,来源,MAIB Safety Digest 2013 lubrication and bearing cases,provenance_index,仅在本声明来源及构型范围内使用,stated,02_reports/MAIB_2013_Safety_Digest_lubrication_bearing_cases.pdf,14,ro-ro passenger ferry,edge:b764ebed7cde9d2fb6c7fc78,assertion:3dfde8c8beec70e7679db4cf
检查方法,断电核验主开关合闸线圈,记载于,来源,船机帮船舶柴油发电机主开关并网合闸失败故障的分析与排查,provenance_index,仅在本声明来源及构型范围内使用,stated,01_datasets/marine_diesel_RAG_corpus_All_data/All_data/test/船机帮船舶柴油发电机主开关并网合闸失败故障的分析与排查.md,,对其蓄能马达进行测量未发现问题，然后利用万用表对主开关的控制分闸线圈 MN 与 XF 进行测量,edge:b76c6babe9fe4c0dc8f9f5f4,assertion:5bf0d5948725c56dd62c8796
故障,活塞环变形,增加风险,故障,缸套黏着拉伤,source_statement,船用柴油机摩擦副；二次维修文章，机型及根因须核实；不能以某一症状直接确诊拉缸。,possible,01_datasets/marine_diesel_RAG_corpus_All_data/All_data/test/船机帮船用柴油机的拉缸故障.md,,另外活塞环的变形，在活塞环内出现卡滞，活塞环尺寸不对，环槽间隙过小，受到热膨胀无间隙，也会出现拉缸，活塞环无弹力，也可造成拉缸。,edge:b76f00449729a83bbd7fe0c3,assertion:28fed38a6aa1bc881738a95b
运维措施,按设计维护机罩自然对流防结露通风,作用于,部件,发电机机罩,source_manufacturer_recommendation,STAMFORD/AvK对应交流发电机型号；AGN040应与本机Owner Manual联合使用；干燥与绝缘处置仅由合格人员实施。,guidance,02_reports/STAMFORD_AGN040_winding_insulation.pdf,7,engineered natural convection of airflow through the canopy,edge:b77cf6c462ed05ed47ba53aa,assertion:8106afde3aa94e5feecd6a25
影响因素,吊舱舱底传感器位置偏低,导致,状态,进水停机序列启动,source_case_statement,本报告案例，不外推为所有船舶已证实根因,reported,02_reports/MAIB_2026_06_Spirit_of_Discovery_propulsion_loss.pdf,43,low position of the bilge sensor meant that it could be activated by a relatively small amount of liquid,edge:b78883deec9dbd626a88ff62,assertion:94a4df6d62234da459015e77
状态,海水泵轴向泄漏通道形成,记载于,来源,船机帮船舶动力系统滑油水污染故障实例分析,provenance_index,仅在本声明来源及构型范围内使用,stated,01_datasets/marine_diesel_RAG_corpus_All_data/All_data/test/船机帮船舶动力系统滑油水污染故障实例分析.md,,船舶振动引起填料压紧力下降，形成轴向泄漏通道,edge:b7924f4aa1826b36a7270168,assertion:ecceac04c662e359825a4997
影响因素,未核验大修零件真伪,记载于,来源,Kommandor Susan catastrophic engine failure and fire,provenance_index,仅在本声明来源及构型范围内使用,stated,02_reports/MAIB_2026_10_Kommandor_Susan_generator_bearing_failure.pdf,8,no verification of authenticity for the parts used,edge:b7a61b9dbc2f71621b7083de,assertion:d8c615e166c37b39450a8009
参数,由转速推算的排气标准体积流量,记载于,来源,variable_dictionary,provenance_index,仅在本声明来源及构型范围内使用,stated,01_datasets/Marine_Engine_Fault_Data_v1/Marine_Engine_Fault_Data/variable_dictionary.csv,,"Exh.Gas Vol. Flow (From Engine Speed),qexh,NL/min,number,TRUE,TRUE,flow / fuel / air,",edge:b7a81c5440045508ea337fe6,assertion:1517f7ca3c16e2a3e4f3a90e
事故案例,滑油滤芯漏装与主机抱轴,涉及,检查方法,核实在线滤腔滤芯实际安装,case_index,仅在本声明来源及构型范围内使用,stated,02_reports/MAIB_2013_Safety_Digest_lubrication_bearing_cases.pdf,21,without a filter cartridge,edge:b7bbce7cf15a697c63060707,assertion:41f097f4eed17c0c604e3913
设备,柴油发电机,记载于,来源,船机帮船舶发电机常见故障及对策,provenance_index,仅在本声明来源及构型范围内使用,stated,01_datasets/marine_diesel_RAG_corpus_All_data/All_data/test/船机帮船舶发电机常见故障及对策.md,,轴承内的滚珠因碎裂而移位，导致发电机转子下沉，缩短了定子与转子之间的距离，两者摩擦不断加重，最终引起发电机的短路故障。,edge:b7dad06a4a142eab77542625,assertion:2d68ca7a347f2583acecfea1
参数,3缸排气温度,记载于,来源,variable_dictionary,provenance_index,仅在本声明来源及构型范围内使用,stated,01_datasets/Marine_Engine_Fault_Data_v1/Marine_Engine_Fault_Data/variable_dictionary.csv,,"No.3 Exh.Gas Temp.,T3,°C,number,TRUE,TRUE,temperature,",edge:b80d8335da5c7e20918f6cb7,assertion:4f5b7d8a1d05b6005530ee6c
影响因素,喷油器定位装配方向错误,记载于,来源,船机帮船用柴油机的拉缸故障,provenance_index,仅在本声明来源及构型范围内使用,stated,01_datasets/marine_diesel_RAG_corpus_All_data/All_data/test/船机帮船用柴油机的拉缸故障.md,,喷油器定位销位置错误反装了180°，这样喷油器的喷口喷向缸套内壁，过热的温度集中在活塞环附近，很难形成油膜，缸套很快会拉伤掉。,edge:b818c2135cb3a86912a24c4a,assertion:9f134ac6ab07d4478ea767ac
事故案例,谐波滤波电容失效与全船失电,涉及,运维措施,更换改进设计的滤波电容,case_index,仅在本声明来源及构型范围内使用,stated,02_reports/MAIB_2011_28_Queen_Mary_2_harmonic_filter_failure.pdf,70,improved and safer design,edge:b827ae4699e054e428adc596,assertion:19028f902818678e70a09bcf
船舶,Finlandia Seaways,记载于,来源,Finlandia Seaways engine failure and fire,provenance_index,仅在本声明来源及构型范围内使用,stated,02_reports/MAIB_2021_02_Finlandia_Seaways_connecting_rod_failure.pdf,9,fracture of the connecting rod small end,edge:b82b58b7418c65a8360ff64a,assertion:6a2fb7c20760568e6f44b0df
检查方法,按OEM要求检查执行器联轴器紧固完整性,适用于,系统,传动与推进系统,functional_classification,实际证据是Hebrides的CPP执行器小型爪式联轴器，不是主推进轴联轴器断裂；主轴断裂根因不可由此推断。,stated,02_reports/MAIB_2017_20_Hebrides_CPP_coupling.pdf,36,inspection and integrity of the jaw coupling,edge:b83b4cbfe06eadea630f9762,assertion:63ec6793455afa603c47f0d4
状态,气缸压缩压力降低,记载于,来源,船机帮船用柴油机的拉缸故障,provenance_index,仅在本声明来源及构型范围内使用,stated,01_datasets/marine_diesel_RAG_corpus_All_data/All_data/test/船机帮船用柴油机的拉缸故障.md,,缸套和活塞环被拉伤，会出现串气、压缩压力和爆发压力降低，燃油油耗偏高；,edge:b84043a969622b9a68517940,assertion:741020532c1adfb85f0dce83
设备,可调螺距桨推进控制装置,包含部件,部件,右舷可调螺距桨,asset_index,仅在本声明来源及构型范围内使用,stated,02_reports/MAIB_2016_Safety_Digest_generator_oil_fire.pdf,19,large roll-on roll-off passenger ferry,edge:b845faf14f18391897862fa1,assertion:0390523fccf99580e4faede1
状态,柴油机排气冒黑烟,记载于,来源,船机帮船舶发电机常见故障及对策,provenance_index,仅在本声明来源及构型范围内使用,stated,01_datasets/marine_diesel_RAG_corpus_All_data/All_data/test/船机帮船舶发电机常见故障及对策.md,,气阀机构回受热膨胀，过小的间隙造成关闭不严，漏气而导致燃烧不充分，出现黑烟现象；,edge:b860851fcfc7e45f3bfbccfe,assertion:e4d1127e4e10271247c1917c
运维措施,按本机要求减少不必要的轻重油切换,适用于,设备,高压共轨燃油喷射装置,applicability_index,航浚6008/MAN L32/44CR与CR2.2；轨压数值、扭矩与拆装必须核对本机手册。,stated,01_datasets/marine_diesel_RAG_corpus_All_data/All_data/test/船机帮高压共轨柴油机燃油喷射系统故障分析.md,,轻重油频繁切换，容易造成共轨系统被污染，导致柴油机启动故障及零件的异常磨损，使用中尽量避免轻重油频繁切换。,edge:b872221476f4a67ccbefd1a8,assertion:ab61e74e000272debcf32f9b
参数,燃油流量,记载于,来源,variable_dictionary,provenance_index,仅在本声明来源及构型范围内使用,stated,01_datasets/Marine_Engine_Fault_Data_v1/Marine_Engine_Fault_Data/variable_dictionary.csv,,"Fuel Flow,Qfuel,m3/h,number,TRUE,TRUE,flow / fuel / air,",edge:b8a42429ad2d0f24f5c4ded5,assertion:46a91282b5fc14f62665bb77
参数,3缸最高缸压,表征,设备,试验柴油机,native_variable_dictionary,仅在本声明来源及构型范围内使用,stated,01_datasets/Marine_Engine_Fault_Data_v1/Marine_Engine_Fault_Data/variable_dictionary.csv,,"Max. In-Cylinder Press. No.3,Pmax,MPa,number,TRUE,TRUE,pressure / derived pressure,shorthand label is reused across cylinder-resolved and/or aggregate variables; use the full variable-name row during preprocessing",edge:b8ba6405e8f75a4230e8be6b,assertion:0d2dbaeca335a945c45ab592
部件,主机离合器,是概念的实例,部件,主机离合器,concept_alignment,仅在本声明来源及构型范围内使用,stated,02_reports/MAIB_2013_Safety_Digest_lubrication_bearing_cases.pdf,14,ro-ro passenger ferry,edge:b8d70ad6f6f12ff1fb43676b,assertion:f8baa74f67fad461c106710b
状态,柴油机实际转速异常上升,记载于,来源,船机帮某型船主机遥控系统典型故障分析,provenance_index,仅在本声明来源及构型范围内使用,stated,01_datasets/marine_diesel_RAG_corpus_All_data/All_data/test/船机帮某型船主机遥控系统典型故障分析.md,,转速信号波形失真会导致系统判断转速较真实转速偏低，导致柴油机实际转速上升。,edge:b8dcac6ae1075021a164c811,assertion:10593b611769935d79e27c89
状态,零件工作温度过高,导致,状态,零件热膨胀变形,source_statement,柴油机水冷机理二次资料；文中80–90℃等数值不能当作所有机型阈值。,possible,01_datasets/marine_diesel_RAG_corpus_All_data/All_data/test/船机帮柴油机冷却水过高或过低的危害.md,,高温使零件膨胀变形，严重地影响配合零件的正常间隙，甚至卡死。,edge:b8e54a046b7f80bde8323f56,assertion:1e913f5b879c4c8f6c727e63
故障,转速传感器感应端损伤,记载于,来源,船机帮某型船主机遥控系统典型故障分析,provenance_index,仅在本声明来源及构型范围内使用,stated,01_datasets/marine_diesel_RAG_corpus_All_data/All_data/test/船机帮某型船主机遥控系统典型故障分析.md,,传感器安装距离过近，主机运行过程中由于振动导致的飞轮偏心可能会导致飞轮齿顶损坏传感器感应端；传感器安装距离过远，可能会导致飞轮齿圈上某些齿的有效感应信号丢失造成主机游车。,edge:b906ffd37547632d5a9c9691,assertion:68e94f6534af8b281cead235
影响因素,盘车状态未标识与操作说明被涂覆,记载于,来源,MAIB Safety Digest 2013 lubrication and bearing cases,provenance_index,仅在本声明来源及构型范围内使用,stated,02_reports/MAIB_2013_Safety_Digest_lubrication_bearing_cases.pdf,16,not marked in any way to show whether it was engaged or disengaged,edge:b910613fdedca68143e22884,assertion:f3809f59dab70b9d0635988a
故障,船舶电网电压频率振荡,促成,状态,电机轴振动与绝缘热应力增加,source_guidance_statement,2021论文三类船舶的实测电网信号，含轴带发电化学品船；不是所有振荡都超限。DP船风浪影响主要作用于基波与频率，不能一概说风浪显著放大所有谐波。,possible,03_papers/Frontiers_2021_marine_converter_oscillations.pdf,1,"rmal stress to insulation, thus ",edge:b918d6263b32cfcb21a01ed4,assertion:9f13fb7921842eb9c5328459
故障,燃油法兰螺钉松动,适用于,设备,ME3主机燃油供给与排气装置,applicability_index,本报告案例，不外推为所有船舶已证实根因,stated,02_reports/MAIB_2024_20_Stena_Europe_fuel_spray_fire.pdf,29,screw in a two-screw flange within the fuel oil pipework loosened,edge:b92ebf422caafa1eaace1554,assertion:7fbf348effa5ac02eb06b526
参数,燃油消耗量,记载于,来源,船机帮船用柴油机的拉缸故障,provenance_index,仅在本声明来源及构型范围内使用,stated,01_datasets/marine_diesel_RAG_corpus_All_data/All_data/test/船机帮船用柴油机的拉缸故障.md,,燃油油耗偏高,edge:b9441fd3e3a3452f1f30baa5,assertion:f73b54cad6633064c2e47c37
故障,缸套黏着拉伤,记载于,来源,MAN SL2016-633 hard-coated piston rings and liner scuffing,provenance_index,仅在本声明来源及构型范围内使用,stated,02_reports/MAN_SL2016_633_piston_rings_scuffing.pdf,2,making it difficult to keep a proper oil film,edge:b9540f02abca4d3d0f3ed14c,assertion:5a231a55e61f18a57ec0b9f2
运维措施,追溯并控制滑油污染来源,记载于,来源,船机帮船舶动力设备日常维护要点与常见故障排除,provenance_index,仅在本声明来源及构型范围内使用,stated,01_datasets/marine_diesel_RAG_corpus_All_data/All_data/test/船机帮船舶动力设备日常维护要点与常见故障排除.md,,超标时需整批换油并追溯污染源,edge:b961267668590fdacde3490d,assertion:8cb8a33303ade4b725d2e365
故障,海水隔离阀执行器缺陷,适用于,设备,海水压载与机舱排水装置,applicability_index,本报告案例，不外推为所有船舶已证实根因,stated,02_reports/MAIB_2016_Safety_Digest_generator_oil_fire.pdf,41,giving an impression that the valve was fully closed when it was not,edge:b99abb3016e1d1c43ad9bff8,assertion:612b218fd905348ed35ce147
故障,喷油控制电磁阀磨损,记载于,来源,船机帮高压共轨柴油机燃油喷射系统故障分析,provenance_index,仅在本声明来源及构型范围内使用,stated,01_datasets/marine_diesel_RAG_corpus_All_data/All_data/test/船机帮高压共轨柴油机燃油喷射系统故障分析.md,,如果该缸喷油时长明显小于其他各缸，则基本可以断定该缸喷油控制电磁阀故障，一般是磨损造成通流面积变大所致，需换新喷油控制电磁阀；也有可能是阀芯卡在较大开度位置所致，需解体清洁活络阀芯。,edge:b9ad2367f9490e0e925f5551,assertion:0225052afdd6bec937fad550
状态,谐波滤波器爆炸,是概念的实例,状态,谐波滤波器爆炸,concept_alignment,仅在本声明来源及构型范围内使用,stated,02_reports/MAIB_2011_28_Queen_Mary_2_harmonic_filter_failure.pdf,13,explosion was triggered by deterioration,edge:b9b3acd61c69900e3f1d179c,assertion:68c4fe6af92f401bece2096b
影响因素,气阀弹簧热处理不合格,促成,故障,气阀弹簧断裂,source_statement,共轨柴油机排气阀，厂家与具体型号未确定；仅作机理检索测试，不作直接操作授权。,possible,01_datasets/marine_diesel_RAG_corpus_All_data/All_data/test/船机帮船用共轨柴油机排气阀常见故障与排除.md,,气阀弹簧断裂，大多是因为振动造成的，也可能是因为材质、热处理不符合要求或在保管中锈蚀所致。,edge:b9bccf260299eac672110b1a,assertion:9364ecefa0988ca48e1943e5
状态,故障电流切除超出热损伤时间范围,记载于,来源,STAMFORD AGN035 overload fault protection and transient coupling torque,provenance_index,仅在本声明来源及构型范围内使用,stated,02_reports/STAMFORD_AGN035_fault_protection.pdf,2,thermal degradation,edge:b9e4676806f1b00b7f83c2f1,assertion:9874348adb03f7fa8570cdf9
故障,压力滑油喷漏,适用于,设备,柴油发电机润滑与排气装置,applicability_index,本报告案例，不外推为所有船舶已证实根因,stated,02_reports/MAIB_2016_Safety_Digest_generator_oil_fire.pdf,26,oil from this generator was spraying,edge:b9e51e1c801d98481aa6528d,assertion:6a29664e75a01eee50889168
影响因素,缸套硬度不符合要求,增加风险,故障,缸套黏着拉伤,source_statement,船用柴油机摩擦副；二次维修文章，机型及根因须核实；不能以某一症状直接确诊拉缸。,possible,01_datasets/marine_diesel_RAG_corpus_All_data/All_data/test/船机帮船用柴油机的拉缸故障.md,,缸套加工的本身粗糙度过高，珩磨纹倾斜不对，缸套硬度太低，达不到图纸要求；,edge:ba3b659b4614e62d3d16bbf8,assertion:072531b132ee53ab21ceb9db
事故案例,主机重装后轴承失效与火灾,涉及,故障,主轴承瓦片转位,case_index,仅在本声明来源及构型范围内使用,stated,02_reports/MAIB_2018_14_Wight_Sky_engine_bearing_fire.pdf,14,Debris in the engine’s oil channels was most probably responsible for initiating the failure,edge:ba45970456ca4e16c5fb944d,assertion:6e4a63c6101131b3d0575108
检查方法,检测海水冷却器牺牲阳极消耗,检查,部件,牺牲阳极,source_check,海水冷却的推进柴油机滑油系统；匿名二次报道。文中压力试验参数和标准引用未独立核实，不作为通用操作依据。,stated,01_datasets/marine_diesel_RAG_corpus_All_data/All_data/test/船机帮船舶动力系统滑油水污染故障实例分析.md,,定期检测阳极消耗量，剩余质量不符合要求时立即予以更换,edge:ba61eeaf487945ea6965c101,assertion:83464e8fd7bb687df3291431
状态,轴带发电机与齿轮箱对中失准,记载于,来源,STAMFORD AGN039 marine shaft generators,provenance_index,仅在本声明来源及构型范围内使用,stated,02_reports/STAMFORD_AGN039_marine_shaft_generators.pdf,2,thermal expansion of the hot gearbox,edge:ba7f199b50502532e0efdaa1,assertion:4eaa962782aac38834026a70
状态,换热能力降低,促成,状态,被冷却部件热过载,source_guidance_statement,MAN四冲程柴油机闭式淡水冷却；水质要求与添加剂须按具体机型手册确认。,possible,02_reports/MAN_SL2016_623_cooling_water.pdf,2,may result in thermal overload,edge:ba870399d0bb21a7690f3287,assertion:19a0a85841c77cdb6528f659
状态,排气阀频繁撞击疲劳,记载于,来源,船机帮船用共轨柴油机排气阀常见故障与排除,provenance_index,仅在本声明来源及构型范围内使用,stated,01_datasets/marine_diesel_RAG_corpus_All_data/All_data/test/船机帮船用共轨柴油机排气阀常见故障与排除.md,,这种断裂大多由于频繁撞击引起金属疲劳以及高温下金属的机械强度降低造成的。,edge:ba9c476786e77d492f7b73c5,assertion:3e69147c48ff5ac5d7b84f00
状态,电容经历超额电压或频繁开关瞬态,记载于,来源,RMS Queen Mary 2 harmonic-filter capacitor failure and blackout,provenance_index,仅在本声明来源及构型范围内使用,stated,02_reports/MAIB_2011_28_Queen_Mary_2_harmonic_filter_failure.pdf,62,likely to have been caused by one or both,edge:baa77c5435cb5b4fbec6f930,assertion:c16e7b0344af60a6c89c9c46
故障,排气阀磨损,适用于,设备,共轨柴油机,applicability_index,共轨柴油机排气阀，厂家与具体型号未确定；仅作机理检索测试，不作直接操作授权。,stated,01_datasets/marine_diesel_RAG_corpus_All_data/All_data/test/船机帮船用共轨柴油机排气阀常见故障与排除.md,,经常检查柴油机振动情况，以免因异常振动造成排气阀过度磨损而引起密封不良,edge:bab875ab2a4fd88546630ae7,assertion:8261deec5d802a29c7f0ddfb
运维措施,按本机滤器切换规程平衡滤腔压力,适用于,设备,船舶动力装置,applicability_index,综合维护二次文章，原厂和标准出处未独立证实；不采纳文中统一周期、报警值、压力值、浮动轴承加脂和未经验证改造方案。以下仅用于检索维护主题，由适用机型规程决定具体操作。,stated,01_datasets/marine_diesel_RAG_corpus_All_data/All_data/test/船机帮船舶动力设备日常维护要点与常见故障排除.md,,双联滤器切换前需先开启旁通阀平衡压力,edge:bafebfb9eef1fd3937657fb3,assertion:f66d9626e6e2619d54ba3b59
检查方法,按实验室方法测定滑油水分,检查,状态,滑油含水污染,source_check,海水冷却的推进柴油机滑油系统；匿名二次报道。文中压力试验参数和标准引用未独立核实，不作为通用操作依据。,stated,01_datasets/marine_diesel_RAG_corpus_All_data/All_data/test/船机帮船舶动力系统滑油水污染故障实例分析.md,,油样水分检测采取卡尔费休库伦滴定法,edge:bb1f30d679e2f22716657113,assertion:f2334a9317255bebc3a563be
故障,二号压缩机排气阀损坏,促成,状态,两台压缩机供气不足,source_case_statement,本报告案例，不外推为所有船舶已证实根因,reported,02_reports/MAIB_2013_Safety_Digest_lubrication_bearing_cases.pdf,15,Neither compressor had been able to keep up with demand,edge:bb26196962e8222311a6a61f,assertion:f57e4dc9730436befb77a99f
状态,燃油集油筒低液位报警,记载于,来源,船机帮5S60ME船用柴油机喷油器故障分析与对策,provenance_index,仅在本声明来源及构型范围内使用,stated,01_datasets/marine_diesel_RAG_corpus_All_data/All_data/test/船机帮5S60ME船用柴油机喷油器故障分析与对策.md,,"气缸内的高压高温燃气穿过喷油器壳体裂纹进入低压燃油中,随回油进入集油筒中导致集油筒中空气多而油位低引发报警",edge:bb28d7c4839c912f6a82aa2a,assertion:7a03bafda434a7d5346145af
事故案例,误选可调螺距桨备用模式与泊位碰撞,涉及,状态,船舶撞击跳板与泊位,case_index,仅在本声明来源及构型范围内使用,stated,02_reports/MAIB_2016_Safety_Digest_generator_oil_fire.pdf,19,made heavy contact with the concrete berth,edge:bb69950cbd1d38b40c6240d3,assertion:f69908f23dbf627a4460d28e
状态,海水进口阀被淹无法接近,记载于,来源,MAIB Safety Digest 2016 generator oil fire case,provenance_index,仅在本声明来源及构型范围内使用,stated,02_reports/MAIB_2016_Safety_Digest_generator_oil_fire.pdf,59,could not reach the two sea water inlet valves,edge:bb6a1c4bd3c30eb629af694b,assertion:f7fd789878af70f6a5617c85
故障,轴承与活塞断油过热,导致,故障,活塞咬死,source_case_statement,本报告案例，不外推为所有船舶已证实根因,reported,02_reports/MAIB_2013_Safety_Digest_lubrication_bearing_cases.pdf,21,seizure of several pistons,edge:bb830fe6666678f7cb582224,assertion:31b52ec86f7d45fd507c0d22
故障,连杆大端轴瓦失效,发生于,设备,左舷主机,case_equipment_index,仅在本声明来源及构型范围内使用,stated,02_reports/MAIB_2018_01_Windcat8_bearing_failure_fire.pdf,1,A high oil temperature alarm prior to the engine failure,edge:bb8b789091d4dd5f1d0c3c06,assertion:a2254451500cdbdf40efa552
状态,增压器转子与壳体气封碰摩,导致,状态,增压器振动增大,source_statement,船用废气涡轮增压器；拆装细节为VTR400示例，必须服从适用机型手册。,stated,01_datasets/marine_diesel_RAG_corpus_All_data/All_data/test/船机帮船舶柴油机废气涡轮增压器振动的主要原因有哪些.md,,如修理质量差或修后装配不良时，就会造成增压器运转时转子与壳体或气封相碰，产生摩擦导致振动。,edge:bbc5934b6e43f19f2a38d5d2,assertion:5b7f7feb36d2a5d9392899f3
故障,排气阀高温腐蚀,记载于,来源,船机帮船用共轨柴油机排气阀常见故障与排除,provenance_index,仅在本声明来源及构型范围内使用,stated,01_datasets/marine_diesel_RAG_corpus_All_data/All_data/test/船机帮船用共轨柴油机排气阀常见故障与排除.md,,钒、钠等高温燃烧产物腐蚀排气阀。,edge:bbc9fc877010c105fd765d13,assertion:6501d5c2fa00973076d3cbc0
状态,排气阀高温燃气泄漏,导致,故障,排气阀烧损,source_statement,共轨柴油机排气阀，厂家与具体型号未确定；仅作机理检索测试，不作直接操作授权。,possible,01_datasets/marine_diesel_RAG_corpus_All_data/All_data/test/船机帮船用共轨柴油机排气阀常见故障与排除.md,,排气阀烧损，一般是排气阀密封不良，造成高温燃气泄漏，烧穿金属材料。,edge:bbd9889654304a862a9a7c03,assertion:cce9e51cb7ea5dfd3b8b0b37
故障,主轴承瓦片转位,适用于,设备,故障主机,applicability_index,本报告案例，不外推为所有船舶已证实根因,stated,02_reports/MAIB_2018_14_Wight_Sky_engine_bearing_fire.pdf,14,Debris in the engine’s oil channels was most probably responsible for initiating the failure,edge:bbd9b3ce49487749d2078732,assertion:a801e7fb2aa35810435352ab
运维措施,按适用机型维护接地刷与绝缘轴承,适用于,系统,润滑与轴承系统,functional_classification,具有闭合轴电流路径的旋转电机；轴承绝缘和接地刷方案按厂家/机型确定，不能假定全部STAMFORD机型都需要绝缘轴承。,stated,02_reports/STAMFORD_AGN033_bearing_currents.pdf,3,rotor earthing brush and insulated bearings,edge:bbea78808eda29e531f3acc7,assertion:c473af5efde4f7c884380b23
部件,回油法兰,是概念的实例,部件,回油法兰,concept_alignment,仅在本声明来源及构型范围内使用,stated,02_reports/MAIB_2015_22_Pride_of_Canterbury_CPP_hydraulic_fire.pdf,30,Pride of Canterbury,edge:bc0214912a508daa2f70eb50,assertion:bb6b7cb252b1c08dfb8d8046
参数,机械效率,表征,设备,试验柴油机,native_variable_dictionary,仅在本声明来源及构型范围内使用,stated,01_datasets/Marine_Engine_Fault_Data_v1/Marine_Engine_Fault_Data/variable_dictionary.csv,,"Mechanical Efficiency,Effn,%,number,TRUE,TRUE,performance / derived,",edge:bc04f909e388cfc9b0ae77fb,assertion:2b20eb7dbfefd0b693458d82
状态,共轨燃油系统污染,导致,状态,主机启动失败,source_statement,航浚6008/MAN L32/44CR与CR2.2；轨压数值、扭矩与拆装必须核对本机手册。,possible,01_datasets/marine_diesel_RAG_corpus_All_data/All_data/test/船机帮高压共轨柴油机燃油喷射系统故障分析.md,,轻重油频繁切换，容易造成共轨系统被污染，导致柴油机启动故障及零件的异常磨损，使用中尽量避免轻重油频繁切换。,edge:bc1c704375a3c470189f2ac9,assertion:4b8f094c219228dbe2e42f58
运维措施,修复并定期测试控制台指示照明,适用于,设备,主机启动与盘车装置,applicability_index,本报告案例，不外推为所有船舶已证实根因,stated,02_reports/MAIB_2013_Safety_Digest_lubrication_bearing_cases.pdf,18,should therefore be tested regularly,edge:bc31c6dec82b03ec31190ec3,assertion:e3d67734a3b79a4ef151070a
故障,在线滑油滤器缺少滤芯,导致,状态,润滑油系统污染,source_case_statement,本报告案例，不外推为所有船舶已证实根因,reported,02_reports/MAIB_2013_Safety_Digest_lubrication_bearing_cases.pdf,21,duplex filter was found without a filter cartridge,edge:bc3fbb362c4f7fdacc2ce9d6,assertion:f575852821fb0a5b254b5152
检查方法,记录柴油机滑油液位变化,检查,状态,滑油含水污染,source_check,海水冷却的推进柴油机滑油系统；匿名二次报道。文中压力试验参数和标准引用未独立核实，不作为通用操作依据。,stated,01_datasets/marine_diesel_RAG_corpus_All_data/All_data/test/船机帮船舶动力系统滑油水污染故障实例分析.md,,每小时记录油温、水压、液位等关键参数，关注数据异常变化,edge:bc4d875b58220ee387e1a6ee,assertion:5bd384867c6c747418c78c75
故障,齿轮断裂,记载于,来源,船机帮船用齿轮箱故障分析与管理对策,provenance_index,仅在本声明来源及构型范围内使用,stated,01_datasets/marine_diesel_RAG_corpus_All_data/All_data/test/船机帮船用齿轮箱故障分析与管理对策.md,,齿轮断裂在斜齿轮和宽直齿齿轮上发生较多,edge:bc5e671ac92f24ab9a1eb6fb,assertion:5ffed66b547e2deac2cb9d08
故障,气阀弹簧断裂,记载于,来源,船机帮船用共轨柴油机排气阀常见故障与排除,provenance_index,仅在本声明来源及构型范围内使用,stated,01_datasets/marine_diesel_RAG_corpus_All_data/All_data/test/船机帮船用共轨柴油机排气阀常见故障与排除.md,,气阀弹簧断裂，大多是因为振动造成的，也可能是因为材质、热处理不符合要求或在保管中锈蚀所致。,edge:bc690bc1fba26df26228a1c0,assertion:d6747fcc9b18c144b373d3f9
影响因素,未核对阀位即拆进口法兰,记载于,来源,MAIB Safety Digest 2016 generator oil fire case,provenance_index,仅在本声明来源及构型范围内使用,stated,02_reports/MAIB_2016_Safety_Digest_generator_oil_fire.pdf,40,water started to flow from the inlet pipe,edge:bc84fd6e55fded38ed61167e,assertion:61745f825766116a0f7e5a0b
检查方法,联合核查调速器AVR与变流器控制变量,适用于,系统,传动与推进系统,functional_classification,2021论文三类船舶的实测电网信号，含轴带发电化学品船；不是所有振荡都超限。DP船风浪影响主要作用于基波与频率，不能一概说风浪显著放大所有谐波。,stated,03_papers/Frontiers_2021_marine_converter_oscillations.pdf,13,"governors, and AVRs settings",edge:bc8b4c1b59153ef4b5e6cd96,assertion:790c9ef27bce2e40c54f5ea6
运维措施,航行中保持驾驶台值守与报警响应,应对,影响因素,驾驶台无人导致舱底报警漏察,source_case_statement,本报告案例，不外推为所有船舶已证实根因,reported_action,02_reports/MAIB_2016_Safety_Digest_generator_oil_fire.pdf,60,Never leave the wheelhouse unmanned when underway,edge:bc90b94343e9bb041ca41ab5,assertion:1d50881f8a96689ec7b8ff2b
状态,推进电机扭矩骤降,是概念的实例,状态,推进电机扭矩骤降,concept_alignment,仅在本声明来源及构型范围内使用,stated,02_reports/MAIB_2026_06_Spirit_of_Discovery_propulsion_loss.pdf,42,This caused a sudden reduction in torque on the propulsion motor,edge:bca02458d7cd65d4325a4052,assertion:2cd64005cc1c2bdaad362ee7
状态,离合器活塞端向间隙不足,记载于,来源,船机帮船用齿轮箱故障分析与管理对策,provenance_index,仅在本声明来源及构型范围内使用,stated,01_datasets/marine_diesel_RAG_corpus_All_data/All_data/test/船机帮船用齿轮箱故障分析与管理对策.md,,经核实，是装配时错误安装调整垫片导致的。,edge:bcc864d84700e0a3c0a112d5,assertion:89197fc315fccc7ece058f25
设备,柴油发电机,记载于,来源,船机帮冬季卡特柴油发电机组的安全运行,provenance_index,仅在本声明来源及构型范围内使用,stated,01_datasets/marine_diesel_RAG_corpus_All_data/All_data/test/船机帮冬季卡特柴油发电机组的安全运行.md,,将附着在机组上的水迹、油迹和铁绣等杂物清除干净。,edge:bcd129c33811a05797b0b822,assertion:6b963bba084cb925b4a32d71
状态,高温冷却水温度过高,增加风险,故障,缸套黏着拉伤,source_statement,船用柴油机摩擦副；二次维修文章，机型及根因须核实；不能以某一症状直接确诊拉缸。,possible,01_datasets/marine_diesel_RAG_corpus_All_data/All_data/test/船机帮船用柴油机的拉缸故障.md,,柴油机参数异常没及时发现，高温水温度过高，冷却效果差，低温水温度过高，造成扫气温度高，排温偏高长期运行可造成拉缸，长时间超负荷运行，也可造成拉缸，长时间用劣质的燃油也可造成拉缸，应该定期检查做好早发现早预防，避免重大损失。,edge:bcdfda932044fec6a5447c99,assertion:a79b90056fc9a2db9ffb5a9f
运维措施,船员停止主机与发电机,记载于,来源,MAIB Safety Digest 2016 generator oil fire case,provenance_index,仅在本声明来源及构型范围内使用,stated,02_reports/MAIB_2016_Safety_Digest_generator_oil_fire.pdf,40,stop the generator and main engine,edge:bd16475793da36568547805b,assertion:d12e67cd9bcacf179c473eb6
故障,排气阀无法开启,适用于,设备,共轨柴油机,applicability_index,共轨柴油机排气阀，厂家与具体型号未确定；仅作机理检索测试，不作直接操作授权。,stated,01_datasets/marine_diesel_RAG_corpus_All_data/All_data/test/船机帮船用共轨柴油机排气阀常见故障与排除.md,,排气阀打不开，一般由于共轨滑油漏泄导致油压不够引起的。,edge:bd20dee52acd9958a95d351e,assertion:75b3c9be0af3ffabfaad834f
运维措施,按设计维护机罩自然对流防结露通风,记载于,来源,STAMFORD AGN040 winding insulation system,provenance_index,仅在本声明来源及构型范围内使用,stated,02_reports/STAMFORD_AGN040_winding_insulation.pdf,7,engineered natural convection of airflow through the canopy,edge:bd2e816b829dd8e5a2d00c67,assertion:471fbac4bc223f81a828a22d
事故案例,主机重装后轴承失效与火灾,涉及,状态,机舱火灾,case_index,仅在本声明来源及构型范围内使用,stated,02_reports/MAIB_2018_14_Wight_Sky_engine_bearing_fire.pdf,1,"catastrophic failure of one of its main propulsion engines, followed by a fire",edge:bd39d44eca46ff22251653b1,assertion:240a769c38b4674d84a27fdb
部件,海水隔离阀执行器,是概念的实例,部件,海水隔离阀执行器,concept_alignment,仅在本声明来源及构型范围内使用,stated,02_reports/MAIB_2016_Safety_Digest_generator_oil_fire.pdf,40,general cargo vessel,edge:bd3a575f955d0fb1f1d3e03f,assertion:b6cd0cb235567d9c60e40c2d
运维措施,定期演练推进失效与恢复,应对,状态,船长不熟悉CPP备用按钮,source_case_statement,本报告案例，不外推为所有船舶已证实根因,reported_action,02_reports/MAIB_2016_Safety_Digest_generator_oil_fire.pdf,29,Regular drills simulating propulsion system failure and recovery,edge:bd3c696259b7ccdc9ad19c63,assertion:ced86e958518f340733f76b5
系统,润滑与轴承系统,记载于,来源,MAIB Safety Digest 2013 lubrication and bearing cases,provenance_index,仅在本声明来源及构型范围内使用,stated,02_reports/MAIB_2013_Safety_Digest_lubrication_bearing_cases.pdf,14,ro-ro passenger ferry,edge:bd5134887be5afce66ef804b,assertion:816e30e20b7378bcbd3f13fb
检查方法,检查水腔盖板垫片,适用于,设备,滑油冷却器,applicability_index,海水冷却的推进柴油机滑油系统；匿名二次报道。文中压力试验参数和标准引用未独立核实，不作为通用操作依据。,stated,01_datasets/marine_diesel_RAG_corpus_All_data/All_data/test/船机帮船舶动力系统滑油水污染故障实例分析.md,,定期检测缸套水腔密封性，重点检查缸套阻水圈、水腔盖板垫片等薄弱点，发现渗漏立即更换密封件,edge:bd90370e06f9b54454ecdb20,assertion:cd4ddf35ecaa3cd9103be1dd
事故案例,液压背压阀卡滞与火灾,涉及,部件,背压阀PSV3,case_index,仅在本声明来源及构型范围内使用,stated,02_reports/MAIB_2015_22_Pride_of_Canterbury_CPP_hydraulic_fire.pdf,30,Pride of Canterbury,edge:bd923e59c2a4b464cd52f669,assertion:97d5a02341ad938f747afaf2
运维措施,确认故障后按手册更换喷油器,适用于,设备,高压共轨燃油喷射装置,applicability_index,航浚6008/MAN L32/44CR与CR2.2；轨压数值、扭矩与拆装必须核对本机手册。,stated,01_datasets/marine_diesel_RAG_corpus_All_data/All_data/test/船机帮高压共轨柴油机燃油喷射系统故障分析.md,,一般通过检查高压油泵或油头来确认，并换新故障的高压油泵或油头,edge:bd9fc05c78b29268401512ca,assertion:ff59f063abc2811b84c4712b
运维措施,按机型维护要求保持进气滤器清洁,适用于,设备,废气涡轮增压器,applicability_index,船用废气涡轮增压器；拆装细节为VTR400示例，必须服从适用机型手册。,stated,01_datasets/marine_diesel_RAG_corpus_All_data/All_data/test/船机帮船舶柴油机废气涡轮增压器振动的主要原因有哪些.md,,管理中注意压气机进气滤器、叶轮、扩压器、空气冷却器、进气口和排气口、涡轮喷嘴环、叶片等流通部分的清洁，就会防止和消除喘振，也就会使振动消失。,edge:bda5a530b55cde92a43dab99,assertion:9e34c00739525eb42e4349f3
检查方法,监测润滑油和冷却液状态,检查,状态,油路磨粒与污染,source_case_statement,本报告案例，不外推为所有船舶已证实根因,derived_action,02_reports/MAIB_2022_04_Wight_Sky_multiple_engine_failures.pdf,84,condition of the engine lubricating oil and coolant was not closely monitored,edge:bdce2d58f3bda2f9837354cd,assertion:eaff08bab557da776f07d52b
运维措施,按本船批准设定恢复冷却报警阈值,作用于,设备,冷却报警装置,source_recommendation,综合维护二次文章，原厂和标准出处未独立证实；不采纳文中统一周期、报警值、压力值、浮动轴承加脂和未经验证改造方案。以下仅用于检索维护主题，由适用机型规程决定具体操作。,stated,01_datasets/marine_diesel_RAG_corpus_All_data/All_data/test/船机帮船舶动力设备日常维护要点与常见故障排除.md,,更换故障传感器并恢复报警阈值,edge:bdd24ee0cfa707e1560afa07,assertion:513475d12cba99d9df0c4d42
影响因素,缸套装配前清洁不彻底,增加风险,故障,缸套硬质颗粒划伤,source_statement,船用柴油机摩擦副；二次维修文章，机型及根因须核实；不能以某一症状直接确诊拉缸。,possible,01_datasets/marine_diesel_RAG_corpus_All_data/All_data/test/船机帮船用柴油机的拉缸故障.md,,清洁度不好也可造成拉缸，当缸套内壁，气缸滑油孔，油槽粘有硬质颗粒，铁屑在安装前未清理干净，未清洁彻底，柴油机盘车后会造成缸套的硬质划伤，且较深。,edge:bde719ded5298dcb06bdfbad,assertion:b484ef8bda7fe86a054b2f1c
检查方法,调速器拆装后进行试验台复试,记载于,来源,船机帮船用柴油机调速器的维护与保养十飞车故障,provenance_index,仅在本声明来源及构型范围内使用,stated,01_datasets/marine_diesel_RAG_corpus_All_data/All_data/test/船机帮船用柴油机调速器的维护与保养十飞车故障.md,,拆卸、重装了调速器，最好再上一次试验台进行复试，保证调速器的性能及可靠性，防止柴油机出现飞车现象。,edge:bdf85ffb37703324b92b363b,assertion:4833a1e7f607c5d169953be7
运维措施,对确认状态良好的备用机组按计划进行防潮运行,作用于,设备,柴油发电机,source_manufacturer_recommendation,STAMFORD/AvK对应交流发电机型号；AGN040应与本机Owner Manual联合使用；干燥与绝缘处置仅由合格人员实施。,guidance,02_reports/STAMFORD_AGN040_winding_insulation.pdf,7,Regular Use as part of Planned Maintenance,edge:bdfaa107a5bb2cd71fae6ed0,assertion:1736f81fb0ff85c2b23b230a
故障,增压器早期磨损,适用于,设备,柴油机,applicability_index,柴油机水冷机理二次资料；文中80–90℃等数值不能当作所有机型阈值。,stated,01_datasets/marine_diesel_RAG_corpus_All_data/All_data/test/船机帮柴油机冷却水过高或过低的危害.md,,机油温度变高，黏度下降，压力变低，就不能充分满足增压器所需要的润滑和冷却条件，容易造成增压机内部结胶、积炭，使增压机早期磨损甚至损坏。,edge:be01bff8546e165641eae982,assertion:984141843485f11d21cf2c53
部件,活塞,记载于,来源,船机帮柴油机轴瓦抱轴故障分析,provenance_index,仅在本声明来源及构型范围内使用,stated,01_datasets/marine_diesel_RAG_corpus_All_data/All_data/test/船机帮柴油机轴瓦抱轴故障分析.md,,对故障柴油机进行拆检，拆下柴油机外围管路、气缸盖，拆除活塞、连杆组件和曲轴。,edge:be4ffa12843e8a9d51fc9442,assertion:cf72ee9596a484e69d3dc52e
运维措施,按手册更换磨损喷油控制电磁阀,记载于,来源,船机帮高压共轨柴油机燃油喷射系统故障分析,provenance_index,仅在本声明来源及构型范围内使用,stated,01_datasets/marine_diesel_RAG_corpus_All_data/All_data/test/船机帮高压共轨柴油机燃油喷射系统故障分析.md,,如果该缸喷油时长明显小于其他各缸，则基本可以断定该缸喷油控制电磁阀故障，一般是磨损造成通流面积变大所致，需换新喷油控制电磁阀；也有可能是阀芯卡在较大开度位置所致，需解体清洁活络阀芯。,edge:be525734c30f486ea45e35b6,assertion:3b108caf6b1d4f948c66a365
故障,增压器减振弹簧片断裂,导致,状态,增压器转子安装位置变化,source_statement,船用废气涡轮增压器；拆装细节为VTR400示例，必须服从适用机型手册。,stated,01_datasets/marine_diesel_RAG_corpus_All_data/All_data/test/船机帮船舶柴油机废气涡轮增压器振动的主要原因有哪些.md,,轴承中的减振弹簧片的磨损、变形或断裂等使转子安装位置发生变化，转子对中不良产生强烈振动。,edge:be5454c6096e304ba46d8329,assertion:6c3bad91b318fe658f87c643
运维措施,改装ME3四螺钉燃油法兰,应对,影响因素,未完成厂商四螺钉法兰改造,source_case_statement,本报告案例，不外推为所有船舶已证实根因,reported_action,02_reports/MAIB_2024_20_Stena_Europe_fuel_spray_fire.pdf,31,incorporate four-screw flanges,edge:be9960e08a0e3fd40ece8f04,assertion:338d52d6bf909f01af66cc06
事故案例,发电机滑油泵堵头松脱火灾,涉及,检查方法,热成像检查排气未保温热点,case_index,仅在本声明来源及构型范围内使用,stated,02_reports/MAIB_2016_Safety_Digest_generator_oil_fire.pdf,28,thermal image will immediately identify unlagged sections,edge:bea93cf63c5a87f9069b4e34,assertion:e5efba0b00cafa58587343dd
检查方法,按电气隔离规程检测发电机绝缘,适用于,设备,柴油发电机,applicability_index,S6U-PTK与文中船舶发电机经验；部分表述不严谨，不采纳未经原厂确认的轴承结构改造建议。,stated,01_datasets/marine_diesel_RAG_corpus_All_data/All_data/test/船机帮船舶发电机常见故障及对策.md,,确保清洁，定期检测绝缘值,edge:beae34347126359ddf84bfca,assertion:9b43feb18008dd1e302a3545
检查方法,在安全停机状态内窥检查燃烧室,适用于,设备,柴油机,applicability_index,某型巡逻船试航故障二次报道；排查中已排除的原因不作为本案正向根因，油品及公差不能跨机型使用。,stated,01_datasets/marine_diesel_RAG_corpus_All_data/All_data/test/船机帮柴油机轴瓦抱轴故障分析.md,,使用内窥镜检查燃烧室情况,edge:beb0238adc385d46440100b6,assertion:76355400d558546375e03681
运维措施,依据本船规格选择合格燃油滑油,适用于,设备,共轨柴油机,applicability_index,共轨柴油机排气阀，厂家与具体型号未确定；仅作机理检索测试，不作直接操作授权。,stated,01_datasets/marine_diesel_RAG_corpus_All_data/All_data/test/船机帮船用共轨柴油机排气阀常见故障与排除.md,,首先要选择适合本船的燃油滑油，确保油的质量,edge:beb4d67113b8564c8101e728,assertion:e01e2f2a518b3d760f1ecb2b
事故案例,谐波滤波电容失效与全船失电,涉及,运维措施,将谐波滤波器纳入关键设备与保护测试,case_index,仅在本声明来源及构型范围内使用,stated,02_reports/MAIB_2011_28_Queen_Mary_2_harmonic_filter_failure.pdf,70,procedures exist for regular testing of their protection systems,edge:bebd02f03c5695878abc4660,assertion:3543c9807515d4163636c2ee
故障,盘车机构未脱开启动,是概念的实例,故障,盘车机构未脱开启动,concept_alignment,仅在本声明来源及构型范围内使用,stated,02_reports/MAIB_2013_Safety_Digest_lubrication_bearing_cases.pdf,16,not marked in any way to show whether it was engaged or disengaged,edge:bec9f6bc02d2d1e3c92489a2,assertion:cca296aaa27ae5f8f2f594da
运维措施,按原厂认可方法清洗喷油器积碳,作用于,部件,喷油器,source_recommendation,综合维护二次文章，原厂和标准出处未独立证实；不采纳文中统一周期、报警值、压力值、浮动轴承加脂和未经验证改造方案。以下仅用于检索维护主题，由适用机型规程决定具体操作。,stated,01_datasets/marine_diesel_RAG_corpus_All_data/All_data/test/船机帮船舶动力设备日常维护要点与常见故障排除.md,,积碳严重时采用超声波进行清洗,edge:bee78dcee2dd0ce02e30f83b,assertion:72abfee180b1e41ceffb649d
状态,进水停机序列启动,是概念的实例,状态,进水停机序列启动,concept_alignment,仅在本声明来源及构型范围内使用,stated,02_reports/MAIB_2026_06_Spirit_of_Discovery_propulsion_loss.pdf,43,low position of the bilge sensor meant that it could be activated by a relatively small amount of liquid,edge:beec8a6df91b935e3ed48795,assertion:991cba17fc10bc6ee08b891d
事故案例,油抹布落至排气歧管起火,记载于,来源,MAIB Safety Digest 2013 lubrication and bearing cases,provenance_index,仅在本声明来源及构型范围内使用,stated,02_reports/MAIB_2013_Safety_Digest_lubrication_bearing_cases.pdf,40,small passenger catamaran,edge:bf38671af1f0218fe3093829,assertion:196b4724c654b420ca2c6452
状态,船艏进水,记载于,来源,MAIB Safety Digest 2016 generator oil fire case,provenance_index,仅在本声明来源及构型范围内使用,stated,02_reports/MAIB_2016_Safety_Digest_generator_oil_fire.pdf,19,water ingress into the vessel’s forward spaces,edge:bf3b14de8a5e8ed5812b5fa6,assertion:0f654c8210a7c5187241118a
影响因素,喷油泵齿条行程匹配错误,记载于,来源,船机帮船用柴油机调速器的维护与保养十飞车故障,provenance_index,仅在本声明来源及构型范围内使用,stated,01_datasets/marine_diesel_RAG_corpus_All_data/All_data/test/船机帮船用柴油机调速器的维护与保养十飞车故障.md,,喷油泵齿条的零油量位置、全油量位置与调速器内动力活塞的行程是否相对应。调速器加减油方向与喷油泵是否一致。,edge:bf772d9a515fc60e87672b53,assertion:7af1bccf6b8164ed5f2426f9
故障,空气启动马达叶轮断裂,适用于,设备,柴油发电机,applicability_index,S6U-PTK与文中船舶发电机经验；部分表述不严谨，不采纳未经原厂确认的轴承结构改造建议。,stated,01_datasets/marine_diesel_RAG_corpus_All_data/All_data/test/船机帮船舶发电机常见故障及对策.md,,在叶轮的高速运转中被异物击坏，致使叶轮断裂并带动其他叶轮的损坏。,edge:bfa7bbadcc5f2e43d83a33b9,assertion:eb776bcaeffc2c70d54f542d
状态,气阀间隙过小,记载于,来源,船机帮船用共轨柴油机排气阀常见故障与排除,provenance_index,仅在本声明来源及构型范围内使用,stated,01_datasets/marine_diesel_RAG_corpus_All_data/All_data/test/船机帮船用共轨柴油机排气阀常见故障与排除.md,,气阀间隙过小或气阀导管中沉积物增多会导致阀杆卡住。,edge:bfa892bee712f39358825717,assertion:1dbec8f85d502e2ba14d01ff
船舶,Spirit of Discovery,记载于,来源,Spirit of Discovery loss of propulsion in heavy weather,provenance_index,仅在本声明来源及构型范围内使用,stated,02_reports/MAIB_2026_06_Spirit_of_Discovery_propulsion_loss.pdf,42,propellers to come out of the water,edge:bfc62d84f8bcfd51ce3243d0,assertion:f936006a81e4f0e1028248b3
部件,二号压缩机排气阀,记载于,来源,MAIB Safety Digest 2013 lubrication and bearing cases,provenance_index,仅在本声明来源及构型范围内使用,stated,02_reports/MAIB_2013_Safety_Digest_lubrication_bearing_cases.pdf,14,ro-ro passenger ferry,edge:c0120d757e8e44e8758319fa,assertion:9d48054f6cab9f9fe0872aa5
故障,连杆大端轴瓦失效,导致,故障,曲轴箱被连杆击穿,source_case_statement,本报告案例，不外推为所有船舶已证实根因,reported,02_reports/MAIB_2018_01_Windcat8_bearing_failure_fire.pdf,1,connecting rod assembly releasing and penetrating through the engine crankcase,edge:c040d971d6901fb6824d1341,assertion:a835c4681fbf6b35405f83f1
状态,燃油雾化不良,导致,状态,气缸燃烧不完全,source_statement,S6U-PTK与文中船舶发电机经验；部分表述不严谨，不采纳未经原厂确认的轴承结构改造建议。,stated,01_datasets/marine_diesel_RAG_corpus_All_data/All_data/test/船机帮船舶发电机常见故障及对策.md,,喷油机压力过低造成燃油和雾化均匀度不良，无法与空气完全融合而使得燃烧积碳冒烟；,edge:c0695a12af13ad66d7d65577,assertion:d73aa43386bac558226af975
状态,缸套油膜难以维持,记载于,来源,MAN SL2023-737 cylinder lubrication update,provenance_index,仅在本声明来源及构型范围内使用,stated,02_reports/MAN_SL2023_737_cylinder_lubrication.pdf,1,maintaining an adequate oil film,edge:c070633c9acdc246e235b4e1,assertion:4e637e1d916facba708f7260
设备,主机遥控控制装置,记载于,来源,船机帮某型船主机遥控系统典型故障分析,provenance_index,仅在本声明来源及构型范围内使用,stated,01_datasets/marine_diesel_RAG_corpus_All_data/All_data/test/船机帮某型船主机遥控系统典型故障分析.md,,电源绝缘不良、输出不稳、直流电源纹波大、带载能力下降都会导致系统工作不稳甚至崩溃。,edge:c082bcb4d03df9c76f932e0a,assertion:f7bcdedede2e501b837f9397
部件,ME3燃油双螺钉法兰,记载于,来源,Stena Europe pressurised fuel spray and engine-room fire,provenance_index,仅在本声明来源及构型范围内使用,stated,02_reports/MAIB_2024_20_Stena_Europe_fuel_spray_fire.pdf,7,fuel leaking under pressure,edge:c096507b862f20192698698d,assertion:2d533535ca85f42164be373b
检查方法,核查高压油泵零位油量,适用于,设备,柴油机调速器,applicability_index,调速器维修经验；不同调速器针阀与补偿调节不可照抄，飞车必须执行本船应急规程。,stated,01_datasets/marine_diesel_RAG_corpus_All_data/All_data/test/船机帮船用柴油机调速器的维护与保养十飞车故障.md,,高压油泵“0”位油量过大。,edge:c0acb02607ed890a227e7c8b,assertion:4b819322c8c1d6cc3d2d07f4
故障,高压油泵节流阀小开度卡滞,导致,状态,高压油泵进油量不足,source_statement,航浚6008/MAN L32/44CR与CR2.2；轨压数值、扭矩与拆装必须核对本机手册。,stated,01_datasets/marine_diesel_RAG_corpus_All_data/All_data/test/船机帮高压共轨柴油机燃油喷射系统故障分析.md,,实际各高压油泵节流阀卡在较小或全关的位置，造成进入高压油泵的油量不足，共轨压力上不来，主机无法启动。,edge:c0ba16f5cba688706a30cd38,assertion:36b7fd77edf560dce766f86e
影响因素,柴油机异常参数未及时发现,记载于,来源,船机帮船用柴油机的拉缸故障,provenance_index,仅在本声明来源及构型范围内使用,stated,01_datasets/marine_diesel_RAG_corpus_All_data/All_data/test/船机帮船用柴油机的拉缸故障.md,,柴油机参数异常没及时发现，高温水温度过高，冷却效果差，低温水温度过高，造成扫气温度高，排温偏高长期运行可造成拉缸，长时间超负荷运行，也可造成拉缸，长时间用劣质的燃油也可造成拉缸，应该定期检查做好早发现早预防，避免重大损失。,edge:c0c034ccc8279775ceafa876,assertion:68c2c4c0cefbe71c0e605105
故障,齿轮变形,适用于,设备,减速齿轮箱,applicability_index,GW系列船用齿轮箱；通用机理与A/B船匿名案例须区分，尺寸不能跨机型套用。,stated,01_datasets/marine_diesel_RAG_corpus_All_data/All_data/test/船机帮船用齿轮箱故障分析与管理对策.md,,如热处理的残余应力控制不当，会引起钢件在一定时间后或在随后的切削加工中产生变形或裂纹,edge:c0cd1cc6d90766963a789272,assertion:f59decae812d38bf8aae00f0
运维措施,确认油样不合格后按原厂要求更换滑油,应对,状态,滑油劣化,source_recommendation,综合维护二次文章，原厂和标准出处未独立证实；不采纳文中统一周期、报警值、压力值、浮动轴承加脂和未经验证改造方案。以下仅用于检索维护主题，由适用机型规程决定具体操作。,stated,01_datasets/marine_diesel_RAG_corpus_All_data/All_data/test/船机帮船舶动力设备日常维护要点与常见故障排除.md,,超标时需整批换油并追溯污染源,edge:c0de1e0d279acfa552d35a64,assertion:38689134fc0452179784a2f6
事故案例,燃油法兰松动与主机火灾,涉及,状态,燃油喷向裸露高温排气歧管,case_index,仅在本声明来源及构型范围内使用,stated,02_reports/MAIB_2024_20_Stena_Europe_fuel_spray_fire.pdf,29,fuel sprayed onto the exposed exhaust manifold,edge:c0e3d43581b96387dc2acaec,assertion:94e3dd944e3854cd54a4fad5
故障,谐波滤波电容退化,是概念的实例,故障,谐波滤波电容退化,concept_alignment,仅在本声明来源及构型范围内使用,stated,02_reports/MAIB_2011_28_Queen_Mary_2_harmonic_filter_failure.pdf,62,likely to have been caused by one or both,edge:c0f9984f0a4d80025d58ee08,assertion:aa189028e09c9f541896b4ee
运维措施,按维护规程清洁冷却液加注口盖,作用于,部件,冷却液加注口盖,source_recommendation,Caterpillar3512冬季维护经验，原始应用场景不一定为船舶；仅提取可迁移维护主题，必须核对船用构型，排除未获批准的自主回油改造及统一数值。,stated,01_datasets/marine_diesel_RAG_corpus_All_data/All_data/test/船机帮冬季卡特柴油发电机组的安全运行.md,,清洁冷却系统加注口盖。,edge:c1042d2b3ce283dd1e8e8ade,assertion:b6092cac37dfcfbe11530b49
参数,发动机滑油温度出口,表征,设备,试验柴油机,native_variable_dictionary,仅在本声明来源及构型范围内使用,stated,01_datasets/Marine_Engine_Fault_Data_v1/Marine_Engine_Fault_Data/variable_dictionary.csv,,"LO Temp. Engine Out,T11,°C,number,TRUE,TRUE,temperature,",edge:c11066e1b62f1f9f9209ce60,assertion:6ec536672654b938b4d2a896
设备,柴油发电机润滑与排气装置,服务于系统,系统,润滑与轴承系统,functional_classification,仅在本声明来源及构型范围内使用,stated,02_reports/MAIB_2016_Safety_Digest_generator_oil_fire.pdf,26,fully loaded ro-ro passenger ferry,edge:c11a9b7d187e0572999352c9,assertion:77b40bb09b5908a27b9ec64c
参数,燃油温度,记载于,来源,variable_dictionary,provenance_index,仅在本声明来源及构型范围内使用,stated,01_datasets/Marine_Engine_Fault_Data_v1/Marine_Engine_Fault_Data/variable_dictionary.csv,,"Fuel Temp.,T18,°C,number,TRUE,TRUE,temperature,",edge:c1349699cb758774a394d6d2,assertion:20af188d783ea06dec3f86e8
检查方法,按说明书进行喷油器雾化试验,检查,部件,喷油器,source_check,共轨柴油机排气阀，厂家与具体型号未确定；仅作机理检索测试，不作直接操作授权。,stated,01_datasets/marine_diesel_RAG_corpus_All_data/All_data/test/船机帮船用共轨柴油机排气阀常见故障与排除.md,,喷油器使用前轮机员要严格按照说明书进行试压、雾化试验、密封性等检查,edge:c145fdc80a096858e26432f5,assertion:6f9f9b44493c0a29fbf7698c
检查方法,检查调速器反馈机构,适用于,设备,柴油发电机,applicability_index,S6U-PTK与文中船舶发电机经验；部分表述不严谨，不采纳未经原厂确认的轴承结构改造建议。,stated,01_datasets/marine_diesel_RAG_corpus_All_data/All_data/test/船机帮船舶发电机常见故障及对策.md,,检查调速器，包括各汽缸的清洁和油位，阀杆是否卡阻，调速器内部转动及反馈系统。,edge:c1628e63186b4a04a26cdab2,assertion:5c920076405682a5a232963c
事故案例,主机连杆小端疲劳断裂,涉及,运维措施,按制造商工艺更换活塞销轴套,case_index,仅在本声明来源及构型范围内使用,stated,02_reports/MAIB_2021_02_Finlandia_Seaways_connecting_rod_failure.pdf,56,recommended procedures for overhauling the connecting rod small ends had not been followed,edge:c167f09edb5c0c181b5ed897,assertion:689baa0846746e4eaa7a6058
运维措施,按机型维护计划补脂并复核联轴器重量,应对,状态,轴承润滑脂不足或对中不良,source_guidance_statement,有滚动轴承的发电机或轴带发电机构型；滚动轴承与主机滑动轴瓦的失效机理不得混用。,guidance,02_reports/STAMFORD_AGN039_marine_shaft_generators.pdf,2,bearing regreasing instructions,edge:c16fc100ea35661c2c7a887b,assertion:fee564cf266809f3173b0366
检查方法,首启后巡视机舱泄漏与火灾隐患,检查,影响因素,油污抹布遗留在歧管上方,source_case_statement,本报告案例，不外推为所有船舶已证实根因,reported_action,02_reports/MAIB_2013_Safety_Digest_lubrication_bearing_cases.pdf,42,visiting the engine room(s) soon after starting equipment,edge:c1738327eae1b21c8a30c339,assertion:f6d9f169660826ca30b3ca31
影响因素,减振弹簧片安装不正确,增加风险,状态,增压器转子对中不良,source_statement,船用废气涡轮增压器；拆装细节为VTR400示例，必须服从适用机型手册。,possible,01_datasets/marine_diesel_RAG_corpus_All_data/All_data/test/船机帮船舶柴油机废气涡轮增压器振动的主要原因有哪些.md,,如果减振弹簧片安装不正确或产生变形、断裂或轴承在减振装置内安装不正确等，都直接影响轴承的位置，因而与转子轴线对中不良，各配合间隙不符合标准，增压器运转时产生振动。,edge:c1a2c0cc1b3e56261b9a7872,assertion:341877bad26d5bc31648385b
影响因素,装入非原厂轴承,记载于,来源,Kommandor Susan catastrophic engine failure and fire,provenance_index,仅在本声明来源及构型范围内使用,stated,02_reports/MAIB_2026_10_Kommandor_Susan_generator_bearing_failure.pdf,8,no verification of authenticity for the parts used,edge:c1ad7fd83ed649008d480d12,assertion:ad3018812840525b2b463936
部件,双联滑油滤器,记载于,来源,MAIB Safety Digest 2013 lubrication and bearing cases,provenance_index,仅在本声明来源及构型范围内使用,stated,02_reports/MAIB_2013_Safety_Digest_lubrication_bearing_cases.pdf,21,fully loaded cargo ship,edge:c1c86cdb99a741e248e0a3bc,assertion:d40bf66a74285be82e288ce0
设备,船舶动力装置,记载于,来源,船机帮船舶动力设备日常维护要点与常见故障排除,provenance_index,仅在本声明来源及构型范围内使用,stated,01_datasets/marine_diesel_RAG_corpus_All_data/All_data/test/船机帮船舶动力设备日常维护要点与常见故障排除.md,,使用专用清洗剂除垢,edge:c1fdbcea02cc7c72ee7d93ab,assertion:b8758bb55e9883e345f271b9
检查方法,按本机公差测量曲轴轴向间隙,检查,部件,曲轴,source_check,某型巡逻船试航故障二次报道；排查中已排除的原因不作为本案正向根因，油品及公差不能跨机型使用。,stated,01_datasets/marine_diesel_RAG_corpus_All_data/All_data/test/船机帮柴油机轴瓦抱轴故障分析.md,,检查曲轴轴向间隙，轴向间隙0.04mm，远小于要求值；,edge:c1fe84e0af6fb797d374d83f,assertion:022452cd236309cd41bd9180
检查方法,按实验室方法测定滑油水分,适用于,设备,滑油冷却器,applicability_index,海水冷却的推进柴油机滑油系统；匿名二次报道。文中压力试验参数和标准引用未独立核实，不作为通用操作依据。,stated,01_datasets/marine_diesel_RAG_corpus_All_data/All_data/test/船机帮船舶动力系统滑油水污染故障实例分析.md,,油样水分检测采取卡尔费休库伦滴定法,edge:c20ab9958c5a21a6b70f8d70,assertion:2a69772385b7bf08f25442e9
运维措施,按本机规范调整气阀间隙,记载于,来源,船机帮船舶动力设备日常维护要点与常见故障排除,provenance_index,仅在本声明来源及构型范围内使用,stated,01_datasets/marine_diesel_RAG_corpus_All_data/All_data/test/船机帮船舶动力设备日常维护要点与常见故障排除.md,,按规范调整气门间隙，同时清洗增压器喷嘴环,edge:c219e9591d4e9f8f9bc375d2,assertion:7443b1b972484f5509b56d53
检查方法,核实在线滤腔滤芯实际安装,检查,故障,在线滑油滤器缺少滤芯,source_case_statement,本报告案例，不外推为所有船舶已证实根因,derived_action,02_reports/MAIB_2013_Safety_Digest_lubrication_bearing_cases.pdf,21,without a filter cartridge,edge:c2433b21718567e40b130e5a,assertion:59982b882c7f785dd8cb0a08
故障,曲轴箱被连杆击穿,发生于,设备,左舷主机,case_equipment_index,仅在本声明来源及构型范围内使用,stated,02_reports/MAIB_2018_01_Windcat8_bearing_failure_fire.pdf,1,connecting rod assembly releasing and penetrating through the engine crankcase,edge:c24b4bb305657e564e67fd4b,assertion:01164818cef052dcd469a3a3
运维措施,仅按励磁规程调整发电机电压,作用于,设备,柴油发电机,source_recommendation,Caterpillar3512冬季维护经验，原始应用场景不一定为船舶；仅提取可迁移维护主题，必须核对船用构型，排除未获批准的自主回油改造及统一数值。,stated,01_datasets/marine_diesel_RAG_corpus_All_data/All_data/test/船机帮冬季卡特柴油发电机组的安全运行.md,,应及时调整频率和电压，使其保持额定值,edge:c2518f589dc5502f59851e28,assertion:044354708ea794cc4f069d81
检查方法,检查供油联接机构卡阻,适用于,设备,柴油机调速器,applicability_index,调速器维修经验；不同调速器针阀与补偿调节不可照抄，飞车必须执行本船应急规程。,stated,01_datasets/marine_diesel_RAG_corpus_All_data/All_data/test/船机帮船用柴油机调速器的维护与保养十飞车故障.md,,供油联接机构、高压油泵是否有阻卡。,edge:c26b21aad48cd9942b7d3570,assertion:a33d39252de615c46914415c
检查方法,检测冷却液缓蚀剂浓度,适用于,设备,滑油冷却器,applicability_index,海水冷却的推进柴油机滑油系统；匿名二次报道。文中压力试验参数和标准引用未独立核实，不作为通用操作依据。,stated,01_datasets/marine_diesel_RAG_corpus_All_data/All_data/test/船机帮船舶动力系统滑油水污染故障实例分析.md,,定期开展缓蚀剂浓度、pH 值浓度、氯离子浓度等影响冷却液腐蚀率的关键指标检测,edge:c275a73138af7d439c152b7f,assertion:3a341e3da5d2f044d279f23a
状态,船舶撞击跳板与泊位,导致,状态,船艏进水,source_case_statement,本报告案例，不外推为所有船舶已证实根因,reported,02_reports/MAIB_2016_Safety_Digest_generator_oil_fire.pdf,19,water ingress into the vessel’s forward spaces,edge:c29a1fc2c44a0a5b5943f62d,assertion:d328b36b3fffd717bd603bff
运维措施,确认超限后按原厂要求更换海水泵叶轮,适用于,设备,船舶动力装置,applicability_index,综合维护二次文章，原厂和标准出处未独立证实；不采纳文中统一周期、报警值、压力值、浮动轴承加脂和未经验证改造方案。以下仅用于检索维护主题，由适用机型规程决定具体操作。,stated,01_datasets/marine_diesel_RAG_corpus_All_data/All_data/test/船机帮船舶动力设备日常维护要点与常见故障排除.md,,蚀坑需进行堆焊修复或整体更换,edge:c30d4bb2d483771d90b001cd,assertion:12ce023c2b0d177a97000d16
状态,气缸盖垫片热变形,记载于,来源,船机帮船舶动力系统滑油水污染故障实例分析,provenance_index,仅在本声明来源及构型范围内使用,stated,01_datasets/marine_diesel_RAG_corpus_All_data/All_data/test/船机帮船舶动力系统滑油水污染故障实例分析.md,,燃烧室高温导致金属密封垫片热变形，冷却水腔与润滑油道连通。,edge:c30da5606c46caa26f9ad31d,assertion:629ac5db12d4a3d7cf78a36d
状态,隔振器刚度不一致,导致,状态,柴油机对中状态异常,source_statement,某型巡逻船试航故障二次报道；排查中已排除的原因不作为本案正向根因，油品及公差不能跨机型使用。,possible,01_datasets/marine_diesel_RAG_corpus_All_data/All_data/test/船机帮柴油机轴瓦抱轴故障分析.md,,"主机安装基座平面度可能导致柴油机各隔振器压缩量存在差异,使各隔振器高度不一致,造成隔振器刚度不一致,影响柴油机运行过程中的对中状态。",edge:c3141c5a7d0b1b1c14c59ab8,assertion:66bab43cb6ea04269407d7c8
运维措施,按厂家要求保持发电机绕组清洁,记载于,来源,STAMFORD AGN040 winding insulation system,provenance_index,仅在本声明来源及构型范围内使用,stated,02_reports/STAMFORD_AGN040_winding_insulation.pdf,7,keep the wound component clean and dry,edge:c31e8ebffd7e0696289a6912,assertion:50af58efa5f54810b0c50c46
检查方法,用示波器观察转速信号波形,适用于,设备,主机遥控控制装置,applicability_index,12V20/27、双机双轴双桨定距推进的文中闭环调速构型；信号接口及间隙不可跨机型套用。,stated,01_datasets/marine_diesel_RAG_corpus_All_data/All_data/test/船机帮某型船主机遥控系统典型故障分析.md,,用万用表测量转速传感器转速信号频率，与车令对应转速设定值一致，通过示波表监测转速信号波形，发现部分波形有幅值偏低的现象。,edge:c32cde00fe41ba0d339c3bf2,assertion:0e5e9b0741446b32200a7fe7
运维措施,开展机舱进水应急演练,适用于,设备,海水压载与机舱排水装置,applicability_index,本报告案例，不外推为所有船舶已证实根因,stated,02_reports/MAIB_2016_Safety_Digest_generator_oil_fire.pdf,41,never carried out an engine room flooding drill,edge:c348596526d2441efc12720a,assertion:584d980e42e6c96a78953969
状态,失去操纵能力,记载于,来源,Spirit of Discovery loss of propulsion in heavy weather,provenance_index,仅在本声明来源及构型范围内使用,stated,02_reports/MAIB_2026_06_Spirit_of_Discovery_propulsion_loss.pdf,51,both pods being parked at 90° to the vessel’s heading,edge:c351bf25546455f7e166e427,assertion:3bcb303f0b2ce27b963a1df4
运维措施,隔离滑油泄漏来源,应对,故障,压力滑油喷漏,source_case_statement,本报告案例，不外推为所有船舶已证实根因,reported_action,02_reports/MAIB_2016_Safety_Digest_generator_oil_fire.pdf,26,identify and isolate the source of the leak,edge:c366c137bdc56ea1a8d416d8,assertion:3190bb543e67a7356e41739e
系统,传动与推进系统,记载于,来源,RMS Queen Mary 2 harmonic-filter capacitor failure and blackout,provenance_index,仅在本声明来源及构型范围内使用,stated,02_reports/MAIB_2011_28_Queen_Mary_2_harmonic_filter_failure.pdf,13,explosion was triggered by deterioration in the capacitors,edge:c3709a1f141234dd521ee01c,assertion:5e7901a41b9faef8d3a8d1b1
影响因素,关键断路器置于手动位,记载于,来源,Wight Sky catastrophic main engine bearing failure,provenance_index,仅在本声明来源及构型范围内使用,stated,02_reports/MAIB_2018_14_Wight_Sky_engine_bearing_fire.pdf,14,essential services switchboard aft circuit breaker had been left in manual mode,edge:c3852616d644c4648468b6b6,assertion:1bd14989b53789f5383122d5
状态,吊舱转至90度停放,是概念的实例,状态,吊舱转至90度停放,concept_alignment,仅在本声明来源及构型范围内使用,stated,02_reports/MAIB_2026_06_Spirit_of_Discovery_propulsion_loss.pdf,42,pods automatically parked at 90°,edge:c38bd66504c13a02786b6990,assertion:e1d38702157e185e4c13879b
运维措施,按本机规程干燥绝缘受潮的发电机绕组,作用于,部件,发电机绕组,source_recommendation,Caterpillar3512冬季维护经验，原始应用场景不一定为船舶；仅提取可迁移维护主题，必须核对船用构型，排除未获批准的自主回油改造及统一数值。,stated,01_datasets/marine_diesel_RAG_corpus_All_data/All_data/test/船机帮冬季卡特柴油发电机组的安全运行.md,,若绝缘电阻低于上述数值，必须进行干燥处理。,edge:c39c69aa776b6832a78e33a7,assertion:d2e3729d6af678d12f489e9d
故障,电机与发电机轴承电蚀,记载于,来源,STAMFORD AGN033 shaft bearing currents,provenance_index,仅在本声明来源及构型范围内使用,stated,02_reports/STAMFORD_AGN033_bearing_currents.pdf,1,voltage (electrical pressure) generated,edge:c3aa17d1425f8e3a8a614746,assertion:2e65bedb02c577b81c314d5a
影响因素,海水管多年未检查更新,相关联,故障,主机海水冷却管疑似失效,source_case_statement,本报告案例，不外推为所有船舶已证实根因,reported,02_reports/MAIB_2016_Safety_Digest_generator_oil_fire.pdf,60,not been inspected or renewed for many years,edge:c3d24d60a99254ccc87fc827,assertion:12a09b93bc0b705a94e67b6b
检查方法,按本机公差测量曲轴轴向间隙,记载于,来源,船机帮柴油机轴瓦抱轴故障分析,provenance_index,仅在本声明来源及构型范围内使用,stated,01_datasets/marine_diesel_RAG_corpus_All_data/All_data/test/船机帮柴油机轴瓦抱轴故障分析.md,,检查曲轴轴向间隙，轴向间隙0.04mm，远小于要求值；,edge:c3fb18844b114f6995537eba,assertion:9301f02c6fb36b2757481ccc
状态,压缩终了温度下降,记载于,来源,船机帮柴油机冷却水过高或过低的危害,provenance_index,仅在本声明来源及构型范围内使用,stated,01_datasets/marine_diesel_RAG_corpus_All_data/All_data/test/船机帮柴油机冷却水过高或过低的危害.md,,将造成压缩终了温度下降、着火延迟和燃烧条件恶化，导致燃烧不完全、柴油机工作粗暴和排气冒黑烟。,edge:c40690689a087de6ae6f2634,assertion:1576fc5fbfc4f943579b4b5d
运维措施,清洁后按厂家程序烘干定子绕组,适用于,设备,交流发电机,applicability_index,STAMFORD/AvK对应交流发电机型号；AGN040应与本机Owner Manual联合使用；干燥与绝缘处置仅由合格人员实施。,stated,02_reports/STAMFORD_AGN040_winding_insulation.pdf,8,baked in an oven to completely dry out,edge:c420712de4a2055c5ee0e66a,assertion:d16e8108f1a41812e7e49d16
影响因素,柴油机异常参数未及时发现,增加风险,故障,缸套黏着拉伤,source_statement,船用柴油机摩擦副；二次维修文章，机型及根因须核实；不能以某一症状直接确诊拉缸。,possible,01_datasets/marine_diesel_RAG_corpus_All_data/All_data/test/船机帮船用柴油机的拉缸故障.md,,柴油机参数异常没及时发现，高温水温度过高，冷却效果差，低温水温度过高，造成扫气温度高，排温偏高长期运行可造成拉缸，长时间超负荷运行，也可造成拉缸，长时间用劣质的燃油也可造成拉缸，应该定期检查做好早发现早预防，避免重大损失。,edge:c42947bce29cab9ad46e51ef,assertion:76e96851f9494cd42e0e70a2
状态,高温燃气进入低压回油,促成,故障,喷油器针阀过热卡死,secondary_source_statement,MAN B&W 5S60ME-C7；不可套用具体装配尺寸、压力或紧固参数到其他机型,possible,01_datasets/marine_diesel_RAG_corpus_All_data/All_data/test/船机帮5S60ME船用柴油机喷油器故障分析与对策.md,,"高温燃气引起针阀过热，最终卡死在针阀体内,使主机该缸喷油量减少,排温降低,继而主机降速",edge:c42d2bbcefba914b3e83b3a9,assertion:3078401de701a2a1c7b7a243
运维措施,仅按原厂更换要求使用合格连杆螺栓,适用于,设备,船舶动力装置,applicability_index,综合维护二次文章，原厂和标准出处未独立证实；不采纳文中统一周期、报警值、压力值、浮动轴承加脂和未经验证改造方案。以下仅用于检索维护主题，由适用机型规程决定具体操作。,stated,01_datasets/marine_diesel_RAG_corpus_All_data/All_data/test/船机帮船舶动力设备日常维护要点与常见故障排除.md,,连杆螺栓禁止重复使用，拆卸后强制换新,edge:c42fa0236065ab8385ec2727,assertion:fbde6992fc0eec10ca2edf7b
状态,船舶高压电网不稳定,记载于,来源,RMS Queen Mary 2 harmonic-filter capacitor failure and blackout,provenance_index,仅在本声明来源及构型范围内使用,stated,02_reports/MAIB_2011_28_Queen_Mary_2_harmonic_filter_failure.pdf,13,caused general instability in the electrical network,edge:c45db477d648c1cbc5aeae65,assertion:56b1acd8bce5b23710d157fb
参数,总输入能量率,表征,设备,试验柴油机,native_variable_dictionary,仅在本声明来源及构型范围内使用,stated,01_datasets/Marine_Engine_Fault_Data_v1/Marine_Engine_Fault_Data/variable_dictionary.csv,,"Total Input Energy,Qtotal,W,number,TRUE,TRUE,other,",edge:c4674079f464031fa547ea72,assertion:b1ce728c7087e72bd2fb6216
状态,绕组表面潮湿或污染,导致,故障,发电机绕组绝缘电阻降低,source_guidance_statement,STAMFORD/AvK发电机；检测与干燥作业须停电隔离，由合格人员依本机手册执行，本文不提供通用阈值或操作命令。,guidance,02_reports/STAMFORD_AGN040_winding_insulation.pdf,6,Surface moisture,edge:c47f2186b726e6b49d0760e3,assertion:2d859d91b44da385507c1126
故障,CPP回油法兰破裂,记载于,来源,Pride of Canterbury CPP hydraulic overpressure and fire,provenance_index,仅在本声明来源及构型范围内使用,stated,02_reports/MAIB_2015_22_Pride_of_Canterbury_CPP_hydraulic_fire.pdf,29,flanged joint ruptured because the CPP system became over- pressurised,edge:c488c9bb10f41ca15dc82220,assertion:5fbb26643462dd4db213a5e6
状态,风浪下船体变形,记载于,来源,STAMFORD AGN039 marine shaft generators,provenance_index,仅在本声明来源及构型范围内使用,stated,02_reports/STAMFORD_AGN039_marine_shaft_generators.pdf,2,ship’s hull flexes,edge:c4899f8f7a0ce6afc1f3277b,assertion:15b76b8f2d882eb0fe151bc4
事故案例,发电机滑油泵堵头松脱火灾,涉及,状态,排气护罩存在高温表面,case_index,仅在本声明来源及构型范围内使用,stated,02_reports/MAIB_2016_Safety_Digest_generator_oil_fire.pdf,28,radiate heat to the protective casing,edge:c49d93dc22c83d36a55dc94b,assertion:69d13fddf1d47b660fb3062c
状态,主机不对中与异常振动,记载于,来源,Wight Sky multiple engine failures,provenance_index,仅在本声明来源及构型范围内使用,stated,02_reports/MAIB_2022_04_Wight_Sky_multiple_engine_failures.pdf,84,"engine misalignment, high levels of vibration, and contaminated lubricating oil might all have contributed",edge:c4a69e24142eb001bed99519,assertion:1cd079a59e03dbeb66e3d7a8
参数,指示效率,记载于,来源,variable_dictionary,provenance_index,仅在本声明来源及构型范围内使用,stated,01_datasets/Marine_Engine_Fault_Data_v1/Marine_Engine_Fault_Data/variable_dictionary.csv,,"Indicated Efficiency,Effi,%,number,TRUE,TRUE,performance / derived,",edge:c4a842f9f16590ad49cb4d6b,assertion:b7dec17f09066884aa429f37
设备,柴油发电机,服务于系统,系统,电力与控制系统,functional_classification,仅在本声明来源及构型范围内使用,stated,01_datasets/marine_diesel_RAG_corpus_All_data/All_data/test/船机帮冬季卡特柴油发电机组的安全运行.md,,将附着在机组上的水迹、油迹和铁绣等杂物清除干净。,edge:c4bcf47e83772867351e7e64,assertion:24f3069853329dab5d1583b9
参数,2缸最低缸压,表征,设备,试验柴油机,native_variable_dictionary,仅在本声明来源及构型范围内使用,stated,01_datasets/Marine_Engine_Fault_Data_v1/Marine_Engine_Fault_Data/variable_dictionary.csv,,"Min. In-Cylinder Press. No.2,Pmin,MPa,number,TRUE,TRUE,pressure / derived pressure,shorthand label is reused across cylinder-resolved and/or aggregate variables; use the full variable-name row during preprocessing",edge:c4feb76d0a14b080614521e3,assertion:c2391fbfa4fecb50bb0aa322
设备,艉部谐波滤波器,包含部件,部件,电流不平衡互感器,asset_index,仅在本声明来源及构型范围内使用,stated,02_reports/MAIB_2011_28_Queen_Mary_2_harmonic_filter_failure.pdf,13,explosion was triggered by deterioration in the capacitors,edge:c52910c9063458cb8cb48f15,assertion:a484ca6b42b9266eae3e8298
状态,机舱火灾,是概念的实例,状态,机舱火灾,concept_alignment,仅在本声明来源及构型范围内使用,stated,02_reports/MAIB_2015_22_Pride_of_Canterbury_CPP_hydraulic_fire.pdf,29,fire was initiated following the spray,edge:c5481a525901f447b886ceb6,assertion:53d53b404005ced90d304e3c
检查方法,按说明书进行喷油器雾化试验,记载于,来源,船机帮船用共轨柴油机排气阀常见故障与排除,provenance_index,仅在本声明来源及构型范围内使用,stated,01_datasets/marine_diesel_RAG_corpus_All_data/All_data/test/船机帮船用共轨柴油机排气阀常见故障与排除.md,,喷油器使用前轮机员要严格按照说明书进行试压、雾化试验、密封性等检查,edge:c56755ff8cd2259b307fa74a,assertion:f1b4081025df8848bb1c512f
状态,主机不对中与异常振动,记载于,来源,Wight Sky multiple engine failures,provenance_index,仅在本声明来源及构型范围内使用,stated,02_reports/MAIB_2022_04_Wight_Sky_multiple_engine_failures.pdf,84,"engine misalignment, high levels of vibration, and contaminated lubricating oil might all have contributed",edge:c56e28ff09b27d68ec1dbc8c,assertion:9cc876a174aa72db8897eb7d
事故案例,液压背压阀卡滞与火灾,涉及,状态,机舱火灾,case_index,仅在本声明来源及构型范围内使用,stated,02_reports/MAIB_2015_22_Pride_of_Canterbury_CPP_hydraulic_fire.pdf,29,fire was initiated following the spray,edge:c582750230bd697ee1006a7a,assertion:2fa170b50f667267c9b5f22f
部件,排气歧管,记载于,来源,MAIB Safety Digest 2013 lubrication and bearing cases,provenance_index,仅在本声明来源及构型范围内使用,stated,02_reports/MAIB_2013_Safety_Digest_lubrication_bearing_cases.pdf,40,small passenger catamaran,edge:c5878ce296a4513cd9e88973,assertion:4834bddd09b9cdd9535721b1
状态,扫气空气冷却器水流量过低,促成,状态,冷却器水侧局部沸腾,source_guidance_statement,扫气空气冷却器水侧；该证据描述低流量局部沸腾及管路汽蚀，不等同于已证明所有冷却泵汽蚀由此引起。,possible,02_reports/MAN_main_engine_auxiliary_efficiency.pdf,11,A flow which is too low may cause local boiling,edge:c590ad0272d1d09534e673a7,assertion:48b8dda8c347391e11d1d7db
事故案例,滑油滤芯漏装与主机抱轴,涉及,故障,在线滑油滤器缺少滤芯,case_index,仅在本声明来源及构型范围内使用,stated,02_reports/MAIB_2013_Safety_Digest_lubrication_bearing_cases.pdf,21,duplex filter was found without a filter cartridge,edge:c59cd8921b9c7066dce1c188,assertion:0733f2d130d8273a0c67cc2e
故障,盘车轴与齿轮损坏,记载于,来源,MAIB Safety Digest 2013 lubrication and bearing cases,provenance_index,仅在本声明来源及构型范围内使用,stated,02_reports/MAIB_2013_Safety_Digest_lubrication_bearing_cases.pdf,16,resulting damage to the shaft and gearing,edge:c5a45717f82aae1ebc16cf85,assertion:b74a4841720cc27242dd1be3
故障,齿轮疲劳裂纹,适用于,设备,减速齿轮箱,applicability_index,GW系列船用齿轮箱；通用机理与A/B船匿名案例须区分，尺寸不能跨机型套用。,stated,01_datasets/marine_diesel_RAG_corpus_All_data/All_data/test/船机帮船用齿轮箱故障分析与管理对策.md,,若齿轮突然过载就可能会超负荷造成突然断裂；若非突然断裂，齿轮重复受过载力，造成应力集中，也会导致疲劳裂纹，进而导致疲劳断裂。,edge:c5b8d28dbb154259fffe80cb,assertion:e7ab3a01772dd2a9a46b78b4
部件,滑油柜,记载于,来源,船机帮船舶动力设备日常维护要点与常见故障排除,provenance_index,仅在本声明来源及构型范围内使用,stated,01_datasets/marine_diesel_RAG_corpus_All_data/All_data/test/船机帮船舶动力设备日常维护要点与常见故障排除.md,,保持油位在视镜中高位与低位标记之间,edge:c5bc2e84eb8b77e1a1b95f6b,assertion:c7f4592b304a0b1f1f40a56d
影响因素,齿轮热处理残余应力控制不当,记载于,来源,船机帮船用齿轮箱故障分析与管理对策,provenance_index,仅在本声明来源及构型范围内使用,stated,01_datasets/marine_diesel_RAG_corpus_All_data/All_data/test/船机帮船用齿轮箱故障分析与管理对策.md,,如热处理的残余应力控制不当，会引起钢件在一定时间后或在随后的切削加工中产生变形或裂纹,edge:c5c0e05f96962f4aa46d471f,assertion:24615c3d451b9512349338ac
部件,右舷可调螺距桨,记载于,来源,MAIB Safety Digest 2016 generator oil fire case,provenance_index,仅在本声明来源及构型范围内使用,stated,02_reports/MAIB_2016_Safety_Digest_generator_oil_fire.pdf,19,large roll-on roll-off passenger ferry,edge:c5e243843d946e064f3d13a5,assertion:9f20bbb2f80bf1bad358a985
参数,增压器滑油温度进口,表征,设备,试验柴油机,native_variable_dictionary,仅在本声明来源及构型范围内使用,stated,01_datasets/Marine_Engine_Fault_Data_v1/Marine_Engine_Fault_Data/variable_dictionary.csv,,"LO Temp. TCH In,T19,°C,number,TRUE,TRUE,temperature,",edge:c5fdc59198ac8f7282538183,assertion:3888e8b116ace5857ca06570
运维措施,确认带载试验不合格后更换遥控电源模块,应对,状态,遥控电源带载能力下降,source_recommendation,12V20/27、双机双轴双桨定距推进的文中闭环调速构型；信号接口及间隙不可跨机型套用。,stated,01_datasets/marine_diesel_RAG_corpus_All_data/All_data/test/船机帮某型船主机遥控系统典型故障分析.md,,否则需要更换电源模块。,edge:c60062c095ad8ac412a49527,assertion:2776c2b9a6ae4626ccd2c0e0
影响因素,装入非原厂轴承,记载于,来源,Kommandor Susan catastrophic engine failure and fire,provenance_index,仅在本声明来源及构型范围内使用,stated,02_reports/MAIB_2026_10_Kommandor_Susan_generator_bearing_failure.pdf,8,no verification of authenticity for the parts used,edge:c619e5f485dc37cde739ca51,assertion:e4776e48d60b8407e1e980b9
参数,换热器总热损失功率,表征,设备,试验柴油机,native_variable_dictionary,仅在本声明来源及构型范围内使用,stated,01_datasets/Marine_Engine_Fault_Data_v1/Marine_Engine_Fault_Data/variable_dictionary.csv,,"Total Heat Loss in Heat Exchangers,Qrej,kW,number,TRUE,TRUE,performance / derived,",edge:c61bb40e3b812081c9954984,assertion:b7af050f6ff4327a43d62662
事故案例,油抹布落至排气歧管起火,涉及,状态,机舱火灾,case_index,仅在本声明来源及构型范围内使用,stated,02_reports/MAIB_2013_Safety_Digest_lubrication_bearing_cases.pdf,41,hot manifold and catch fire,edge:c62d9062a9e7bed86c429fe0,assertion:bedf578676cd9d4acbe184ec
检查方法,进出港前测试正倒车响应,记载于,来源,MAIB Safety Digest 2016 generator oil fire case,provenance_index,仅在本声明来源及构型范围内使用,stated,02_reports/MAIB_2016_Safety_Digest_generator_oil_fire.pdf,29,Frequent engine response tests should be completed,edge:c639605de23746b3a1e9903a,assertion:71cb1e5cb5af217de0ba34f9
参数,2缸排气温度,表征,设备,试验柴油机,native_variable_dictionary,仅在本声明来源及构型范围内使用,stated,01_datasets/Marine_Engine_Fault_Data_v1/Marine_Engine_Fault_Data/variable_dictionary.csv,,"No.2 Exh.Gas Temp.,T2,°C,number,TRUE,TRUE,temperature,",edge:c6458fa4880d7031eb2c7044,assertion:b3e20a2b9d2aae5c53ff46f9
船舶,Wight Sky,发生案例,事故案例,ME4连杆轴承盖错装失效,case_index,仅在本声明来源及构型范围内使用,stated,02_reports/MAIB_2022_04_Wight_Sky_multiple_engine_failures.pdf,84,ME4 failed catastrophically because of an assembly error,edge:c646b8f6bc85c4c01a6baea1,assertion:3476c986e865c674a913bccb
状态,缸套表面抛光或涂抹,促成,状态,缸套油膜难以维持,source_guidance_statement,MAN B&W两冲程柴油机缸套/活塞环；2016通函用于机理，润滑油选择须查2023通函及本机手册。不能把活塞咬死一概等同于已证实拉缸。,guidance,02_reports/MAN_SL2016_633_piston_rings_scuffing.pdf,2,making it difficult to keep a proper oil film,edge:c6540cca854acd3b71686cc3,assertion:8a678021f5ee574b3930c70a
故障,曲轴主轴承与曲柄销断油,发生于,设备,ME2主机,case_equipment_index,仅在本声明来源及构型范围内使用,stated,02_reports/MAIB_2022_04_Wight_Sky_multiple_engine_failures.pdf,84,oilway to the main journal and crankpin was blocked off when the bearing shells turned,edge:c663c48dd2a56610a2a4b52a,assertion:9b9d69d83d83b1e7ba618ed0
故障,离合器打滑,适用于,设备,减速齿轮箱,applicability_index,GW系列船用齿轮箱；通用机理与A/B船匿名案例须区分，尺寸不能跨机型套用。,stated,01_datasets/marine_diesel_RAG_corpus_All_data/All_data/test/船机帮船用齿轮箱故障分析与管理对策.md,,两组(共21个)摩擦片之间打滑(似转非转)，内凹圈跟着从动齿轮也似转非转(本不该转)，结果磨坏了活塞的端面和外周面，润滑油的温度持续升高。,edge:c682a3e43d243c62effd8a68,assertion:851f71641b76377ca21543d1
事故案例,盘车联锁失效与启动损坏,涉及,影响因素,盘车指示灯照明不足,case_index,仅在本声明来源及构型范围内使用,stated,02_reports/MAIB_2013_Safety_Digest_lubrication_bearing_cases.pdf,18,should therefore be tested regularly,edge:c6a12843e822c0eac08ec53c,assertion:d78bcc91c933a05d9476ac4c
故障,主机灾难性失效,发生于,设备,故障主机,case_equipment_index,仅在本声明来源及构型范围内使用,stated,02_reports/MAIB_2018_14_Wight_Sky_engine_bearing_fire.pdf,14,resulting in destructive failure,edge:c6a74d622cf083f25dbe529d,assertion:110a94af8367546ef510c6c0
设备,废气涡轮增压器,服务于系统,系统,燃油与进排气系统,functional_classification,仅在本声明来源及构型范围内使用,stated,01_datasets/marine_diesel_RAG_corpus_All_data/All_data/test/船机帮船舶柴油机废气涡轮增压器振动的主要原因有哪些.md,,增压系统流道阻塞是增压器喘振的常见原因。,edge:c6b814327713f248011552c6,assertion:da3f1e03cfa20804bd10323a
状态,滑油含水污染,促成,状态,滑油酸性腐蚀,source_statement,海水冷却的推进柴油机滑油系统；匿名二次报道。文中压力试验参数和标准引用未独立核实，不作为通用操作依据。,possible,01_datasets/marine_diesel_RAG_corpus_All_data/All_data/test/船机帮船舶动力系统滑油水污染故障实例分析.md,,水分侵入会破坏油膜完整性，引发乳化变质和酸性腐蚀,edge:c6b9f772f622593b4b4d3906,assertion:35d628559e184dc5ea84b9af
设备,滑油冷却器,记载于,来源,船机帮船舶动力设备日常维护要点与常见故障排除,provenance_index,仅在本声明来源及构型范围内使用,stated,01_datasets/marine_diesel_RAG_corpus_All_data/All_data/test/船机帮船舶动力设备日常维护要点与常见故障排除.md,,每月拆洗冷却器一次,edge:c6bc0322886dd25625f271de,assertion:111bcd269006678540281292
状态,油道残留碎屑,促成,故障,主轴承瓦片转位,source_case_statement,本报告案例，不外推为所有船舶已证实根因,probable,02_reports/MAIB_2018_14_Wight_Sky_engine_bearing_fire.pdf,14,Debris in the engine’s oil channels was most probably responsible for initiating the failure,edge:c6c66f6188e43dc27e225b3f,assertion:5bc64acabdc33863f68f99a3
参数,涡轮后排气能量率,表征,设备,试验柴油机,native_variable_dictionary,仅在本声明来源及构型范围内使用,stated,01_datasets/Marine_Engine_Fault_Data_v1/Marine_Engine_Fault_Data/variable_dictionary.csv,,"Exh.Gas Power,Qexh2,kW,number,TRUE,TRUE,other,",edge:c6ca4247a4429692db0bf29b,assertion:e3982c518ea9c5991571d21e
故障,船舶电网电压频率振荡,记载于,来源,Comparative Case Study on Oscillatory Behavior in Power Systems of Marine Vessels With High Power Converters,provenance_index,仅在本声明来源及构型范围内使用,stated,03_papers/Frontiers_2021_marine_converter_oscillations.pdf,2,sating torque of,edge:c6f1352ec0a695808db8e03b,assertion:c1389ab628be212791dfb9f2
检查方法,定期检查气缸异常运行参数,适用于,设备,柴油机,applicability_index,船用柴油机摩擦副；二次维修文章，机型及根因须核实；不能以某一症状直接确诊拉缸。,stated,01_datasets/marine_diesel_RAG_corpus_All_data/All_data/test/船机帮船用柴油机的拉缸故障.md,,柴油机参数异常没及时发现，高温水温度过高，冷却效果差，低温水温度过高，造成扫气温度高，排温偏高长期运行可造成拉缸，长时间超负荷运行，也可造成拉缸，长时间用劣质的燃油也可造成拉缸，应该定期检查做好早发现早预防，避免重大损失。,edge:c6f2e81463e23a806d7a8532,assertion:720c3cbedb1b76c97c69b701
运维措施,按本船规程确认备用发电机可启动并网,应对,状态,发电机主开关无法并网合闸,source_recommendation,DG2、施耐德NW08-63和文中扩展箱构型；仅合格电气人员可按本船隔离规程检修。,stated,01_datasets/marine_diesel_RAG_corpus_All_data/All_data/test/船机帮船舶柴油发电机主开关并网合闸失败故障的分析与排查.md,,要保证另一台停车的柴油发电机处于第一备用状态，能够正常起动并网，并把电站切换到自动模式。,edge:c7040eb3c12837008fa48fd1,assertion:ea0acc196c909e8cf5f88edb
状态,油底壳滑油被燃油稀释,记载于,来源,船机帮柴油机冷却水过高或过低的危害,provenance_index,仅在本声明来源及构型范围内使用,stated,01_datasets/marine_diesel_RAG_corpus_All_data/All_data/test/船机帮柴油机冷却水过高或过低的危害.md,,冲淡油底壳内的润滑油,edge:c705215ada3f2a8cc8ddea97,assertion:c647154063f861bb696b0537
状态,大风浪中剧烈纵摇,记载于,来源,Spirit of Discovery loss of propulsion in heavy weather,provenance_index,仅在本声明来源及构型范围内使用,stated,02_reports/MAIB_2026_06_Spirit_of_Discovery_propulsion_loss.pdf,42,pitching caused the propellers to come out of the water,edge:c7071be145ef96bbdfc1631f,assertion:f690825ced3a72aafa1dafdc
影响因素,齿轮热处理残余应力控制不当,增加风险,故障,齿轮裂纹,source_statement,GW系列船用齿轮箱；通用机理与A/B船匿名案例须区分，尺寸不能跨机型套用。,possible,01_datasets/marine_diesel_RAG_corpus_All_data/All_data/test/船机帮船用齿轮箱故障分析与管理对策.md,,如热处理的残余应力控制不当，会引起钢件在一定时间后或在随后的切削加工中产生变形或裂纹,edge:c70f5c9a28ce8c00699b7f94,assertion:ed364d287c08d6aee91fd29c
检查方法,测量总体振动并分析频谱,检查,故障,滑油泵堵头振松,source_case_statement,本报告案例，不外推为所有船舶已证实根因,reported_action,02_reports/MAIB_2016_Safety_Digest_generator_oil_fire.pdf,28,frequency analysis of the vibration waveform,edge:c71e32e14a2da0052c67c718,assertion:872b3f31509c7579ec734dcf
检查方法,定期功能测试盘车启动联锁,记载于,来源,MAIB Safety Digest 2013 lubrication and bearing cases,provenance_index,仅在本声明来源及构型范围内使用,stated,02_reports/MAIB_2013_Safety_Digest_lubrication_bearing_cases.pdf,18,no record of it having been tested,edge:c7349504c0d1abba0440c971,assertion:1a6c97b8587f46a82bee9d5f
状态,吊舱转至90度停放,记载于,来源,Spirit of Discovery loss of propulsion in heavy weather,provenance_index,仅在本声明来源及构型范围内使用,stated,02_reports/MAIB_2026_06_Spirit_of_Discovery_propulsion_loss.pdf,42,pods automatically parked at 90°,edge:c742922d9e25bab246e98867,assertion:462dea8e9496a94dcfe59852
检查方法,检查连杆小端内孔刻痕与热损伤,记载于,来源,Finlandia Seaways engine failure and fire,provenance_index,仅在本声明来源及构型范围内使用,stated,02_reports/MAIB_2021_02_Finlandia_Seaways_connecting_rod_failure.pdf,56,seven of the intact 11 small ends removed from Finlandia Seaways’ engine were found to have notch damage,edge:c749f9a0d6f986445b4f904c,assertion:3b5d44c0f3d088f54ef4b25f
事故案例,控制空气不足与离合器脱开,涉及,状态,控制空气压力不足,case_index,仅在本声明来源及构型范围内使用,stated,02_reports/MAIB_2013_Safety_Digest_lubrication_bearing_cases.pdf,14,air pressure in the main air receiver was dropping,edge:c76d7ac23d6b60865d60aab6,assertion:3704c2df23d769ec9a8b6f6a
运维措施,按机型维护要求保持涡轮喷嘴环清洁,适用于,设备,废气涡轮增压器,applicability_index,船用废气涡轮增压器；拆装细节为VTR400示例，必须服从适用机型手册。,stated,01_datasets/marine_diesel_RAG_corpus_All_data/All_data/test/船机帮船舶柴油机废气涡轮增压器振动的主要原因有哪些.md,,管理中注意压气机进气滤器、叶轮、扩压器、空气冷却器、进气口和排气口、涡轮喷嘴环、叶片等流通部分的清洁，就会防止和消除喘振，也就会使振动消失。,edge:c77c50d7ee4ae80065e09223,assertion:1b3496e55dbfd522d774b4ad
运维措施,改装ME3四螺钉燃油法兰,记载于,来源,Stena Europe pressurised fuel spray and engine-room fire,provenance_index,仅在本声明来源及构型范围内使用,stated,02_reports/MAIB_2024_20_Stena_Europe_fuel_spray_fire.pdf,31,incorporate four-screw flanges,edge:c788849fe1598f0a0822c11e,assertion:30f1843ca07fd4d236ca8ca4
设备,ME3主机燃油供给与排气装置,是概念的实例,设备,ME3主机燃油供给与排气装置,concept_alignment,仅在本声明来源及构型范围内使用,stated,02_reports/MAIB_2024_20_Stena_Europe_fuel_spray_fire.pdf,7,fuel leaking under pressure,edge:c7a4b970373bd726964b38b0,assertion:a77396e8593f6f0c0087316c
检查方法,记录柴油机滑油温度变化,适用于,设备,滑油冷却器,applicability_index,海水冷却的推进柴油机滑油系统；匿名二次报道。文中压力试验参数和标准引用未独立核实，不作为通用操作依据。,stated,01_datasets/marine_diesel_RAG_corpus_All_data/All_data/test/船机帮船舶动力系统滑油水污染故障实例分析.md,,每小时记录油温、水压、液位等关键参数，关注数据异常变化,edge:c7df2ea9ac9abd0fe919fe79,assertion:07c118cbe88c525e4bee0c98
检查方法,按适用规程超声检测缸套裂纹,适用于,设备,滑油冷却器,applicability_index,海水冷却的推进柴油机滑油系统；匿名二次报道。文中压力试验参数和标准引用未独立核实，不作为通用操作依据。,stated,01_datasets/marine_diesel_RAG_corpus_All_data/All_data/test/船机帮船舶动力系统滑油水污染故障实例分析.md,,通过超声波探伤或荧光渗透法检查缸套表面及内部裂纹,edge:c7e31d9ca9b8a0c2f3685327,assertion:cf03c36319d26eace4031fab
事故案例,误选可调螺距桨备用模式与泊位碰撞,涉及,检查方法,测试备用和应急推进控制,case_index,仅在本声明来源及构型范围内使用,stated,02_reports/MAIB_2016_Safety_Digest_generator_oil_fire.pdf,21,Regular testing of back-up and emergency control systems,edge:c7eee0d14b8b0d34281100ea,assertion:40f0fe5933e9090e128255c1
运维措施,安装发电机组时按设计找平并校正无应力对中,适用于,设备,交流发电机,applicability_index,STAMFORD/AvK发电机：滚动轴承与滑动轴承、单/双轴承构型分别适用，不能跨型号套用。,stated,02_reports/STAMFORD_AGN076_alternator_bearings.pdf,8,the assembly into a perfect and unstressed plane of alignment,edge:c7f5850a778ba442ed60a713,assertion:b05235ecd2a94810a095bf9f
故障,增压器轴承变形,表现为,状态,增压器振动增大,source_statement,船用废气涡轮增压器；拆装细节为VTR400示例，必须服从适用机型手册。,stated,01_datasets/marine_diesel_RAG_corpus_All_data/All_data/test/船机帮船舶柴油机废气涡轮增压器振动的主要原因有哪些.md,,轴承长时间使用后产生磨损、变形、裂纹和烧伤时，使摩擦力矩增大，转速下降，振动和噪声大增。,edge:c805ab6d3fa99fbe64ea5794,assertion:d87d27087b690a33f53d579e
设备,右舷可调螺距桨液压装置,服务于系统,系统,传动与推进系统,functional_classification,仅在本声明来源及构型范围内使用,stated,02_reports/MAIB_2015_22_Pride_of_Canterbury_CPP_hydraulic_fire.pdf,30,Pride of Canterbury,edge:c8105a2d02e957d6e589706a,assertion:ceee143842e57a9aa4a44f2c
状态,电动锚机无法释放锚,是概念的实例,状态,电动锚机无法释放锚,concept_alignment,仅在本声明来源及构型范围内使用,stated,02_reports/MAIB_2026_10_Kommandor_Susan_generator_bearing_failure.pdf,1,anchor winches required electrical power to operate,edge:c847a9c8f0c2733f1df1a90e,assertion:afbf23c2c87119861ec0c2ed
部件,压气机叶轮,记载于,来源,船机帮船舶柴油机废气涡轮增压器振动的主要原因有哪些,provenance_index,仅在本声明来源及构型范围内使用,stated,01_datasets/marine_diesel_RAG_corpus_All_data/All_data/test/船机帮船舶柴油机废气涡轮增压器振动的主要原因有哪些.md,,管理中注意压气机进气滤器、叶轮、扩压器、空气冷却器、进气口和排气口、涡轮喷嘴环、叶片等流通部分的清洁，就会防止和消除喘振，也就会使振动消失。,edge:c869c38499a8bde4de2150fe,assertion:d16884886f61518e637bb320
运维措施,按厂家规程清洗增压器喷嘴环,适用于,设备,船舶动力装置,applicability_index,综合维护二次文章，原厂和标准出处未独立证实；不采纳文中统一周期、报警值、压力值、浮动轴承加脂和未经验证改造方案。以下仅用于检索维护主题，由适用机型规程决定具体操作。,stated,01_datasets/marine_diesel_RAG_corpus_All_data/All_data/test/船机帮船舶动力设备日常维护要点与常见故障排除.md,,按规范调整气门间隙，同时清洗增压器喷嘴环,edge:c88ac6c64d8eb7faf75f9caa,assertion:61bddc0d9596d403d444a4ce
故障,主机离合器脱开,导致,状态,靠泊推进制动能力丧失,source_case_statement,本报告案例，不外推为所有船舶已证实根因,reported,02_reports/MAIB_2013_Safety_Digest_lubrication_bearing_cases.pdf,15,ferry’s bow hitting her berth,edge:c88bc8f444f13426c9961727,assertion:f2d87ed6abaab68a3d70cdef
检查方法,检查水腔盖板垫片,记载于,来源,船机帮船舶动力系统滑油水污染故障实例分析,provenance_index,仅在本声明来源及构型范围内使用,stated,01_datasets/marine_diesel_RAG_corpus_All_data/All_data/test/船机帮船舶动力系统滑油水污染故障实例分析.md,,定期检测缸套水腔密封性，重点检查缸套阻水圈、水腔盖板垫片等薄弱点，发现渗漏立即更换密封件,edge:c891ad0ec79bf065d1dd96aa,assertion:040e14a4a9bbbe2afc8c2fcc
参数,增压器功率,表征,设备,试验柴油机,native_variable_dictionary,仅在本声明来源及构型范围内使用,stated,01_datasets/Marine_Engine_Fault_Data_v1/Marine_Engine_Fault_Data/variable_dictionary.csv,,"TCH Power,Qturb,kW,number,TRUE,TRUE,other,",edge:c8b582516b0f7a0f2ec6aefa,assertion:148dad7d039b960d23e07bd9
影响因素,冷却水水质或处理不当,记载于,来源,船机帮船舶动力系统滑油水污染故障实例分析,provenance_index,仅在本声明来源及构型范围内使用,stated,01_datasets/marine_diesel_RAG_corpus_All_data/All_data/test/船机帮船舶动力系统滑油水污染故障实例分析.md,,定期开展缓蚀剂浓度、pH 值浓度、氯离子浓度等影响冷却液腐蚀率的关键指标检测,edge:c8b7dff9a89bbc03b0cb9ea5,assertion:d2377114b54fb7faccd841ff
故障,CPP执行器联轴器松脱,导致,故障,CPP执行器运动传递失效,source_guidance_statement,实际证据是Hebrides的CPP执行器小型爪式联轴器，不是主推进轴联轴器断裂；主轴断裂根因不可由此推断。,reported,02_reports/MAIB_2017_20_Hebrides_CPP_coupling.pdf,30,coupling remained stationary,edge:c8bb8f52c9f2873fdbeb216e,assertion:e33db06d75b06194b1fe8a27
故障,主轴承损伤,记载于,来源,船机帮柴油机轴瓦抱轴故障分析,provenance_index,仅在本声明来源及构型范围内使用,stated,01_datasets/marine_diesel_RAG_corpus_All_data/All_data/test/船机帮柴油机轴瓦抱轴故障分析.md,,"对中超差后柴油机轴向跳动会对柴油机止推轴承造成损伤,而径向跳动超差会对柴油机主轴承造成损伤。",edge:c8cdedbb9e7f8b08651dfcfe,assertion:65f3f290ab3905592ad69bbb
设备,DG1柴油发电机,包含部件,部件,DG1 5号连杆大端轴瓦,asset_index,仅在本声明来源及构型范围内使用,stated,02_reports/MAIB_2026_10_Kommandor_Susan_generator_bearing_failure.pdf,1,catastrophic failure of a diesel generator engine,edge:c8dbd9d40fb80b73471486a2,assertion:3f77799862a207860771905f
检查方法,测量停车仪表箱电源电压,适用于,设备,柴油机调速器,applicability_index,调速器维修经验；不同调速器针阀与补偿调节不可照抄，飞车必须执行本船应急规程。,stated,01_datasets/marine_diesel_RAG_corpus_All_data/All_data/test/船机帮船用柴油机调速器的维护与保养十飞车故障.md,,柴油机不能停车——检查调速器“0”位是否与高压油泵“0”位相符合，并检查停车电磁阀及仪表箱电源电压。,edge:c8df7765bd4884eb60310f44,assertion:27cf5582cf4726837128e518
参数,发动机冷却水温度出口 III,表征,设备,试验柴油机,native_variable_dictionary,仅在本声明来源及构型范围内使用,stated,01_datasets/Marine_Engine_Fault_Data_v1/Marine_Engine_Fault_Data/variable_dictionary.csv,,"Cooling Water Temp. Engine Out III,T9,°C,number,TRUE,TRUE,temperature,",edge:c8e0113eaa86bd94fa322d7d,assertion:3acde7e0b5e1178837f7b27c
状态,海水进口阀被淹无法接近,记载于,来源,MAIB Safety Digest 2016 generator oil fire case,provenance_index,仅在本声明来源及构型范围内使用,stated,02_reports/MAIB_2016_Safety_Digest_generator_oil_fire.pdf,59,could not reach the two sea water inlet valves,edge:c90d5570e2331ab798d99c71,assertion:a9fae2b357eb60e676187d3c
故障,扭振减振器失效,适用于,系统,传动与推进系统,functional_classification,MAN L16/24、L21/31、L27/38等通函列明机型；不得推广其维护周期到其它机型。,stated,02_reports/MAN_SL2017_654_torsional_damper.pdf,1,will reduce the service life,edge:c92da03a48b76bbc53958ac3,assertion:7786231df348bd30a07abbb0
故障,增压器减振弹簧片磨损,适用于,设备,废气涡轮增压器,applicability_index,船用废气涡轮增压器；拆装细节为VTR400示例，必须服从适用机型手册。,stated,01_datasets/marine_diesel_RAG_corpus_All_data/All_data/test/船机帮船舶柴油机废气涡轮增压器振动的主要原因有哪些.md,,轴承中的减振弹簧片的磨损、变形或断裂等使转子安装位置发生变化，转子对中不良产生强烈振动。,edge:c945f7cb7614b8d7cc8c06a8,assertion:23a1c28865e6172399fcf073
状态,连杆小端刻痕,相关联,影响因素,连杆小端轴套更换产生应力集中,migration_association_not_fault_diagnosis,本报告案例，不外推为所有船舶已证实根因,reported,02_reports/MAIB_2021_02_Finlandia_Seaways_connecting_rod_failure.pdf,56,notch damage on the internal surfaces of their small end eyes,edge:c99ad66bcf8a24c5486bfe57,assertion:501b11e04b6fd55a721c2099
影响因素,动力设备长期老化,记载于,来源,船机帮船舶动力设备日常维护要点与常见故障排除,provenance_index,仅在本声明来源及构型范围内使用,stated,01_datasets/marine_diesel_RAG_corpus_All_data/All_data/test/船机帮船舶动力设备日常维护要点与常见故障排除.md,,盐雾腐蚀、机械疲劳、极端载荷冲击以及系统老化等因素交互作用，故障发生概率显著上升。,edge:c9d6d4c69bb0f9eb1c6137e2,assertion:14d40c20449a55072d89f60e
参数,轴转矩,表征,设备,试验柴油机,native_variable_dictionary,仅在本声明来源及构型范围内使用,stated,01_datasets/Marine_Engine_Fault_Data_v1/Marine_Engine_Fault_Data/variable_dictionary.csv,,"Shaft Torque,Tq,Nm,number,TRUE,TRUE,other,",edge:ca07f16d0f31e28d23ed37ca,assertion:74b8b75c7577ac55bd8182b9
检查方法,核查热态对中和风浪工况下振动,适用于,系统,电力与控制系统,functional_classification,通过齿轮箱及联轴器驱动的轴带发电机；不能推广到所有同轴无附加轴承的构型。,stated,02_reports/STAMFORD_AGN039_marine_shaft_generators.pdf,2,alignment is not accurate,edge:ca098eb29d63e0c26f58ea85,assertion:e7f8c272773afe27d47a37ff
影响因素,盘车状态未标识与操作说明被涂覆,记载于,来源,MAIB Safety Digest 2013 lubrication and bearing cases,provenance_index,仅在本声明来源及构型范围内使用,stated,02_reports/MAIB_2013_Safety_Digest_lubrication_bearing_cases.pdf,16,not marked in any way to show whether it was engaged or disengaged,edge:ca1287b273191cac8f771458,assertion:efda1c6a5e7704e4c8a1cae6
故障,连杆盖配合面微动磨损,发生于,设备,ME4主机,case_equipment_index,仅在本声明来源及构型范围内使用,stated,02_reports/MAIB_2022_04_Wight_Sky_multiple_engine_failures.pdf,84,transposition of the bearing caps reduced the metal-to-metal contact,edge:ca1321fccf5f64583975862c,assertion:fcda05b04cc95f735f842d4b
故障,活塞咬死,记载于,来源,MAIB Safety Digest 2013 lubrication and bearing cases,provenance_index,仅在本声明来源及构型范围内使用,stated,02_reports/MAIB_2013_Safety_Digest_lubrication_bearing_cases.pdf,21,seizure of several pistons,edge:ca2345be78a147989c70a8ec,assertion:09b422beff18de13e5cd990c
故障,压气机空气滤清器堵塞,适用于,设备,试验柴油机,native_dataset_label,Marine Engine Fault Dataset原始标签；不推导未在数据中证明的机理,dataset_label,01_datasets/Marine_Engine_Fault_Data_v1/Marine_Engine_Fault_Data/dataset_index.csv,,"AF_Clogging/AF_Clogging_60_Load.csv,scenario,Air-filter clogging (compressor),60%,single load condition,3,6819,73,""binary (0=pre-anomaly, 1=anomaly)"",Pre-anomaly and anomaly segments.",edge:ca2679d5e1f92b8487b35eec,assertion:cbfa2c1d2587d636d6a58e86
状态,涡轮叶片严重积炭,记载于,来源,船机帮船舶柴油机废气涡轮增压器振动的主要原因有哪些,provenance_index,仅在本声明来源及构型范围内使用,stated,01_datasets/marine_diesel_RAG_corpus_All_data/All_data/test/船机帮船舶柴油机废气涡轮增压器振动的主要原因有哪些.md,,由于涡轮叶片上严重积炭或叶片变形、折断、压气机叶轮、叶片变形或损坏等都会使转子质量分布发生变化,edge:ca4c018b6a8a1925b32581a7,assertion:4006bd886fc04d0da83cdf3b
事故案例,DG1发电机故障与失电,涉及,故障,连杆大端轴瓦失效,case_index,仅在本声明来源及构型范围内使用,stated,02_reports/MAIB_2026_10_Kommandor_Susan_generator_bearing_failure.pdf,5,most likely root cause for the bearing failure is weak bonding of the copper layer,edge:ca504a99638be09db48f21eb,assertion:a61d46dc90f7f63caa4fde5e
状态,共轨冲洗单向阀油泥黏附,记载于,来源,船机帮高压共轨柴油机燃油喷射系统故障分析,provenance_index,仅在本声明来源及构型范围内使用,stated,01_datasets/marine_diesel_RAG_corpus_All_data/All_data/test/船机帮高压共轨柴油机燃油喷射系统故障分析.md,,拆检该单向阀，发现有油泥黏在里面,edge:ca50c4a1bb709b18fe5753eb,assertion:0f2e0df1ac08a8d0e75675ce
状态,液压油喷向高温排气管,是概念的实例,状态,液压油喷向高温排气管,concept_alignment,仅在本声明来源及构型范围内使用,stated,02_reports/MAIB_2015_22_Pride_of_Canterbury_CPP_hydraulic_fire.pdf,29,"spray of hydraulic oil, from a ruptured pipework joint",edge:ca50c62816dcc0a25237b7ba,assertion:8dcd41711885762c2397555c
运维措施,按手册更换磨损喷油控制电磁阀,适用于,设备,高压共轨燃油喷射装置,applicability_index,航浚6008/MAN L32/44CR与CR2.2；轨压数值、扭矩与拆装必须核对本机手册。,stated,01_datasets/marine_diesel_RAG_corpus_All_data/All_data/test/船机帮高压共轨柴油机燃油喷射系统故障分析.md,,如果该缸喷油时长明显小于其他各缸，则基本可以断定该缸喷油控制电磁阀故障，一般是磨损造成通流面积变大所致，需换新喷油控制电磁阀；也有可能是阀芯卡在较大开度位置所致，需解体清洁活络阀芯。,edge:ca7afce25c00559ddcf72895,assertion:394d6a40cddec5fa3c4655fc
故障,冷却水泵吸空,记载于,来源,船机帮一起副机冷却水失压停车故障的处理和原因分析,provenance_index,仅在本声明来源及构型范围内使用,stated,01_datasets/marine_diesel_RAG_corpus_All_data/All_data/test/船机帮一起副机冷却水失压停车故障的处理和原因分析.md,,"系统中就可能形成气囊,导致水泵吸空, 冷却水中断",edge:ca80f5d7e064bf52c971d788,assertion:7366c7f87a4ad52425bb1a7f
设备,故障主机,记载于,来源,Wight Sky catastrophic main engine bearing failure,provenance_index,仅在本声明来源及构型范围内使用,stated,02_reports/MAIB_2018_14_Wight_Sky_engine_bearing_fire.pdf,1,debris in the engine’s oil channels following rebuild,edge:ca846a073bcbf77944a0f48a,assertion:b18af1606687606b93047790
运维措施,按手册疏通泄漏报警盒节流孔,应对,故障,净油泄漏报警盒节流孔堵塞,source_recommendation,航浚6008/MAN L32/44CR与CR2.2；轨压数值、扭矩与拆装必须核对本机手册。,stated,01_datasets/marine_diesel_RAG_corpus_All_data/All_data/test/船机帮高压共轨柴油机燃油喷射系统故障分析.md,,报警是因为报警检测盒内部节流孔堵塞所致的误报警，疏通即可。,edge:ca8ed570318be67cdbd48ae8,assertion:060708680254801a69fd5534
检查方法,监测发电机轴承运行声音,适用于,设备,柴油发电机,applicability_index,S6U-PTK与文中船舶发电机经验；部分表述不严谨，不采纳未经原厂确认的轴承结构改造建议。,stated,01_datasets/marine_diesel_RAG_corpus_All_data/All_data/test/船机帮船舶发电机常见故障及对策.md,,注意轴承运行声音,edge:caae9facddff020b63d426df,assertion:5525ed5fc321b691c12647a1
故障,误选CPP备用控制模式,记载于,来源,MAIB Safety Digest 2016 generator oil fire case,provenance_index,仅在本声明来源及构型范围内使用,stated,02_reports/MAIB_2016_Safety_Digest_generator_oil_fire.pdf,21,close proximity of the safety-critical propulsion control buttons,edge:cac69d38a36aa2dc908c8eb7,assertion:4dd1f1e77dab55c2538bbd4b
故障,油道堵塞,记载于,来源,MAIB Safety Digest 2013 lubrication and bearing cases,provenance_index,仅在本声明来源及构型范围内使用,stated,02_reports/MAIB_2013_Safety_Digest_lubrication_bearing_cases.pdf,21,rotation of bearing shells and the blockage of oil ways,edge:cb05d4db3bb8a90c35b5b811,assertion:adf2a30d2c43e46492e7f2aa
部件,排气歧管,是概念的实例,部件,排气歧管,concept_alignment,仅在本声明来源及构型范围内使用,stated,02_reports/MAIB_2013_Safety_Digest_lubrication_bearing_cases.pdf,40,small passenger catamaran,edge:cb1a90d17ceeb15db6f05cf5,assertion:7879605417d13f04421e6094
故障,谐波滤波电容退化,记载于,来源,RMS Queen Mary 2 harmonic-filter capacitor failure and blackout,provenance_index,仅在本声明来源及构型范围内使用,stated,02_reports/MAIB_2011_28_Queen_Mary_2_harmonic_filter_failure.pdf,62,likely to have been caused by one or both,edge:cb1d55c2e4f296fec84be72a,assertion:2e564e11f3a1f26601d738e0
运维措施,仅按励磁规程调整发电机电压,记载于,来源,船机帮冬季卡特柴油发电机组的安全运行,provenance_index,仅在本声明来源及构型范围内使用,stated,01_datasets/marine_diesel_RAG_corpus_All_data/All_data/test/船机帮冬季卡特柴油发电机组的安全运行.md,,应及时调整频率和电压，使其保持额定值,edge:cbb9351fd2e1b2e76aab4f0a,assertion:6e16ecf77aead44c1bd4b8ea
参数,机舱温度,表征,设备,试验柴油机,native_variable_dictionary,仅在本声明来源及构型范围内使用,stated,01_datasets/Marine_Engine_Fault_Data_v1/Marine_Engine_Fault_Data/variable_dictionary.csv,,"Engine room Temp.,T22,°C,number,TRUE,TRUE,temperature,",edge:cbe86fee61cb6d415eaf1784,assertion:5188576757850b6a0bfbdaa0
参数,其他损失功率,记载于,来源,variable_dictionary,provenance_index,仅在本声明来源及构型范围内使用,stated,01_datasets/Marine_Engine_Fault_Data_v1/Marine_Engine_Fault_Data/variable_dictionary.csv,,"Other Loss,Qother,kW,number,TRUE,TRUE,performance / derived,",edge:cbeabc389e1eece17cf547a2,assertion:618edb0303a7052f6bd9d51a
状态,谐波滤波器爆炸,记载于,来源,RMS Queen Mary 2 harmonic-filter capacitor failure and blackout,provenance_index,仅在本声明来源及构型范围内使用,stated,02_reports/MAIB_2011_28_Queen_Mary_2_harmonic_filter_failure.pdf,13,explosion was triggered by deterioration,edge:cbf85df7b548e053cb6d6a46,assertion:63d8681eeb5920075ebc0ead
部件,发电机绕组,记载于,来源,船机帮冬季卡特柴油发电机组的安全运行,provenance_index,仅在本声明来源及构型范围内使用,stated,01_datasets/marine_diesel_RAG_corpus_All_data/All_data/test/船机帮冬季卡特柴油发电机组的安全运行.md,,若绝缘电阻低于上述数值，必须进行干燥处理。,edge:cc01986caa56c6e04371846b,assertion:4eb555bdcf3c0d5c705bfa7f
检查方法,检查缸套表面与活塞环状态,适用于,系统,燃油与进排气系统,functional_classification,MAN B&W两冲程柴油机缸套/活塞环；2016通函用于机理，润滑油选择须查2023通函及本机手册。不能把活塞咬死一概等同于已证实拉缸。,stated,02_reports/MAN_SL2016_633_piston_rings_scuffing.pdf,3,Conditioning the liner surface,edge:cc02d0e52b509441325eafe3,assertion:60c828e7333953cd8c4e73c1
状态,缸壁润滑油结焦积炭,记载于,来源,船机帮柴油机冷却水过高或过低的危害,provenance_index,仅在本声明来源及构型范围内使用,stated,01_datasets/marine_diesel_RAG_corpus_All_data/All_data/test/船机帮柴油机冷却水过高或过低的危害.md,,由于气缸的温度太高，缸壁上的润滑油容易烧焦、积炭，促使零件磨损加快，严重时会造成拉缸、抱轴和烧瓦等事故。,edge:cc14e08b3e9b637b093015d9,assertion:9773e2e3eda763001aeed39f
检查方法,热成像巡检运行机组裸露热点,检查,状态,排气歧管裸露高温,source_case_statement,本报告案例，不外推为所有船舶已证实根因,reported_action,02_reports/MAIB_2024_20_Stena_Europe_fuel_spray_fire.pdf,32,thermal imaging cameras,edge:cc2ef0746f9cc4c44d0194fa,assertion:2fa9afa81a8d8643a1a3a9d9
检查方法,按说明书进行喷油器雾化试验,适用于,设备,共轨柴油机,applicability_index,共轨柴油机排气阀，厂家与具体型号未确定；仅作机理检索测试，不作直接操作授权。,stated,01_datasets/marine_diesel_RAG_corpus_All_data/All_data/test/船机帮船用共轨柴油机排气阀常见故障与排除.md,,喷油器使用前轮机员要严格按照说明书进行试压、雾化试验、密封性等检查,edge:cc412f8c45fe2e0914da2c44,assertion:4066d6d7208d0ea3582f39c9
检查方法,调速器拆装后进行试验台复试,适用于,设备,柴油机调速器,applicability_index,调速器维修经验；不同调速器针阀与补偿调节不可照抄，飞车必须执行本船应急规程。,stated,01_datasets/marine_diesel_RAG_corpus_All_data/All_data/test/船机帮船用柴油机调速器的维护与保养十飞车故障.md,,拆卸、重装了调速器，最好再上一次试验台进行复试，保证调速器的性能及可靠性，防止柴油机出现飞车现象。,edge:cc6a3c27538ce767192f7dbd,assertion:5c13361849557fff6909d0c3
部件,相邻机组排气保温,记载于,来源,MAIB Safety Digest 2016 generator oil fire case,provenance_index,仅在本声明来源及构型范围内使用,stated,02_reports/MAIB_2016_Safety_Digest_generator_oil_fire.pdf,26,fully loaded ro-ro passenger ferry,edge:cc72e768d3513c33e20c2ab0,assertion:3d62c5de6c4d9dc4981fbb1e
检查方法,隔离泄压后按手册检查高压接头密封面,检查,故障,高压燃油接头泄漏,source_check,航浚6008/MAN L32/44CR与CR2.2；轨压数值、扭矩与拆装必须核对本机手册。,stated,01_datasets/marine_diesel_RAG_corpus_All_data/All_data/test/船机帮高压共轨柴油机燃油喷射系统故障分析.md,,可先尝试按规定扭力复紧接头；如果没有改善，再拆开检查密封面,edge:cc8050dfa7189f06b980bafa,assertion:daeea3682b39d16e06a49d84
故障,压力滑油喷漏,发生于,设备,柴油发电机润滑与排气装置,case_equipment_index,仅在本声明来源及构型范围内使用,stated,02_reports/MAIB_2016_Safety_Digest_generator_oil_fire.pdf,26,oil from this generator was spraying,edge:cc81b098fe34b05ca5d4742e,assertion:5cda5cdc5fa0a5372785d8a3
设备,主机,记载于,来源,Finlandia Seaways engine failure and fire,provenance_index,仅在本声明来源及构型范围内使用,stated,02_reports/MAIB_2021_02_Finlandia_Seaways_connecting_rod_failure.pdf,9,fracture of the connecting rod small end,edge:cce9b80470ee16d4e3119586,assertion:00869049927ac5414ac33119
参数,1缸最低缸压,记载于,来源,variable_dictionary,provenance_index,仅在本声明来源及构型范围内使用,stated,01_datasets/Marine_Engine_Fault_Data_v1/Marine_Engine_Fault_Data/variable_dictionary.csv,,"Min. In-Cylinder Press. No.1,Pmin,MPa,number,TRUE,TRUE,pressure / derived pressure,shorthand label is reused across cylinder-resolved and/or aggregate variables; use the full variable-name row during preprocessing",edge:ccf14946e964bf80b3a12c33,assertion:286b34cb093a8186dd312d6c
事故案例,液压背压阀卡滞与火灾,记载于,来源,Pride of Canterbury CPP hydraulic overpressure and fire,provenance_index,仅在本声明来源及构型范围内使用,stated,02_reports/MAIB_2015_22_Pride_of_Canterbury_CPP_hydraulic_fire.pdf,30,Pride of Canterbury,edge:cd0672d87af834fd00e2d241,assertion:1caef06b923f92a8bda64f1c
运维措施,推进安全按钮设置防误操作保护,记载于,来源,MAIB Safety Digest 2016 generator oil fire case,provenance_index,仅在本声明来源及构型范围内使用,stated,02_reports/MAIB_2016_Safety_Digest_generator_oil_fire.pdf,21,fitting of protective covers,edge:cd0ae66be80e5a3a68979d2e,assertion:efe43bce9d5d137b97de860d
事故案例,海水冷却管疑似失效与沉没,记载于,来源,MAIB Safety Digest 2016 generator oil fire case,provenance_index,仅在本声明来源及构型范围内使用,stated,02_reports/MAIB_2016_Safety_Digest_generator_oil_fire.pdf,59,steel hulled fishing trawler,edge:cd12f659baea105cea82cc38,assertion:e623fc1c2a02da3dbd363cbf
设备,控制空气供给与主机离合装置,记载于,来源,MAIB Safety Digest 2013 lubrication and bearing cases,provenance_index,仅在本声明来源及构型范围内使用,stated,02_reports/MAIB_2013_Safety_Digest_lubrication_bearing_cases.pdf,14,ro-ro passenger ferry,edge:cd48d56f0bf3b90eadfe5b7f,assertion:8dcd461f201c25db5247d58c
运维措施,按适用缓蚀剂规范更换不合格冷却液,记载于,来源,船机帮船舶动力系统滑油水污染故障实例分析,provenance_index,仅在本声明来源及构型范围内使用,stated,01_datasets/marine_diesel_RAG_corpus_All_data/All_data/test/船机帮船舶动力系统滑油水污染故障实例分析.md,,按照柴油机冷却系统缓蚀剂规范及时更换与补加冷却液。,edge:cd49de6f4d760374108b594a,assertion:42518050ab48d178c2ff212c
故障,涡轮叶片变形,记载于,来源,船机帮船舶柴油机废气涡轮增压器振动的主要原因有哪些,provenance_index,仅在本声明来源及构型范围内使用,stated,01_datasets/marine_diesel_RAG_corpus_All_data/All_data/test/船机帮船舶柴油机废气涡轮增压器振动的主要原因有哪些.md,,由于涡轮叶片上严重积炭或叶片变形、折断、压气机叶轮、叶片变形或损坏等都会使转子质量分布发生变化,edge:cd5a8ece26ce5fb24effbef5,assertion:42fdc0561af1a35fbf9d761c
设备,吊舱推进装置,包含部件,部件,吊舱推进电机,asset_index,仅在本声明来源及构型范围内使用,stated,02_reports/MAIB_2026_06_Spirit_of_Discovery_propulsion_loss.pdf,42,propellers to come out of the water,edge:cd6b5b8872faa8250ec3d247,assertion:9b08ad435abd5ad227031a21
设备,右舷可调螺距桨液压装置,服务于系统,系统,润滑与轴承系统,functional_classification,仅在本声明来源及构型范围内使用,stated,02_reports/MAIB_2015_22_Pride_of_Canterbury_CPP_hydraulic_fire.pdf,30,Pride of Canterbury,edge:cd86565172e8801a52395eb0,assertion:5f8a3b33f1bf35dd613680e1
状态,主机启动失败,记载于,来源,船机帮高压共轨柴油机燃油喷射系统故障分析,provenance_index,仅在本声明来源及构型范围内使用,stated,01_datasets/marine_diesel_RAG_corpus_All_data/All_data/test/船机帮高压共轨柴油机燃油喷射系统故障分析.md,,冲洗单向阀 12 止回功能失效，使整个共轨系统直接与 12bar 的供油管路相通，无法建立轨压而启动失败。,edge:cd8ba3c311362d05359d4655,assertion:ebefd2e20f403ad398897c14
故障,轴系扭转共振风险,增加风险,故障,轴系或联轴器疲劳磨损损伤,source_guidance_statement,内燃机-发电机传动链一般机理；证据支持扭振导致失效风险及电气故障转矩冲击，但未建立某大型船主轴联轴器断裂的已证实事故链。,guidance,02_reports/STAMFORD_AGN235_torsional_analysis.pdf,2,prevent fatigue or wear damage,edge:cd9a3eb4514f3c5b9a30731c,assertion:62ef6cffbb112b321be9920e
状态,机舱火灾,导致,状态,一台主机数周不能运行,source_case_statement,本报告案例，不外推为所有船舶已证实根因,reported,02_reports/MAIB_2024_20_Stena_Europe_fuel_spray_fire.pdf,7,one of its four main engines inoperative for several weeks,edge:cd9d5d1d77bfeaf42234a1c5,assertion:e3244c8a80a8872533aa94a5
检查方法,转速调节失效时检查离合器电机,记载于,来源,船机帮船用柴油机调速器的维护与保养十飞车故障,provenance_index,仅在本声明来源及构型范围内使用,stated,01_datasets/marine_diesel_RAG_corpus_All_data/All_data/test/船机帮船用柴油机调速器的维护与保养十飞车故障.md,,转速调节失效——重点查离合器电机、各齿轮等,edge:cde618626b15f1bab19fea3d,assertion:62294b53f9e2b47b8a76a65f
故障,轴带发电机对中异常与振动损伤,记载于,来源,STAMFORD AGN039 marine shaft generators,provenance_index,仅在本声明来源及构型范围内使用,stated,02_reports/STAMFORD_AGN039_marine_shaft_generators.pdf,2,thermal expansion of the hot gearbox,edge:cdeac68837888a761e97db1b,assertion:f0c3d8a750bbffb18438688c
事故案例,控制空气不足与离合器脱开,涉及,状态,船艏撞击泊位,case_index,仅在本声明来源及构型范围内使用,stated,02_reports/MAIB_2013_Safety_Digest_lubrication_bearing_cases.pdf,15,ferry’s bow hitting her berth at a speed of 2.5kts,edge:cdf36262456a45dbb206927e,assertion:26ced69af3392879444b6e49
故障,压气机叶轮变形,导致,状态,增压器转子质量分布不均,source_statement,船用废气涡轮增压器；拆装细节为VTR400示例，必须服从适用机型手册。,stated,01_datasets/marine_diesel_RAG_corpus_All_data/All_data/test/船机帮船舶柴油机废气涡轮增压器振动的主要原因有哪些.md,,由于涡轮叶片上严重积炭或叶片变形、折断、压气机叶轮、叶片变形或损坏等都会使转子质量分布发生变化,edge:ce08e29a191ebb8813745f84,assertion:7ad02c37f38663ca925a6af0
运维措施,按说明书清洁并对中安装高压接头,适用于,设备,高压共轨燃油喷射装置,applicability_index,航浚6008/MAN L32/44CR与CR2.2；轨压数值、扭矩与拆装必须核对本机手册。,stated,01_datasets/marine_diesel_RAG_corpus_All_data/All_data/test/船机帮高压共轨柴油机燃油喷射系统故障分析.md,,可清洁密封面并涂专用白油，按说明书要求规范对中安装；发现有明显伤痕，则需更换高压油管或有关零部件。,edge:ce09b863fbf3e60199e68b82,assertion:4171bb6c88bddf65e550fbcf
检查方法,定期功能测试盘车启动联锁,适用于,设备,主机启动与盘车装置,applicability_index,本报告案例，不外推为所有船舶已证实根因,stated,02_reports/MAIB_2013_Safety_Digest_lubrication_bearing_cases.pdf,18,no record of it having been tested,edge:ce0aab7c5b716de3b35b88e0,assertion:9ece9bbb685b01d05aa3f568
故障,水泵轴承磨损,适用于,设备,滑油冷却器,applicability_index,海水冷却的推进柴油机滑油系统；匿名二次报道。文中压力试验参数和标准引用未独立核实，不作为通用操作依据。,stated,01_datasets/marine_diesel_RAG_corpus_All_data/All_data/test/船机帮船舶动力系统滑油水污染故障实例分析.md,,轴承磨损导致泵轴轴向位移超过密封件补偿能力。,edge:ce208771b06eb357ef1d009b,assertion:1d7c38668fc7487c518b0049
运维措施,按机型维护要求保持压气机叶轮清洁,适用于,设备,废气涡轮增压器,applicability_index,船用废气涡轮增压器；拆装细节为VTR400示例，必须服从适用机型手册。,stated,01_datasets/marine_diesel_RAG_corpus_All_data/All_data/test/船机帮船舶柴油机废气涡轮增压器振动的主要原因有哪些.md,,管理中注意压气机进气滤器、叶轮、扩压器、空气冷却器、进气口和排气口、涡轮喷嘴环、叶片等流通部分的清洁，就会防止和消除喘振，也就会使振动消失。,edge:ce30043dc4668b6abab51d4a,assertion:158a0076c0b25960a10318cd
运维措施,修复保温屏蔽并加防喷溅带,应对,影响因素,燃油接头喷溅保护缺失,source_case_statement,本报告案例，不外推为所有船舶已证实根因,reported_action,02_reports/MAIB_2024_20_Stena_Europe_fuel_spray_fire.pdf,31,fitted anti-splashing tape to all joints,edge:ce3745b21253a52be811e35e,assertion:6f54d84ba9bbb5d67b88fc4f
设备,右舷可调螺距桨液压装置,包含部件,部件,螺距控制油路,asset_index,仅在本声明来源及构型范围内使用,stated,02_reports/MAIB_2015_22_Pride_of_Canterbury_CPP_hydraulic_fire.pdf,30,Pride of Canterbury,edge:ce55d229f8d67a69e3b9ae09,assertion:98bd56b30b3fc469c922c92d
状态,油雾探测器反复报警,是概念的实例,状态,油雾探测器反复报警,concept_alignment,仅在本声明来源及构型范围内使用,stated,02_reports/MAIB_2013_Safety_Digest_lubrication_bearing_cases.pdf,21,OMD alarm activated again,edge:ce648137deaaa5940635f217,assertion:18b6032d1b34a781cab9a51f
检查方法,按规范进行齿轮箱空转试验,记载于,来源,船机帮船用齿轮箱故障分析与管理对策,provenance_index,仅在本声明来源及构型范围内使用,stated,01_datasets/marine_diesel_RAG_corpus_All_data/All_data/test/船机帮船用齿轮箱故障分析与管理对策.md,,应按照规定进行空转试验(一般不小于4h)，核查运转、温度、功耗等情况；,edge:ce65214dc4f7aa177ba9a321,assertion:4f81864622923bb67697c0a3
故障,排气阀高温腐蚀,适用于,设备,共轨柴油机,applicability_index,共轨柴油机排气阀，厂家与具体型号未确定；仅作机理检索测试，不作直接操作授权。,stated,01_datasets/marine_diesel_RAG_corpus_All_data/All_data/test/船机帮船用共轨柴油机排气阀常见故障与排除.md,,钒、钠等高温燃烧产物腐蚀排气阀。,edge:ce65ab6b2568dbfc864c1a38,assertion:af67f1390d2a69c3e593c726
事故案例,滑油滤芯漏装与主机抱轴,涉及,设备,主机润滑装置,case_index,仅在本声明来源及构型范围内使用,stated,02_reports/MAIB_2013_Safety_Digest_lubrication_bearing_cases.pdf,21,fully loaded cargo ship,edge:ce65ec34c6bdf3c8944fc10b,assertion:7930a05fea2853bff1c9e5a5
运维措施,检修前泄压并控制法兰拆开幅度,适用于,设备,海水压载与机舱排水装置,applicability_index,本报告案例，不外推为所有船舶已证实根因,stated,02_reports/MAIB_2016_Safety_Digest_generator_oil_fire.pdf,41,flange was split in a controlled manner,edge:ce76500481f9a3b2ed39660d,assertion:d30e6318dbad982bdbce4916
检查方法,停机隔离后检查喷油器底座损伤,检查,部件,喷油器底座,source_check,S6U-PTK与文中船舶发电机经验；部分表述不严谨，不采纳未经原厂确认的轴承结构改造建议。,stated,01_datasets/marine_diesel_RAG_corpus_All_data/All_data/test/船机帮船舶发电机常见故障及对策.md,,卸下喷油嘴并校验其喷油压力，若发现孔道阻塞现象需将喷油嘴进行拆卸，检查针阀和底座有无变形损坏,edge:ce798ecda148bec562eb45f0,assertion:9173e6d1e5c5f3b119cc03f1
故障,高压燃油接头泄漏,记载于,来源,船机帮高压共轨柴油机燃油喷射系统故障分析,provenance_index,仅在本声明来源及构型范围内使用,stated,01_datasets/marine_diesel_RAG_corpus_All_data/All_data/test/船机帮高压共轨柴油机燃油喷射系统故障分析.md,,可先尝试按规定扭力复紧接头；如果没有改善，再拆开检查密封面,edge:ce800fe93e2fe4ac8959fd6a,assertion:7b4baef0f81f8858b4051108
状态,滤器压差持续偏低,提示,故障,在线滑油滤器缺少滤芯,source_case_statement,本报告案例，不外推为所有船舶已证实根因,reported,02_reports/MAIB_2013_Safety_Digest_lubrication_bearing_cases.pdf,23,consistently low reading on the filter differential oil pressure gauge,edge:ce8ac5e8890719bc6f2bf171,assertion:e83a516261e41c21162b75ff
状态,发电机定转子碰摩,记载于,来源,船机帮船舶发电机常见故障及对策,provenance_index,仅在本声明来源及构型范围内使用,stated,01_datasets/marine_diesel_RAG_corpus_All_data/All_data/test/船机帮船舶发电机常见故障及对策.md,,轴承内的滚珠因碎裂而移位，导致发电机转子下沉，缩短了定子与转子之间的距离，两者摩擦不断加重，最终引起发电机的短路故障。,edge:cea27b0606883293b1a61c6b,assertion:46523c9cc35227139d030038
事故案例,大风浪中吊舱推进丧失,涉及,状态,吊舱转至90度停放,case_index,仅在本声明来源及构型范围内使用,stated,02_reports/MAIB_2026_06_Spirit_of_Discovery_propulsion_loss.pdf,42,pods automatically parked at 90°,edge:ceac9c74ae700e5f55cbb2df,assertion:b9b9e1a7d58ef76686b176d1
故障,柴油机轴瓦损坏,适用于,设备,柴油机,applicability_index,某型巡逻船试航故障二次报道；排查中已排除的原因不作为本案正向根因，油品及公差不能跨机型使用。,stated,01_datasets/marine_diesel_RAG_corpus_All_data/All_data/test/船机帮柴油机轴瓦抱轴故障分析.md,,"在隔振器安装支脚压缩高度严重超差及其他外部原因等多重因素下,引发轴瓦损坏概率增加。",edge:cec4cb5a5262fcbdfa3945bf,assertion:f5358b2cb7cc9831d481b871
状态,主机转速显示偏差,记载于,来源,船机帮某型船主机遥控系统典型故障分析,provenance_index,仅在本声明来源及构型范围内使用,stated,01_datasets/marine_diesel_RAG_corpus_All_data/All_data/test/船机帮某型船主机遥控系统典型故障分析.md,,用万用表测量转速传感器转速信号频率，与车令对应转速设定值一致，通过示波表监测转速信号波形，发现部分波形有幅值偏低的现象。,edge:ced9c7828a05ce31b9d6d40e,assertion:bd3b7e73588d2a031ed63c85
检查方法,按轴承型式核查润滑及对中,适用于,系统,电力与控制系统,functional_classification,有滚动轴承的发电机或轴带发电机构型；滚动轴承与主机滑动轴瓦的失效机理不得混用。,stated,02_reports/STAMFORD_AGN076_alternator_bearings.pdf,4,lack of grease or misalignment damage,edge:cf15e0c1263f29030e6f75ae,assertion:7ba63b6bb269b9b5124595b8
参数,主滑油循环泵压力原始电压信号,记载于,来源,variable_dictionary,provenance_index,仅在本声明来源及构型范围内使用,stated,01_datasets/Marine_Engine_Fault_Data_v1/Marine_Engine_Fault_Data/variable_dictionary.csv,,"LO Circulating Pump Press.,Pl_lo,V,number,TRUE,TRUE,pressure / derived pressure,raw voltage signal associated with main LO pump pressure; not converted to engineering pressure units",edge:cf5354e181cc9622b4ca2d8f,assertion:75ed5c1457c3bd01d609ccee
运维措施,保持燃油净化设备正常运行并核验油质,适用于,设备,柴油机,applicability_index,MAN B&W 5S60ME-C7；不可套用具体装配尺寸、压力或紧固参数到其他机型,stated,01_datasets/marine_diesel_RAG_corpus_All_data/All_data/test/船机帮5S60ME船用柴油机喷油器故障分析与对策.md,,"维持燃油净化设备正常运行，保证油质清洁,防止燃油中的固体颗粒造成止回阀和针阀运动阻力增大甚至卡死",edge:cf550b124e04874a505a0ae1,assertion:2e01fabc2167a82221b04bae
状态,增压器径向振动增大,记载于,来源,船机帮船舶柴油机废气涡轮增压器振动的主要原因有哪些,provenance_index,仅在本声明来源及构型范围内使用,stated,01_datasets/marine_diesel_RAG_corpus_All_data/All_data/test/船机帮船舶柴油机废气涡轮增压器振动的主要原因有哪些.md,,## 一 压气机喘振引起强烈振动 这种振动包含径向振动和轴向振动。,edge:cf57f35f1d194f50e81ccd79,assertion:c98782823df079ce84d3155f
故障,缸套低温腐蚀,记载于,来源,船机帮柴油机冷却水过高或过低的危害,provenance_index,仅在本声明来源及构型范围内使用,stated,01_datasets/marine_diesel_RAG_corpus_All_data/All_data/test/船机帮柴油机冷却水过高或过低的危害.md,,就会变成强列的腐蚀剂(如亚硫酸、硫酸)粘附在缸壁上，因此缸壁表面就会受到强烈的腐蚀,edge:cf5b4995fa36b000b67aa815,assertion:66abb734231679764889df17
运维措施,按本机设计调整海水泵叶轮泵壳间隙,适用于,设备,船舶动力装置,applicability_index,综合维护二次文章，原厂和标准出处未独立证实；不采纳文中统一周期、报警值、压力值、浮动轴承加脂和未经验证改造方案。以下仅用于检索维护主题，由适用机型规程决定具体操作。,stated,01_datasets/marine_diesel_RAG_corpus_All_data/All_data/test/船机帮船舶动力设备日常维护要点与常见故障排除.md,,叶轮与泵壳间隙调整,edge:cf890bfd597e51d3cddfb179,assertion:9a06fec4f15f832dba16b2bd
部件,盘车安全联锁,记载于,来源,MAIB Safety Digest 2013 lubrication and bearing cases,provenance_index,仅在本声明来源及构型范围内使用,stated,02_reports/MAIB_2013_Safety_Digest_lubrication_bearing_cases.pdf,16,specialist cargo ship,edge:cf96c41f702448be2175f052,assertion:6213588576ceee0634ad762a
状态,油道残留碎屑,记载于,来源,Wight Sky catastrophic main engine bearing failure,provenance_index,仅在本声明来源及构型范围内使用,stated,02_reports/MAIB_2018_14_Wight_Sky_engine_bearing_fire.pdf,14,Debris in the engine’s oil channels was most probably responsible for initiating the failure,edge:cfa00d107b7346a8291d1f76,assertion:834a98f940e70ca99be9ae80
状态,进水蔓延至住舱,记载于,来源,MAIB Safety Digest 2016 generator oil fire case,provenance_index,仅在本声明来源及构型范围内使用,stated,02_reports/MAIB_2016_Safety_Digest_generator_oil_fire.pdf,40,water entering the accommodation areas through the open engine room doorway,edge:cfaccde09fdcdd15d46c6668,assertion:5e207e909503d73916b022c2
事故案例,ME4连杆轴承盖错装失效,涉及,故障,连杆盖螺栓松动与断裂,case_index,仅在本声明来源及构型范围内使用,stated,02_reports/MAIB_2022_04_Wight_Sky_multiple_engine_failures.pdf,84,"fretting wear between the mating faces, which would have led to loosening and rapid failure",edge:cfae4d46e259b41dd3c0804c,assertion:40a823b2eb27c3e744d9308a
参数,轴功率,表征,设备,试验柴油机,native_variable_dictionary,仅在本声明来源及构型范围内使用,stated,01_datasets/Marine_Engine_Fault_Data_v1/Marine_Engine_Fault_Data/variable_dictionary.csv,,"Shaft Power,Ws,kW,number,TRUE,TRUE,other,",edge:cfeec5a0ca0a16e2cee6c724,assertion:c0f4ba2ef2cd1e2a834121ed
状态,燃烧室部件工作温度升高,导致,状态,气缸充气不足,source_statement,柴油机水冷机理二次资料；文中80–90℃等数值不能当作所有机型阈值。,possible,01_datasets/marine_diesel_RAG_corpus_All_data/All_data/test/船机帮柴油机冷却水过高或过低的危害.md,,冷却水温度过高，致使活塞、活塞环、气缸套、缸盖和气门等零件的工作温度升高，导致充气不足，燃烧不正常，容易引起敲缸、爆燃。,edge:cff77e1614e257a173594642,assertion:78105e3b00bcba6aebb35c3c
故障,应急供电无法启动便携泵,记载于,来源,MAIB Safety Digest 2016 generator oil fire case,provenance_index,仅在本声明来源及构型范围内使用,stated,02_reports/MAIB_2016_Safety_Digest_generator_oil_fire.pdf,40,running on emergency power only,edge:d007b08fe40a270b69ab87a4,assertion:d6ee3298eb5075d9f4860ca5
故障,误选CPP备用控制模式,记载于,来源,MAIB Safety Digest 2016 generator oil fire case,provenance_index,仅在本声明来源及构型范围内使用,stated,02_reports/MAIB_2016_Safety_Digest_generator_oil_fire.pdf,21,close proximity of the safety-critical propulsion control buttons,edge:d01325e22971a20d1baeb56a,assertion:89ca504aaa472b9ffe0ba63b
参数,滑油冷却水温度出口,表征,设备,试验柴油机,native_variable_dictionary,仅在本声明来源及构型范围内使用,stated,01_datasets/Marine_Engine_Fault_Data_v1/Marine_Engine_Fault_Data/variable_dictionary.csv,,"LO Cooling Water Temp. Out,T13,°C,number,TRUE,TRUE,temperature,",edge:d034251090487cbc4e77a5f2,assertion:dab2f2fc1b839ba510b535a3
运维措施,按设计保证停机时防凝露加热器自动投入,记载于,来源,STAMFORD AGN040 winding insulation system,provenance_index,仅在本声明来源及构型范围内使用,stated,02_reports/STAMFORD_AGN040_winding_insulation.pdf,7,ensure that this is automatically switched on when the Generating Set is at rest,edge:d03e8dfbdf4675e74e1c6fed,assertion:799370b025912eedd2c9aa00
故障,CPP系统超压,发生于,设备,右舷可调螺距桨液压装置,case_equipment_index,仅在本声明来源及构型范围内使用,stated,02_reports/MAIB_2015_22_Pride_of_Canterbury_CPP_hydraulic_fire.pdf,29,back pressure valve (PSV3) becoming jammed in the closed position,edge:d0428ad81044a056e9bc2263,assertion:aa262dbcabf2f839f7b009db
设备,吊舱推进装置,包含部件,部件,吊舱舱底液位传感器,asset_index,仅在本声明来源及构型范围内使用,stated,02_reports/MAIB_2026_06_Spirit_of_Discovery_propulsion_loss.pdf,42,propellers to come out of the water,edge:d06c22dd05b8127b35ce3ea4,assertion:12d2c9145290b2f79711d15d
状态,海水进入滑油回路,记载于,来源,船机帮船舶动力系统滑油水污染故障实例分析,provenance_index,仅在本声明来源及构型范围内使用,stated,01_datasets/marine_diesel_RAG_corpus_All_data/All_data/test/船机帮船舶动力系统滑油水污染故障实例分析.md,,海水冷却介质通过破损处渗透至滑油系统。,edge:d075ae834a23615f972f21c3,assertion:d588259b9eba9745f589b362
故障,高压油泵泄漏,记载于,来源,船机帮高压共轨柴油机燃油喷射系统故障分析,provenance_index,仅在本声明来源及构型范围内使用,stated,01_datasets/marine_diesel_RAG_corpus_All_data/All_data/test/船机帮高压共轨柴油机燃油喷射系统故障分析.md,,一般通过检查高压油泵或油头来确认，并换新故障的高压油泵或油头,edge:d0a57a031da169c7c9f361f4,assertion:4daab549cb6943cc13f47193
运维措施,按本船批准设定恢复冷却报警阈值,适用于,设备,船舶动力装置,applicability_index,综合维护二次文章，原厂和标准出处未独立证实；不采纳文中统一周期、报警值、压力值、浮动轴承加脂和未经验证改造方案。以下仅用于检索维护主题，由适用机型规程决定具体操作。,stated,01_datasets/marine_diesel_RAG_corpus_All_data/All_data/test/船机帮船舶动力设备日常维护要点与常见故障排除.md,,更换故障传感器并恢复报警阈值,edge:d0ab9318082574d22664b444,assertion:3c9583ff1e166a584aff7003
状态,原动机转矩脉动与负载波动,促成,故障,船舶电网电压频率振荡,source_guidance_statement,2021论文三类船舶的实测电网信号，含轴带发电化学品船；不是所有振荡都超限。DP船风浪影响主要作用于基波与频率，不能一概说风浪显著放大所有谐波。,possible,03_papers/Frontiers_2021_marine_converter_oscillations.pdf,2,sating torque of,edge:d0cb98d153fbaabc12737d3b,assertion:79e93df2c6eadf91bd4748be
检查方法,转速调节失效时检查离合器电机,检查,设备,调速器离合器电机,source_check,调速器维修经验；不同调速器针阀与补偿调节不可照抄，飞车必须执行本船应急规程。,stated,01_datasets/marine_diesel_RAG_corpus_All_data/All_data/test/船机帮船用柴油机调速器的维护与保养十飞车故障.md,,转速调节失效——重点查离合器电机、各齿轮等,edge:d11aacb352d9cc153ffe4a40,assertion:c1cf7bb47cfe3dcfac3239c2
故障,发电机绝缘热劣化,记载于,来源,STAMFORD AGN035 overload fault protection and transient coupling torque,provenance_index,仅在本声明来源及构型范围内使用,stated,02_reports/STAMFORD_AGN035_fault_protection.pdf,2,thermal degradation,edge:d14389d99dc3a3ead39a40c6,assertion:9927bb78e78b0ded8f783d4d
事故案例,燃油法兰松动与主机火灾,涉及,故障,压力燃油泄漏,case_index,仅在本声明来源及构型范围内使用,stated,02_reports/MAIB_2024_20_Stena_Europe_fuel_spray_fire.pdf,29,screw in a two-screw flange within the fuel oil pipework loosened,edge:d1a7290d53390040ec113b38,assertion:801f3e86356ff459a229b584
运维措施,按厂家指定脂种补充风扇驱动轴承润滑脂,记载于,来源,船机帮冬季卡特柴油发电机组的安全运行,provenance_index,仅在本声明来源及构型范围内使用,stated,01_datasets/marine_diesel_RAG_corpus_All_data/All_data/test/船机帮冬季卡特柴油发电机组的安全运行.md,,加注风扇驱动轴承的润滑脂加注嘴,edge:d1a81466676e7717707df151,assertion:d1cbd64c3a27722dd0035263
运维措施,船员停止主机与发电机,应对,状态,机舱进水,source_case_statement,本报告案例，不外推为所有船舶已证实根因,reported_action,02_reports/MAIB_2016_Safety_Digest_generator_oil_fire.pdf,40,stop the generator and main engine,edge:d1b363d66fca16b8594a064f,assertion:4ab0ae1c4e515ba040a891ee
运维措施,修复保温屏蔽并加防喷溅带,适用于,设备,ME3主机燃油供给与排气装置,applicability_index,本报告案例，不外推为所有船舶已证实根因,stated,02_reports/MAIB_2024_20_Stena_Europe_fuel_spray_fire.pdf,31,fitted anti-splashing tape to all joints,edge:d1c89dc51d80659b0b855576,assertion:19fd4e07c76db7b24209640c
运维措施,由合格人员按本机手册执行无励磁吹干,记载于,来源,STAMFORD AGN040 winding insulation system,provenance_index,仅在本声明来源及构型范围内使用,stated,02_reports/STAMFORD_AGN040_winding_insulation.pdf,7,unexcited 'blow-drying',edge:d1ccfc9dee01535aafdd2dc4,assertion:5e7f58ed22603ee0919550b4
状态,活塞冷却水进口温度高于出口,记载于,来源,船机帮MANKSZ型柴油机活塞冷却系统故障分析,provenance_index,仅在本声明来源及构型范围内使用,stated,01_datasets/marine_diesel_RAG_corpus_All_data/All_data/val/船机帮MANKSZ型柴油机活塞冷却系统故障分析.md,,活塞冷却水进口套管中的水量失去流通性，在进水套管中不断被其往复运动压缩升温,edge:d1cdc4bdc0cf66ef6f6ac2f1,assertion:fc90b141fb9eeff68c977e71
设备,柴油机,记载于,来源,船机帮柴油机轴瓦抱轴故障分析,provenance_index,仅在本声明来源及构型范围内使用,stated,01_datasets/marine_diesel_RAG_corpus_All_data/All_data/test/船机帮柴油机轴瓦抱轴故障分析.md,,"高分子聚合物断裂后是不可逆的,导致粘度很快降低,机油承载能力下降。",edge:d1d2db9645337b7e1517500c,assertion:4a827de5b9a14248b900d7cb
运维措施,追踪缺陷记录与厂家技术通告,适用于,设备,ME3主机燃油供给与排气装置,applicability_index,本报告案例，不外推为所有船舶已证实根因,stated,02_reports/MAIB_2024_20_Stena_Europe_fuel_spray_fire.pdf,31,review process to manage service bulletins,edge:d1e63027af7f089f1bc0c26a,assertion:21c4dabae13fde6341a827ba
故障,喷油控制电磁阀磨损,适用于,设备,高压共轨燃油喷射装置,applicability_index,航浚6008/MAN L32/44CR与CR2.2；轨压数值、扭矩与拆装必须核对本机手册。,stated,01_datasets/marine_diesel_RAG_corpus_All_data/All_data/test/船机帮高压共轨柴油机燃油喷射系统故障分析.md,,如果该缸喷油时长明显小于其他各缸，则基本可以断定该缸喷油控制电磁阀故障，一般是磨损造成通流面积变大所致，需换新喷油控制电磁阀；也有可能是阀芯卡在较大开度位置所致，需解体清洁活络阀芯。,edge:d1f062f71c0d26cb614b397b,assertion:c2c331ce012030221849acbe
检查方法,监测齿轮箱滑油温度,检查,设备,减速齿轮箱,source_check,GW系列船用齿轮箱；通用机理与A/B船匿名案例须区分，尺寸不能跨机型套用。,stated,01_datasets/marine_diesel_RAG_corpus_All_data/All_data/test/船机帮船用齿轮箱故障分析与管理对策.md,,应该经常检查润滑部位是否达到润滑效果，以及润滑剂有无杂质，是否失效，并重点监控滑油温度。,edge:d1f79ee2a3b19d5b6ff4edfb,assertion:931ae81e52a9872aaf9834d6
运维措施,按本机规范调整气阀间隙,适用于,设备,船舶动力装置,applicability_index,综合维护二次文章，原厂和标准出处未独立证实；不采纳文中统一周期、报警值、压力值、浮动轴承加脂和未经验证改造方案。以下仅用于检索维护主题，由适用机型规程决定具体操作。,stated,01_datasets/marine_diesel_RAG_corpus_All_data/All_data/test/船机帮船舶动力设备日常维护要点与常见故障排除.md,,按规范调整气门间隙，同时清洗增压器喷嘴环,edge:d21390d4c0f5c457f60865f7,assertion:d23fede8bc8590aec7e9559b
检查方法,检测冷却水硬度和抑制剂浓度,适用于,系统,冷却与海水系统,functional_classification,MAN四冲程柴油机闭式淡水冷却；水质要求与添加剂须按具体机型手册确认。,stated,02_reports/MAN_SL2016_623_cooling_water.pdf,3,quality of the freshwater must be checked,edge:d2202f288e32dca8c7756f26,assertion:f8d91a7651165c294e59a983
故障,喷油控制电磁阀磨损,促成,状态,单缸排气温度偏高且喷油时长偏短,source_statement,航浚6008/MAN L32/44CR与CR2.2；轨压数值、扭矩与拆装必须核对本机手册。,possible,01_datasets/marine_diesel_RAG_corpus_All_data/All_data/test/船机帮高压共轨柴油机燃油喷射系统故障分析.md,,如果该缸喷油时长明显小于其他各缸，则基本可以断定该缸喷油控制电磁阀故障，一般是磨损造成通流面积变大所致，需换新喷油控制电磁阀；也有可能是阀芯卡在较大开度位置所致，需解体清洁活络阀芯。,edge:d23d6e8c21851f6f5ce627d7,assertion:a08473afe310e2bd21dbb0e6
运维措施,按构型复核联轴器补偿与减振能力,记载于,来源,STAMFORD AGN039 marine shaft generators,provenance_index,仅在本声明来源及构型范围内使用,stated,02_reports/STAMFORD_AGN039_marine_shaft_generators.pdf,2,absorb misalignment,edge:d2471a663c102a9c3cf6551f,assertion:532cf2f980458439d13131ca
故障,误选CPP备用控制模式,是概念的实例,故障,误选CPP备用控制模式,concept_alignment,仅在本声明来源及构型范围内使用,stated,02_reports/MAIB_2016_Safety_Digest_generator_oil_fire.pdf,21,close proximity of the safety-critical propulsion control buttons,edge:d262920f1a6867e202681541,assertion:df73a3939ccf18092d7f565c
设备,柴油发电机润滑与排气装置,记载于,来源,MAIB Safety Digest 2016 generator oil fire case,provenance_index,仅在本声明来源及构型范围内使用,stated,02_reports/MAIB_2016_Safety_Digest_generator_oil_fire.pdf,26,fully loaded ro-ro passenger ferry,edge:d2669a5cacc56b514fd79ab6,assertion:2d49649a76fa90e0f3ac6213
设备,左舷主机排气装置,服务于系统,系统,燃油与进排气系统,functional_classification,仅在本声明来源及构型范围内使用,stated,02_reports/MAIB_2013_Safety_Digest_lubrication_bearing_cases.pdf,40,small passenger catamaran,edge:d274418a3cf6e8e1c16e3068,assertion:d6f14d245ac20768dee1f727
故障,发电机绕组绝缘劣化,记载于,来源,STAMFORD AGN040 winding insulation system,provenance_index,仅在本声明来源及构型范围内使用,stated,02_reports/STAMFORD_AGN040_winding_insulation.pdf,6,Surface moisture,edge:d2876179a36e63deef4c96aa,assertion:fb30a25f6d1bde894e0df014
参数,3缸排气温度,表征,设备,试验柴油机,native_variable_dictionary,仅在本声明来源及构型范围内使用,stated,01_datasets/Marine_Engine_Fault_Data_v1/Marine_Engine_Fault_Data/variable_dictionary.csv,,"No.3 Exh.Gas Temp.,T3,°C,number,TRUE,TRUE,temperature,",edge:d2addd5a3b8bec38099a2db7,assertion:2bf232c76f438e7535b7f5a3
状态,润滑油系统污染,记载于,来源,MAIB Safety Digest 2013 lubrication and bearing cases,provenance_index,仅在本声明来源及构型范围内使用,stated,02_reports/MAIB_2013_Safety_Digest_lubrication_bearing_cases.pdf,21,duplex filter was found without a filter cartridge,edge:d321c5ba4359f360131bde3d,assertion:30cdb82578b090f5f98dd9ef
故障,齿轮疲劳断裂,属于概念类别,故障,齿轮断裂,curator_concept_taxonomy,依据该文故障枚举整理的概念包含关系，非事故根因关系,stated,01_datasets/marine_diesel_RAG_corpus_All_data/All_data/test/船机帮船用齿轮箱故障分析与管理对策.md,,齿轮断裂在斜齿轮和宽直齿齿轮上发生较多,edge:d3249ce7f32bcb8019736d1c,assertion:5a6b2852a9d19af3dca47e94
故障,电流不平衡保护失效,记载于,来源,RMS Queen Mary 2 harmonic-filter capacitor failure and blackout,provenance_index,仅在本声明来源及构型范围内使用,stated,02_reports/MAIB_2011_28_Queen_Mary_2_harmonic_filter_failure.pdf,69,all the sub-components in the system are functional,edge:d324e2b4e717e74a172478c2,assertion:2a79c633cd30065e81b27090
部件,发电机防凝露加热器,记载于,来源,STAMFORD AGN040 winding insulation system,provenance_index,仅在本声明来源及构型范围内使用,stated,02_reports/STAMFORD_AGN040_winding_insulation.pdf,5,the option of an Anti- Condensation Heater is recommended,edge:d329056a67696d34759d3e9f,assertion:e9cdc0ca7b1efbf4ec65a4a0
事故案例,谐波滤波电容失效与全船失电,涉及,故障,电流不平衡保护失效,case_index,仅在本声明来源及构型范围内使用,stated,02_reports/MAIB_2011_28_Queen_Mary_2_harmonic_filter_failure.pdf,69,all the sub-components in the system are functional,edge:d3315945224a908bf8c740c2,assertion:cb7366f9101b84d5e841060d
部件,吊舱舱底液位传感器,记载于,来源,Spirit of Discovery loss of propulsion in heavy weather,provenance_index,仅在本声明来源及构型范围内使用,stated,02_reports/MAIB_2026_06_Spirit_of_Discovery_propulsion_loss.pdf,42,propellers to come out of the water,edge:d355119110124ead0ab7a418,assertion:b5f008f0cf5613a0415c8f52
检查方法,按容量要求测试遥控电源带载能力,记载于,来源,船机帮某型船主机遥控系统典型故障分析,provenance_index,仅在本声明来源及构型范围内使用,stated,01_datasets/marine_diesel_RAG_corpus_All_data/All_data/test/船机帮某型船主机遥控系统典型故障分析.md,,用福禄克F124型示波器检测各电源模块输出端绝缘正常，输出稳定；测量空载电压，纹波在0.1 V以内；按照各电源模块设计负荷的60%通过电子负载进行带载试验,edge:d356d41c623e9089ac6ee79a,assertion:a04905f088d8c2ee34eb03a8
故障,轴系扭转共振风险,适用于,系统,电力与控制系统,functional_classification,内燃机-发电机传动链一般机理；证据支持扭振导致失效风险及电气故障转矩冲击，但未建立某大型船主轴联轴器断裂的已证实事故链。,stated,02_reports/STAMFORD_AGN235_torsional_analysis.pdf,1,pulses can excite very significant resonant responses,edge:d36d9d1090d5d7ead26a0160,assertion:9be723d230f6f71f9ce740c6
事故案例,海水冷却管疑似失效与沉没,涉及,状态,主机停止,case_index,仅在本声明来源及构型范围内使用,stated,02_reports/MAIB_2016_Safety_Digest_generator_oil_fire.pdf,59,main engine then stopped,edge:d3710517a019f99d066174fc,assertion:f0e3c0c9aa5070aadac218bc
运维措施,加强维修承包商关键步骤监督,适用于,设备,主机润滑装置,applicability_index,本报告案例，不外推为所有船舶已证实根因,stated,02_reports/MAIB_2013_Safety_Digest_lubrication_bearing_cases.pdf,23,critical steps are not overlooked,edge:d38c47cb5308395a652f2042,assertion:2deeb9721643326a2d704524
运维措施,按本机要求执行停机前冷却运行,作用于,设备,柴油发电机,source_recommendation,Caterpillar3512冬季维护经验，原始应用场景不一定为船舶；仅提取可迁移维护主题，必须核对船用构型，排除未获批准的自主回油改造及统一数值。,stated,01_datasets/marine_diesel_RAG_corpus_All_data/All_data/test/船机帮冬季卡特柴油发电机组的安全运行.md,,待油温、水温有明显下降时，关闭柴油机。,edge:d38ded08a397001c0efd0fb5,assertion:bfeaf3b4cd3fceac50e827fa
运维措施,按机型规程更换测速板整形比较器,应对,故障,测速板整形比较器输出故障,source_recommendation,12V20/27、双机双轴双桨定距推进的文中闭环调速构型；信号接口及间隙不可跨机型套用。,stated,01_datasets/marine_diesel_RAG_corpus_All_data/All_data/test/船机帮某型船主机遥控系统典型故障分析.md,,更换转速处理板上用于信号整形和隔离的比较器后试验,edge:d39bdfc54ce9d658fd4d356d,assertion:dd6fb8763f43d326752124d9
部件,发电机绕组,记载于,来源,STAMFORD AGN040 winding insulation system,provenance_index,仅在本声明来源及构型范围内使用,stated,02_reports/STAMFORD_AGN040_winding_insulation.pdf,7,keep the wound component clean and dry,edge:d39f36be3e4a73fc7725a994,assertion:71822a490fbfcd9f41e644e3
故障,主机灾难性失效,发生于,设备,ME4主机,case_equipment_index,仅在本声明来源及构型范围内使用,stated,02_reports/MAIB_2022_04_Wight_Sky_multiple_engine_failures.pdf,84,ME4 failed catastrophically because of an assembly error,edge:d3a03853d9a17ddf6bf92cec,assertion:8837725f3400099e6cf47bba
参数,压气机空气滤器压差,表征,设备,试验柴油机,native_variable_dictionary,仅在本声明来源及构型范围内使用,stated,01_datasets/Marine_Engine_Fault_Data_v1/Marine_Engine_Fault_Data/variable_dictionary.csv,,"Compressor Filter Loss,dPf,Pa,number,TRUE,TRUE,pressure / derived pressure,""Present in all scenario files for schema uniformity; recorded values in 10 of 15 scenario files. Empty (not recorded) in: AC_Fouling_85_Load.csv, Clogged_Injector_Nozzle1_40_60_85_Load.csv, Clogged_Injector_Nozzle2_LoadProgram.csv, CW_Pump_Cavitation_60_Load.csv, CW_Pump_Cavitation_85_Load.csv.""",edge:d3a7f21717e0eb1df9cf7af6,assertion:c28275841176106017448aa3
状态,船舶撞击跳板与泊位,是概念的实例,状态,船舶撞击跳板与泊位,concept_alignment,仅在本声明来源及构型范围内使用,stated,02_reports/MAIB_2016_Safety_Digest_generator_oil_fire.pdf,19,made heavy contact with the concrete berth,edge:d3b2c7072523cfc0dc5d021c,assertion:64ae1494a5615fdfdc8449a3
故障,主机离合器脱开,是概念的实例,故障,主机离合器脱开,concept_alignment,仅在本声明来源及构型范围内使用,stated,02_reports/MAIB_2013_Safety_Digest_lubrication_bearing_cases.pdf,14,three main engine clutches disengaged almost simultaneously,edge:d3bd66133a3bdfb293c7bf8c,assertion:6c73535a890ea3ac44c60e64
状态,转子与壳体气封配合间隙异常,导致,状态,增压器转子对中不良,source_statement,船用废气涡轮增压器；拆装细节为VTR400示例，必须服从适用机型手册。,possible,01_datasets/marine_diesel_RAG_corpus_All_data/All_data/test/船机帮船舶柴油机废气涡轮增压器振动的主要原因有哪些.md,,增压器转子就会由于长期不运转其自重使其产生弯曲变形，破坏了转子与壳体、气封等的配合间隙，使转子失中。,edge:d3bfa1a974a30d7a4e7f768e,assertion:82e617577100dabe63acc55b
参数,燃油温度,表征,设备,试验柴油机,native_variable_dictionary,仅在本声明来源及构型范围内使用,stated,01_datasets/Marine_Engine_Fault_Data_v1/Marine_Engine_Fault_Data/variable_dictionary.csv,,"Fuel Temp.,T18,°C,number,TRUE,TRUE,temperature,",edge:d3ecc7cb047cd15a45829684,assertion:08c7b9d6829e80c87d20e4ba
故障,缸套裂纹,适用于,设备,滑油冷却器,applicability_index,海水冷却的推进柴油机滑油系统；匿名二次报道。文中压力试验参数和标准引用未独立核实，不作为通用操作依据。,stated,01_datasets/marine_diesel_RAG_corpus_All_data/All_data/test/船机帮船舶动力系统滑油水污染故障实例分析.md,,通过超声波探伤或荧光渗透法检查缸套表面及内部裂纹,edge:d40af8758d45785d8d871507,assertion:5c127aa82613520ec1484cc9
设备,主机润滑装置,记载于,来源,MAIB Safety Digest 2013 lubrication and bearing cases,provenance_index,仅在本声明来源及构型范围内使用,stated,02_reports/MAIB_2013_Safety_Digest_lubrication_bearing_cases.pdf,21,fully loaded cargo ship,edge:d43acb37ae2812f0648389dc,assertion:88a781cea7a405b54a157ea8
运维措施,按本机规格选用适用低温滑油,记载于,来源,船机帮船舶动力设备日常维护要点与常见故障排除,provenance_index,仅在本声明来源及构型范围内使用,stated,01_datasets/marine_diesel_RAG_corpus_All_data/All_data/test/船机帮船舶动力设备日常维护要点与常见故障排除.md,,并使用低凝点滑油,edge:d43e42309124678048083d26,assertion:ae9c35f53b92e9764149b63a
事故案例,滑油滤芯漏装与主机抱轴,涉及,故障,主轴承瓦片转位,case_index,仅在本声明来源及构型范围内使用,stated,02_reports/MAIB_2013_Safety_Digest_lubrication_bearing_cases.pdf,21,rotation of bearing shells and the blockage of oil ways,edge:d49e5f185ccdd7f67605d061,assertion:07a468061cc0d2389432f7b1
运维措施,按本机手册处理潮湿污染并验证绝缘,记载于,来源,STAMFORD AGN040 winding insulation system,provenance_index,仅在本声明来源及构型范围内使用,stated,02_reports/STAMFORD_AGN040_winding_insulation.pdf,6,drying out procedures,edge:d4ad1d2679438e54664ceb50,assertion:7843ddb743a0890d813818d1
运维措施,油雾报警后尽快停机检查,记载于,来源,MAIB Safety Digest 2013 lubrication and bearing cases,provenance_index,仅在本声明来源及构型范围内使用,stated,02_reports/MAIB_2013_Safety_Digest_lubrication_bearing_cases.pdf,23,stopping and inspecting the engine as soon as possible,edge:d4c889597c4a5274d8690d05,assertion:a8fd5a49c10ccaa38c4dc4d0
事故案例,盘车联锁失效与启动损坏,涉及,故障,盘车轴与齿轮损坏,case_index,仅在本声明来源及构型范围内使用,stated,02_reports/MAIB_2013_Safety_Digest_lubrication_bearing_cases.pdf,16,resulting damage to the shaft and gearing,edge:d4ca194914d9789322558ad4,assertion:1417515e410f128715a1121b
运维措施,按本机规程平稳控制换油温度与黏度,应对,故障,高压油泵卡死,source_recommendation,航浚6008/MAN L32/44CR与CR2.2；轨压数值、扭矩与拆装必须核对本机手册。,stated,01_datasets/marine_diesel_RAG_corpus_All_data/All_data/test/船机帮高压共轨柴油机燃油喷射系统故障分析.md,,保持换油过程温度、粘度平缓变化，防止变化过急造成各阀件卡阻或高压油泵卡死,edge:d4ddfba2497a9eaff45aa735,assertion:40a3b1de55a5d44f3de68c74
检查方法,热成像检查排气未保温热点,检查,状态,排气护罩存在高温表面,source_case_statement,本报告案例，不外推为所有船舶已证实根因,reported_action,02_reports/MAIB_2016_Safety_Digest_generator_oil_fire.pdf,28,thermal image will immediately identify unlagged sections,edge:d50a597a53c4ee5641b21e1c,assertion:6d71967644481744b0ce2710
状态,备用空气均压后仍不足,记载于,来源,MAIB Safety Digest 2013 lubrication and bearing cases,provenance_index,仅在本声明来源及构型范围内使用,stated,02_reports/MAIB_2013_Safety_Digest_lubrication_bearing_cases.pdf,15,air pressure equalised at a level that was insufficient,edge:d511b1e603c927365657c088,assertion:a72399f4e7eead904e119d3b
故障,离合器打滑,导致,故障,离合器活塞磨损,source_statement,GW系列船用齿轮箱；通用机理与A/B船匿名案例须区分，尺寸不能跨机型套用。,stated,01_datasets/marine_diesel_RAG_corpus_All_data/All_data/test/船机帮船用齿轮箱故障分析与管理对策.md,,两组(共21个)摩擦片之间打滑(似转非转)，内凹圈跟着从动齿轮也似转非转(本不该转)，结果磨坏了活塞的端面和外周面，润滑油的温度持续升高。,edge:d51f268f96d84479d1de2e52,assertion:f3c990b5e96d81eafd55498e
运维措施,按认可方法对冷却回路除垢,作用于,设备,冷却回路,source_recommendation,综合维护二次文章，原厂和标准出处未独立证实；不采纳文中统一周期、报警值、压力值、浮动轴承加脂和未经验证改造方案。以下仅用于检索维护主题，由适用机型规程决定具体操作。,stated,01_datasets/marine_diesel_RAG_corpus_All_data/All_data/test/船机帮船舶动力设备日常维护要点与常见故障排除.md,,使用专用清洗剂除垢,edge:d5301da0d4a10add221937fb,assertion:dd87c8434f26dea40c37b4ec
检查方法,检测冷却水硬度和抑制剂浓度,适用于,系统,燃油与进排气系统,functional_classification,MAN四冲程柴油机闭式淡水冷却；水质要求与添加剂须按具体机型手册确认。,stated,02_reports/MAN_SL2016_623_cooling_water.pdf,3,quality of the freshwater must be checked,edge:d5496a36a1aaf1d5c45ff99f,assertion:1e8c335647a174d33bab0da4
运维措施,确认堵塞超限后更换海水滤网,作用于,部件,海水滤网,source_recommendation,综合维护二次文章，原厂和标准出处未独立证实；不采纳文中统一周期、报警值、压力值、浮动轴承加脂和未经验证改造方案。以下仅用于检索维护主题，由适用机型规程决定具体操作。,stated,01_datasets/marine_diesel_RAG_corpus_All_data/All_data/test/船机帮船舶动力设备日常维护要点与常见故障排除.md,,清洗或更换堵塞率超 40% 的海水滤网,edge:d588390a7a1d02ac425e11ec,assertion:409e61ae1c91a93e54faf5fb
检查方法,隔离断电后测量主开关联锁触点通断,记载于,来源,船机帮船舶柴油发电机主开关并网合闸失败故障的分析与排查,provenance_index,仅在本声明来源及构型范围内使用,stated,01_datasets/marine_diesel_RAG_corpus_All_data/All_data/test/船机帮船舶柴油发电机主开关并网合闸失败故障的分析与排查.md,,利用万用表的欧姆档对串联在线圈 MN 的控制信号触点进行通断测量,edge:d595aa4e36a993a33d26e107,assertion:83502bc00d178c856c98483e
状态,气缸密封不良,记载于,来源,船机帮柴油机冷却水过高或过低的危害,provenance_index,仅在本声明来源及构型范围内使用,stated,01_datasets/marine_diesel_RAG_corpus_All_data/All_data/test/船机帮柴油机冷却水过高或过低的危害.md,,气环开口处被胶结又使气缸密封不严而造成压缩不良,edge:d5bf11a60e693ef3179f6b5b,assertion:c29b4dfded4b95ee8dcccefa
故障,电容内压升高与壳体破裂,记载于,来源,RMS Queen Mary 2 harmonic-filter capacitor failure and blackout,provenance_index,仅在本声明来源及构型范围内使用,stated,02_reports/MAIB_2011_28_Queen_Mary_2_harmonic_filter_failure.pdf,13,caused the capacitor casing to rupture,edge:d5cc992083e81dbc7862f1a0,assertion:5a866928d0f935a172b96aff
运维措施,按储运要求将发电机保存在防风雨建筑内,记载于,来源,STAMFORD AGN040 winding insulation system,provenance_index,仅在本声明来源及构型范围内使用,stated,02_reports/STAMFORD_AGN040_winding_insulation.pdf,6,stored within a weather protective building,edge:d5ef0490d986e865030595f8,assertion:d2f89e11ecc8cd5d71c6300d
部件,连杆螺栓,记载于,来源,船机帮船舶动力设备日常维护要点与常见故障排除,provenance_index,仅在本声明来源及构型范围内使用,stated,01_datasets/marine_diesel_RAG_corpus_All_data/All_data/test/船机帮船舶动力设备日常维护要点与常见故障排除.md,,连杆螺栓禁止重复使用，拆卸后强制换新,edge:d5fbb2efb73cf813af152468,assertion:ad9a59d4d9fcc5c3582bfd37
检查方法,检查减振器异响与振动趋势,适用于,系统,润滑与轴承系统,functional_classification,MAN L16/24、L21/31、L27/38等通函列明机型；不得推广其维护周期到其它机型。,stated,02_reports/MAN_SL2017_654_torsional_damper.pdf,1,behavior of the complete GenSet,edge:d607aadc40774996185ec3e6,assertion:83d36b20fd2d019e071c8de0
状态,活塞顶部冷却水量不足,记载于,来源,船机帮MANKSZ型柴油机活塞冷却系统故障分析,provenance_index,仅在本声明来源及构型范围内使用,stated,01_datasets/marine_diesel_RAG_corpus_All_data/All_data/val/船机帮MANKSZ型柴油机活塞冷却系统故障分析.md,,当活塞顶部冷却的喷嘴板严重堵塞时，活塞顶部钻孔冷却空间无水进行冷却，或冷却水量不足，活塞顶部容易过热,edge:d60a76893bba8ba945d61b06,assertion:ab1ab43cbf6ce73f965fb21e
状态,轴承滑油供给不足,增加风险,故障,轴瓦烧伤,secondary_source_statement,二次转载文章，船舶/原始报告身份未核实；不计入正式事故案例,secondary_stated,01_datasets/marine_diesel_RAG_corpus_All_data/All_data/train/油品课堂第六讲某船使用假冒润滑油导致主机烧瓦事故案例.md,,烧瓦的主要原因是机油供应不足且品质不佳，轴瓦产生干摩擦引起高温，使瓦面上的合金熔化,edge:d637bea9dfd6ecb054d0ebb7,assertion:aacf4bbb7b46a7743fa28e96
检查方法,监测发电机轴承运行声音,记载于,来源,船机帮船舶发电机常见故障及对策,provenance_index,仅在本声明来源及构型范围内使用,stated,01_datasets/marine_diesel_RAG_corpus_All_data/All_data/test/船机帮船舶发电机常见故障及对策.md,,注意轴承运行声音,edge:d6492728c32601ce87fd6f5f,assertion:7b9bfa769abef36188a86826
事故案例,谐波滤波电容失效与全船失电,涉及,状态,电容经历超额电压或频繁开关瞬态,case_index,仅在本声明来源及构型范围内使用,stated,02_reports/MAIB_2011_28_Queen_Mary_2_harmonic_filter_failure.pdf,62,likely to have been caused by one or both,edge:d64c2f824f760b6957b89cc8,assertion:a2e7f60375b388da991569e6
故障,水泵轴承磨损,记载于,来源,船机帮船舶动力系统滑油水污染故障实例分析,provenance_index,仅在本声明来源及构型范围内使用,stated,01_datasets/marine_diesel_RAG_corpus_All_data/All_data/test/船机帮船舶动力系统滑油水污染故障实例分析.md,,轴承磨损导致泵轴轴向位移超过密封件补偿能力。,edge:d68778d324d727c9e9b19aff,assertion:6c0773ac2c3c786ab785b627
部件,涡轮喷嘴环,记载于,来源,船机帮船舶柴油机废气涡轮增压器振动的主要原因有哪些,provenance_index,仅在本声明来源及构型范围内使用,stated,01_datasets/marine_diesel_RAG_corpus_All_data/All_data/test/船机帮船舶柴油机废气涡轮增压器振动的主要原因有哪些.md,,管理中注意压气机进气滤器、叶轮、扩压器、空气冷却器、进气口和排气口、涡轮喷嘴环、叶片等流通部分的清洁，就会防止和消除喘振，也就会使振动消失。,edge:d6abddbcef92497ca04befce,assertion:8e4b10e224e960df18b783e2
检查方法,测量转速传感器信号频率,使用参数,参数,转速传感器信号频率,explicit_check_variable,仅在本声明来源及构型范围内使用,stated,01_datasets/marine_diesel_RAG_corpus_All_data/All_data/test/船机帮某型船主机遥控系统典型故障分析.md,,用万用表测量转速传感器转速信号频率,edge:d6b6b68edc9425cfce06f25c,assertion:71d1a2e1290b97270f3c399b
故障,增压器轴承裂纹,记载于,来源,船机帮船舶柴油机废气涡轮增压器振动的主要原因有哪些,provenance_index,仅在本声明来源及构型范围内使用,stated,01_datasets/marine_diesel_RAG_corpus_All_data/All_data/test/船机帮船舶柴油机废气涡轮增压器振动的主要原因有哪些.md,,轴承长时间使用后产生磨损、变形、裂纹和烧伤时，使摩擦力矩增大，转速下降，振动和噪声大增。,edge:d6c6ee72e490ae6f0e03833a,assertion:9663d09c7bc3351c5bffb68c
设备,柴油机调速器,服务于系统,系统,电力与控制系统,functional_classification,仅在本声明来源及构型范围内使用,stated,01_datasets/marine_diesel_RAG_corpus_All_data/All_data/test/船机帮船用柴油机调速器的维护与保养十飞车故障.md,,供油联接机构、高压油泵是否有阻卡。,edge:d6cc3d0e6a66ea2ea2c0643e,assertion:b4b3d7e704aa56c73cebd1ba
状态,增压器轴向振动增大,记载于,来源,船机帮船舶柴油机废气涡轮增压器振动的主要原因有哪些,provenance_index,仅在本声明来源及构型范围内使用,stated,01_datasets/marine_diesel_RAG_corpus_All_data/All_data/test/船机帮船舶柴油机废气涡轮增压器振动的主要原因有哪些.md,,## 一 压气机喘振引起强烈振动 这种振动包含径向振动和轴向振动。,edge:d6f253889affe38fed64942f,assertion:1badf05464e05478710565bb
故障,在线滑油滤器缺少滤芯,是概念的实例,故障,在线滑油滤器缺少滤芯,concept_alignment,仅在本声明来源及构型范围内使用,stated,02_reports/MAIB_2013_Safety_Digest_lubrication_bearing_cases.pdf,21,duplex filter was found without a filter cartridge,edge:d7089649081bae709a31c650,assertion:4b25bf064e82c0de40847a11
检查方法,在安全停机状态内窥检查燃烧室,检查,部件,燃烧室,source_check,某型巡逻船试航故障二次报道；排查中已排除的原因不作为本案正向根因，油品及公差不能跨机型使用。,stated,01_datasets/marine_diesel_RAG_corpus_All_data/All_data/test/船机帮柴油机轴瓦抱轴故障分析.md,,使用内窥镜检查燃烧室情况,edge:d70fa677fc87b260d55b7af9,assertion:ccca742072724df434932a88
运维措施,仅对适用电池按厂家要求补充电解液,记载于,来源,船机帮船舶动力设备日常维护要点与常见故障排除,provenance_index,仅在本声明来源及构型范围内使用,stated,01_datasets/marine_diesel_RAG_corpus_All_data/All_data/test/船机帮船舶动力设备日常维护要点与常见故障排除.md,,补充电气系统电解液至 1.28 g/cm³，更换碳刷,edge:d72b5781a76e5f2097ed0a5f,assertion:9661f056e569438a4f2afae9
状态,柴油机排气冒黑烟,记载于,来源,船机帮柴油机冷却水过高或过低的危害,provenance_index,仅在本声明来源及构型范围内使用,stated,01_datasets/marine_diesel_RAG_corpus_All_data/All_data/test/船机帮柴油机冷却水过高或过低的危害.md,,将造成压缩终了温度下降、着火延迟和燃烧条件恶化，导致燃烧不完全、柴油机工作粗暴和排气冒黑烟。,edge:d739bef86ea1609cd74c757e,assertion:639c3e15842e0720fa8e20e6
参数,增压器滑油冷却水流量,表征,设备,试验柴油机,native_variable_dictionary,仅在本声明来源及构型范围内使用,stated,01_datasets/Marine_Engine_Fault_Data_v1/Marine_Engine_Fault_Data/variable_dictionary.csv,,"TCH LO Cooling water flow,Qw_turb,m3/h,number,TRUE,TRUE,flow / fuel / air,",edge:d73d702f86277c8a99594fbd,assertion:181cda0934d19211de92ac98
部件,螺距控制油路,记载于,来源,Pride of Canterbury CPP hydraulic overpressure and fire,provenance_index,仅在本声明来源及构型范围内使用,stated,02_reports/MAIB_2015_22_Pride_of_Canterbury_CPP_hydraulic_fire.pdf,30,Pride of Canterbury,edge:d73e6b178a2985b141fbf5e1,assertion:c0db0dd7790f972dd2589fc2
故障,连杆大端轴瓦失效,发生于,设备,DG1柴油发电机,case_equipment_index,仅在本声明来源及构型范围内使用,stated,02_reports/MAIB_2026_10_Kommandor_Susan_generator_bearing_failure.pdf,5,most likely root cause for the bearing failure is weak bonding of the copper layer,edge:d75b99f91e3eb58517210431,assertion:c5e6bcff24f61574a6840e8d
运维措施,按OEM服务程序维护CPP执行器,记载于,来源,MAIB Hebrides CPP actuator coupling failure,provenance_index,仅在本声明来源及构型范围内使用,stated,02_reports/MAIB_2017_20_Hebrides_CPP_coupling.pdf,36,service procedure for the linear servomotor,edge:d7646fd547b1236582239c4d,assertion:c2bca3aac42c7ba625243875
影响因素,未完成厂商四螺钉法兰改造,记载于,来源,Stena Europe pressurised fuel spray and engine-room fire,provenance_index,仅在本声明来源及构型范围内使用,stated,02_reports/MAIB_2024_20_Stena_Europe_fuel_spray_fire.pdf,29,risk of fuel leakage remained high,edge:d7696b6ceaf2130421ea0e69,assertion:6662aec922afbffccf8da44b
状态,缸套与活塞环干摩擦,导致,状态,缸套摩擦副摩擦系数增大,source_statement,船用柴油机摩擦副；二次维修文章，机型及根因须核实；不能以某一症状直接确诊拉缸。,stated,01_datasets/marine_diesel_RAG_corpus_All_data/All_data/test/船机帮船用柴油机的拉缸故障.md,,若由于某种原因，油膜变薄或遭到破坏，因润滑不良出现干摩擦或半干摩擦，缸套与活塞环的摩擦系数突然增大，造成局部高温粘附磨损的过程。,edge:d7795e891bb891609892e2c4,assertion:a6a38da317013e6086fa4d27
参数,1缸最低缸压,表征,设备,试验柴油机,native_variable_dictionary,仅在本声明来源及构型范围内使用,stated,01_datasets/Marine_Engine_Fault_Data_v1/Marine_Engine_Fault_Data/variable_dictionary.csv,,"Min. In-Cylinder Press. No.1,Pmin,MPa,number,TRUE,TRUE,pressure / derived pressure,shorthand label is reused across cylinder-resolved and/or aggregate variables; use the full variable-name row during preprocessing",edge:d7932d0dba0ec73bbfdecad4,assertion:cd160e1dd5bf6e6366c7cc22
状态,停机时并联机组拖转,记载于,来源,Wight Sky multiple engine failures,provenance_index,仅在本声明来源及构型范围内使用,stated,02_reports/MAIB_2022_04_Wight_Sky_multiple_engine_failures.pdf,85,inability to immediately declutch and therefore stop an engine,edge:d799640266ab4cda535c44e8,assertion:0919202da37117d1a194c80b
运维措施,按电池安全规程清洁蓄电池接线端子,作用于,部件,蓄电池接线端子,source_recommendation,Caterpillar3512冬季维护经验，原始应用场景不一定为船舶；仅提取可迁移维护主题，必须核对船用构型，排除未获批准的自主回油改造及统一数值。,stated,01_datasets/marine_diesel_RAG_corpus_All_data/All_data/test/船机帮冬季卡特柴油发电机组的安全运行.md,,平时及时清理蓄电池上的接线端子和电池卡子上的附着物。,edge:d7bd8403e01e44192d2dd311,assertion:e32fd7b3115d8b7335f7be27
故障,CPP倒车响应迟缓,记载于,来源,MAIB Safety Digest 2016 generator oil fire case,provenance_index,仅在本声明来源及构型范围内使用,stated,02_reports/MAIB_2016_Safety_Digest_generator_oil_fire.pdf,29,parameters for astern pitch control had been incorrectly set,edge:d7bf6e3d23842991357ca9d4,assertion:93f54ae6a89b84aa0ffd9c98
检查方法,日常检查喷油器状态,检查,部件,喷油器,source_check,共轨柴油机排气阀，厂家与具体型号未确定；仅作机理检索测试，不作直接操作授权。,stated,01_datasets/marine_diesel_RAG_corpus_All_data/All_data/test/船机帮船用共轨柴油机排气阀常见故障与排除.md,,包括对喷油器、排气阀阀杆、弹簧、阀壳等检查，确保各部件工况正常。,edge:d7d17e4c85951074283457fe,assertion:5575ca2ff1f58c77686920b9
状态,排气阀密封不良,导致,状态,排气阀高温燃气泄漏,source_statement,共轨柴油机排气阀，厂家与具体型号未确定；仅作机理检索测试，不作直接操作授权。,possible,01_datasets/marine_diesel_RAG_corpus_All_data/All_data/test/船机帮船用共轨柴油机排气阀常见故障与排除.md,,排气阀烧损，一般是排气阀密封不良，造成高温燃气泄漏，烧穿金属材料。,edge:d7ef6c705cf3a837cf43f8c0,assertion:e2601717915c8f0634fce380
运维措施,机舱及时通报推进控制异常,应对,故障,误选CPP备用控制模式,source_case_statement,本报告案例，不外推为所有船舶已证实根因,reported_action,02_reports/MAIB_2016_Safety_Digest_generator_oil_fire.pdf,21,keep the bridge team informed of the status,edge:d7f09f06f8905578950d0020,assertion:8cb3a374883268f521a19505
故障,柴油机密封件漏油,适用于,设备,柴油机,applicability_index,柴油机水冷机理二次资料；文中80–90℃等数值不能当作所有机型阈值。,stated,01_datasets/marine_diesel_RAG_corpus_All_data/All_data/test/船机帮柴油机冷却水过高或过低的危害.md,,一些纸质、橡胶密封件因高温而失去弹性或者密封功能下降，造成柴油机密封件部位向外漏油,edge:d7f479abc6817af6d165040f,assertion:b1d0f5fef33ace7a8dc2b2af
故障,盘车轴与齿轮损坏,记载于,来源,MAIB Safety Digest 2013 lubrication and bearing cases,provenance_index,仅在本声明来源及构型范围内使用,stated,02_reports/MAIB_2013_Safety_Digest_lubrication_bearing_cases.pdf,16,resulting damage to the shaft and gearing,edge:d82afcd113808e5f005fae10,assertion:b1d3a5edab93460f66db36e5
检查方法,定期功能测试盘车启动联锁,检查,故障,盘车安全联锁失效,source_case_statement,本报告案例，不外推为所有船舶已证实根因,derived_action,02_reports/MAIB_2013_Safety_Digest_lubrication_bearing_cases.pdf,18,no record of it having been tested,edge:d82cafbad3799b8cddd13b69,assertion:42bf55a29c2480d41ade295c
检查方法,设计复核原动机支承发电机转子质量的能力,适用于,设备,交流发电机,applicability_index,STAMFORD/AvK发电机：滚动轴承与滑动轴承、单/双轴承构型分别适用，不能跨型号套用。,stated,02_reports/STAMFORD_AGN076_alternator_bearings.pdf,7,The suitability of the prime mover to support the alternator’s rotor mass,edge:d83351a804a8d41dcc73b456,assertion:77fce538ff540585ce321b56
故障,增压器轴承烧伤,属于概念类别,故障,增压器轴承损伤,curator_concept_taxonomy,依据该文故障枚举整理的概念包含关系，非事故根因关系,stated,01_datasets/marine_diesel_RAG_corpus_All_data/All_data/test/船机帮船舶柴油机废气涡轮增压器振动的主要原因有哪些.md,,轴承长时间使用后产生磨损、变形、裂纹和烧伤时,edge:d8582c5ccafe0fe970667f99,assertion:6089f9999c46b0f59704d7ee
故障,高温报警线束烧损短路,记载于,来源,MAIB Safety Digest 2013 lubrication and bearing cases,provenance_index,仅在本声明来源及构型范围内使用,stated,02_reports/MAIB_2013_Safety_Digest_lubrication_bearing_cases.pdf,41,causing it to short circuit and set off the alarm,edge:d8588911b2b05d776732aa0b,assertion:510c266d678fbd4f92f3bd3c
运维措施,停用故障主机并查明报警原因,适用于,设备,左舷主机,applicability_index,本报告案例，不外推为所有船舶已证实根因,stated,02_reports/MAIB_2018_01_Windcat8_bearing_failure_fire.pdf,11,stop the affected engine when a high oil temperature alarm activates,edge:d8600452ef295b26ea8af1ef,assertion:b275a52eaa2276844a4ab69b
故障,增压器轴承变形,记载于,来源,船机帮船舶柴油机废气涡轮增压器振动的主要原因有哪些,provenance_index,仅在本声明来源及构型范围内使用,stated,01_datasets/marine_diesel_RAG_corpus_All_data/All_data/test/船机帮船舶柴油机废气涡轮增压器振动的主要原因有哪些.md,,轴承长时间使用后产生磨损、变形、裂纹和烧伤时，使摩擦力矩增大，转速下降，振动和噪声大增。,edge:d860ea2011849e572b22f666,assertion:a25406a6a93d7a71c3e7907f
参数,增压器滑油泵压力原始电压信号,记载于,来源,variable_dictionary,provenance_index,仅在本声明来源及构型范围内使用,stated,01_datasets/Marine_Engine_Fault_Data_v1/Marine_Engine_Fault_Data/variable_dictionary.csv,,"TCH LO pump Press.,Pl_loturb,V,number,TRUE,TRUE,pressure / derived pressure,raw voltage signal associated with turbocharger LO pump pressure; not converted to engineering pressure units",edge:d883081f7c4472c7fe2a1b84,assertion:ac48b358634cc5b6c2d6ccbf
检查方法,检查调速器驱动轴完整性,检查,故障,调速器驱动轴扭断,source_check,调速器维修经验；不同调速器针阀与补偿调节不可照抄，飞车必须执行本船应急规程。,stated,01_datasets/marine_diesel_RAG_corpus_All_data/All_data/test/船机帮船用柴油机调速器的维护与保养十飞车故障.md,,调速器驱动轴是否扭断。,edge:d8850efadbef37514b71a1f0,assertion:830dc5dccaec81c23ff1dd66
检查方法,按规范进行齿轮箱空转试验,检查,设备,减速齿轮箱,source_check,GW系列船用齿轮箱；通用机理与A/B船匿名案例须区分，尺寸不能跨机型套用。,stated,01_datasets/marine_diesel_RAG_corpus_All_data/All_data/test/船机帮船用齿轮箱故障分析与管理对策.md,,应按照规定进行空转试验(一般不小于4h)，核查运转、温度、功耗等情况；,edge:d88c268346910eb5b9ec688f,assertion:3501a5baf27482b9603647d7
检查方法,检查扫气冷却器流量及水侧状态,检查,状态,扫气空气冷却器水流量过低,source_guidance_statement,扫气空气冷却器水侧；该证据描述低流量局部沸腾及管路汽蚀，不等同于已证明所有冷却泵汽蚀由此引起。,derived_action,02_reports/MAN_main_engine_auxiliary_efficiency.pdf,11,maintains a constant cooling water flow,edge:d89813f2b45b846f5929b0b8,assertion:6ef5dad7bf624699218ecf45
设备,艉部谐波滤波器,记载于,来源,RMS Queen Mary 2 harmonic-filter capacitor failure and blackout,provenance_index,仅在本声明来源及构型范围内使用,stated,02_reports/MAIB_2011_28_Queen_Mary_2_harmonic_filter_failure.pdf,13,explosion was triggered by deterioration in the capacitors,edge:d8b141cccbbfba3f9fe410d3,assertion:8fe91ca6b0621853b2993b54
故障,发电机短路或非同期并机,导致,状态,联轴器瞬态转矩冲击,source_guidance_statement,内燃机-发电机传动链一般机理；证据支持扭振导致失效风险及电气故障转矩冲击，但未建立某大型船主轴联轴器断裂的已证实事故链。,guidance,02_reports/STAMFORD_AGN035_fault_protection.pdf,5,transient peak torque demand,edge:d8daf4c1af61611f210335c1,assertion:0c496dcbdc8d4455b77b0e77
检查方法,用示波器观察转速信号波形,使用参数,参数,转速信号波形,explicit_check_variable,仅在本声明来源及构型范围内使用,stated,01_datasets/marine_diesel_RAG_corpus_All_data/All_data/test/船机帮某型船主机遥控系统典型故障分析.md,,通过示波表监测转速信号波形,edge:d929de2bfec9ff8d880ec8ae,assertion:4dcef2ae372ae435b9bb7dd7
检查方法,核验CPP倒车控制参数,记载于,来源,MAIB Safety Digest 2016 generator oil fire case,provenance_index,仅在本声明来源及构型范围内使用,stated,02_reports/MAIB_2016_Safety_Digest_generator_oil_fire.pdf,29,parameters for astern pitch control had been incorrectly set,edge:d937587a5672440721cb1cd9,assertion:e0dcd94a5e9b0b1442e910a3
运维措施,响应轴承磨损报警并按安全程序降负荷,记载于,来源,MAN SL2013-569 bearing wear monitoring and bearing seizure,provenance_index,仅在本声明来源及构型范围内使用,stated,02_reports/MAN_SL2013_569_bearing_wear_monitoring.pdf,2,automatic slow-down/load reduction,edge:d944a56511530d0c2cb90327,assertion:21f7582df415f1ffdc92b38c
参数,滑油冷却水流量,表征,设备,试验柴油机,native_variable_dictionary,仅在本声明来源及构型范围内使用,stated,01_datasets/Marine_Engine_Fault_Data_v1/Marine_Engine_Fault_Data/variable_dictionary.csv,,"LO Cooling water flow,Qw_lo,m3/h,number,TRUE,TRUE,flow / fuel / air,",edge:d950e7f50195f1a92ebf07a0,assertion:163df9e1fad23658239c3b61
设备,ME3主机燃油供给与排气装置,服务于系统,系统,传动与推进系统,functional_classification,仅在本声明来源及构型范围内使用,stated,02_reports/MAIB_2024_20_Stena_Europe_fuel_spray_fire.pdf,7,fuel leaking under pressure,edge:d95a95139808e496a82a4ea7,assertion:a4ab85e7e234c2bd73eb57b4
运维措施,按适用机型维护接地刷与绝缘轴承,记载于,来源,STAMFORD AGN033 shaft bearing currents,provenance_index,仅在本声明来源及构型范围内使用,stated,02_reports/STAMFORD_AGN033_bearing_currents.pdf,3,rotor earthing brush and insulated bearings,edge:d98f726f06d0cbd763a88219,assertion:b7c89474e7fe39217ff7a888
参数,1缸有效功率,表征,设备,试验柴油机,native_variable_dictionary,仅在本声明来源及构型范围内使用,stated,01_datasets/Marine_Engine_Fault_Data_v1/Marine_Engine_Fault_Data/variable_dictionary.csv,,"Effective Work No.1,We,kW,number,TRUE,TRUE,performance / derived,shorthand label is reused across cylinder-resolved and/or aggregate variables; use the full variable-name row during preprocessing",edge:d99bd23347498fc7dcd126d8,assertion:8c383166a314cf89800cff40
运维措施,按厂家保养计划更换空气滤清器滤芯,适用于,设备,柴油发电机,applicability_index,Caterpillar3512冬季维护经验，原始应用场景不一定为船舶；仅提取可迁移维护主题，必须核对船用构型，排除未获批准的自主回油改造及统一数值。,stated,01_datasets/marine_diesel_RAG_corpus_All_data/All_data/test/船机帮冬季卡特柴油发电机组的安全运行.md,,空气滤清器滤芯每年至少应更换一次。,edge:d9ab6f5d914bf5228c160377,assertion:9c47b9ce35365649cf2432ba
故障,止推轴承损伤,记载于,来源,船机帮柴油机轴瓦抱轴故障分析,provenance_index,仅在本声明来源及构型范围内使用,stated,01_datasets/marine_diesel_RAG_corpus_All_data/All_data/test/船机帮柴油机轴瓦抱轴故障分析.md,,"对中超差后柴油机轴向跳动会对柴油机止推轴承造成损伤,而径向跳动超差会对柴油机主轴承造成损伤。",edge:d9b14daf0d696b919de35b6e,assertion:e653af91b543ff9bb066d198
设备,ME3主机燃油供给与排气装置,包含部件,部件,ME3燃油双螺钉法兰,asset_index,仅在本声明来源及构型范围内使用,stated,02_reports/MAIB_2024_20_Stena_Europe_fuel_spray_fire.pdf,7,fuel leaking under pressure,edge:d9b4b7d1453c8697e389064b,assertion:5fbe29dc6e7f278160dc3344
设备,可调螺距桨推进装置,记载于,来源,MAIB Safety Digest 2016 generator oil fire case,provenance_index,仅在本声明来源及构型范围内使用,stated,02_reports/MAIB_2016_Safety_Digest_generator_oil_fire.pdf,29,chemical tanker,edge:d9be0265f08aa504a0431097,assertion:e5139a7834726085d3a22277
故障,缸套黏着拉伤,适用于,设备,柴油机,applicability_index,柴油机水冷机理二次资料；文中80–90℃等数值不能当作所有机型阈值。,stated,01_datasets/marine_diesel_RAG_corpus_All_data/All_data/test/船机帮柴油机冷却水过高或过低的危害.md,,由于气缸的温度太高，缸壁上的润滑油容易烧焦、积炭，促使零件磨损加快，严重时会造成拉缸、抱轴和烧瓦等事故。,edge:d9c64a69fa1047c308a3a504,assertion:4caa6cf8dbd1452a80c4afca
设备,可调螺距桨推进装置,服务于系统,系统,传动与推进系统,functional_classification,仅在本声明来源及构型范围内使用,stated,02_reports/MAIB_2016_Safety_Digest_generator_oil_fire.pdf,29,chemical tanker,edge:d9cd3d8cbfa7807b22d17dfe,assertion:06351def0123967c7f074e2e
参数,燃油流量,表征,设备,试验柴油机,native_variable_dictionary,仅在本声明来源及构型范围内使用,stated,01_datasets/Marine_Engine_Fault_Data_v1/Marine_Engine_Fault_Data/variable_dictionary.csv,,"Fuel Flow,Qfuel,m3/h,number,TRUE,TRUE,flow / fuel / air,",edge:d9d630dfb6bc9d61d6540555,assertion:7fae17d5b6f19ab2d48b283a
状态,海水经泵进口管大量流入,是概念的实例,状态,海水经泵进口管大量流入,concept_alignment,仅在本声明来源及构型范围内使用,stated,02_reports/MAIB_2016_Safety_Digest_generator_oil_fire.pdf,40,water started to flow from the inlet pipe,edge:d9d6fccac9e81f1faa2f9dd4,assertion:6bd37fff7121fb1dfa00fc79
运维措施,按环境要求配置发电机机罩空间加热,作用于,部件,发电机机罩空间加热器,source_manufacturer_recommendation,STAMFORD/AvK对应交流发电机型号；AGN040应与本机Owner Manual联合使用；干燥与绝缘处置仅由合格人员实施。,guidance,02_reports/STAMFORD_AGN040_winding_insulation.pdf,7,capable of maintaining low RH values within the Generating Set enclosure,edge:d9dcbd1242c2c368cb2df766,assertion:6beef00aad7d4aaf66c308e1
运维措施,完成认可修复后更换被污染滑油,适用于,设备,滑油冷却器,applicability_index,海水冷却的推进柴油机滑油系统；匿名二次报道。文中压力试验参数和标准引用未独立核实，不作为通用操作依据。,stated,01_datasets/marine_diesel_RAG_corpus_All_data/All_data/test/船机帮船舶动力系统滑油水污染故障实例分析.md,,故障修复后，船员对系统滑油进行换新,edge:d9e6eae8cedffded3edad7c1,assertion:4af6d25c478c582929c7b627
检查方法,检测转速传感器信号线绝缘,适用于,设备,主机遥控控制装置,applicability_index,12V20/27、双机双轴双桨定距推进的文中闭环调速构型；信号接口及间隙不可跨机型套用。,stated,01_datasets/marine_diesel_RAG_corpus_All_data/All_data/test/船机帮某型船主机遥控系统典型故障分析.md,,转速传感器外观检查无损伤，测量信号线绝缘正常，实验室交验功能正常,edge:d9f0140474c264572e8ec7aa,assertion:961bb82cc431cf1f30c52c25
事故案例,可调螺距桨倒车响应迟缓与码头碰撞,记载于,来源,MAIB Safety Digest 2016 generator oil fire case,provenance_index,仅在本声明来源及构型范围内使用,stated,02_reports/MAIB_2016_Safety_Digest_generator_oil_fire.pdf,29,chemical tanker,edge:da2ad32522d68489110602a6,assertion:5927035980e7340db72ab930
状态,缸套外表面油漆变黄,记载于,来源,船机帮船用柴油机的拉缸故障,provenance_index,仅在本声明来源及构型范围内使用,stated,01_datasets/marine_diesel_RAG_corpus_All_data/All_data/test/船机帮船用柴油机的拉缸故障.md,,缸套外表面油漆面变黄，防锈油变黑；,edge:da3430cc232ebc7ad6b66a23,assertion:bfffcc5327bcd83c4b0a8587
状态,燃油喷向裸露高温排气歧管,记载于,来源,Stena Europe pressurised fuel spray and engine-room fire,provenance_index,仅在本声明来源及构型范围内使用,stated,02_reports/MAIB_2024_20_Stena_Europe_fuel_spray_fire.pdf,29,fuel sprayed onto the exposed exhaust manifold,edge:da36532dfcce221d2865969a,assertion:8b442e90a5cf7a651c89cd66
状态,轴承润滑脂不足或对中不良,记载于,来源,STAMFORD AGN039 marine shaft generators,provenance_index,仅在本声明来源及构型范围内使用,stated,02_reports/STAMFORD_AGN039_marine_shaft_generators.pdf,2,bearing regreasing instructions,edge:da3f6c7d7ee5704fe02566fd,assertion:b88d2665ace1ce54b4dd55db
事故案例,左舷主机轴瓦失效与火灾,涉及,运维措施,停用故障主机并查明报警原因,case_index,仅在本声明来源及构型范围内使用,stated,02_reports/MAIB_2018_01_Windcat8_bearing_failure_fire.pdf,11,stop the affected engine when a high oil temperature alarm activates,edge:da8274b0c8e1d42e3dd0e1cc,assertion:736716841bda3b078ae334f8
检查方法,隔离后由合格人员检测绝缘电阻与极化指数,适用于,系统,电力与控制系统,functional_classification,STAMFORD/AvK发电机；检测与干燥作业须停电隔离，由合格人员依本机手册执行，本文不提供通用阈值或操作命令。,stated,02_reports/STAMFORD_AGN040_winding_insulation.pdf,6,Polarization Index,edge:daa3cb851429b1e6a43ad10d,assertion:dddc4328abb0bce5d3f4a682
运维措施,按制造商工艺更换活塞销轴套,适用于,设备,主机,applicability_index,本报告案例，不外推为所有船舶已证实根因,stated,02_reports/MAIB_2021_02_Finlandia_Seaways_connecting_rod_failure.pdf,56,recommended procedures for overhauling the connecting rod small ends had not been followed,edge:dab3648cf893139633ee9ab9,assertion:22100ae0c34054feebf4a354
状态,船舶沉没,记载于,来源,MAIB Safety Digest 2016 generator oil fire case,provenance_index,仅在本声明来源及构型范围内使用,stated,02_reports/MAIB_2016_Safety_Digest_generator_oil_fire.pdf,60,vessel sink in deep water,edge:dac292d53c7a36bc81c9ba6b,assertion:fc1e2f2178d993bf667553b2
状态,排温偏高长期运行,增加风险,故障,缸套黏着拉伤,source_statement,船用柴油机摩擦副；二次维修文章，机型及根因须核实；不能以某一症状直接确诊拉缸。,possible,01_datasets/marine_diesel_RAG_corpus_All_data/All_data/test/船机帮船用柴油机的拉缸故障.md,,柴油机参数异常没及时发现，高温水温度过高，冷却效果差，低温水温度过高，造成扫气温度高，排温偏高长期运行可造成拉缸，长时间超负荷运行，也可造成拉缸，长时间用劣质的燃油也可造成拉缸，应该定期检查做好早发现早预防，避免重大损失。,edge:dac70cd5bcbe64eba858aac2,assertion:c8e8a9988715cad03d355dee
运维措施,按手册更换磨损喷油控制电磁阀,应对,故障,喷油控制电磁阀磨损,source_recommendation,航浚6008/MAN L32/44CR与CR2.2；轨压数值、扭矩与拆装必须核对本机手册。,stated,01_datasets/marine_diesel_RAG_corpus_All_data/All_data/test/船机帮高压共轨柴油机燃油喷射系统故障分析.md,,如果该缸喷油时长明显小于其他各缸，则基本可以断定该缸喷油控制电磁阀故障，一般是磨损造成通流面积变大所致，需换新喷油控制电磁阀；也有可能是阀芯卡在较大开度位置所致，需解体清洁活络阀芯。,edge:dacb26c966c694e531cb2700,assertion:aa6041934ce338ec0b74b920
状态,机舱火灾,记载于,来源,Stena Europe pressurised fuel spray and engine-room fire,provenance_index,仅在本声明来源及构型范围内使用,stated,02_reports/MAIB_2024_20_Stena_Europe_fuel_spray_fire.pdf,7,igniting on an exposed hot surface,edge:dafaa1b83dfcd860ad132cc9,assertion:65a28822014aec4da96b425e
状态,柴油机轴向跳动超差,增加风险,故障,止推轴承损伤,source_statement,某型巡逻船试航故障二次报道；排查中已排除的原因不作为本案正向根因，油品及公差不能跨机型使用。,possible,01_datasets/marine_diesel_RAG_corpus_All_data/All_data/test/船机帮柴油机轴瓦抱轴故障分析.md,,"对中超差后柴油机轴向跳动会对柴油机止推轴承造成损伤,而径向跳动超差会对柴油机主轴承造成损伤。",edge:db0703855a6e8439b5fa65e7,assertion:f8630989ca335ea8d47054d9
状态,被冷却部件热过载,促成,故障,排气阀座开裂泄漏,source_guidance_statement,MAN四冲程柴油机闭式淡水冷却；水质要求与添加剂须按具体机型手册确认。,possible,02_reports/MAN_SL2016_623_cooling_water.pdf,2,cracks and leakages,edge:db1a473c8e042a4239d72b7d,assertion:8255a0e2f1758f56b30f4b61
检查方法,日常检查排气阀阀杆状态,适用于,设备,共轨柴油机,applicability_index,共轨柴油机排气阀，厂家与具体型号未确定；仅作机理检索测试，不作直接操作授权。,stated,01_datasets/marine_diesel_RAG_corpus_All_data/All_data/test/船机帮船用共轨柴油机排气阀常见故障与排除.md,,包括对喷油器、排气阀阀杆、弹簧、阀壳等检查，确保各部件工况正常。,edge:db1f81c570dd42f9702d93b4,assertion:8ae8f2c1b36cd78ac11e158f
故障,压缩机滑油排出管脱开,记载于,来源,MAIB Safety Digest 2013 lubrication and bearing cases,provenance_index,仅在本声明来源及构型范围内使用,stated,02_reports/MAIB_2013_Safety_Digest_lubrication_bearing_cases.pdf,14,bottom end bearing had overheated and failed,edge:db20904066a68497d3243e84,assertion:2df2ab9613f39272fd2403f9
检查方法,按容量要求测试遥控电源带载能力,检查,状态,遥控电源带载能力下降,source_check,12V20/27、双机双轴双桨定距推进的文中闭环调速构型；信号接口及间隙不可跨机型套用。,stated,01_datasets/marine_diesel_RAG_corpus_All_data/All_data/test/船机帮某型船主机遥控系统典型故障分析.md,,用福禄克F124型示波器检测各电源模块输出端绝缘正常，输出稳定；测量空载电压，纹波在0.1 V以内；按照各电源模块设计负荷的60%通过电子负载进行带载试验,edge:db423922731eef8f6a55c4ff,assertion:4abadfadd3eae11b3f4c8a2b
事故案例,滑油滤芯漏装与主机抱轴,记载于,来源,MAIB Safety Digest 2013 lubrication and bearing cases,provenance_index,仅在本声明来源及构型范围内使用,stated,02_reports/MAIB_2013_Safety_Digest_lubrication_bearing_cases.pdf,21,fully loaded cargo ship,edge:db624ffac3e34d14eda72f14,assertion:614c52630bb2934f53a44b28
状态,全船失电,记载于,来源,RMS Queen Mary 2 harmonic-filter capacitor failure and blackout,provenance_index,仅在本声明来源及构型范围内使用,stated,02_reports/MAIB_2011_28_Queen_Mary_2_harmonic_filter_failure.pdf,13,led to the generators shutting down,edge:db785f29329af8dd86e25e9e,assertion:d963147e9a0c7b0eb17492fb
故障,油底壳道门螺栓松动,记载于,来源,船机帮船舶动力系统滑油水污染故障实例分析,provenance_index,仅在本声明来源及构型范围内使用,stated,01_datasets/marine_diesel_RAG_corpus_All_data/All_data/test/船机帮船舶动力系统滑油水污染故障实例分析.md,,道门垫片老化或紧固螺栓松动导致机舱积水渗入。,edge:db896da6a0be484c4c3f93ba,assertion:76b127077c704a285a0dd51c
故障,主轴承咬死,适用于,设备,柴油机,applicability_index,柴油机水冷机理二次资料；文中80–90℃等数值不能当作所有机型阈值。,stated,01_datasets/marine_diesel_RAG_corpus_All_data/All_data/test/船机帮柴油机冷却水过高或过低的危害.md,,由于气缸的温度太高，缸壁上的润滑油容易烧焦、积炭，促使零件磨损加快，严重时会造成拉缸、抱轴和烧瓦等事故。,edge:dbabdaa893981dfafbb0f5bf,assertion:766090ee69922d9f9eac1180
故障,高压燃油管密封面损伤,适用于,设备,高压共轨燃油喷射装置,applicability_index,航浚6008/MAN L32/44CR与CR2.2；轨压数值、扭矩与拆装必须核对本机手册。,stated,01_datasets/marine_diesel_RAG_corpus_All_data/All_data/test/船机帮高压共轨柴油机燃油喷射系统故障分析.md,,可清洁密封面并涂专用白油，按说明书要求规范对中安装；发现有明显伤痕，则需更换高压油管或有关零部件。,edge:dbb977f186ca0b721f9a1c7b,assertion:a2a305251411402b6a5755df
运维措施,按手册疏通泄漏报警盒节流孔,适用于,设备,高压共轨燃油喷射装置,applicability_index,航浚6008/MAN L32/44CR与CR2.2；轨压数值、扭矩与拆装必须核对本机手册。,stated,01_datasets/marine_diesel_RAG_corpus_All_data/All_data/test/船机帮高压共轨柴油机燃油喷射系统故障分析.md,,报警是因为报警检测盒内部节流孔堵塞所致的误报警，疏通即可。,edge:dbc33e8da705731bd86028c5,assertion:a943fd1d46bbd314f23b1156
故障,连杆盖配合面微动磨损,适用于,设备,ME4主机,applicability_index,本报告案例，不外推为所有船舶已证实根因,stated,02_reports/MAIB_2022_04_Wight_Sky_multiple_engine_failures.pdf,84,transposition of the bearing caps reduced the metal-to-metal contact,edge:dbc8b2943e5b2c169aec2196,assertion:bbc715fd903c2aa3d27a98f7
设备,柴油发电机润滑与排气装置,包含部件,部件,滑油泵堵头,asset_index,仅在本声明来源及构型范围内使用,stated,02_reports/MAIB_2016_Safety_Digest_generator_oil_fire.pdf,26,fully loaded ro-ro passenger ferry,edge:dbe2ad07cc6cad759b681539,assertion:078e856291adaf223374bd5f
系统,电力与控制系统,记载于,来源,Pride of Canterbury CPP hydraulic overpressure and fire,provenance_index,仅在本声明来源及构型范围内使用,stated,02_reports/MAIB_2015_22_Pride_of_Canterbury_CPP_hydraulic_fire.pdf,30,Pride of Canterbury,edge:dbe78934502165359a574a68,assertion:c5a7710543eb2a0784700456
设备,燃油滤器,记载于,来源,船机帮船舶动力设备日常维护要点与常见故障排除,provenance_index,仅在本声明来源及构型范围内使用,stated,01_datasets/marine_diesel_RAG_corpus_All_data/All_data/test/船机帮船舶动力设备日常维护要点与常见故障排除.md,,更换燃油系统滤器并进行手动排气，通过试验台校准雾化锥角,edge:dbfe5f346009c63ccd36e485,assertion:4df5d87f153358f64b5a708c
影响因素,回油法兰未设喷溅保护,增加风险,状态,液压油喷向高温排气管,source_case_statement,本报告案例，不外推为所有船舶已证实根因,reported,02_reports/MAIB_2015_22_Pride_of_Canterbury_CPP_hydraulic_fire.pdf,30,no evidence after the fire of shielding on the flanged joints,edge:dc02cb12f24a647b1b21ad64,assertion:d2e79d9a7b6c953807d7740e
故障,活塞环与缸套磨损,适用于,系统,润滑与轴承系统,functional_classification,MAN B&W两冲程柴油机缸套/活塞环；2016通函用于机理，润滑油选择须查2023通函及本机手册。不能把活塞咬死一概等同于已证实拉缸。,stated,02_reports/MAN_SL2019_685_ring_coating_wear.pdf,2,high iron content,edge:dc7cdee57b2c2b6f2b451a42,assertion:18946aaa0d3680aa890a2d01
事故案例,误选可调螺距桨备用模式与泊位碰撞,涉及,部件,右舷可调螺距桨,case_index,仅在本声明来源及构型范围内使用,stated,02_reports/MAIB_2016_Safety_Digest_generator_oil_fire.pdf,19,large roll-on roll-off passenger ferry,edge:dc91fc06849a2d965db820d7,assertion:b3a1f93257e0fbcc178f877e
状态,谐波滤波器爆炸,记载于,来源,RMS Queen Mary 2 harmonic-filter capacitor failure and blackout,provenance_index,仅在本声明来源及构型范围内使用,stated,02_reports/MAIB_2011_28_Queen_Mary_2_harmonic_filter_failure.pdf,13,explosion was triggered by deterioration,edge:dcae8c81d925f6a490f0d5a2,assertion:0b1921c1c436cdb2552ef18c
设备,柴油机调速器,记载于,来源,船机帮船用柴油机调速器的维护与保养十飞车故障,provenance_index,仅在本声明来源及构型范围内使用,stated,01_datasets/marine_diesel_RAG_corpus_All_data/All_data/test/船机帮船用柴油机调速器的维护与保养十飞车故障.md,,供油联接机构、高压油泵是否有阻卡。,edge:dcd02409e05f45dea3d4dfae,assertion:a9f3bd0d8c6efb030c24451c
参数,发动机滑油温度出口,记载于,来源,variable_dictionary,provenance_index,仅在本声明来源及构型范围内使用,stated,01_datasets/Marine_Engine_Fault_Data_v1/Marine_Engine_Fault_Data/variable_dictionary.csv,,"LO Temp. Engine Out,T11,°C,number,TRUE,TRUE,temperature,",edge:dcdbf0fce3f2cab1ec11f9c3,assertion:f727aa222f190d5c5de999b7
状态,机舱进水,记载于,来源,MAIB Safety Digest 2016 generator oil fire case,provenance_index,仅在本声明来源及构型范围内使用,stated,02_reports/MAIB_2016_Safety_Digest_generator_oil_fire.pdf,40,master that the engine room was flooding,edge:dce058e61255aa3395bf14ff,assertion:6844450f9fd06faf80777fe3
状态,机舱火灾,记载于,来源,Stena Europe pressurised fuel spray and engine-room fire,provenance_index,仅在本声明来源及构型范围内使用,stated,02_reports/MAIB_2024_20_Stena_Europe_fuel_spray_fire.pdf,7,igniting on an exposed hot surface,edge:dcf23ffcdd7236b0411b8e54,assertion:9c75b44eb4e73b0a22cfac9a
故障,主轴承瓦片转位,导致,故障,连杆大端轴承断油,source_case_statement,本报告案例，不外推为所有船舶已证实根因,reported,02_reports/MAIB_2018_14_Wight_Sky_engine_bearing_fire.pdf,14,lubrication supply to big end bearing 4 was blocked,edge:dd02f894b01c7187ac5727a5,assertion:a202058d21445781178bcdf5
运维措施,按厂家要求保持发电机绕组干燥,作用于,部件,发电机绕组,source_manufacturer_recommendation,STAMFORD/AvK对应交流发电机型号；AGN040应与本机Owner Manual联合使用；干燥与绝缘处置仅由合格人员实施。,guidance,02_reports/STAMFORD_AGN040_winding_insulation.pdf,7,keep the wound component clean and dry,edge:dd0a696dd9d87bc24d68b0e0,assertion:60ab4cdba9ff2bd0c183b3f8
运维措施,按本机规程维持备车供油与共轨冲洗,应对,状态,共轨燃油系统污染,source_recommendation,航浚6008/MAN L32/44CR与CR2.2；轨压数值、扭矩与拆装必须核对本机手册。,stated,01_datasets/marine_diesel_RAG_corpus_All_data/All_data/test/船机帮高压共轨柴油机燃油喷射系统故障分析.md,,停车后或备车时的盘车过程，都要保持供油单元正常运行，以保证对共轨系统的冲洗,edge:dd34a61978ab92177d4d084c,assertion:63347823de283638bd15440e
运维措施,按本机要求执行停机前冷却运行,记载于,来源,船机帮冬季卡特柴油发电机组的安全运行,provenance_index,仅在本声明来源及构型范围内使用,stated,01_datasets/marine_diesel_RAG_corpus_All_data/All_data/test/船机帮冬季卡特柴油发电机组的安全运行.md,,待油温、水温有明显下降时，关闭柴油机。,edge:dd39cbe0a9b2275fb0bd49df,assertion:30169c46a77d687ff3a50c4e
状态,船舶沉没,是概念的实例,状态,船舶沉没,concept_alignment,仅在本声明来源及构型范围内使用,stated,02_reports/MAIB_2016_Safety_Digest_generator_oil_fire.pdf,60,vessel sink in deep water,edge:dd5fe1fda60fc6cbf68ca199,assertion:0fd15464876bad3ff3c93dd7
设备,主机海水冷却与舱底排水装置,记载于,来源,MAIB Safety Digest 2016 generator oil fire case,provenance_index,仅在本声明来源及构型范围内使用,stated,02_reports/MAIB_2016_Safety_Digest_generator_oil_fire.pdf,59,steel hulled fishing trawler,edge:dd77063ff8e15988dff949cc,assertion:e760206b0a3979040f290d9b
运维措施,按本机手册处理冷却水并定期送检,适用于,系统,冷却与海水系统,functional_classification,MAN四冲程柴油机闭式淡水冷却；水质要求与添加剂须按具体机型手册确认。,stated,02_reports/MAN_SL2016_623_cooling_water.pdf,3,send a coolant sample to an,edge:dd84439035814fa33d10ef4e,assertion:9ac30dac38ca853075491625
状态,主机转速显示偏差,以参数描述,参数,主机转速偏差,explicit_parameter_description,仅在本声明来源及构型范围内使用,stated,01_datasets/marine_diesel_RAG_corpus_All_data/All_data/test/船机帮某型船主机遥控系统典型故障分析.md,,显示值与正常值存在较大偏差,edge:ddada4242bce39ed5f9f91c8,assertion:1ed3e6c1df7c8d25cb89574e
状态,气阀关闭不严,记载于,来源,船机帮船舶发电机常见故障及对策,provenance_index,仅在本声明来源及构型范围内使用,stated,01_datasets/marine_diesel_RAG_corpus_All_data/All_data/test/船机帮船舶发电机常见故障及对策.md,,气阀机构回受热膨胀，过小的间隙造成关闭不严，漏气而导致燃烧不充分，出现黑烟现象；,edge:ddcd16a264e59bb8c1ce4186,assertion:68217ab7de1490aec9c5627d
设备,主机海水冷却与舱底排水装置,服务于系统,系统,冷却与海水系统,functional_classification,仅在本声明来源及构型范围内使用,stated,02_reports/MAIB_2016_Safety_Digest_generator_oil_fire.pdf,59,steel hulled fishing trawler,edge:de037d783fcc1ec404593020,assertion:01845853e8d1aff382b513aa
运维措施,确认故障后按手册更换高压油泵,记载于,来源,船机帮高压共轨柴油机燃油喷射系统故障分析,provenance_index,仅在本声明来源及构型范围内使用,stated,01_datasets/marine_diesel_RAG_corpus_All_data/All_data/test/船机帮高压共轨柴油机燃油喷射系统故障分析.md,,一般通过检查高压油泵或油头来确认，并换新故障的高压油泵或油头,edge:de0e2cd4f0f3d1013e3d824f,assertion:06abb05a21e34e1454a067d8
运维措施,启动前安全清除机组表面积水,适用于,设备,柴油发电机,applicability_index,Caterpillar3512冬季维护经验，原始应用场景不一定为船舶；仅提取可迁移维护主题，必须核对船用构型，排除未获批准的自主回油改造及统一数值。,stated,01_datasets/marine_diesel_RAG_corpus_All_data/All_data/test/船机帮冬季卡特柴油发电机组的安全运行.md,,将附着在机组上的水迹、油迹和铁绣等杂物清除干净。,edge:de106a02ee99cde188f95a9a,assertion:4a7dd40b647fda72838b93f0
事故案例,燃油法兰松动与主机火灾,涉及,运维措施,追踪缺陷记录与厂家技术通告,case_index,仅在本声明来源及构型范围内使用,stated,02_reports/MAIB_2024_20_Stena_Europe_fuel_spray_fire.pdf,31,review process to manage service bulletins,edge:de16bcce5cc49a97921bdb47,assertion:d7a8c3e0a80876ea9aae79e4
状态,高压油泵零位油量过大,记载于,来源,船机帮船用柴油机调速器的维护与保养十飞车故障,provenance_index,仅在本声明来源及构型范围内使用,stated,01_datasets/marine_diesel_RAG_corpus_All_data/All_data/test/船机帮船用柴油机调速器的维护与保养十飞车故障.md,,高压油泵“0”位油量过大。,edge:de1da712c82d109ab78f2a92,assertion:a0a556f6418e9afecb6458b6
运维措施,按认可设计加强柴油机安装对中控制,应对,状态,柴油机对中状态异常,source_recommendation,某型巡逻船试航故障二次报道；排查中已排除的原因不作为本案正向根因，油品及公差不能跨机型使用。,stated,01_datasets/marine_diesel_RAG_corpus_All_data/All_data/test/船机帮柴油机轴瓦抱轴故障分析.md,,"需进一步加强对中控制,并增加机脚限位器。",edge:de1fbee4fb4ef5d830b14f2e,assertion:bfa146f0a89d748b5fe6a288
运维措施,使用备用螺距控制,应对,故障,CPP倒车响应迟缓,source_case_statement,本报告案例，不外推为所有船舶已证实根因,reported_action,02_reports/MAIB_2016_Safety_Digest_generator_oil_fire.pdf,29,bypassed the feedback control system,edge:de53a5a52d79ad289e38469d,assertion:222301cc6d74a104e129a6d4
状态,主机停止,是概念的实例,状态,主机停止,concept_alignment,仅在本声明来源及构型范围内使用,stated,02_reports/MAIB_2016_Safety_Digest_generator_oil_fire.pdf,59,main engine then stopped,edge:de5d1cac86ac9320bf8a2bc6,assertion:c80635ac2b7070689b3f0f8a
运维措施,频繁启停滑动轴承机组按认可设计配置静压顶升润滑,作用于,部件,发电机滑动轴承,source_manufacturer_recommendation,STAMFORD/AvK发电机：滚动轴承与滑动轴承、单/双轴承构型分别适用，不能跨型号套用。,guidance,02_reports/STAMFORD_AGN076_alternator_bearings.pdf,6,hydrostatic jacking equipment is highly recommended,edge:de6be4580edb4f4d173783a9,assertion:6d8c974b2ff8b5c8f6d699a9
检查方法,检测转速传感器信号线绝缘,检查,部件,转速传感器,source_check,12V20/27、双机双轴双桨定距推进的文中闭环调速构型；信号接口及间隙不可跨机型套用。,stated,01_datasets/marine_diesel_RAG_corpus_All_data/All_data/test/船机帮某型船主机遥控系统典型故障分析.md,,转速传感器外观检查无损伤，测量信号线绝缘正常，实验室交验功能正常,edge:de6d8788e0fb8662daecbbc9,assertion:8caa0fead8a77a6ed4df208d
状态,燃油雾化不良,记载于,来源,船机帮船舶发电机常见故障及对策,provenance_index,仅在本声明来源及构型范围内使用,stated,01_datasets/marine_diesel_RAG_corpus_All_data/All_data/test/船机帮船舶发电机常见故障及对策.md,,喷油机压力过低造成燃油和雾化均匀度不良，无法与空气完全融合而使得燃烧积碳冒烟；,edge:de7cb66f7faf6ea51732c10d,assertion:0f5bc173ee76fd8de4cab4e2
故障,高压油泵卡死,记载于,来源,船机帮高压共轨柴油机燃油喷射系统故障分析,provenance_index,仅在本声明来源及构型范围内使用,stated,01_datasets/marine_diesel_RAG_corpus_All_data/All_data/test/船机帮高压共轨柴油机燃油喷射系统故障分析.md,,保持换油过程温度、粘度平缓变化，防止变化过急造成各阀件卡阻或高压油泵卡死,edge:de80b116e1d2a316527ca98e,assertion:e0b5cf3d8d7b61ace9a52ae9
影响因素,轻重燃油频繁切换,导致,状态,共轨燃油系统污染,source_statement,航浚6008/MAN L32/44CR与CR2.2；轨压数值、扭矩与拆装必须核对本机手册。,possible,01_datasets/marine_diesel_RAG_corpus_All_data/All_data/test/船机帮高压共轨柴油机燃油喷射系统故障分析.md,,轻重油频繁切换，容易造成共轨系统被污染，导致柴油机启动故障及零件的异常磨损，使用中尽量避免轻重油频繁切换。,edge:de8d7e7ffe72f0edec402f4e,assertion:a32506bffa82aec3b024a15a
事故案例,主机连杆小端疲劳断裂,涉及,检查方法,检查连杆小端内孔刻痕与热损伤,case_index,仅在本声明来源及构型范围内使用,stated,02_reports/MAIB_2021_02_Finlandia_Seaways_connecting_rod_failure.pdf,56,seven of the intact 11 small ends removed from Finlandia Seaways’ engine were found to have notch damage,edge:de93d44bae8c6ee5001421e7,assertion:4d4e01223327f25f1ac66c21
故障,燃油法兰螺钉松动,记载于,来源,Stena Europe pressurised fuel spray and engine-room fire,provenance_index,仅在本声明来源及构型范围内使用,stated,02_reports/MAIB_2024_20_Stena_Europe_fuel_spray_fire.pdf,29,screw in a two-screw flange within the fuel oil pipework loosened,edge:de96b30c3e0fdef6264e7f41,assertion:40b0998b4718c820f31d3ed5
状态,冷却器水侧局部沸腾,记载于,来源,MAN efficiency improvements main engine auxiliary systems,provenance_index,仅在本声明来源及构型范围内使用,stated,02_reports/MAN_main_engine_auxiliary_efficiency.pdf,11,A flow which is too low may cause local boiling,edge:de96bfcc47eb73712abebe49,assertion:087e860386e27f6789fd47d4
设备,主机润滑装置,记载于,来源,MAIB Safety Digest 2013 lubrication and bearing cases,provenance_index,仅在本声明来源及构型范围内使用,stated,02_reports/MAIB_2013_Safety_Digest_lubrication_bearing_cases.pdf,21,fully loaded cargo ship,edge:ded72142f584b6fe1b89cd3d,assertion:44eaedf8112e14547e67e25f
检查方法,核查轴电压电流与轴承接地绝缘方案,检查,故障,电机与发电机轴承电蚀,source_guidance_statement,具有闭合轴电流路径的旋转电机；轴承绝缘和接地刷方案按厂家/机型确定，不能假定全部STAMFORD机型都需要绝缘轴承。,derived_action,02_reports/STAMFORD_AGN033_bearing_currents.pdf,3,shaft voltage measurement,edge:df002f2a766b0ad7f671c8e5,assertion:8b896e092100bc040fbcb51b
检查方法,切换后核验压缩机供气能力,记载于,来源,MAIB Safety Digest 2013 lubrication and bearing cases,provenance_index,仅在本声明来源及构型范围内使用,stated,02_reports/MAIB_2013_Safety_Digest_lubrication_bearing_cases.pdf,15,check that it is operating correctly,edge:df1ac48fc4d45d0997fda979,assertion:779c6a48ac314834a7266cca
故障,海水泵密封摩擦副磨损,导致,故障,海水泵轴封失效,source_statement,海水冷却的推进柴油机滑油系统；匿名二次报道。文中压力试验参数和标准引用未独立核实，不作为通用操作依据。,possible,01_datasets/marine_diesel_RAG_corpus_All_data/All_data/test/船机帮船舶动力系统滑油水污染故障实例分析.md,,海水含固体颗粒加剧摩擦副磨损，导致密封失效；,edge:df394c408c309cd350d8cf2b,assertion:a06b89c1857e3aa2a89a1942
状态,活塞顶部冷却水量不足,增加风险,状态,活塞顶部过热,secondary_source_statement,MAN K9SZ52/105B/BL活塞水冷机型，不能推广到油冷活塞,secondary_stated,01_datasets/marine_diesel_RAG_corpus_All_data/All_data/val/船机帮MANKSZ型柴油机活塞冷却系统故障分析.md,,当活塞顶部冷却的喷嘴板严重堵塞时，活塞顶部钻孔冷却空间无水进行冷却，或冷却水量不足，活塞顶部容易过热,edge:df41da44fe7ee528ec8571d2,assertion:ad6ec31eeeafd6a1a84dae95
设备,DG1柴油发电机,记载于,来源,Kommandor Susan catastrophic engine failure and fire,provenance_index,仅在本声明来源及构型范围内使用,stated,02_reports/MAIB_2026_10_Kommandor_Susan_generator_bearing_failure.pdf,1,catastrophic failure of a diesel generator engine,edge:df5e3cf9b7cefa3e6327d828,assertion:e495f9d72cd51d5466533067
状态,螺旋桨出水,导致,状态,推进电机扭矩骤降,source_case_statement,本报告案例，不外推为所有船舶已证实根因,reported,02_reports/MAIB_2026_06_Spirit_of_Discovery_propulsion_loss.pdf,42,This caused a sudden reduction in torque on the propulsion motor,edge:df60cd6b74e90807a6e1098a,assertion:87b76b3adb4d6b010bb3c718
状态,排温偏高长期运行,记载于,来源,船机帮船用柴油机的拉缸故障,provenance_index,仅在本声明来源及构型范围内使用,stated,01_datasets/marine_diesel_RAG_corpus_All_data/All_data/test/船机帮船用柴油机的拉缸故障.md,,柴油机参数异常没及时发现，高温水温度过高，冷却效果差，低温水温度过高，造成扫气温度高，排温偏高长期运行可造成拉缸，长时间超负荷运行，也可造成拉缸，长时间用劣质的燃油也可造成拉缸，应该定期检查做好早发现早预防，避免重大损失。,edge:df634319e8628cd1f3881620,assertion:4562899403fb414d171de581
参数,1缸有效功率,记载于,来源,variable_dictionary,provenance_index,仅在本声明来源及构型范围内使用,stated,01_datasets/Marine_Engine_Fault_Data_v1/Marine_Engine_Fault_Data/variable_dictionary.csv,,"Effective Work No.1,We,kW,number,TRUE,TRUE,performance / derived,shorthand label is reused across cylinder-resolved and/or aggregate variables; use the full variable-name row during preprocessing",edge:dfbb8e2b220c49f0349dd654,assertion:9749070ab4a8a85b4c53b3f6
状态,高压燃油喷射伤人风险,记载于,来源,船机帮高压共轨柴油机燃油喷射系统故障分析,provenance_index,仅在本声明来源及构型范围内使用,stated,01_datasets/marine_diesel_RAG_corpus_All_data/All_data/test/船机帮高压共轨柴油机燃油喷射系统故障分析.md,,高压燃油一旦出现泄漏故障，须及时定位排除，否则将有击伤、火灾甚至爆炸危险。,edge:dfbe915116e7f511a660241d,assertion:86d137b383a51f2b55207088
状态,液态燃油进入气缸,记载于,来源,船机帮柴油机冷却水过高或过低的危害,provenance_index,仅在本声明来源及构型范围内使用,stated,01_datasets/marine_diesel_RAG_corpus_All_data/All_data/test/船机帮柴油机冷却水过高或过低的危害.md,,成液滴状的燃油进入气缸后会冲洗气缸壁上的润滑油膜，并渗入到曲轴箱内,edge:dfd4b123b89fd0367553ffc8,assertion:e3e02274fe7507e37e6a8a7a
故障,轴带发电机振动损伤,适用于,系统,电力与控制系统,functional_classification,通过齿轮箱及联轴器驱动的轴带发电机；不能推广到所有同轴无附加轴承的构型。,stated,02_reports/STAMFORD_AGN039_marine_shaft_generators.pdf,2,excessive vibration is likely to damage,edge:dfe313b54c8c48e74d2e59db,assertion:e225359a8f66f452295b0617
故障,排气阀阀杆断裂,适用于,设备,共轨柴油机,applicability_index,共轨柴油机排气阀，厂家与具体型号未确定；仅作机理检索测试，不作直接操作授权。,stated,01_datasets/marine_diesel_RAG_corpus_All_data/All_data/test/船机帮船用共轨柴油机排气阀常见故障与排除.md,,这种断裂大多由于频繁撞击引起金属疲劳以及高温下金属的机械强度降低造成的。,edge:dff373a23c18e56b73540c17,assertion:b9a4a8669ee3feb090c39af0
检查方法,停机隔离后按手册拆检曲轴,记载于,来源,船机帮柴油机轴瓦抱轴故障分析,provenance_index,仅在本声明来源及构型范围内使用,stated,01_datasets/marine_diesel_RAG_corpus_All_data/All_data/test/船机帮柴油机轴瓦抱轴故障分析.md,,对故障柴油机进行拆检，拆下柴油机外围管路、气缸盖，拆除活塞、连杆组件和曲轴。,edge:dff6fae049f645c38a2916dc,assertion:ef3b7d44caf1fef444738c00
故障,离合器打滑,表现为,状态,齿轮箱滑油温度持续升高,source_statement,GW系列船用齿轮箱；通用机理与A/B船匿名案例须区分，尺寸不能跨机型套用。,stated,01_datasets/marine_diesel_RAG_corpus_All_data/All_data/test/船机帮船用齿轮箱故障分析与管理对策.md,,两组(共21个)摩擦片之间打滑(似转非转)，内凹圈跟着从动齿轮也似转非转(本不该转)，结果磨坏了活塞的端面和外周面，润滑油的温度持续升高。,edge:e0103aeeb7f21013d0a6075b,assertion:5000c55469b6d146eea225f7
事故案例,压载泵检修隔离失效与机舱进水,涉及,状态,进水蔓延至住舱,case_index,仅在本声明来源及构型范围内使用,stated,02_reports/MAIB_2016_Safety_Digest_generator_oil_fire.pdf,40,water entering the accommodation areas through the open engine room doorway,edge:e013cf851f801e1de4fe7494,assertion:03441ad47b54a9f0513c6f8e
事故案例,液压背压阀卡滞与火灾,涉及,故障,CPP背压阀磨损卡滞,case_index,仅在本声明来源及构型范围内使用,stated,02_reports/MAIB_2015_22_Pride_of_Canterbury_CPP_hydraulic_fire.pdf,29,back pressure valve (PSV3) becoming jammed in the closed position,edge:e02e5f2651c933779d9ae3a9,assertion:178da41be88e5ac18a5fc161
影响因素,机舱水密门敞开,记载于,来源,MAIB Safety Digest 2016 generator oil fire case,provenance_index,仅在本声明来源及构型范围内使用,stated,02_reports/MAIB_2016_Safety_Digest_generator_oil_fire.pdf,40,water entering the accommodation areas through the open engine room doorway,edge:e0444fc33759733d5db75929,assertion:385f0f2c3be8e37802b24237
故障,调速器驱动轴扭断,记载于,来源,船机帮船用柴油机调速器的维护与保养十飞车故障,provenance_index,仅在本声明来源及构型范围内使用,stated,01_datasets/marine_diesel_RAG_corpus_All_data/All_data/test/船机帮船用柴油机调速器的维护与保养十飞车故障.md,,调速器驱动轴是否扭断。,edge:e049737cfff9aafcd5265203,assertion:b476a67ba5500ae0f6fcbfd8
运维措施,确认超限后按原厂要求更换海水泵叶轮,记载于,来源,船机帮船舶动力设备日常维护要点与常见故障排除,provenance_index,仅在本声明来源及构型范围内使用,stated,01_datasets/marine_diesel_RAG_corpus_All_data/All_data/test/船机帮船舶动力设备日常维护要点与常见故障排除.md,,蚀坑需进行堆焊修复或整体更换,edge:e09b3f974c57f9d9cd022ad2,assertion:9db0fc43602c8ebd4087cbef
运维措施,启动前安全清除机组表面积水,记载于,来源,船机帮冬季卡特柴油发电机组的安全运行,provenance_index,仅在本声明来源及构型范围内使用,stated,01_datasets/marine_diesel_RAG_corpus_All_data/All_data/test/船机帮冬季卡特柴油发电机组的安全运行.md,,将附着在机组上的水迹、油迹和铁绣等杂物清除干净。,edge:e09f2e3203863cacbc9b4ae1,assertion:dcecb35e074a33c5f30ed1e2
检查方法,核验调速器与油泵零位对应关系,记载于,来源,船机帮船用柴油机调速器的维护与保养十飞车故障,provenance_index,仅在本声明来源及构型范围内使用,stated,01_datasets/marine_diesel_RAG_corpus_All_data/All_data/test/船机帮船用柴油机调速器的维护与保养十飞车故障.md,,柴油机不能停车——检查调速器“0”位是否与高压油泵“0”位相符合，并检查停车电磁阀及仪表箱电源电压。,edge:e0b20ae70520ab31208b726a,assertion:fa1a59bed26b12109bc7a3c5
影响因素,非原厂轴承材料粘结较弱,记载于,来源,Kommandor Susan catastrophic engine failure and fire,provenance_index,仅在本声明来源及构型范围内使用,stated,02_reports/MAIB_2026_10_Kommandor_Susan_generator_bearing_failure.pdf,5,most likely root cause for the bearing failure is weak bonding of the copper layer,edge:e0bb614f3a9f5adda5a3acd1,assertion:370940d02e9ca276a4e0609d
检查方法,检查转速传感器外观,记载于,来源,船机帮某型船主机遥控系统典型故障分析,provenance_index,仅在本声明来源及构型范围内使用,stated,01_datasets/marine_diesel_RAG_corpus_All_data/All_data/test/船机帮某型船主机遥控系统典型故障分析.md,,转速传感器外观检查无损伤，测量信号线绝缘正常，实验室交验功能正常,edge:e0f6c89aa9f57b5a8a3fc23e,assertion:186ed1673d017b67d330a8ec
检查方法,按手册检验共轨冲洗单向阀止回功能,适用于,设备,高压共轨燃油喷射装置,applicability_index,航浚6008/MAN L32/44CR与CR2.2；轨压数值、扭矩与拆装必须核对本机手册。,stated,01_datasets/marine_diesel_RAG_corpus_All_data/All_data/test/船机帮高压共轨柴油机燃油喷射系统故障分析.md,,用空气试验其止回功能正常,edge:e10c2fb102e2f8c6a031f7cc,assertion:be12c3d6aa6dc50fdc96a47c
状态,滑油系统油泥沉积,导致,故障,滑油滤清器与油道堵塞,secondary_source_statement,二次转载文章，船舶/原始报告身份未核实；不计入正式事故案例,secondary_stated,01_datasets/marine_diesel_RAG_corpus_All_data/All_data/train/油品课堂第六讲某船使用假冒润滑油导致主机烧瓦事故案例.md,,这批假油，不但油膜强度不足，而且容易变质形成漆膜和油泥等沉积物，堵塞机油滤清器和油道，影响正常供油，导致烧瓦,edge:e1154fd92ac5348269ebf4e7,assertion:7cbdbf5a73f180f1659841bc
状态,机油高温报警,是概念的实例,状态,机油高温报警,concept_alignment,仅在本声明来源及构型范围内使用,stated,02_reports/MAIB_2018_01_Windcat8_bearing_failure_fire.pdf,1,A high oil temperature alarm prior to the engine failure,edge:e11bb20512da38d80d240c0e,assertion:01da989b38c4e53239003105
故障,CPP执行器联轴器松脱,适用于,系统,传动与推进系统,functional_classification,实际证据是Hebrides的CPP执行器小型爪式联轴器，不是主推进轴联轴器断裂；主轴断裂根因不可由此推断。,stated,02_reports/MAIB_2017_20_Hebrides_CPP_coupling.pdf,35,absence of thread locking fluid,edge:e125a4dd7b9991be59c0c445,assertion:9ca777607ddc72bd248b4eba
状态,失去推进,是概念的实例,状态,失去推进,concept_alignment,仅在本声明来源及构型范围内使用,stated,02_reports/MAIB_2026_10_Kommandor_Susan_generator_bearing_failure.pdf,1,The vessel lost propulsion and began drifting eastwards,edge:e1321df5359f4f250bc8b869,assertion:c13bc270ad0586e6c9c94a5e
状态,缸套局部高温,导致,故障,缸套黏着拉伤,source_statement,船用柴油机摩擦副；二次维修文章，机型及根因须核实；不能以某一症状直接确诊拉缸。,stated,01_datasets/marine_diesel_RAG_corpus_All_data/All_data/test/船机帮船用柴油机的拉缸故障.md,,若由于某种原因，油膜变薄或遭到破坏，因润滑不良出现干摩擦或半干摩擦，缸套与活塞环的摩擦系数突然增大，造成局部高温粘附磨损的过程。,edge:e144a29aeb550ee10e518052,assertion:04ac4ee32453f036127a395c
故障,轴带发电机振动损伤,适用于,系统,传动与推进系统,functional_classification,通过齿轮箱及联轴器驱动的轴带发电机；不能推广到所有同轴无附加轴承的构型。,stated,02_reports/STAMFORD_AGN039_marine_shaft_generators.pdf,2,excessive vibration is likely to damage,edge:e18e4d53981be6950031e9a6,assertion:652729a2bedfecfa96084cbf
运维措施,确认渗漏后按手册更换缸套水腔密封件,记载于,来源,船机帮船舶动力系统滑油水污染故障实例分析,provenance_index,仅在本声明来源及构型范围内使用,stated,01_datasets/marine_diesel_RAG_corpus_All_data/All_data/test/船机帮船舶动力系统滑油水污染故障实例分析.md,,定期检测缸套水腔密封性，重点检查缸套阻水圈、水腔盖板垫片等薄弱点，发现渗漏立即更换密封件,edge:e18f51a67c80f5aac3970bc0,assertion:49a9f9f7afee5853784f537b
状态,滑油流动性变差,记载于,来源,船机帮船舶动力设备日常维护要点与常见故障排除,provenance_index,仅在本声明来源及构型范围内使用,stated,01_datasets/marine_diesel_RAG_corpus_All_data/All_data/test/船机帮船舶动力设备日常维护要点与常见故障排除.md,,并使用低凝点滑油,edge:e1d51b624b28de6f2836431e,assertion:7e5e9f595765b8942e6c9575
故障,空压机高压冷却器渗漏,适用于,设备,柴油机,applicability_index,文中共享中央淡水冷却回路；须核对本船空压机冷却器与副机回路连接,stated,01_datasets/marine_diesel_RAG_corpus_All_data/All_data/test/船机帮一起副机冷却水失压停车故障的处理和原因分析.md,,发现 No.3 主空压机高压冷却器渗漏,edge:e1f333a87da62bf9fa00d844,assertion:859a13f465078df1d7e26543
检查方法,按手册拆检共轨节流阀,记载于,来源,船机帮高压共轨柴油机燃油喷射系统故障分析,provenance_index,仅在本声明来源及构型范围内使用,stated,01_datasets/marine_diesel_RAG_corpus_All_data/All_data/test/船机帮高压共轨柴油机燃油喷射系统故障分析.md,,一般需拆检各节流阀，清洁、活络各节流阀电磁阀顶杆和阀芯部分，装复后，即可恢复正常。,edge:e20b437f85940a59611921a7,assertion:1fa5a07ea6513f73bcd3f20d
故障,海水泵轴封失效,适用于,设备,滑油冷却器,applicability_index,海水冷却的推进柴油机滑油系统；匿名二次报道。文中压力试验参数和标准引用未独立核实，不作为通用操作依据。,stated,01_datasets/marine_diesel_RAG_corpus_All_data/All_data/test/船机帮船舶动力系统滑油水污染故障实例分析.md,,海水含固体颗粒加剧摩擦副磨损，导致密封失效；,edge:e20e5fb300b32cba427e9121,assertion:28503898dec5b17c698ca927
状态,喷油压力过低,导致,状态,燃油雾化不良,source_statement,S6U-PTK与文中船舶发电机经验；部分表述不严谨，不采纳未经原厂确认的轴承结构改造建议。,stated,01_datasets/marine_diesel_RAG_corpus_All_data/All_data/test/船机帮船舶发电机常见故障及对策.md,,喷油机压力过低造成燃油和雾化均匀度不良，无法与空气完全融合而使得燃烧积碳冒烟；,edge:e21cfd87e34f79bf6e55a5c6,assertion:4e032391cc0bf9a943361fd2
检查方法,比较单缸排温与各缸喷油时长,适用于,设备,高压共轨燃油喷射装置,applicability_index,航浚6008/MAN L32/44CR与CR2.2；轨压数值、扭矩与拆装必须核对本机手册。,stated,01_datasets/marine_diesel_RAG_corpus_All_data/All_data/test/船机帮高压共轨柴油机燃油喷射系统故障分析.md,,如果该缸喷油时长明显小于其他各缸，则基本可以断定该缸喷油控制电磁阀故障，一般是磨损造成通流面积变大所致，需换新喷油控制电磁阀；也有可能是阀芯卡在较大开度位置所致，需解体清洁活络阀芯。,edge:e21fb1a5f92ed6c53ad8b4af,assertion:05a6a0a4484968a28f05566f
检查方法,断电核验主开关合闸线圈,适用于,设备,发电机主开关,applicability_index,DG2、施耐德NW08-63和文中扩展箱构型；仅合格电气人员可按本船隔离规程检修。,stated,01_datasets/marine_diesel_RAG_corpus_All_data/All_data/test/船机帮船舶柴油发电机主开关并网合闸失败故障的分析与排查.md,,对其蓄能马达进行测量未发现问题，然后利用万用表对主开关的控制分闸线圈 MN 与 XF 进行测量,edge:e21fe6f94307c2c66bcd2ee2,assertion:1fc38f92a987571318182263
影响因素,活塞环尺寸不符合要求,增加风险,故障,缸套黏着拉伤,source_statement,船用柴油机摩擦副；二次维修文章，机型及根因须核实；不能以某一症状直接确诊拉缸。,possible,01_datasets/marine_diesel_RAG_corpus_All_data/All_data/test/船机帮船用柴油机的拉缸故障.md,,另外活塞环的变形，在活塞环内出现卡滞，活塞环尺寸不对，环槽间隙过小，受到热膨胀无间隙，也会出现拉缸，活塞环无弹力，也可造成拉缸。,edge:e235dace48d13706fdff7f9f,assertion:22e98e8696484db499a2e8ea
故障,增压器轴承裂纹,表现为,状态,增压器转速下降,source_statement,船用废气涡轮增压器；拆装细节为VTR400示例，必须服从适用机型手册。,stated,01_datasets/marine_diesel_RAG_corpus_All_data/All_data/test/船机帮船舶柴油机废气涡轮增压器振动的主要原因有哪些.md,,轴承长时间使用后产生磨损、变形、裂纹和烧伤时，使摩擦力矩增大，转速下降，振动和噪声大增。,edge:e25a48d2b51649efaea0354f,assertion:3e5fcc86dee8ef1df8b115f5
状态,机舱火灾,是概念的实例,状态,机舱火灾,concept_alignment,仅在本声明来源及构型范围内使用,stated,02_reports/MAIB_2016_Safety_Digest_generator_oil_fire.pdf,26,exhaust casing of the adjacent engine caught fire,edge:e25dbf0f9ea19d7e69e1890a,assertion:bd312177c3463ae120e15c0a
故障,齿轮变形,记载于,来源,船机帮船用齿轮箱故障分析与管理对策,provenance_index,仅在本声明来源及构型范围内使用,stated,01_datasets/marine_diesel_RAG_corpus_All_data/All_data/test/船机帮船用齿轮箱故障分析与管理对策.md,,如热处理的残余应力控制不当，会引起钢件在一定时间后或在随后的切削加工中产生变形或裂纹,edge:e29377b6925b0f6ea397eaff,assertion:b942d370599bb78ac3cfe5bf
故障,冷却水通道结垢堵塞,记载于,来源,MAN SL2016-623 cooling water treatment and periodical testing,provenance_index,仅在本声明来源及构型范围内使用,stated,02_reports/MAN_SL2016_623_cooling_water.pdf,2,deposits of limescale and/or rust,edge:e29e3dcfc04c179ac129f837,assertion:a0e4954da798ce5224e45486
设备,交流发电机,服务于系统,系统,电力与控制系统,functional_classification,仅在本声明来源及构型范围内使用,stated,02_reports/STAMFORD_AGN040_winding_insulation.pdf,5,The addition of drip proof louvres is recommended,edge:e29f6bd716890bbd4952f6f4,assertion:595f32abcc4d28b70bc6810a
状态,遥控判断转速低于真实转速,记载于,来源,船机帮某型船主机遥控系统典型故障分析,provenance_index,仅在本声明来源及构型范围内使用,stated,01_datasets/marine_diesel_RAG_corpus_All_data/All_data/test/船机帮某型船主机遥控系统典型故障分析.md,,转速信号波形失真会导致系统判断转速较真实转速偏低，导致柴油机实际转速上升。,edge:e2b61cce0386bd5c28a56ecd,assertion:3346bd97adfa744dc54a7ec3
故障,车钟指令传递接收异常,导致,状态,转速控制器车令判断错误,source_statement,12V20/27、双机双轴双桨定距推进的文中闭环调速构型；信号接口及间隙不可跨机型套用。,stated,01_datasets/marine_diesel_RAG_corpus_All_data/All_data/test/船机帮某型船主机遥控系统典型故障分析.md,,车钟指令的传递和接收不正常会导致集控室转速控制器对当前车令判断与实际不一致，转速控制器设定转速不正确导致柴油机实际转速波动或显示值与正常值存在较大偏差。,edge:e2bce9f7988f52b475271837,assertion:1601e8d6f971255a66e6a091
状态,增压器内部胶质积炭,记载于,来源,船机帮柴油机冷却水过高或过低的危害,provenance_index,仅在本声明来源及构型范围内使用,stated,01_datasets/marine_diesel_RAG_corpus_All_data/All_data/test/船机帮柴油机冷却水过高或过低的危害.md,,机油温度变高，黏度下降，压力变低，就不能充分满足增压器所需要的润滑和冷却条件，容易造成增压机内部结胶、积炭，使增压机早期磨损甚至损坏。,edge:e2c06d0e0672f81571925ae7,assertion:ce2d6d4869d93cee076417c9
影响因素,缸套注油口加工毛刺,记载于,来源,船机帮船用柴油机的拉缸故障,provenance_index,仅在本声明来源及构型范围内使用,stated,01_datasets/marine_diesel_RAG_corpus_All_data/All_data/test/船机帮船用柴油机的拉缸故障.md,,缸套注油口油槽有毛刺和高点，缸套扫气口有凸点或锐边，缸套内径尺寸到不到图纸要求，过大或过小。,edge:e2f407a1050a1fd7e875f2d6,assertion:d8c9d10191eae8212cf49156
影响因素,调光与推进安全按钮相邻相似,是概念的实例,影响因素,调光与推进安全按钮相邻相似,concept_alignment,仅在本声明来源及构型范围内使用,stated,02_reports/MAIB_2016_Safety_Digest_generator_oil_fire.pdf,21,close proximity of the safety-critical propulsion control buttons,edge:e30f751819f31cd9096f63ed,assertion:aad28560afea55938bde7d47
故障,CPP回油法兰破裂,导致,状态,液压油喷向高温排气管,source_case_statement,本报告案例，不外推为所有船舶已证实根因,reported,02_reports/MAIB_2015_22_Pride_of_Canterbury_CPP_hydraulic_fire.pdf,29,"spray of hydraulic oil, from a ruptured pipework joint",edge:e31ce8b0b64133cd678efc6a,assertion:fe2d90b70da5be957f3619fb
事故案例,液压背压阀卡滞与火灾,涉及,影响因素,回油管缺少有效超压释放,case_index,仅在本声明来源及构型范围内使用,stated,02_reports/MAIB_2015_22_Pride_of_Canterbury_CPP_hydraulic_fire.pdf,29,no means within the system to effectively relieve excess pressure,edge:e324f44a20753cde716ad8ca,assertion:c61b84f699ed486ecbe7877e
故障,连杆小端疲劳断裂,发生于,设备,主机,case_equipment_index,仅在本声明来源及构型范围内使用,stated,02_reports/MAIB_2021_02_Finlandia_Seaways_connecting_rod_failure.pdf,9,introduced stress raisers that signficantly increased the likelihood of crack initiation and fatigue failure,edge:e33093f6dcf5cd4d370dd821,assertion:29e4c627e4d4eddb95ed4e1f
故障,电容内部电弧与介质汽化,是概念的实例,故障,电容内部电弧与介质汽化,concept_alignment,仅在本声明来源及构型范围内使用,stated,02_reports/MAIB_2011_28_Queen_Mary_2_harmonic_filter_failure.pdf,13,Internal arcing between the capacitor plates developed,edge:e352b3101401c510a8d298bb,assertion:6752d0c28777a02e805cee2d
运维措施,油雾报警后尽快停机检查,应对,状态,油雾探测器反复报警,source_case_statement,本报告案例，不外推为所有船舶已证实根因,reported_action,02_reports/MAIB_2013_Safety_Digest_lubrication_bearing_cases.pdf,23,stopping and inspecting the engine as soon as possible,edge:e38c22bbc9cc5c0b64e0c8f9,assertion:099d7b1d5faebcdc2dcdb553
系统,传动与推进系统,记载于,来源,Pride of Canterbury CPP hydraulic overpressure and fire,provenance_index,仅在本声明来源及构型范围内使用,stated,02_reports/MAIB_2015_22_Pride_of_Canterbury_CPP_hydraulic_fire.pdf,30,Pride of Canterbury,edge:e3935dc8dfe692afbd90fe15,assertion:b63e91f097cc194344e21e06
故障,车钟指令传递接收异常,记载于,来源,船机帮某型船主机遥控系统典型故障分析,provenance_index,仅在本声明来源及构型范围内使用,stated,01_datasets/marine_diesel_RAG_corpus_All_data/All_data/test/船机帮某型船主机遥控系统典型故障分析.md,,车钟指令的传递和接收不正常会导致集控室转速控制器对当前车令判断与实际不一致，转速控制器设定转速不正确导致柴油机实际转速波动或显示值与正常值存在较大偏差。,edge:e393ff807cecc87effe7cdbd,assertion:50960e9a02fda6410e2f59d1
运维措施,按构型复核联轴器补偿与减振能力,应对,状态,轴带发电机与齿轮箱对中失准,source_guidance_statement,通过齿轮箱及联轴器驱动的轴带发电机；不能推广到所有同轴无附加轴承的构型。,guidance,02_reports/STAMFORD_AGN039_marine_shaft_generators.pdf,2,absorb misalignment,edge:e399168bbf7f2895d4ffb291,assertion:e6dd9b5c9845a4086486a1ae
状态,增压器转子质量分布不均,记载于,来源,船机帮船舶柴油机废气涡轮增压器振动的主要原因有哪些,provenance_index,仅在本声明来源及构型范围内使用,stated,01_datasets/marine_diesel_RAG_corpus_All_data/All_data/test/船机帮船舶柴油机废气涡轮增压器振动的主要原因有哪些.md,,由于涡轮叶片上严重积炭或叶片变形、折断、压气机叶轮、叶片变形或损坏等都会使转子质量分布发生变化,edge:e3c145207dae57bda7d4f1fb,assertion:5f45386f56d0ce5e19988dac
影响因素,调速器连接方向错误,记载于,来源,船机帮船用柴油机调速器的维护与保养十飞车故障,provenance_index,仅在本声明来源及构型范围内使用,stated,01_datasets/marine_diesel_RAG_corpus_All_data/All_data/test/船机帮船用柴油机调速器的维护与保养十飞车故障.md,,调速器连接错误，运转方向不对。,edge:e3c935bde007bfe4d31e5fb1,assertion:2d247fb52c1e244186c3451d
故障,喷油器泄漏,适用于,设备,高压共轨燃油喷射装置,applicability_index,航浚6008/MAN L32/44CR与CR2.2；轨压数值、扭矩与拆装必须核对本机手册。,stated,01_datasets/marine_diesel_RAG_corpus_All_data/All_data/test/船机帮高压共轨柴油机燃油喷射系统故障分析.md,,一般通过检查高压油泵或油头来确认，并换新故障的高压油泵或油头,edge:e3ca86aac4fa74dadfdf974a,assertion:e3a6f65833c42e22d09f9658
状态,甲板浪涌,记载于,来源,船机帮船舶动力系统滑油水污染故障实例分析,provenance_index,仅在本声明来源及构型范围内使用,stated,01_datasets/marine_diesel_RAG_corpus_All_data/All_data/test/船机帮船舶动力系统滑油水污染故障实例分析.md,,甲板浪涌通过透气管逆向流入循环油舱。,edge:e3cf3cbd951d987887641be9,assertion:b776d19fe77ab9bd55745a3a
运维措施,停机断电确认后更换故障安全停车继电器,适用于,设备,发电机主开关,applicability_index,DG2、施耐德NW08-63和文中扩展箱构型；仅合格电气人员可按本船隔离规程检修。,stated,01_datasets/marine_diesel_RAG_corpus_All_data/All_data/test/船机帮船舶柴油发电机主开关并网合闸失败故障的分析与排查.md,,把故障继电器拔下来更换成新的继电器,edge:e3d881cea9bb5e56bcbc644c,assertion:24dd021b065cf76fee0e5ba9
检查方法,日常检查排气阀阀杆状态,记载于,来源,船机帮船用共轨柴油机排气阀常见故障与排除,provenance_index,仅在本声明来源及构型范围内使用,stated,01_datasets/marine_diesel_RAG_corpus_All_data/All_data/test/船机帮船用共轨柴油机排气阀常见故障与排除.md,,包括对喷油器、排气阀阀杆、弹簧、阀壳等检查，确保各部件工况正常。,edge:e419d9dd955f181eed75deb8,assertion:9f036e325a0dc800ff9e5913
故障,排气阀阀杆断裂,属于概念类别,故障,排气阀故障,curator_concept_taxonomy,依据该文故障枚举整理的概念包含关系，非事故根因关系,stated,01_datasets/marine_diesel_RAG_corpus_All_data/All_data/test/船机帮船用共轨柴油机排气阀常见故障与排除.md,,共轨柴油机排气阀常见故障有,edge:e4a43e48d57aade17d8d4b94,assertion:4adf727f293d225e052a05a7
状态,进水套管内冷却水流通受阻,导致,状态,活塞冷却水进口温度高于出口,secondary_source_statement,MAN K9SZ52/105B/BL活塞水冷机型，不能推广到油冷活塞,secondary_stated,01_datasets/marine_diesel_RAG_corpus_All_data/All_data/val/船机帮MANKSZ型柴油机活塞冷却系统故障分析.md,,活塞冷却水进口套管中的水量失去流通性，在进水套管中不断被其往复运动压缩升温,edge:e4c27cc991b9c6ee284abbb9,assertion:5ed5bad120b5fd07ddb293f3
运维措施,按原厂要求维护清洁发电机定转子,应对,状态,发电机定转子污染,source_recommendation,S6U-PTK与文中船舶发电机经验；部分表述不严谨，不采纳未经原厂确认的轴承结构改造建议。,stated,01_datasets/marine_diesel_RAG_corpus_All_data/All_data/test/船机帮船舶发电机常见故障及对策.md,,加强对发电机转子、定子的日常养护，确保清洁,edge:e4d2d036e7a82c2004823b76,assertion:8d445f52bf9261ec82061dd3
参数,有效效率,记载于,来源,variable_dictionary,provenance_index,仅在本声明来源及构型范围内使用,stated,01_datasets/Marine_Engine_Fault_Data_v1/Marine_Engine_Fault_Data/variable_dictionary.csv,,"Effective Efficiency,Efft,%,number,TRUE,TRUE,performance / derived,",edge:e4d3961b58e18fb457419b06,assertion:d8ef9e1fab810670e7c37986
事故案例,发电机滑油泵堵头松脱火灾,记载于,来源,MAIB Safety Digest 2016 generator oil fire case,provenance_index,仅在本声明来源及构型范围内使用,stated,02_reports/MAIB_2016_Safety_Digest_generator_oil_fire.pdf,26,fully loaded ro-ro passenger ferry,edge:e4dadcbcef7091a8c5632a31,assertion:9aaddacd39b53ff5ccbb4a53
事故案例,大风浪中吊舱推进丧失,涉及,状态,推进电机保护跳闸,case_index,仅在本声明来源及构型范围内使用,stated,02_reports/MAIB_2026_06_Spirit_of_Discovery_propulsion_loss.pdf,42,automatically tripped the power to its motor,edge:e4dfb3ea27c19b7d67507a79,assertion:3b725605778205c9b3ed6b5f
故障,活塞环开口胶结,适用于,设备,柴油机,applicability_index,柴油机水冷机理二次资料；文中80–90℃等数值不能当作所有机型阈值。,stated,01_datasets/marine_diesel_RAG_corpus_All_data/All_data/test/船机帮柴油机冷却水过高或过低的危害.md,,气环开口处被胶结又使气缸密封不严而造成压缩不良,edge:e4e246c36fc9737d79d79039,assertion:2ab7671fe90b10df24823284
故障,发电机内部短路,适用于,设备,柴油发电机,applicability_index,S6U-PTK与文中船舶发电机经验；部分表述不严谨，不采纳未经原厂确认的轴承结构改造建议。,stated,01_datasets/marine_diesel_RAG_corpus_All_data/All_data/test/船机帮船舶发电机常见故障及对策.md,,轴承内的滚珠因碎裂而移位，导致发电机转子下沉，缩短了定子与转子之间的距离，两者摩擦不断加重，最终引起发电机的短路故障。,edge:e4e3f60e97618edd0e5e5998,assertion:6515e37b0759d6e99b638a74
故障,喷油器泄漏,记载于,来源,船机帮高压共轨柴油机燃油喷射系统故障分析,provenance_index,仅在本声明来源及构型范围内使用,stated,01_datasets/marine_diesel_RAG_corpus_All_data/All_data/test/船机帮高压共轨柴油机燃油喷射系统故障分析.md,,一般通过检查高压油泵或油头来确认，并换新故障的高压油泵或油头,edge:e4e8d7d687db87819b4b742a,assertion:202801f95433bb1b55f019f1
状态,滑油消耗大幅增加,记载于,来源,船机帮船用柴油机的拉缸故障,provenance_index,仅在本声明来源及构型范围内使用,stated,01_datasets/marine_diesel_RAG_corpus_All_data/All_data/test/船机帮船用柴油机的拉缸故障.md,,四冲程机器还伴随着滑油大幅度损耗，有时会出现曲轴箱冒烟。,edge:e50da8b797ba7a5a29cafa1e,assertion:23022fd0ed7625fab7c25988
检查方法,核查齿轮箱空转温度,记载于,来源,船机帮船用齿轮箱故障分析与管理对策,provenance_index,仅在本声明来源及构型范围内使用,stated,01_datasets/marine_diesel_RAG_corpus_All_data/All_data/test/船机帮船用齿轮箱故障分析与管理对策.md,,应按照规定进行空转试验(一般不小于4h)，核查运转、温度、功耗等情况；,edge:e51ea3ba7db8a20199252b8d,assertion:94fa46c679c6e8abe4c6a737
检查方法,比较车令设定转速与测量转速,检查,状态,主机转速显示偏差,source_check,12V20/27、双机双轴双桨定距推进的文中闭环调速构型；信号接口及间隙不可跨机型套用。,stated,01_datasets/marine_diesel_RAG_corpus_All_data/All_data/test/船机帮某型船主机遥控系统典型故障分析.md,,用万用表测量转速传感器转速信号频率，与车令对应转速设定值一致，通过示波表监测转速信号波形，发现部分波形有幅值偏低的现象。,edge:e524caae60e69da81d41bb0f,assertion:cd786f1153d243688c0b295d
状态,机舱积水进入油底壳,记载于,来源,船机帮船舶动力系统滑油水污染故障实例分析,provenance_index,仅在本声明来源及构型范围内使用,stated,01_datasets/marine_diesel_RAG_corpus_All_data/All_data/test/船机帮船舶动力系统滑油水污染故障实例分析.md,,道门垫片老化或紧固螺栓松动导致机舱积水渗入。,edge:e5285fc5fde5a812c767efe1,assertion:94428585661b9dfa9e8ee746
系统,燃油与进排气系统,记载于,来源,MAIB Safety Digest 2016 generator oil fire case,provenance_index,仅在本声明来源及构型范围内使用,stated,02_reports/MAIB_2016_Safety_Digest_generator_oil_fire.pdf,26,fully loaded ro-ro passenger ferry,edge:e55df811702b946989d8688a,assertion:84cac1f5a7d031e35e2f760f
部件,吊舱舱底液位传感器,记载于,来源,Spirit of Discovery loss of propulsion in heavy weather,provenance_index,仅在本声明来源及构型范围内使用,stated,02_reports/MAIB_2026_06_Spirit_of_Discovery_propulsion_loss.pdf,42,propellers to come out of the water,edge:e5635b698984f5c23ab791b0,assertion:5ee1973e0ab35227b9732df5
状态,轴瓦本体可能存在薄弱点,记载于,来源,Windcat 8 connecting rod big-end bearing failure,provenance_index,仅在本声明来源及构型范围内使用,stated,02_reports/MAIB_2018_01_Windcat8_bearing_failure_fire.pdf,9,It is more likely that the failure was due to a weakness in the thin-walled shell bearing itself,edge:e578e994aecb3d418f0879cd,assertion:27e3d32ac494c8d1675e197d
状态,柴油机各缸负荷不均,记载于,来源,船机帮船舶发电机常见故障及对策,provenance_index,仅在本声明来源及构型范围内使用,stated,01_datasets/marine_diesel_RAG_corpus_All_data/All_data/test/船机帮船舶发电机常见故障及对策.md,,各汽缸的负荷要定时测量,edge:e586db7a490f0ca2545d1580,assertion:e63a39b608114aeb540137f3
运维措施,由合格人员按本机手册执行无励磁吹干,作用于,部件,发电机绕组,source_manufacturer_recommendation,STAMFORD/AvK对应交流发电机型号；AGN040应与本机Owner Manual联合使用；干燥与绝缘处置仅由合格人员实施。,guidance,02_reports/STAMFORD_AGN040_winding_insulation.pdf,7,unexcited 'blow-drying',edge:e5a3e43d8227677cd21052cd,assertion:b173c973974481ae09adf5ac
状态,燃油着火延迟,导致,状态,燃油燃烧不完全,source_statement,柴油机水冷机理二次资料；文中80–90℃等数值不能当作所有机型阈值。,possible,01_datasets/marine_diesel_RAG_corpus_All_data/All_data/test/船机帮柴油机冷却水过高或过低的危害.md,,将造成压缩终了温度下降、着火延迟和燃烧条件恶化，导致燃烧不完全、柴油机工作粗暴和排气冒黑烟。,edge:e5c6449e11ab1bb953158dd4,assertion:94f21eeb94e36bdd091bb793
检查方法,用示波器测量遥控电源纹波,使用参数,参数,遥控直流电源纹波,explicit_check_variable,仅在本声明来源及构型范围内使用,stated,01_datasets/marine_diesel_RAG_corpus_All_data/All_data/test/船机帮某型船主机遥控系统典型故障分析.md,,测量空载电压，纹波在0.1 V以内,edge:e5d7c91d1478f7b8f636d89d,assertion:9cbf2f96912d2ea43f39c38f
事故案例,DG1发电机故障与失电,涉及,影响因素,装入非原厂轴承,case_index,仅在本声明来源及构型范围内使用,stated,02_reports/MAIB_2026_10_Kommandor_Susan_generator_bearing_failure.pdf,8,no verification of authenticity for the parts used,edge:e5eebda1d0ad085150960880,assertion:5642e11dba03f1db1396b0c4
部件,主开关合闸线圈,记载于,来源,船机帮船舶柴油发电机主开关并网合闸失败故障的分析与排查,provenance_index,仅在本声明来源及构型范围内使用,stated,01_datasets/marine_diesel_RAG_corpus_All_data/All_data/test/船机帮船舶柴油发电机主开关并网合闸失败故障的分析与排查.md,,对其蓄能马达进行测量未发现问题，然后利用万用表对主开关的控制分闸线圈 MN 与 XF 进行测量,edge:e6099bd3599c26238e2c7f1a,assertion:d70091bbacb03da9501a1501
参数,3缸有效功率,记载于,来源,variable_dictionary,provenance_index,仅在本声明来源及构型范围内使用,stated,01_datasets/Marine_Engine_Fault_Data_v1/Marine_Engine_Fault_Data/variable_dictionary.csv,,"Effective Work No.3,We,kW,number,TRUE,TRUE,performance / derived,shorthand label is reused across cylinder-resolved and/or aggregate variables; use the full variable-name row during preprocessing",edge:e623cbde82aa89fde59d9cd6,assertion:9e6940818d061cb5ad51d693
检查方法,按VTR400手册测量压气机端K值,检查,状态,转子与壳体气封配合间隙异常,source_check,船用废气涡轮增压器；拆装细节为VTR400示例，必须服从适用机型手册。,stated,01_datasets/marine_diesel_RAG_corpus_All_data/All_data/test/船机帮船舶柴油机废气涡轮增压器振动的主要原因有哪些.md,,最后测量压气机端的K值，并应符合要求。,edge:e62c27d3fc9ed87ea5f0027b,assertion:46e388ad89334637e9b26220
影响因素,黏度指数改进剂高剪切断裂,记载于,来源,船机帮柴油机轴瓦抱轴故障分析,provenance_index,仅在本声明来源及构型范围内使用,stated,01_datasets/marine_diesel_RAG_corpus_All_data/All_data/test/船机帮柴油机轴瓦抱轴故障分析.md,,"高分子聚合物断裂后是不可逆的,导致粘度很快降低,机油承载能力下降。",edge:e63261d6ab08fae1cd768a7e,assertion:075fdc27f5971575fca173c5
影响因素,排气隔热与屏蔽缺失损坏,记载于,来源,Stena Europe pressurised fuel spray and engine-room fire,provenance_index,仅在本声明来源及构型范围内使用,stated,02_reports/MAIB_2024_20_Stena_Europe_fuel_spray_fire.pdf,29,insulation and shielding,edge:e6380b86df1d36baa43d5e02,assertion:687bc468e29af8144acc49a4
检查方法,检测冷却水硬度和抑制剂浓度,记载于,来源,MAN SL2016-623 cooling water treatment and periodical testing,provenance_index,仅在本声明来源及构型范围内使用,stated,02_reports/MAN_SL2016_623_cooling_water.pdf,3,quality of the freshwater must be checked,edge:e6391c7ca32084faa53f66b2,assertion:6416dacdaa667bc1b74c8ba1
状态,主机不对中与异常振动,是概念的实例,状态,主机不对中与异常振动,concept_alignment,仅在本声明来源及构型范围内使用,stated,02_reports/MAIB_2022_04_Wight_Sky_multiple_engine_failures.pdf,84,"engine misalignment, high levels of vibration, and contaminated lubricating oil might all have contributed",edge:e66d21ac9b5a0aa7118a7075,assertion:59deacdf6be6c881e600bc40
参数,燃油流量计处燃油温度进口,记载于,来源,variable_dictionary,provenance_index,仅在本声明来源及构型范围内使用,stated,01_datasets/Marine_Engine_Fault_Data_v1/Marine_Engine_Fault_Data/variable_dictionary.csv,,"Fuel Oil Temp. Flow meter In,T21,°C,number,TRUE,TRUE,temperature,",edge:e67a64f9dff2efd55a45014b,assertion:abd8b05a4d8b596a0b75194a
故障,CPP倒车响应迟缓,适用于,设备,可调螺距桨推进装置,applicability_index,本报告案例，不外推为所有船舶已证实根因,stated,02_reports/MAIB_2016_Safety_Digest_generator_oil_fire.pdf,29,parameters for astern pitch control had been incorrectly set,edge:e67d5bbf49f126f8e029dfb0,assertion:07527dc0faa0d20e4dcb8006
影响因素,喷油定时过迟,记载于,来源,船机帮船舶发电机常见故障及对策,provenance_index,仅在本声明来源及构型范围内使用,stated,01_datasets/marine_diesel_RAG_corpus_All_data/All_data/test/船机帮船舶发电机常见故障及对策.md,,喷油时间过迟，部分燃油未充分燃烧便于废气一同进入排气管中引起黑烟，且伴随较高温度。,edge:e6810adde1ceb4cf855c93c0,assertion:e8715e0f12bd02d9c6e2870a
检查方法,检查高压油泵异常泄漏,检查,故障,高压油泵泄漏,source_check,航浚6008/MAN L32/44CR与CR2.2；轨压数值、扭矩与拆装必须核对本机手册。,stated,01_datasets/marine_diesel_RAG_corpus_All_data/All_data/test/船机帮高压共轨柴油机燃油喷射系统故障分析.md,,一般通过检查高压油泵或油头来确认，并换新故障的高压油泵或油头,edge:e6aa28db2a667b12a84ce1f8,assertion:f13510f6b6927d80df2db1d2
状态,右舷螺距保持前进,记载于,来源,MAIB Safety Digest 2016 generator oil fire case,provenance_index,仅在本声明来源及构型范围内使用,stated,02_reports/MAIB_2016_Safety_Digest_generator_oil_fire.pdf,20,continued to thrust at over half ahead,edge:e6b45049879162aaf11a8779,assertion:5c79a081aa30d406533e7547
运维措施,按机型维护要求保持扩压器清洁,记载于,来源,船机帮船舶柴油机废气涡轮增压器振动的主要原因有哪些,provenance_index,仅在本声明来源及构型范围内使用,stated,01_datasets/marine_diesel_RAG_corpus_All_data/All_data/test/船机帮船舶柴油机废气涡轮增压器振动的主要原因有哪些.md,,管理中注意压气机进气滤器、叶轮、扩压器、空气冷却器、进气口和排气口、涡轮喷嘴环、叶片等流通部分的清洁，就会防止和消除喘振，也就会使振动消失。,edge:e6e1eb7873725d00039fac14,assertion:23162671cd21e384b670fb28
故障,共轨滑油泄漏,适用于,设备,共轨柴油机,applicability_index,共轨柴油机排气阀，厂家与具体型号未确定；仅作机理检索测试，不作直接操作授权。,stated,01_datasets/marine_diesel_RAG_corpus_All_data/All_data/test/船机帮船用共轨柴油机排气阀常见故障与排除.md,,排气阀打不开，一般由于共轨滑油漏泄导致油压不够引起的。,edge:e70a307a8a5d983152cabf49,assertion:96eb564d4c67b3f5de8b60d4
检查方法,检测滑油酸值变化,记载于,来源,船机帮船舶动力系统滑油水污染故障实例分析,provenance_index,仅在本声明来源及构型范围内使用,stated,01_datasets/marine_diesel_RAG_corpus_All_data/All_data/test/船机帮船舶动力系统滑油水污染故障实例分析.md,,重点关注水分、黏度、酸值等指标变化，超标时及时预警并检查排故。,edge:e7126e66425f32e2317f3b2c,assertion:62adbebf6fb96a5c0249844d
部件,ME3排气歧管,是概念的实例,部件,ME3排气歧管,concept_alignment,仅在本声明来源及构型范围内使用,stated,02_reports/MAIB_2024_20_Stena_Europe_fuel_spray_fire.pdf,7,fuel leaking under pressure,edge:e71a37d79ac44b08ef877c1f,assertion:7bee49323719cb2c9391847d
状态,右舷螺距保持前进,导致,状态,船舶撞击跳板与泊位,source_case_statement,本报告案例，不外推为所有船舶已证实根因,reported,02_reports/MAIB_2016_Safety_Digest_generator_oil_fire.pdf,19,made heavy contact with the concrete berth,edge:e74b8c8a108702da3c7c86ad,assertion:f9c6752bc258877442236e9c
部件,海水泵叶轮,记载于,来源,船机帮船舶动力设备日常维护要点与常见故障排除,provenance_index,仅在本声明来源及构型范围内使用,stated,01_datasets/marine_diesel_RAG_corpus_All_data/All_data/test/船机帮船舶动力设备日常维护要点与常见故障排除.md,,蚀坑需进行堆焊修复或整体更换,edge:e74f657b4305065156d33205,assertion:360635fed8963cf1deb9496d
状态,零件配合间隙异常,导致,故障,运动副卡死,source_statement,柴油机水冷机理二次资料；文中80–90℃等数值不能当作所有机型阈值。,possible,01_datasets/marine_diesel_RAG_corpus_All_data/All_data/test/船机帮柴油机冷却水过高或过低的危害.md,,高温使零件膨胀变形，严重地影响配合零件的正常间隙，甚至卡死。,edge:e7504351709e8ce03cf4be80,assertion:b7b14389012846792aa86b52
状态,滑油喷雾接触高温排气护罩,是概念的实例,状态,滑油喷雾接触高温排气护罩,concept_alignment,仅在本声明来源及构型范围内使用,stated,02_reports/MAIB_2016_Safety_Digest_generator_oil_fire.pdf,26,oil spray ignited when it came into contact,edge:e75be1674ee02343700c77cb,assertion:1e0a9504f10f9d052e72ed80
运维措施,确认超限后按原厂要求更换海水泵叶轮,作用于,部件,海水泵叶轮,source_recommendation,综合维护二次文章，原厂和标准出处未独立证实；不采纳文中统一周期、报警值、压力值、浮动轴承加脂和未经验证改造方案。以下仅用于检索维护主题，由适用机型规程决定具体操作。,stated,01_datasets/marine_diesel_RAG_corpus_All_data/All_data/test/船机帮船舶动力设备日常维护要点与常见故障排除.md,,蚀坑需进行堆焊修复或整体更换,edge:e7766b511eacd80016e71a06,assertion:b1ce850c58df8de0f9193969
部件,缸套阻水圈,记载于,来源,船机帮船舶动力系统滑油水污染故障实例分析,provenance_index,仅在本声明来源及构型范围内使用,stated,01_datasets/marine_diesel_RAG_corpus_All_data/All_data/test/船机帮船舶动力系统滑油水污染故障实例分析.md,,定期检测缸套水腔密封性，重点检查缸套阻水圈、水腔盖板垫片等薄弱点，发现渗漏立即更换密封件,edge:e77a253866e868cc6f43d4ef,assertion:95db6f9193a31a5694773473
运维措施,按本机手册处理潮湿污染并验证绝缘,适用于,系统,冷却与海水系统,functional_classification,STAMFORD/AvK发电机；检测与干燥作业须停电隔离，由合格人员依本机手册执行，本文不提供通用阈值或操作命令。,stated,02_reports/STAMFORD_AGN040_winding_insulation.pdf,6,drying out procedures,edge:e78f3541cb7f1fdef95151e8,assertion:3b3ff3fb7ecbad50db3dcc8d
设备,主机海水冷却与舱底排水装置,记载于,来源,MAIB Safety Digest 2016 generator oil fire case,provenance_index,仅在本声明来源及构型范围内使用,stated,02_reports/MAIB_2016_Safety_Digest_generator_oil_fire.pdf,59,steel hulled fishing trawler,edge:e79228a0cca449dee1b80d19,assertion:0cca3aa9cf734fb1830d49a7
状态,燃油消耗偏高,以参数描述,参数,燃油消耗量,explicit_parameter_description,仅在本声明来源及构型范围内使用,stated,01_datasets/marine_diesel_RAG_corpus_All_data/All_data/test/船机帮船用柴油机的拉缸故障.md,,燃油油耗偏高,edge:e7925b9c8f73895a8be68b02,assertion:e7696a9fecb9217c26d67a49
故障,压缩机下端轴承过热失效,记载于,来源,MAIB Safety Digest 2013 lubrication and bearing cases,provenance_index,仅在本声明来源及构型范围内使用,stated,02_reports/MAIB_2013_Safety_Digest_lubrication_bearing_cases.pdf,14,bottom end bearing had overheated and failed,edge:e799d31fd52d5f9750be4f4b,assertion:081bc52f490b00c2b04104f9
故障,压气机叶片损坏,记载于,来源,船机帮船舶柴油机废气涡轮增压器振动的主要原因有哪些,provenance_index,仅在本声明来源及构型范围内使用,stated,01_datasets/marine_diesel_RAG_corpus_All_data/All_data/test/船机帮船舶柴油机废气涡轮增压器振动的主要原因有哪些.md,,由于涡轮叶片上严重积炭或叶片变形、折断、压气机叶轮、叶片变形或损坏等都会使转子质量分布发生变化,edge:e7a0f3858e267e9d58cb0948,assertion:3d7ecd29e63fadac32401ff7
运维措施,按手册清洁活络喷油电磁阀阀芯,应对,故障,喷油控制电磁阀大开度卡滞,source_recommendation,航浚6008/MAN L32/44CR与CR2.2；轨压数值、扭矩与拆装必须核对本机手册。,stated,01_datasets/marine_diesel_RAG_corpus_All_data/All_data/test/船机帮高压共轨柴油机燃油喷射系统故障分析.md,,如果该缸喷油时长明显小于其他各缸，则基本可以断定该缸喷油控制电磁阀故障，一般是磨损造成通流面积变大所致，需换新喷油控制电磁阀；也有可能是阀芯卡在较大开度位置所致，需解体清洁活络阀芯。,edge:e7acfe5a15f28df421a8186e,assertion:cc90c8d5160e5be4526fe281
事故案例,燃油法兰松动与主机火灾,涉及,检查方法,热成像巡检运行机组裸露热点,case_index,仅在本声明来源及构型范围内使用,stated,02_reports/MAIB_2024_20_Stena_Europe_fuel_spray_fire.pdf,32,thermal imaging cameras,edge:e7df18f394982981845a3001,assertion:6cc9a89effdd63808f28a1ff
运维措施,按本机方案进行低温缸套水预热,作用于,设备,缸套水预热装置,source_recommendation,综合维护二次文章，原厂和标准出处未独立证实；不采纳文中统一周期、报警值、压力值、浮动轴承加脂和未经验证改造方案。以下仅用于检索维护主题，由适用机型规程决定具体操作。,stated,01_datasets/marine_diesel_RAG_corpus_All_data/All_data/test/船机帮船舶动力设备日常维护要点与常见故障排除.md,,启用缸套水预热系统,edge:e7df7f7354166abcda059581,assertion:3550c4840e134aa09a5ef422
运维措施,按维护要求清除机组表面锈屑,记载于,来源,船机帮冬季卡特柴油发电机组的安全运行,provenance_index,仅在本声明来源及构型范围内使用,stated,01_datasets/marine_diesel_RAG_corpus_All_data/All_data/test/船机帮冬季卡特柴油发电机组的安全运行.md,,将附着在机组上的水迹、油迹和铁绣等杂物清除干净。,edge:e7ed04c0e743f43d44b969be,assertion:3638b4cbc5d37b8b8f135406
状态,机舱火灾,记载于,来源,MAIB Safety Digest 2016 generator oil fire case,provenance_index,仅在本声明来源及构型范围内使用,stated,02_reports/MAIB_2016_Safety_Digest_generator_oil_fire.pdf,26,exhaust casing of the adjacent engine caught fire,edge:e7f4b33c3da4910701052a4a,assertion:1592d28a996cebc92c2ab854
故障,喷油嘴喷孔扩大,记载于,来源,船机帮高压共轨柴油机燃油喷射系统故障分析,provenance_index,仅在本声明来源及构型范围内使用,stated,01_datasets/marine_diesel_RAG_corpus_All_data/All_data/test/船机帮高压共轨柴油机燃油喷射系统故障分析.md,,如弹簧断裂、喷油嘴喷孔变大等也会出现排温偏高的情况,edge:e803bd54839fe57f7d3280b3,assertion:34b8cd95262d8b010c6b34f5
事故案例,DG1发电机故障与失电,涉及,状态,全船失电,case_index,仅在本声明来源及构型范围内使用,stated,02_reports/MAIB_2026_10_Kommandor_Susan_generator_bearing_failure.pdf,1,The failure resulted in an engine room fire and a complete power blackout,edge:e808a936ce41ba21212e2168,assertion:3f46ef3a1d9c4ed464f5be0d
事故案例,可调螺距桨倒车响应迟缓与码头碰撞,涉及,检查方法,进出港前测试正倒车响应,case_index,仅在本声明来源及构型范围内使用,stated,02_reports/MAIB_2016_Safety_Digest_generator_oil_fire.pdf,29,Frequent engine response tests should be completed,edge:e80bbd33440bdc3ed7448d4c,assertion:a5c24fc23d9dd1b4d1b247a6
故障,主轴承瓦片转位,是概念的实例,故障,主轴承瓦片转位,concept_alignment,仅在本声明来源及构型范围内使用,stated,02_reports/MAIB_2018_14_Wight_Sky_engine_bearing_fire.pdf,14,Debris in the engine’s oil channels was most probably responsible for initiating the failure,edge:e80e5b4322289eb05e668fdd,assertion:3fdfbfcc2e7c53e63de357c6
状态,气缸燃烧压力产生脉动转矩,促成,故障,轴系扭转共振风险,source_guidance_statement,内燃机-发电机传动链一般机理；证据支持扭振导致失效风险及电气故障转矩冲击，但未建立某大型船主轴联轴器断裂的已证实事故链。,possible,02_reports/STAMFORD_AGN235_torsional_analysis.pdf,1,pulses can excite very significant resonant responses,edge:e810738216df47c24149b19b,assertion:27877fca542651801eb911ac
影响因素,冷却水处理剂与密封材料不相容,增加风险,状态,密封O形圈溶胀,source_statement,海水冷却的推进柴油机滑油系统；匿名二次报道。文中压力试验参数和标准引用未独立核实，不作为通用操作依据。,possible,01_datasets/marine_diesel_RAG_corpus_All_data/All_data/test/船机帮船舶动力系统滑油水污染故障实例分析.md,,冷却水处理剂与密封材料发生溶胀反应,edge:e815a25de4f51e6462011e60,assertion:02d352abcaf4c324010361de
运维措施,仅对适用电池按厂家要求补充电解液,作用于,部件,启动蓄电池,source_recommendation,综合维护二次文章，原厂和标准出处未独立证实；不采纳文中统一周期、报警值、压力值、浮动轴承加脂和未经验证改造方案。以下仅用于检索维护主题，由适用机型规程决定具体操作。,stated,01_datasets/marine_diesel_RAG_corpus_All_data/All_data/test/船机帮船舶动力设备日常维护要点与常见故障排除.md,,补充电气系统电解液至 1.28 g/cm³，更换碳刷,edge:e81e99fd33d04a605241ddce,assertion:0968308b78ee405c98df9f74
故障,增压器轴承变形,适用于,设备,废气涡轮增压器,applicability_index,船用废气涡轮增压器；拆装细节为VTR400示例，必须服从适用机型手册。,stated,01_datasets/marine_diesel_RAG_corpus_All_data/All_data/test/船机帮船舶柴油机废气涡轮增压器振动的主要原因有哪些.md,,轴承长时间使用后产生磨损、变形、裂纹和烧伤时，使摩擦力矩增大，转速下降，振动和噪声大增。,edge:e82258a33d6a0d1095015bdc,assertion:a74771655ff33e96fb2863c7
状态,机舱火灾,记载于,来源,Windcat 8 connecting rod big-end bearing failure,provenance_index,仅在本声明来源及构型范围内使用,stated,02_reports/MAIB_2018_01_Windcat8_bearing_failure_fire.pdf,11,fire resulted from the ignition of oil vapour released from the damaged crankcase,edge:e844749541ba107ca4fe9cc8,assertion:776e5bdc4329d5766ef9e0c5
故障,喷油控制电磁阀小开度卡滞,促成,状态,单缸排温偏低且喷油时长偏长,source_statement,航浚6008/MAN L32/44CR与CR2.2；轨压数值、扭矩与拆装必须核对本机手册。,possible,01_datasets/marine_diesel_RAG_corpus_All_data/All_data/test/船机帮高压共轨柴油机燃油喷射系统故障分析.md,,某缸排温偏低，而喷油时长明显大于其他缸时，可能是喷油控制电磁阀堵塞或卡在较小开度位置，需解体清洁活络阀芯,edge:e84d24bd63df4f21b4856547,assertion:5ffc9944db043671c4a37369
检查方法,设计复核发电机组飞轮壳刚度,适用于,设备,交流发电机,applicability_index,STAMFORD/AvK发电机：滚动轴承与滑动轴承、单/双轴承构型分别适用，不能跨型号套用。,stated,02_reports/STAMFORD_AGN076_alternator_bearings.pdf,7,suitable flywheel housing design in terms of stiffness and rigidity,edge:e85dd5ccef65a041e575b76b,assertion:0b997d17db385804fe6323dd
检查方法,日常检查排气阀阀壳状态,记载于,来源,船机帮船用共轨柴油机排气阀常见故障与排除,provenance_index,仅在本声明来源及构型范围内使用,stated,01_datasets/marine_diesel_RAG_corpus_All_data/All_data/test/船机帮船用共轨柴油机排气阀常见故障与排除.md,,包括对喷油器、排气阀阀杆、弹簧、阀壳等检查，确保各部件工况正常。,edge:e868799791306da921027191,assertion:6266b10c40fc3320a857d620
状态,共轨滑油压力不足,记载于,来源,船机帮船用共轨柴油机排气阀常见故障与排除,provenance_index,仅在本声明来源及构型范围内使用,stated,01_datasets/marine_diesel_RAG_corpus_All_data/All_data/test/船机帮船用共轨柴油机排气阀常见故障与排除.md,,排气阀打不开，一般由于共轨滑油漏泄导致油压不够引起的。,edge:e869d62cbf34d966ddb6741d,assertion:c9a74b69ad0cba89d30814d9
运维措施,按本机间隙要求更换磨损活塞环,记载于,来源,船机帮船舶动力设备日常维护要点与常见故障排除,provenance_index,仅在本声明来源及构型范围内使用,stated,01_datasets/marine_diesel_RAG_corpus_All_data/All_data/test/船机帮船舶动力设备日常维护要点与常见故障排除.md,,当活塞环侧隙＞ 0.25 mm或背隙＞ 1.2 mm 时换新,edge:e9247ae94b58aee64720cd11,assertion:a926fd49f6ed4a8d40d68073
部件,主机离合器,记载于,来源,MAIB Safety Digest 2013 lubrication and bearing cases,provenance_index,仅在本声明来源及构型范围内使用,stated,02_reports/MAIB_2013_Safety_Digest_lubrication_bearing_cases.pdf,14,ro-ro passenger ferry,edge:e93a500750f3ff2de42e8392,assertion:2dbbfbcc082218c26f3ab61c
运维措施,按本机规格选用适用低温滑油,适用于,设备,船舶动力装置,applicability_index,综合维护二次文章，原厂和标准出处未独立证实；不采纳文中统一周期、报警值、压力值、浮动轴承加脂和未经验证改造方案。以下仅用于检索维护主题，由适用机型规程决定具体操作。,stated,01_datasets/marine_diesel_RAG_corpus_All_data/All_data/test/船机帮船舶动力设备日常维护要点与常见故障排除.md,,并使用低凝点滑油,edge:e94aecf6f2bb5875a996c9bc,assertion:cddb1fba27e937ea97f95acd
故障,排气管未恢复保温,导致,状态,排气护罩存在高温表面,source_case_statement,本报告案例，不外推为所有船舶已证实根因,reported,02_reports/MAIB_2016_Safety_Digest_generator_oil_fire.pdf,28,radiate heat to the protective casing,edge:e959c8540ce74bf408294186,assertion:2f24ea66202d046b5376d7ff
检查方法,核对连杆与轴承盖配对编号,适用于,设备,ME4主机,applicability_index,本报告案例，不外推为所有船舶已证实根因,stated,02_reports/MAIB_2022_04_Wight_Sky_multiple_engine_failures.pdf,72,serial numbers on the connecting rods and caps were not routinely checked,edge:e98485f1629088218df64be7,assertion:8e5b2cfc8601bd3ad72093e3
事故案例,主机连杆小端疲劳断裂,涉及,故障,连杆小端疲劳断裂,case_index,仅在本声明来源及构型范围内使用,stated,02_reports/MAIB_2021_02_Finlandia_Seaways_connecting_rod_failure.pdf,9,introduced stress raisers that signficantly increased the likelihood of crack initiation and fatigue failure,edge:e98d595553f13d927fb1bd0e,assertion:b430ae8b6e3f8de08a9bd5ec
状态,机舱进水,导致,状态,船舶沉没,source_case_statement,本报告案例，不外推为所有船舶已证实根因,reported,02_reports/MAIB_2016_Safety_Digest_generator_oil_fire.pdf,60,vessel sink in deep water,edge:e997791acbbe98aebe2eb8d3,assertion:b51c41ed223699a95307cd98
状态,全船失电,是概念的实例,状态,全船失电,concept_alignment,仅在本声明来源及构型范围内使用,stated,02_reports/MAIB_2026_10_Kommandor_Susan_generator_bearing_failure.pdf,1,The failure resulted in an engine room fire and a complete power blackout,edge:e9a6a7cab5132d9b5dce35f9,assertion:8e10d86f20e9fd7abc5e8bf4
运维措施,确认减振器故障后按厂家程序更换,适用于,系统,润滑与轴承系统,functional_classification,MAN L16/24、L21/31、L27/38等通函列明机型；不得推广其维护周期到其它机型。,stated,02_reports/MAN_SL2017_654_torsional_damper.pdf,1,complete torsional vibration damper must be replaced,edge:e9c51aae23a5a56d265304dd,assertion:0e99b81392ab563057adbd81
部件,回油法兰,记载于,来源,Pride of Canterbury CPP hydraulic overpressure and fire,provenance_index,仅在本声明来源及构型范围内使用,stated,02_reports/MAIB_2015_22_Pride_of_Canterbury_CPP_hydraulic_fire.pdf,30,Pride of Canterbury,edge:e9cb8938c607f21355eb958f,assertion:8695639785dc34c2ed76dfc6
故障,燃油法兰螺钉松动,记载于,来源,Stena Europe pressurised fuel spray and engine-room fire,provenance_index,仅在本声明来源及构型范围内使用,stated,02_reports/MAIB_2024_20_Stena_Europe_fuel_spray_fire.pdf,29,screw in a two-screw flange within the fuel oil pipework loosened,edge:e9cbb00e856df518ea8449bf,assertion:313d1d46ea956325c480334d
运维措施,按原厂要求维护清洁发电机定转子,记载于,来源,船机帮船舶发电机常见故障及对策,provenance_index,仅在本声明来源及构型范围内使用,stated,01_datasets/marine_diesel_RAG_corpus_All_data/All_data/test/船机帮船舶发电机常见故障及对策.md,,加强对发电机转子、定子的日常养护，确保清洁,edge:e9cf0fb0b448fb604444b975,assertion:6bb6cb939c12fa2335f6ebb9
影响因素,关键断路器置于手动位,导致,状态,关键设备失电,source_case_statement,本报告案例，不外推为所有船舶已证实根因,reported,02_reports/MAIB_2018_14_Wight_Sky_engine_bearing_fire.pdf,14,essential services switchboard aft circuit breaker had been left in manual mode,edge:e9e116187adbb959e02a4eee,assertion:5dc8e8da0c86943873936fb9
参数,滑油冷却水温度进口,记载于,来源,variable_dictionary,provenance_index,仅在本声明来源及构型范围内使用,stated,01_datasets/Marine_Engine_Fault_Data_v1/Marine_Engine_Fault_Data/variable_dictionary.csv,,"LO Cooling Water Temp. In,T12,°C,number,TRUE,TRUE,temperature,",edge:ea0479b7e660cd54d431cbf4,assertion:34d2e593366386fd8220fad3
运维措施,修复并定期测试控制台指示照明,应对,影响因素,盘车指示灯照明不足,source_case_statement,本报告案例，不外推为所有船舶已证实根因,reported_action,02_reports/MAIB_2013_Safety_Digest_lubrication_bearing_cases.pdf,18,should therefore be tested regularly,edge:ea235ffc151f76233e09b54a,assertion:98330b5547a6c3356a229425
检查方法,按本机要求复检转速传感器安装间隙,检查,影响因素,转速传感器安装间隙过小,source_check,12V20/27、双机双轴双桨定距推进的文中闭环调速构型；信号接口及间隙不可跨机型套用。,stated,01_datasets/marine_diesel_RAG_corpus_All_data/All_data/test/船机帮某型船主机遥控系统典型故障分析.md,,塞尺复检间隙或手动盘车无卡滞,edge:ea52b4b0be83ff526c384bd4,assertion:365ed81d002f762a87c774e7
状态,排气护罩存在高温表面,是概念的实例,状态,排气护罩存在高温表面,concept_alignment,仅在本声明来源及构型范围内使用,stated,02_reports/MAIB_2016_Safety_Digest_generator_oil_fire.pdf,28,radiate heat to the protective casing,edge:ea5dad81c43511224426d648,assertion:76b9829247da43909725e676
部件,回油法兰,记载于,来源,Pride of Canterbury CPP hydraulic overpressure and fire,provenance_index,仅在本声明来源及构型范围内使用,stated,02_reports/MAIB_2015_22_Pride_of_Canterbury_CPP_hydraulic_fire.pdf,30,Pride of Canterbury,edge:ea6325d0b4414e7cc2d7223e,assertion:4b0e7de6876af0bc2419ce1f
参数,主机转速偏差,记载于,来源,船机帮某型船主机遥控系统典型故障分析,provenance_index,仅在本声明来源及构型范围内使用,stated,01_datasets/marine_diesel_RAG_corpus_All_data/All_data/test/船机帮某型船主机遥控系统典型故障分析.md,,显示值与正常值存在较大偏差,edge:ea7d017dffe8f079bf79a4bb,assertion:e30b1fb079194483aa33e908
运维措施,仅按励磁规程调整发电机电压,适用于,设备,柴油发电机,applicability_index,Caterpillar3512冬季维护经验，原始应用场景不一定为船舶；仅提取可迁移维护主题，必须核对船用构型，排除未获批准的自主回油改造及统一数值。,stated,01_datasets/marine_diesel_RAG_corpus_All_data/All_data/test/船机帮冬季卡特柴油发电机组的安全运行.md,,应及时调整频率和电压，使其保持额定值,edge:ea8a93fcfc5421d4e54d7d2a,assertion:2dc97993b29cc44fae505c64
事故案例,滑油滤芯漏装与主机抱轴,涉及,部件,活塞与缸套,case_index,仅在本声明来源及构型范围内使用,stated,02_reports/MAIB_2013_Safety_Digest_lubrication_bearing_cases.pdf,21,fully loaded cargo ship,edge:eabeb6685cd7b2211ff92737,assertion:fa2510c8be7c1c7207b471dc
运维措施,按本船规程确认备用发电机可启动并网,记载于,来源,船机帮船舶柴油发电机主开关并网合闸失败故障的分析与排查,provenance_index,仅在本声明来源及构型范围内使用,stated,01_datasets/marine_diesel_RAG_corpus_All_data/All_data/test/船机帮船舶柴油发电机主开关并网合闸失败故障的分析与排查.md,,要保证另一台停车的柴油发电机处于第一备用状态，能够正常起动并网，并把电站切换到自动模式。,edge:ead0474931e48d5b9b0f766b,assertion:0b4163b905152ed07ad9775a
部件,便携电动排水泵,记载于,来源,MAIB Safety Digest 2016 generator oil fire case,provenance_index,仅在本声明来源及构型范围内使用,stated,02_reports/MAIB_2016_Safety_Digest_generator_oil_fire.pdf,40,general cargo vessel,edge:eade5e7cdd4e61a41c909388,assertion:7d31942533b7d3037831bdaa
检查方法,取样检测滑油外源污染元素,适用于,设备,滑油冷却器,applicability_index,海水冷却的推进柴油机滑油系统；匿名二次报道。文中压力试验参数和标准引用未独立核实，不作为通用操作依据。,stated,01_datasets/marine_diesel_RAG_corpus_All_data/All_data/test/船机帮船舶动力系统滑油水污染故障实例分析.md,,油液理化指标、金属磨粒指标、外源污染元素,edge:eaedd5380a54f019096fee17,assertion:43dd4101bbfef523c4e3cf81
运维措施,按适用冷却液规范补充散热水箱冷却液,作用于,部件,散热水箱,source_recommendation,Caterpillar3512冬季维护经验，原始应用场景不一定为船舶；仅提取可迁移维护主题，必须核对船用构型，排除未获批准的自主回油改造及统一数值。,stated,01_datasets/marine_diesel_RAG_corpus_All_data/All_data/test/船机帮冬季卡特柴油发电机组的安全运行.md,,如果不足要及时补充。,edge:eaf3f92d8174ec84b5ac0ccb,assertion:3411b8f674e33107562a5077
影响因素,缸套石墨聚集,记载于,来源,船机帮船用柴油机的拉缸故障,provenance_index,仅在本声明来源及构型范围内使用,stated,01_datasets/marine_diesel_RAG_corpus_All_data/All_data/test/船机帮船用柴油机的拉缸故障.md,,常见的原因有缸套本身的材质不过关，铸造后的金相组织到不到要求，铁素体含量超标，较高，石墨聚集现象；,edge:eb0343033cf51354eec23273,assertion:3eea7908e9366d5227492270
故障,联轴器故障,记载于,来源,MAIB Hebrides CPP actuator coupling failure,provenance_index,仅在本声明来源及构型范围内使用,stated,02_reports/MAIB_2017_20_Hebrides_CPP_coupling.pdf,35,absence of thread locking fluid,edge:eb15a94b1269dfcab074bd92,assertion:16b998e5c3ea84c781982175
故障,CPP回油法兰破裂,发生于,设备,右舷可调螺距桨液压装置,case_equipment_index,仅在本声明来源及构型范围内使用,stated,02_reports/MAIB_2015_22_Pride_of_Canterbury_CPP_hydraulic_fire.pdf,29,flanged joint ruptured because the CPP system became over- pressurised,edge:eb3260aa979a3032596d18c6,assertion:383bbd5b5e1e328446fc3783
事故案例,海水冷却管疑似失效与沉没,涉及,状态,船舶沉没,case_index,仅在本声明来源及构型范围内使用,stated,02_reports/MAIB_2016_Safety_Digest_generator_oil_fire.pdf,60,vessel sink in deep water,edge:eb38dfd0759554c1663a7ad9,assertion:c008433f3ab7ed9bdfaa6730
状态,燃油着火延迟,记载于,来源,船机帮柴油机冷却水过高或过低的危害,provenance_index,仅在本声明来源及构型范围内使用,stated,01_datasets/marine_diesel_RAG_corpus_All_data/All_data/test/船机帮柴油机冷却水过高或过低的危害.md,,将造成压缩终了温度下降、着火延迟和燃烧条件恶化，导致燃烧不完全、柴油机工作粗暴和排气冒黑烟。,edge:eb5429ca982ab426d38b43fa,assertion:b0265da12a5aac786aab766f
故障,排气阀座开裂泄漏,记载于,来源,MAN SL2016-623 cooling water treatment and periodical testing,provenance_index,仅在本声明来源及构型范围内使用,stated,02_reports/MAN_SL2016_623_cooling_water.pdf,2,cracks and leakages,edge:ebbaecbbfb08a47cdd001a26,assertion:309a9d2e8a2109070b926f06
故障,主机灾难性失效,导致,状态,机舱火灾,source_case_statement,本报告案例，不外推为所有船舶已证实根因,reported,02_reports/MAIB_2021_02_Finlandia_Seaways_connecting_rod_failure.pdf,9,catastrophic main engine failure that caused serious structural damage to the engine and a fire,edge:ebbc1ded115e68bba233a991,assertion:d095e152be2fea280510fadd
事故案例,ME2主轴承断油失效,涉及,部件,ME2 5号主轴承,case_index,仅在本声明来源及构型范围内使用,stated,02_reports/MAIB_2022_04_Wight_Sky_multiple_engine_failures.pdf,84,ME2 failed catastrophically due to a sudden loss of lubricating oil supply,edge:ebd67f3355cd243dfffe609a,assertion:5131ef8eed8921ccbd3abdaa
故障,连杆小端疲劳断裂,是概念的实例,故障,连杆小端疲劳断裂,concept_alignment,仅在本声明来源及构型范围内使用,stated,02_reports/MAIB_2021_02_Finlandia_Seaways_connecting_rod_failure.pdf,9,introduced stress raisers that signficantly increased the likelihood of crack initiation and fatigue failure,edge:ec1e59ac81df951309612a46,assertion:6a9a05fbac8d477c5e705f71
故障,排气管未恢复保温,是概念的实例,故障,排气管未恢复保温,concept_alignment,仅在本声明来源及构型范围内使用,stated,02_reports/MAIB_2016_Safety_Digest_generator_oil_fire.pdf,28,radiate heat to the protective casing,edge:ec1e8c68e6eba10c70ab02e0,assertion:5bdee1641151a38c431aa94f
部件,涡轮叶片,记载于,来源,船机帮船舶柴油机废气涡轮增压器振动的主要原因有哪些,provenance_index,仅在本声明来源及构型范围内使用,stated,01_datasets/marine_diesel_RAG_corpus_All_data/All_data/test/船机帮船舶柴油机废气涡轮增压器振动的主要原因有哪些.md,,管理中注意压气机进气滤器、叶轮、扩压器、空气冷却器、进气口和排气口、涡轮喷嘴环、叶片等流通部分的清洁，就会防止和消除喘振，也就会使振动消失。,edge:ec1ea13383011871795c509f,assertion:d53e7200f4d5d60414f5e19c
状态,高温冷却水出口温度升高,以参数描述,参数,高温冷却水出口温度,explicit_parameter_description,仅在本声明来源及构型范围内使用,stated,01_datasets/marine_diesel_RAG_corpus_All_data/All_data/test/船机帮船用柴油机的拉缸故障.md,,高温水出水温度升高,edge:ec2527251e63ab9f1e0a3d41,assertion:c7779ebd19079501a01d21e1
状态,机舱火灾,记载于,来源,MAIB Safety Digest 2013 lubrication and bearing cases,provenance_index,仅在本声明来源及构型范围内使用,stated,02_reports/MAIB_2013_Safety_Digest_lubrication_bearing_cases.pdf,41,hot manifold and catch fire,edge:ec5f89e958101ce4a5c9a9e1,assertion:f54a9f0ac528f5ae22c54788
状态,船舶沉没,记载于,来源,MAIB Safety Digest 2016 generator oil fire case,provenance_index,仅在本声明来源及构型范围内使用,stated,02_reports/MAIB_2016_Safety_Digest_generator_oil_fire.pdf,60,vessel sink in deep water,edge:ec7cc292b7b414482ccd38be,assertion:99e4eadb01e54059f49ce8d5
故障,盘车轴与齿轮损坏,发生于,设备,主机启动与盘车装置,case_equipment_index,仅在本声明来源及构型范围内使用,stated,02_reports/MAIB_2013_Safety_Digest_lubrication_bearing_cases.pdf,16,resulting damage to the shaft and gearing,edge:ec9df48b358a116880f6d7ce,assertion:92d157121bca9944d3673585
状态,油道残留碎屑,记载于,来源,Wight Sky catastrophic main engine bearing failure,provenance_index,仅在本声明来源及构型范围内使用,stated,02_reports/MAIB_2018_14_Wight_Sky_engine_bearing_fire.pdf,14,Debris in the engine’s oil channels was most probably responsible for initiating the failure,edge:ec9ea8f3d2074e54af2dacc5,assertion:6211d33175b53ad45454384e
检查方法,核验调速器与油泵零位对应关系,检查,状态,柴油机无法正常停车,source_check,调速器维修经验；不同调速器针阀与补偿调节不可照抄，飞车必须执行本船应急规程。,stated,01_datasets/marine_diesel_RAG_corpus_All_data/All_data/test/船机帮船用柴油机调速器的维护与保养十飞车故障.md,,柴油机不能停车——检查调速器“0”位是否与高压油泵“0”位相符合，并检查停车电磁阀及仪表箱电源电压。,edge:eca31078ec38cb0362734c40,assertion:39d91ca7fdf331f9c6ec1987
检查方法,调速器拆装后进行试验台复试,检查,故障,柴油机飞车,source_check,调速器维修经验；不同调速器针阀与补偿调节不可照抄，飞车必须执行本船应急规程。,stated,01_datasets/marine_diesel_RAG_corpus_All_data/All_data/test/船机帮船用柴油机调速器的维护与保养十飞车故障.md,,拆卸、重装了调速器，最好再上一次试验台进行复试，保证调速器的性能及可靠性，防止柴油机出现飞车现象。,edge:ecb7c93d584e6fca55b9bc22,assertion:9c65f8e4512d771b30fac944
故障,电容内压升高与壳体破裂,记载于,来源,RMS Queen Mary 2 harmonic-filter capacitor failure and blackout,provenance_index,仅在本声明来源及构型范围内使用,stated,02_reports/MAIB_2011_28_Queen_Mary_2_harmonic_filter_failure.pdf,13,caused the capacitor casing to rupture,edge:ecbe694888547ad631e17e5f,assertion:66ffbc6bc79c02383c346d1d
故障,增压器轴承烧伤,适用于,设备,废气涡轮增压器,applicability_index,船用废气涡轮增压器；拆装细节为VTR400示例，必须服从适用机型手册。,stated,01_datasets/marine_diesel_RAG_corpus_All_data/All_data/test/船机帮船舶柴油机废气涡轮增压器振动的主要原因有哪些.md,,轴承长时间使用后产生磨损、变形、裂纹和烧伤时，使摩擦力矩增大，转速下降，振动和噪声大增。,edge:ece0024ab24b73b2dcd6f675,assertion:31b00dbdd2566ea69af91831
影响因素,燃油接头喷溅保护缺失,增加风险,状态,燃油喷向裸露高温排气歧管,source_case_statement,本报告案例，不外推为所有船舶已证实根因,reported,02_reports/MAIB_2024_20_Stena_Europe_fuel_spray_fire.pdf,29,joint was not protected by anti-splashing tape or shielding,edge:ecf3d2a66bf41499674ce874,assertion:f4aa14c0d86d02048d6f7041
部件,涡轮喷嘴环,记载于,来源,船机帮船舶动力设备日常维护要点与常见故障排除,provenance_index,仅在本声明来源及构型范围内使用,stated,01_datasets/marine_diesel_RAG_corpus_All_data/All_data/test/船机帮船舶动力设备日常维护要点与常见故障排除.md,,按规范调整气门间隙，同时清洗增压器喷嘴环,edge:ed1afef06b2d15d337015476,assertion:4e05ec301c080e8776c9d6e5
参数,滑油冷却水温度进口,表征,设备,试验柴油机,native_variable_dictionary,仅在本声明来源及构型范围内使用,stated,01_datasets/Marine_Engine_Fault_Data_v1/Marine_Engine_Fault_Data/variable_dictionary.csv,,"LO Cooling Water Temp. In,T12,°C,number,TRUE,TRUE,temperature,",edge:ed331a60720c13ee71bb47a0,assertion:bb797b349414e97160c6c469
故障,齿轮疲劳断裂,记载于,来源,船机帮船用齿轮箱故障分析与管理对策,provenance_index,仅在本声明来源及构型范围内使用,stated,01_datasets/marine_diesel_RAG_corpus_All_data/All_data/test/船机帮船用齿轮箱故障分析与管理对策.md,,若齿轮突然过载就可能会超负荷造成突然断裂；若非突然断裂，齿轮重复受过载力，造成应力集中，也会导致疲劳裂纹，进而导致疲劳断裂。,edge:ed3d08adb9c96ea7e8a38afb,assertion:0e0f305819d59819481b266b
设备,主机润滑装置,包含部件,部件,双联滑油滤器,asset_index,仅在本声明来源及构型范围内使用,stated,02_reports/MAIB_2013_Safety_Digest_lubrication_bearing_cases.pdf,21,fully loaded cargo ship,edge:ed41d5e780a7dab71cc11258,assertion:92a1b8eb80a0a19cb7219033
参数,3缸有效功率,表征,设备,试验柴油机,native_variable_dictionary,仅在本声明来源及构型范围内使用,stated,01_datasets/Marine_Engine_Fault_Data_v1/Marine_Engine_Fault_Data/variable_dictionary.csv,,"Effective Work No.3,We,kW,number,TRUE,TRUE,performance / derived,shorthand label is reused across cylinder-resolved and/or aggregate variables; use the full variable-name row during preprocessing",edge:ed681201b7578bd2b9f41597,assertion:60fa40995decac984a47187f
影响因素,未完成厂商四螺钉法兰改造,是概念的实例,影响因素,未完成厂商四螺钉法兰改造,concept_alignment,仅在本声明来源及构型范围内使用,stated,02_reports/MAIB_2024_20_Stena_Europe_fuel_spray_fire.pdf,29,risk of fuel leakage remained high,edge:ed6b31d490b7e90f59d9d290,assertion:e2a7e592143989dabdf2640f
事故案例,发电机滑油泵堵头松脱火灾,涉及,故障,滑油泵堵头振松,case_index,仅在本声明来源及构型范围内使用,stated,02_reports/MAIB_2016_Safety_Digest_generator_oil_fire.pdf,26,insufficiently tightened by shore staff,edge:ed83cabfc25c17d4b2d97b43,assertion:a437a52124f3b11ae75042eb
故障,齿轮径向劈裂,属于概念类别,故障,齿轮断裂,curator_concept_taxonomy,依据该文故障枚举整理的概念包含关系，非事故根因关系,stated,01_datasets/marine_diesel_RAG_corpus_All_data/All_data/test/船机帮船用齿轮箱故障分析与管理对策.md,,齿轮断裂在斜齿轮和宽直齿齿轮上发生较多,edge:ed8914f7cd582e7761ac5979,assertion:9a940acb56f112e686844b79
状态,增压器转子动不平衡,记载于,来源,船机帮船舶柴油机废气涡轮增压器振动的主要原因有哪些,provenance_index,仅在本声明来源及构型范围内使用,stated,01_datasets/marine_diesel_RAG_corpus_All_data/All_data/test/船机帮船舶柴油机废气涡轮增压器振动的主要原因有哪些.md,,破坏了转子原有的动平衡精度，即偏心距值增大超过规范要求，造成转子不平衡。,edge:ed9c1cc9c39b7a91a688b9c2,assertion:ce05dea19a3d08a7ec18d3dc
状态,船艏撞击码头,是概念的实例,状态,船艏撞击码头,concept_alignment,仅在本声明来源及构型范围内使用,stated,02_reports/MAIB_2016_Safety_Digest_generator_oil_fire.pdf,29,vessel’s bow struck the quay,edge:edba59e9da185709962e9b21,assertion:05ebe4f3890459ae2862d9ff
检查方法,分析瞬时频率基波及谐波的调制特征,检查,故障,船舶电网电压频率振荡,source_guidance_statement,2021论文三类船舶的实测电网信号，含轴带发电化学品船；不是所有振荡都超限。DP船风浪影响主要作用于基波与频率，不能一概说风浪显著放大所有谐波。,derived_action,03_papers/Frontiers_2021_marine_converter_oscillations.pdf,1,om- D,edge:edc3fa6e109ffad7cfe021a0,assertion:3651eb5fa2c385f5d9d7a338
状态,齿轮箱滑油温度持续升高,记载于,来源,船机帮船用齿轮箱故障分析与管理对策,provenance_index,仅在本声明来源及构型范围内使用,stated,01_datasets/marine_diesel_RAG_corpus_All_data/All_data/test/船机帮船用齿轮箱故障分析与管理对策.md,,两组(共21个)摩擦片之间打滑(似转非转)，内凹圈跟着从动齿轮也似转非转(本不该转)，结果磨坏了活塞的端面和外周面，润滑油的温度持续升高。,edge:edc84b55c65e9f144147156e,assertion:bcec29e54f2b6be6826d1069
状态,轴向振动引起轴承座微动,促成,故障,发电机滚动轴承磨损失效,source_guidance_statement,有滚动轴承的发电机或轴带发电机构型；滚动轴承与主机滑动轴瓦的失效机理不得混用。,possible,02_reports/STAMFORD_AGN076_alternator_bearings.pdf,4,"axial vibration, causing a fretting action",edge:edcaa9a8773b7944434675c7,assertion:5ac5f5badf8eb830006664bf
故障,齿轮裂纹,适用于,设备,减速齿轮箱,applicability_index,GW系列船用齿轮箱；通用机理与A/B船匿名案例须区分，尺寸不能跨机型套用。,stated,01_datasets/marine_diesel_RAG_corpus_All_data/All_data/test/船机帮船用齿轮箱故障分析与管理对策.md,,如热处理的残余应力控制不当，会引起钢件在一定时间后或在随后的切削加工中产生变形或裂纹,edge:edcfd83c148dffec78135e8c,assertion:ac37f54772fb77e2ac215e55
参数,发动机滑油温度进口,表征,设备,试验柴油机,native_variable_dictionary,仅在本声明来源及构型范围内使用,stated,01_datasets/Marine_Engine_Fault_Data_v1/Marine_Engine_Fault_Data/variable_dictionary.csv,,"LO Temp. Engine In,T10,°C,number,TRUE,TRUE,temperature,",edge:ede4a4f7384cb3e23bea328f,assertion:8366fa482548d769d5ab94bb
检查方法,以振动频谱验证齿轮箱修复状态,检查,设备,减速齿轮箱,source_check,GW系列船用齿轮箱；通用机理与A/B船匿名案例须区分，尺寸不能跨机型套用。,stated,01_datasets/marine_diesel_RAG_corpus_All_data/All_data/test/船机帮船用齿轮箱故障分析与管理对策.md,,状态监控(振动频谱测量)也是很必要的验证环节。,edge:edecc17c0e9af14eee4ea422,assertion:9f9eb0e177b07f747440fb54
故障,发电机短路或非同期并机,适用于,系统,燃油与进排气系统,functional_classification,内燃机-发电机传动链一般机理；证据支持扭振导致失效风险及电气故障转矩冲击，但未建立某大型船主轴联轴器断裂的已证实事故链。,stated,02_reports/STAMFORD_AGN035_fault_protection.pdf,5,transient peak torque demand,edge:edf1e5a4179cbb052d99e60e,assertion:12d84782b0651c7a403fc28a
参数,2缸排气温度,记载于,来源,variable_dictionary,provenance_index,仅在本声明来源及构型范围内使用,stated,01_datasets/Marine_Engine_Fault_Data_v1/Marine_Engine_Fault_Data/variable_dictionary.csv,,"No.2 Exh.Gas Temp.,T2,°C,number,TRUE,TRUE,temperature,",edge:ee0123b54a4e33f75c900593,assertion:55f30b5e32553e0328498422
运维措施,对确认状态良好的备用机组按计划进行防潮运行,适用于,设备,交流发电机,applicability_index,STAMFORD/AvK对应交流发电机型号；AGN040应与本机Owner Manual联合使用；干燥与绝缘处置仅由合格人员实施。,stated,02_reports/STAMFORD_AGN040_winding_insulation.pdf,7,Regular Use as part of Planned Maintenance,edge:ee2d8a297486bd4b09eb70d0,assertion:ae7434c4241d3097c63803b7
检查方法,隔离泄压后按手册检查高压接头密封面,记载于,来源,船机帮高压共轨柴油机燃油喷射系统故障分析,provenance_index,仅在本声明来源及构型范围内使用,stated,01_datasets/marine_diesel_RAG_corpus_All_data/All_data/test/船机帮高压共轨柴油机燃油喷射系统故障分析.md,,可先尝试按规定扭力复紧接头；如果没有改善，再拆开检查密封面,edge:ee498901901515484b09841b,assertion:1fb91737165537588c424b65
影响因素,未核验大修零件真伪,记载于,来源,Kommandor Susan catastrophic engine failure and fire,provenance_index,仅在本声明来源及构型范围内使用,stated,02_reports/MAIB_2026_10_Kommandor_Susan_generator_bearing_failure.pdf,8,no verification of authenticity for the parts used,edge:ee64c94e70083eee297738cc,assertion:9732d51c00de3c23e77bdfb7
参数,1缸指示功,表征,设备,试验柴油机,native_variable_dictionary,仅在本声明来源及构型范围内使用,stated,01_datasets/Marine_Engine_Fault_Data_v1/Marine_Engine_Fault_Data/variable_dictionary.csv,,"Indicated Work No.1,Wi,J,number,TRUE,TRUE,performance / derived,shorthand label is reused across cylinder-resolved and/or aggregate variables; use the full variable-name row during preprocessing",edge:ee6ee043c5413ab493f10bb7,assertion:d41f2f6e7741285fff84685e
参数,滑油运动黏度,记载于,来源,船机帮柴油机轴瓦抱轴故障分析,provenance_index,仅在本声明来源及构型范围内使用,stated,01_datasets/marine_diesel_RAG_corpus_All_data/All_data/test/船机帮柴油机轴瓦抱轴故障分析.md,,机油粘度下降,edge:eeb0c92e495fdb5775f2d341,assertion:344b35847c27afd54c8ce5d7
事故案例,左舷主机轴瓦失效与火灾,涉及,状态,机舱火灾,case_index,仅在本声明来源及构型范围内使用,stated,02_reports/MAIB_2018_01_Windcat8_bearing_failure_fire.pdf,11,fire resulted from the ignition of oil vapour released from the damaged crankcase,edge:eee668d574d4d747e0073ce1,assertion:aa083a906117e88437975a3b
事故案例,燃油法兰松动与主机火灾,涉及,状态,一台主机数周不能运行,case_index,仅在本声明来源及构型范围内使用,stated,02_reports/MAIB_2024_20_Stena_Europe_fuel_spray_fire.pdf,7,one of its four main engines inoperative for several weeks,edge:eeeae325dd67f903e958a5ac,assertion:2ae6394333216c9c0f52f312
事故案例,压载泵检修隔离失效与机舱进水,涉及,状态,海水经泵进口管大量流入,case_index,仅在本声明来源及构型范围内使用,stated,02_reports/MAIB_2016_Safety_Digest_generator_oil_fire.pdf,40,water started to flow from the inlet pipe,edge:ef1d7da693d3b8de00102eb0,assertion:9332110a74f80c4c8a03f344
状态,活塞环弹力不足,增加风险,故障,缸套黏着拉伤,source_statement,船用柴油机摩擦副；二次维修文章，机型及根因须核实；不能以某一症状直接确诊拉缸。,possible,01_datasets/marine_diesel_RAG_corpus_All_data/All_data/test/船机帮船用柴油机的拉缸故障.md,,另外活塞环的变形，在活塞环内出现卡滞，活塞环尺寸不对，环槽间隙过小，受到热膨胀无间隙，也会出现拉缸，活塞环无弹力，也可造成拉缸。,edge:ef27361fa6857f2d95e80836,assertion:6b8b75d203ee1e3a5607baf2
状态,失去推进,记载于,来源,RMS Queen Mary 2 harmonic-filter capacitor failure and blackout,provenance_index,仅在本声明来源及构型范围内使用,stated,02_reports/MAIB_2011_28_Queen_Mary_2_harmonic_filter_failure.pdf,13,vessel was clear of navigational hazards and drifted in open sea,edge:ef2779098c5d1938e724c2a8,assertion:62861b2d685735bf129be561
检查方法,设计复核原动机支承发电机转子质量的能力,检查,设备,柴油发电机,source_manufacturer_check,STAMFORD/AvK发电机：滚动轴承与滑动轴承、单/双轴承构型分别适用，不能跨型号套用。,guidance,02_reports/STAMFORD_AGN076_alternator_bearings.pdf,7,The suitability of the prime mover to support the alternator’s rotor mass,edge:ef3d80cf0da45c81738aeba6,assertion:cb592a17eb622781661eb7b4
参数,气缸爆发压力,记载于,来源,船机帮船用柴油机的拉缸故障,provenance_index,仅在本声明来源及构型范围内使用,stated,01_datasets/marine_diesel_RAG_corpus_All_data/All_data/test/船机帮船用柴油机的拉缸故障.md,,压缩压力和爆发压力降低,edge:ef637bef08e0783048224a1a,assertion:dbb000f08000d631ed934878
参数,燃油输送泵压力原始电压信号,记载于,来源,variable_dictionary,provenance_index,仅在本声明来源及构型范围内使用,stated,01_datasets/Marine_Engine_Fault_Data_v1/Marine_Engine_Fault_Data/variable_dictionary.csv,,"Fuel transfer pump Press.,Pl_fuel,V,number,TRUE,TRUE,pressure / derived pressure,raw voltage signal associated with fuel-side pressure; not converted to engineering pressure units",edge:ef6669ffaab95105c5a70a5d,assertion:7197c33cd01c68a4cc3df53f
故障,主轴承咬死,导致,状态,主机无法继续运行,source_case_statement,本报告案例，不外推为所有船舶已证实根因,reported,02_reports/MAIB_2013_Safety_Digest_lubrication_bearing_cases.pdf,21,prevented the engine from further operation,edge:ef785aa4663311fec6ce3b45,assertion:e2781b5eb42750fcad342089
运维措施,按设计维护机罩自然对流防结露通风,适用于,设备,交流发电机,applicability_index,STAMFORD/AvK对应交流发电机型号；AGN040应与本机Owner Manual联合使用；干燥与绝缘处置仅由合格人员实施。,stated,02_reports/STAMFORD_AGN040_winding_insulation.pdf,7,engineered natural convection of airflow through the canopy,edge:ef82cffcfa73376cb800711c,assertion:848c70f02f108b27bcf11678
设备,ME2主机,是概念的实例,设备,ME2主机,concept_alignment,仅在本声明来源及构型范围内使用,stated,02_reports/MAIB_2022_04_Wight_Sky_multiple_engine_failures.pdf,84,ME2 failed catastrophically due to a sudden loss of lubricating oil supply,edge:efbf17c08a3787f94f24ca5b,assertion:2e6b8900232e2ee1433f8cec
故障,油抹布接触高温排气歧管,记载于,来源,MAIB Safety Digest 2013 lubrication and bearing cases,provenance_index,仅在本声明来源及构型范围内使用,stated,02_reports/MAIB_2013_Safety_Digest_lubrication_bearing_cases.pdf,41,Vibration caused the oil-soaked rag to fall,edge:efd999ddca7003f8cbc9f9ba,assertion:1eb704daffb3de2a1d924b5d
故障,谐波滤波电容退化,导致,故障,电容内部电弧与介质汽化,source_case_statement,本报告案例，不外推为所有船舶已证实根因,reported,02_reports/MAIB_2011_28_Queen_Mary_2_harmonic_filter_failure.pdf,13,Internal arcing between the capacitor plates developed,edge:efdab199912aa67bd50d03fc,assertion:61afafb5818f73c1f57ecb68
设备,主机启动与盘车装置,记载于,来源,MAIB Safety Digest 2013 lubrication and bearing cases,provenance_index,仅在本声明来源及构型范围内使用,stated,02_reports/MAIB_2013_Safety_Digest_lubrication_bearing_cases.pdf,16,specialist cargo ship,edge:efe4944f42b3fc72c4f0468c,assertion:b0896d4f88e8dedaee1175ef
状态,机舱火灾,记载于,来源,Windcat 8 connecting rod big-end bearing failure,provenance_index,仅在本声明来源及构型范围内使用,stated,02_reports/MAIB_2018_01_Windcat8_bearing_failure_fire.pdf,11,fire resulted from the ignition of oil vapour released from the damaged crankcase,edge:effc2bfa16779d1d7ff0bee1,assertion:325aa3fbbafed9bdd8c752e3
故障,压缩机滑油排出管脱开,促成,故障,压缩机下端轴承过热失效,source_case_statement,本报告案例，不外推为所有船舶已证实根因,reported,02_reports/MAIB_2013_Safety_Digest_lubrication_bearing_cases.pdf,14,bottom end bearing had overheated and failed,edge:effc9e54557a50dcd5825211,assertion:c8f0a7a42494a41d5364ca48
运维措施,按认可设计完善油舱呼吸干燥装置,适用于,设备,滑油冷却器,applicability_index,海水冷却的推进柴油机滑油系统；匿名二次报道。文中压力试验参数和标准引用未独立核实，不作为通用操作依据。,stated,01_datasets/marine_diesel_RAG_corpus_All_data/All_data/test/船机帮船舶动力系统滑油水污染故障实例分析.md,,完善油舱呼吸系统，配置高性能干燥剂滤罐，避免水蒸气在油舱顶部凝结。,edge:f00c6b999e4e0062b174dbb0,assertion:38329fa660b4311e38a89737
事故案例,盘车联锁失效与启动损坏,涉及,部件,盘车机构,case_index,仅在本声明来源及构型范围内使用,stated,02_reports/MAIB_2013_Safety_Digest_lubrication_bearing_cases.pdf,16,specialist cargo ship,edge:f04cc49af357603b004d4f7e,assertion:8d36c8969d61f038bc97bcae
参数,增压空气冷却器空气温度出口,记载于,来源,variable_dictionary,provenance_index,仅在本声明来源及构型范围内使用,stated,01_datasets/Marine_Engine_Fault_Data_v1/Marine_Engine_Fault_Data/variable_dictionary.csv,,"Charge Air IC Air Temp. Out,T15,°C,number,TRUE,TRUE,temperature,",edge:f04efa66a0ef23f95a1e0770,assertion:70ba768018c94fb4491b04a2
运维措施,复核联轴器正常与失火工况转矩和热负荷裕量,适用于,系统,传动与推进系统,functional_classification,内燃机-发电机传动链一般机理；证据支持扭振导致失效风险及电气故障转矩冲击，但未建立某大型船主轴联轴器断裂的已证实事故链。,stated,02_reports/STAMFORD_AGN235_torsional_analysis.pdf,7,engine normal and misfire scenarios,edge:f05f2d40096887c26b910afd,assertion:7103fc58aef30aaa303185f9
状态,轴瓦本体可能存在薄弱点,记载于,来源,Windcat 8 connecting rod big-end bearing failure,provenance_index,仅在本声明来源及构型范围内使用,stated,02_reports/MAIB_2018_01_Windcat8_bearing_failure_fire.pdf,9,It is more likely that the failure was due to a weakness in the thin-walled shell bearing itself,edge:f070cf6ba8be5b86f659a0e0,assertion:565350f5dc6a9802ca16b428
故障,谐波滤波电容退化,发生于,设备,艉部谐波滤波器,case_equipment_index,仅在本声明来源及构型范围内使用,stated,02_reports/MAIB_2011_28_Queen_Mary_2_harmonic_filter_failure.pdf,62,likely to have been caused by one or both,edge:f0904742835e7715024d408c,assertion:21b6546eb6a7d28fc0f1d241
故障,连杆盖螺栓松动与断裂,记载于,来源,Wight Sky multiple engine failures,provenance_index,仅在本声明来源及构型范围内使用,stated,02_reports/MAIB_2022_04_Wight_Sky_multiple_engine_failures.pdf,84,"fretting wear between the mating faces, which would have led to loosening and rapid failure",edge:f09afffb82906527d1dd73c6,assertion:2597c49f08ac56fcab01414c
故障,高压油泵节流阀小开度卡滞,记载于,来源,船机帮高压共轨柴油机燃油喷射系统故障分析,provenance_index,仅在本声明来源及构型范围内使用,stated,01_datasets/marine_diesel_RAG_corpus_All_data/All_data/test/船机帮高压共轨柴油机燃油喷射系统故障分析.md,,实际各高压油泵节流阀卡在较小或全关的位置，造成进入高压油泵的油量不足，共轨压力上不来，主机无法启动。,edge:f0ba82905cf4fb80fa31d1bc,assertion:af03a73276dbabeaf2d18804
状态,遥控电源输出不稳,促成,状态,主机遥控系统工作不稳定,source_statement,12V20/27、双机双轴双桨定距推进的文中闭环调速构型；信号接口及间隙不可跨机型套用。,stated,01_datasets/marine_diesel_RAG_corpus_All_data/All_data/test/船机帮某型船主机遥控系统典型故障分析.md,,电源绝缘不良、输出不稳、直流电源纹波大、带载能力下降都会导致系统工作不稳甚至崩溃。,edge:f0d2d1b2b73b5596d2ef5138,assertion:f7d20d467ebfb565d823c853
部件,蓄电池接线端子,记载于,来源,船机帮冬季卡特柴油发电机组的安全运行,provenance_index,仅在本声明来源及构型范围内使用,stated,01_datasets/marine_diesel_RAG_corpus_All_data/All_data/test/船机帮冬季卡特柴油发电机组的安全运行.md,,平时及时清理蓄电池上的接线端子和电池卡子上的附着物。,edge:f11654498fedaf3bbaf1e176,assertion:569ed72923ecac4e2b88eacd
部件,吊舱舱底液位传感器,是概念的实例,部件,吊舱舱底液位传感器,concept_alignment,仅在本声明来源及构型范围内使用,stated,02_reports/MAIB_2026_06_Spirit_of_Discovery_propulsion_loss.pdf,42,propellers to come out of the water,edge:f146b9491e0caff06f1f5e14,assertion:2c77734fc615f627af69ffb0
状态,压力空气进入共享冷却淡水回路,记载于,来源,船机帮一起副机冷却水失压停车故障的处理和原因分析,provenance_index,仅在本声明来源及构型范围内使用,stated,01_datasets/marine_diesel_RAG_corpus_All_data/All_data/test/船机帮一起副机冷却水失压停车故障的处理和原因分析.md,,发现 No.3 主空压机高压冷却器渗漏,edge:f161365da0ad8d80b2771266,assertion:b3fa4d9e323cdb9bf6f3c4cc
运维措施,按制造商工艺紧固主轴承螺栓,适用于,设备,船舶动力装置,applicability_index,综合维护二次文章，原厂和标准出处未独立证实；不采纳文中统一周期、报警值、压力值、浮动轴承加脂和未经验证改造方案。以下仅用于检索维护主题，由适用机型规程决定具体操作。,stated,01_datasets/marine_diesel_RAG_corpus_All_data/All_data/test/船机帮船舶动力设备日常维护要点与常见故障排除.md,,主轴承螺栓采用液压拉伸器进行紧固,edge:f17cba2946435da6e9a23cd5,assertion:1103639564bd6b4f9b2633b5
设备,艉部谐波滤波器,是概念的实例,设备,艉部谐波滤波器,concept_alignment,仅在本声明来源及构型范围内使用,stated,02_reports/MAIB_2011_28_Queen_Mary_2_harmonic_filter_failure.pdf,13,explosion was triggered by deterioration in the capacitors,edge:f18776c633665dbb6433fb01,assertion:5ea8c66a0bcd3e19d19bf43a
参数,增压空气冷却器冷却水温度出口,记载于,来源,variable_dictionary,provenance_index,仅在本声明来源及构型范围内使用,stated,01_datasets/Marine_Engine_Fault_Data_v1/Marine_Engine_Fault_Data/variable_dictionary.csv,,"Charge Air IC Cooling Water Temp. Out,T17,°C,number,TRUE,TRUE,temperature,",edge:f19d116924c7bfec021430ff,assertion:11a31ad2e9c0fed52a940edf
检查方法,日常检查排气阀弹簧状态,适用于,设备,共轨柴油机,applicability_index,共轨柴油机排气阀，厂家与具体型号未确定；仅作机理检索测试，不作直接操作授权。,stated,01_datasets/marine_diesel_RAG_corpus_All_data/All_data/test/船机帮船用共轨柴油机排气阀常见故障与排除.md,,包括对喷油器、排气阀阀杆、弹簧、阀壳等检查，确保各部件工况正常。,edge:f19e38143a884ff07c88d326,assertion:eee67d637ebcbc8586c998ea
状态,气缸壁温度过高,记载于,来源,船机帮柴油机冷却水过高或过低的危害,provenance_index,仅在本声明来源及构型范围内使用,stated,01_datasets/marine_diesel_RAG_corpus_All_data/All_data/test/船机帮柴油机冷却水过高或过低的危害.md,,由于气缸的温度太高，缸壁上的润滑油容易烧焦、积炭，促使零件磨损加快，严重时会造成拉缸、抱轴和烧瓦等事故。,edge:f1a3a1c0b0ec4603b6a8fefc,assertion:6c522d993a8b348b99146588
影响因素,空气启动马达吸入异物,导致,故障,空气启动马达叶轮断裂,source_statement,S6U-PTK与文中船舶发电机经验；部分表述不严谨，不采纳未经原厂确认的轴承结构改造建议。,stated,01_datasets/marine_diesel_RAG_corpus_All_data/All_data/test/船机帮船舶发电机常见故障及对策.md,,在叶轮的高速运转中被异物击坏，致使叶轮断裂并带动其他叶轮的损坏。,edge:f1b56eb930e2ae1a0116d277,assertion:bd9d2905466efa93546d5f66
故障,CPP背压阀磨损卡滞,记载于,来源,Pride of Canterbury CPP hydraulic overpressure and fire,provenance_index,仅在本声明来源及构型范围内使用,stated,02_reports/MAIB_2015_22_Pride_of_Canterbury_CPP_hydraulic_fire.pdf,29,back pressure valve (PSV3) becoming jammed in the closed position,edge:f1b9b512e2f3fbbb948aca35,assertion:3a3a2e272e9d1ffcb83ff4bc
状态,机舱火灾,导致,故障,高温报警线束烧损短路,source_case_statement,本报告案例，不外推为所有船舶已证实根因,reported,02_reports/MAIB_2013_Safety_Digest_lubrication_bearing_cases.pdf,41,causing it to short circuit and set off the alarm,edge:f1ca4b4fb1f1d3362f6e1964,assertion:04d5e037088d322e4fb78f1d
运维措施,按本机轴向间隙要求更换增压器止推轴承,适用于,设备,船舶动力装置,applicability_index,综合维护二次文章，原厂和标准出处未独立证实；不采纳文中统一周期、报警值、压力值、浮动轴承加脂和未经验证改造方案。以下仅用于检索维护主题，由适用机型规程决定具体操作。,stated,01_datasets/marine_diesel_RAG_corpus_All_data/All_data/test/船机帮船舶动力设备日常维护要点与常见故障排除.md,,轴向窜动量＞ 0.3 mm 时更换止推轴承,edge:f1d3185bb6af6c5dc46469f4,assertion:215e1b62d01c2eeea381ec99
状态,隔振器压缩量不一致,记载于,来源,船机帮柴油机轴瓦抱轴故障分析,provenance_index,仅在本声明来源及构型范围内使用,stated,01_datasets/marine_diesel_RAG_corpus_All_data/All_data/test/船机帮柴油机轴瓦抱轴故障分析.md,,"主机安装基座平面度可能导致柴油机各隔振器压缩量存在差异,使各隔振器高度不一致,造成隔振器刚度不一致,影响柴油机运行过程中的对中状态。",edge:f251b6841583f91202d2e781,assertion:68b4e82f5238d3fcccfc5eb0
部件,压缩机润滑油排出管,记载于,来源,MAIB Safety Digest 2013 lubrication and bearing cases,provenance_index,仅在本声明来源及构型范围内使用,stated,02_reports/MAIB_2013_Safety_Digest_lubrication_bearing_cases.pdf,14,ro-ro passenger ferry,edge:f25ed5fafd127a8e96586309,assertion:43b2cebfbe21f1280e62d1ca
状态,活塞顶部过热,记载于,来源,船机帮MANKSZ型柴油机活塞冷却系统故障分析,provenance_index,仅在本声明来源及构型范围内使用,stated,01_datasets/marine_diesel_RAG_corpus_All_data/All_data/val/船机帮MANKSZ型柴油机活塞冷却系统故障分析.md,,当活塞顶部冷却的喷嘴板严重堵塞时，活塞顶部钻孔冷却空间无水进行冷却，或冷却水量不足，活塞顶部容易过热,edge:f263e8c177820d40fc81ab67,assertion:76bbf2fc313d1fe789b0ec8c
运维措施,隔离滑油泄漏来源,适用于,设备,柴油发电机润滑与排气装置,applicability_index,本报告案例，不外推为所有船舶已证实根因,stated,02_reports/MAIB_2016_Safety_Digest_generator_oil_fire.pdf,26,identify and isolate the source of the leak,edge:f2985536033dae41ac78ee3a,assertion:60e26223e050753013f09234
状态,气阀导管沉积增多,导致,故障,排气阀阀杆卡紧,source_statement,共轨柴油机排气阀，厂家与具体型号未确定；仅作机理检索测试，不作直接操作授权。,stated,01_datasets/marine_diesel_RAG_corpus_All_data/All_data/test/船机帮船用共轨柴油机排气阀常见故障与排除.md,,气阀间隙过小或气阀导管中沉积物增多会导致阀杆卡住。,edge:f2a369baeb50e991e4aa6d87,assertion:4e8cf475e02977a300a27494
运维措施,按制造商要求实施齿轮箱两端轴系校中,记载于,来源,船机帮船用齿轮箱故障分析与管理对策,provenance_index,仅在本声明来源及构型范围内使用,stated,01_datasets/marine_diesel_RAG_corpus_All_data/All_data/test/船机帮船用齿轮箱故障分析与管理对策.md,,严格进行轴系校中，确保齿轮箱两端与轴系的对中。,edge:f2a4e687d498a6d7eb8deb92,assertion:2b23f52f2e4bbef1d76a729c
检查方法,按轴承型式核查润滑及对中,适用于,系统,润滑与轴承系统,functional_classification,有滚动轴承的发电机或轴带发电机构型；滚动轴承与主机滑动轴瓦的失效机理不得混用。,stated,02_reports/STAMFORD_AGN076_alternator_bearings.pdf,4,lack of grease or misalignment damage,edge:f2a72f2d3324fded9447e111,assertion:6bc38c378f27830498178ee1
运维措施,按机型维护要求保持涡轮叶片清洁,记载于,来源,船机帮船舶柴油机废气涡轮增压器振动的主要原因有哪些,provenance_index,仅在本声明来源及构型范围内使用,stated,01_datasets/marine_diesel_RAG_corpus_All_data/All_data/test/船机帮船舶柴油机废气涡轮增压器振动的主要原因有哪些.md,,管理中注意压气机进气滤器、叶轮、扩压器、空气冷却器、进气口和排气口、涡轮喷嘴环、叶片等流通部分的清洁，就会防止和消除喘振，也就会使振动消失。,edge:f2cc3afa5a7008e1709fd2e9,assertion:4079cbd63e5f2b1e4de1ba9a
故障,连杆大端轴承断油,记载于,来源,Wight Sky catastrophic main engine bearing failure,provenance_index,仅在本声明来源及构型范围内使用,stated,02_reports/MAIB_2018_14_Wight_Sky_engine_bearing_fire.pdf,14,lubrication supply to big end bearing 4 was blocked,edge:f2deb9cdf815e6b661d756ac,assertion:6f49da34ac28bda9947e6a55
部件,ME2 5号主轴承,记载于,来源,Wight Sky multiple engine failures,provenance_index,仅在本声明来源及构型范围内使用,stated,02_reports/MAIB_2022_04_Wight_Sky_multiple_engine_failures.pdf,84,ME2 failed catastrophically due to a sudden loss of lubricating oil supply,edge:f2e0605a8c48b7db93b50a3b,assertion:8a648f23753597247d8d31c5
状态,冷却水温度过低,记载于,来源,船机帮柴油机冷却水过高或过低的危害,provenance_index,仅在本声明来源及构型范围内使用,stated,01_datasets/marine_diesel_RAG_corpus_All_data/All_data/test/船机帮柴油机冷却水过高或过低的危害.md,,冷却水温度过低，润滑油温度随之下降，机油在低温时粘度较大，流动性差,edge:f3067042d321f945fb3ff6b8,assertion:adc5714548605e571491f595
故障,压力燃油泄漏,是概念的实例,故障,压力燃油泄漏,concept_alignment,仅在本声明来源及构型范围内使用,stated,02_reports/MAIB_2024_20_Stena_Europe_fuel_spray_fire.pdf,29,screw in a two-screw flange within the fuel oil pipework loosened,edge:f31c5778360b50d48d2856af,assertion:2c2d83f0d676116762f0f5b9
故障,喷油器壳体密封锥面裂纹,导致,状态,高温燃气进入低压回油,secondary_source_statement,MAN B&W 5S60ME-C7；不可套用具体装配尺寸、压力或紧固参数到其他机型,secondary_stated,01_datasets/marine_diesel_RAG_corpus_All_data/All_data/test/船机帮5S60ME船用柴油机喷油器故障分析与对策.md,,"气缸内的高压高温燃气穿过喷油器壳体裂纹进入低压燃油中,随回油进入集油筒中导致集油筒中空气多而油位低引发报警",edge:f33b54491a5290efff39f0a9,assertion:2c3f758bdbc6bc995a749c46
检查方法,按适用规程荧光渗透检测缸套裂纹,检查,故障,缸套裂纹,source_check,海水冷却的推进柴油机滑油系统；匿名二次报道。文中压力试验参数和标准引用未独立核实，不作为通用操作依据。,stated,01_datasets/marine_diesel_RAG_corpus_All_data/All_data/test/船机帮船舶动力系统滑油水污染故障实例分析.md,,通过超声波探伤或荧光渗透法检查缸套表面及内部裂纹,edge:f342ad4d86bdab8737f23245,assertion:8e7ac126dce04d4d973670e2
运维措施,将谐波滤波器纳入关键设备与保护测试,应对,故障,电流不平衡保护失效,source_case_statement,本报告案例，不外推为所有船舶已证实根因,reported_action,02_reports/MAIB_2011_28_Queen_Mary_2_harmonic_filter_failure.pdf,70,procedures exist for regular testing of their protection systems,edge:f35432aaf30148b840c67ee7,assertion:2eff2219d9190e0a93408855
状态,调速器灵敏度不足,记载于,来源,船机帮船用柴油机调速器的维护与保养十飞车故障,provenance_index,仅在本声明来源及构型范围内使用,stated,01_datasets/marine_diesel_RAG_corpus_All_data/All_data/test/船机帮船用柴油机调速器的维护与保养十飞车故障.md,,调速器灵敏度差，即动态调速率大,edge:f360ff635988a406fac4c786,assertion:1687877f3ce55ce9ada12227
状态,机舱火灾,记载于,来源,Wight Sky catastrophic main engine bearing failure,provenance_index,仅在本声明来源及构型范围内使用,stated,02_reports/MAIB_2018_14_Wight_Sky_engine_bearing_fire.pdf,1,"catastrophic failure of one of its main propulsion engines, followed by a fire",edge:f394f1c46bbb568dc31f2f77,assertion:e9a5adf64bb2ebd67af44419
状态,轴承润滑脂不足或对中不良,记载于,来源,STAMFORD AGN076 alternator bearings,provenance_index,仅在本声明来源及构型范围内使用,stated,02_reports/STAMFORD_AGN076_alternator_bearings.pdf,4,lack of grease or misalignment damage,edge:f3980fb3d84348e41bb05478,assertion:3a368f97cbfd3417597b6697
检查方法,日常检查喷油器状态,适用于,设备,共轨柴油机,applicability_index,共轨柴油机排气阀，厂家与具体型号未确定；仅作机理检索测试，不作直接操作授权。,stated,01_datasets/marine_diesel_RAG_corpus_All_data/All_data/test/船机帮船用共轨柴油机排气阀常见故障与排除.md,,包括对喷油器、排气阀阀杆、弹簧、阀壳等检查，确保各部件工况正常。,edge:f39e3121434571cf3735aed8,assertion:efff124bdcdbfaa9e29c0897
故障,气缸磨损增加,适用于,系统,燃油与进排气系统,functional_classification,扫气空气冷却器水侧；该证据描述低流量局部沸腾及管路汽蚀，不等同于已证明所有冷却泵汽蚀由此引起。,stated,02_reports/MAN_main_engine_auxiliary_efficiency.pdf,11,increase cylinder wear,edge:f3a5dc9ab098e944ea43719a,assertion:3fb988ae45a5af087a582411
运维措施,冷却停机后按规程释放冷却回路压力,记载于,来源,船机帮冬季卡特柴油发电机组的安全运行,provenance_index,仅在本声明来源及构型范围内使用,stated,01_datasets/marine_diesel_RAG_corpus_All_data/All_data/test/船机帮冬季卡特柴油发电机组的安全运行.md,,以释放全部压力。,edge:f3a6404441b10a755422bb2c,assertion:1c2f396b9934cb50bb2646e9
故障,连杆盖螺栓松动与断裂,记载于,来源,Wight Sky multiple engine failures,provenance_index,仅在本声明来源及构型范围内使用,stated,02_reports/MAIB_2022_04_Wight_Sky_multiple_engine_failures.pdf,84,"fretting wear between the mating faces, which would have led to loosening and rapid failure",edge:f3ac289dd05e486cd463f640,assertion:8249f3994049592f576b42f9
检查方法,检查减振器异响与振动趋势,适用于,系统,传动与推进系统,functional_classification,MAN L16/24、L21/31、L27/38等通函列明机型；不得推广其维护周期到其它机型。,stated,02_reports/MAN_SL2017_654_torsional_damper.pdf,1,behavior of the complete GenSet,edge:f3b3541651df7dcf9fa9b23f,assertion:86754dd91541b8db88974483
故障,滑油泵堵头振松,适用于,设备,柴油发电机润滑与排气装置,applicability_index,本报告案例，不外推为所有船舶已证实根因,stated,02_reports/MAIB_2016_Safety_Digest_generator_oil_fire.pdf,26,insufficiently tightened by shore staff,edge:f3c71d36f53dcb75dd5685d8,assertion:27f073563cf27d1896bfec2b
检查方法,检查减振器异响与振动趋势,记载于,来源,MAN SL2017-654 crankshaft torsional vibration damper,provenance_index,仅在本声明来源及构型范围内使用,stated,02_reports/MAN_SL2017_654_torsional_damper.pdf,1,behavior of the complete GenSet,edge:f3c835a4cfd1333af02b3b42,assertion:0a5aa4d8841a8d6576e14620
影响因素,齿轮制造加工误差,促成,状态,齿轮周节误差,source_statement,GW系列船用齿轮箱；通用机理与A/B船匿名案例须区分，尺寸不能跨机型套用。,possible,01_datasets/marine_diesel_RAG_corpus_All_data/All_data/test/船机帮船用齿轮箱故障分析与管理对策.md,,由于刀具、车床的误差及其安装不当等原因，可能造成齿轮产生偏心、周节误差、基节误差、齿形误差等。,edge:f3d11628cca96a66bd3fe81f,assertion:56dc65c28efc421bb474d9b7
运维措施,按电池安全规程清洁电池固定卡子,作用于,部件,电池固定卡子,source_recommendation,Caterpillar3512冬季维护经验，原始应用场景不一定为船舶；仅提取可迁移维护主题，必须核对船用构型，排除未获批准的自主回油改造及统一数值。,stated,01_datasets/marine_diesel_RAG_corpus_All_data/All_data/test/船机帮冬季卡特柴油发电机组的安全运行.md,,平时及时清理蓄电池上的接线端子和电池卡子上的附着物。,edge:f3e4c7e1911288445ffc1da5,assertion:2f81057e3b197c9ee6a32873
故障,冷却水泵汽蚀,适用于,设备,试验柴油机,native_dataset_label,Marine Engine Fault Dataset原始标签；不推导未在数据中证明的机理,dataset_label,01_datasets/Marine_Engine_Fault_Data_v1/Marine_Engine_Fault_Data/dataset_index.csv,,"Pump_Cavitation/CW_Pump_Cavitation_60_Load.csv,scenario,Cooling-water pump cavitation,60%,single load condition,3,5845,73,""binary (0=pre-anomaly, 1=anomaly)"",Pre-anomaly and anomaly segments. Compressor Filter Loss (dPf) and Turbine Back Pressure (dPex) not recorded in this run (columns present but empty).",edge:f3ee020563ba2b8add51154c,assertion:a290f2db7bcde253652d4119
状态,转速信号波形失真,导致,状态,遥控判断转速低于真实转速,source_statement,12V20/27、双机双轴双桨定距推进的文中闭环调速构型；信号接口及间隙不可跨机型套用。,stated,01_datasets/marine_diesel_RAG_corpus_All_data/All_data/test/船机帮某型船主机遥控系统典型故障分析.md,,转速信号波形失真会导致系统判断转速较真实转速偏低，导致柴油机实际转速上升。,edge:f4051120292f5df61ffd1ce8,assertion:ed0439833354a68ce646a1f6
影响因素,齿轮装配方法不当,记载于,来源,船机帮船用齿轮箱故障分析与管理对策,provenance_index,仅在本声明来源及构型范围内使用,stated,01_datasets/marine_diesel_RAG_corpus_All_data/All_data/test/船机帮船用齿轮箱故障分析与管理对策.md,,由于装配技术和装配方法等原因，齿轮会产生一端受力、装配偏差、不平衡等情形。,edge:f412d3f3107792bcb2ffae48,assertion:b07da5968ef044232b9a5764
检查方法,在安全停机状态内窥检查燃烧室,记载于,来源,船机帮柴油机轴瓦抱轴故障分析,provenance_index,仅在本声明来源及构型范围内使用,stated,01_datasets/marine_diesel_RAG_corpus_All_data/All_data/test/船机帮柴油机轴瓦抱轴故障分析.md,,使用内窥镜检查燃烧室情况,edge:f420d6d3155bd1f050dd84b5,assertion:655add113ba3bffacd20a0e2
部件,滑油泵堵头,是概念的实例,部件,滑油泵堵头,concept_alignment,仅在本声明来源及构型范围内使用,stated,02_reports/MAIB_2016_Safety_Digest_generator_oil_fire.pdf,26,fully loaded ro-ro passenger ferry,edge:f42465e3536eff0067546151,assertion:a492b3646b2aa9bf5a87a555
事故案例,ME2主轴承断油失效,涉及,设备,ME2主机,case_index,仅在本声明来源及构型范围内使用,stated,02_reports/MAIB_2022_04_Wight_Sky_multiple_engine_failures.pdf,84,ME2 failed catastrophically due to a sudden loss of lubricating oil supply,edge:f44ae8f39ba010da13715e2f,assertion:3411522e9a475efe2477958d
部件,活塞与缸套,记载于,来源,MAIB Safety Digest 2013 lubrication and bearing cases,provenance_index,仅在本声明来源及构型范围内使用,stated,02_reports/MAIB_2013_Safety_Digest_lubrication_bearing_cases.pdf,21,fully loaded cargo ship,edge:f4567870f7f06ad43d7b3939,assertion:81f5d9e98b4c7c3d7417baf6
故障,发电机绕组绝缘劣化,适用于,设备,柴油发电机,applicability_index,S6U-PTK与文中船舶发电机经验；部分表述不严谨，不采纳未经原厂确认的轴承结构改造建议。,stated,01_datasets/marine_diesel_RAG_corpus_All_data/All_data/test/船机帮船舶发电机常见故障及对策.md,,确保清洁，定期检测绝缘值,edge:f463034399c2d3bea51b3ba2,assertion:7a3b3cb2aaee673cd90c2ef9
事故案例,谐波滤波电容失效与全船失电,记载于,来源,RMS Queen Mary 2 harmonic-filter capacitor failure and blackout,provenance_index,仅在本声明来源及构型范围内使用,stated,02_reports/MAIB_2011_28_Queen_Mary_2_harmonic_filter_failure.pdf,13,explosion was triggered by deterioration in the capacitors,edge:f476476147e2468f94af7d6a,assertion:783e9d94c9b5f04b6c697d2b
部件,可调螺距桨备用模式按钮,记载于,来源,MAIB Safety Digest 2016 generator oil fire case,provenance_index,仅在本声明来源及构型范围内使用,stated,02_reports/MAIB_2016_Safety_Digest_generator_oil_fire.pdf,19,large roll-on roll-off passenger ferry,edge:f47ec4e3938a3b386f78d221,assertion:5c6790fb6cdc0fcee49c46b7
故障,连杆大端轴承断油,记载于,来源,Wight Sky catastrophic main engine bearing failure,provenance_index,仅在本声明来源及构型范围内使用,stated,02_reports/MAIB_2018_14_Wight_Sky_engine_bearing_fire.pdf,14,lubrication supply to big end bearing 4 was blocked,edge:f4a03adc9d9a929a5c12d72d,assertion:6c76af2bcb06b4ef21677d7b
参数,2缸指示功,表征,设备,试验柴油机,native_variable_dictionary,仅在本声明来源及构型范围内使用,stated,01_datasets/Marine_Engine_Fault_Data_v1/Marine_Engine_Fault_Data/variable_dictionary.csv,,"Indicated Work No.2,Wi,J,number,TRUE,TRUE,performance / derived,shorthand label is reused across cylinder-resolved and/or aggregate variables; use the full variable-name row during preprocessing",edge:f4c56c62f955f87eb1115652,assertion:e8e3d61c8169f754106846aa
运维措施,按原厂要求维护调速器油位与油液清洁,记载于,来源,船机帮船舶发电机常见故障及对策,provenance_index,仅在本声明来源及构型范围内使用,stated,01_datasets/marine_diesel_RAG_corpus_All_data/All_data/test/船机帮船舶发电机常见故障及对策.md,,注意调速器的油位始终位于正常刻度之间,edge:f4cb3fe440b4ac4145c3041f,assertion:2c6642e9b41105e1ed755c9d
检查方法,测试备用和应急推进控制,记载于,来源,MAIB Safety Digest 2016 generator oil fire case,provenance_index,仅在本声明来源及构型范围内使用,stated,02_reports/MAIB_2016_Safety_Digest_generator_oil_fire.pdf,21,Regular testing of back-up and emergency control systems,edge:f4d0f5ff41114f07586f95ab,assertion:3e4b10533cf10e1e30931432
运维措施,按试验台规程校准喷油器雾化锥角,记载于,来源,船机帮船舶动力设备日常维护要点与常见故障排除,provenance_index,仅在本声明来源及构型范围内使用,stated,01_datasets/marine_diesel_RAG_corpus_All_data/All_data/test/船机帮船舶动力设备日常维护要点与常见故障排除.md,,更换燃油系统滤器并进行手动排气，通过试验台校准雾化锥角,edge:f4d55dbab6980d8718926b6d,assertion:091a137125955d4339bca4b7
设备,ME3主机燃油供给与排气装置,服务于系统,系统,燃油与进排气系统,functional_classification,仅在本声明来源及构型范围内使用,stated,02_reports/MAIB_2024_20_Stena_Europe_fuel_spray_fire.pdf,7,fuel leaking under pressure,edge:f4f824db5a69b498403d3c91,assertion:15ceb4358fc27c53c800ba4a
系统,润滑与轴承系统,记载于,来源,Pride of Canterbury CPP hydraulic overpressure and fire,provenance_index,仅在本声明来源及构型范围内使用,stated,02_reports/MAIB_2015_22_Pride_of_Canterbury_CPP_hydraulic_fire.pdf,30,Pride of Canterbury,edge:f542707053a76e88b18959e7,assertion:0abef6ab804331fbe437c1ce
故障,滑油冷却芯体腐蚀破损,促成,状态,海水进入滑油回路,source_statement,海水冷却的推进柴油机滑油系统；匿名二次报道。文中压力试验参数和标准引用未独立核实，不作为通用操作依据。,possible,01_datasets/marine_diesel_RAG_corpus_All_data/All_data/test/船机帮船舶动力系统滑油水污染故障实例分析.md,,海水冷却介质通过破损处渗透至滑油系统。,edge:f55e82e895aa140a1a066af0,assertion:3398d08f5789778a2574610e
检查方法,定期进行齿轮箱滑油色谱分析,适用于,设备,减速齿轮箱,applicability_index,GW系列船用齿轮箱；通用机理与A/B船匿名案例须区分，尺寸不能跨机型套用。,stated,01_datasets/marine_diesel_RAG_corpus_All_data/All_data/test/船机帮船用齿轮箱故障分析与管理对策.md,,检查滑油过滤器的杂质，通过观察初步判断内部的磨损情况。定期进行滑油的色谱分析，进一步根据滑油的杂质来掌握磨损。,edge:f575b97a10b847b52d461ed7,assertion:8a9dbf7b3b4471fe4f410247
故障,增压器轴承磨损,表现为,状态,增压器轴承摩擦力矩增大,source_statement,船用废气涡轮增压器；拆装细节为VTR400示例，必须服从适用机型手册。,stated,01_datasets/marine_diesel_RAG_corpus_All_data/All_data/test/船机帮船舶柴油机废气涡轮增压器振动的主要原因有哪些.md,,轴承长时间使用后产生磨损、变形、裂纹和烧伤时，使摩擦力矩增大，转速下降，振动和噪声大增。,edge:f588e6d30658c9440aba9a89,assertion:26d0ca9ac8404fb672a166ce
检查方法,核查车钟数字量指令同步性,记载于,来源,船机帮某型船主机遥控系统典型故障分析,provenance_index,仅在本声明来源及构型范围内使用,stated,01_datasets/marine_diesel_RAG_corpus_All_data/All_data/test/船机帮某型船主机遥控系统典型故障分析.md,,观察集控室转速控制器4路数字量，车钟指令输入信号与实际车钟显示同步并一致，测量数字量信号幅值正常。,edge:f5a31359a582783a24b520e5,assertion:5f4296c07cb66ebc759b8d24
故障,排气阀座开裂泄漏,适用于,系统,冷却与海水系统,functional_classification,MAN四冲程柴油机闭式淡水冷却；水质要求与添加剂须按具体机型手册确认。,stated,02_reports/MAN_SL2016_623_cooling_water.pdf,2,cracks and leakages,edge:f5aaf441e59c11392ac0d392,assertion:319c2391bca63424e3d60f9c
设备,右舷可调螺距桨液压装置,包含部件,部件,回油法兰,asset_index,仅在本声明来源及构型范围内使用,stated,02_reports/MAIB_2015_22_Pride_of_Canterbury_CPP_hydraulic_fire.pdf,30,Pride of Canterbury,edge:f5c5067c3e8ae4a6477b0e65,assertion:06679f08523a3704cd876448
状态,气缸壁温度过高,增加风险,故障,轴瓦烧伤,source_statement,柴油机水冷机理二次资料；文中80–90℃等数值不能当作所有机型阈值。,possible,01_datasets/marine_diesel_RAG_corpus_All_data/All_data/test/船机帮柴油机冷却水过高或过低的危害.md,,由于气缸的温度太高，缸壁上的润滑油容易烧焦、积炭，促使零件磨损加快，严重时会造成拉缸、抱轴和烧瓦等事故。,edge:f5c8e3b37b141cbc594e5644,assertion:e9d06bdc762742ed16f86a5b
设备,启动空气瓶,记载于,来源,船机帮船舶动力设备日常维护要点与常见故障排除,provenance_index,仅在本声明来源及构型范围内使用,stated,01_datasets/marine_diesel_RAG_corpus_All_data/All_data/test/船机帮船舶动力设备日常维护要点与常见故障排除.md,,每日排放空气瓶底部冷凝水,edge:f5cc46d8f0e10f9e1a06c74f,assertion:8ce011377381ffc8a187999f
运维措施,按厂家方法清洗海水滤网,适用于,设备,船舶动力装置,applicability_index,综合维护二次文章，原厂和标准出处未独立证实；不采纳文中统一周期、报警值、压力值、浮动轴承加脂和未经验证改造方案。以下仅用于检索维护主题，由适用机型规程决定具体操作。,stated,01_datasets/marine_diesel_RAG_corpus_All_data/All_data/test/船机帮船舶动力设备日常维护要点与常见故障排除.md,,清洗或更换堵塞率超 40% 的海水滤网,edge:f5d34dfca4223ed993c839e3,assertion:9fa0bbc41f3ab566268a8415
故障,连杆大端轴承断油,发生于,设备,故障主机,case_equipment_index,仅在本声明来源及构型范围内使用,stated,02_reports/MAIB_2018_14_Wight_Sky_engine_bearing_fire.pdf,14,lubrication supply to big end bearing 4 was blocked,edge:f5f37c79dc125493c5490add,assertion:5b83769185d25c6fbd126d67
运维措施,安装发电机组时按设计找平并校正无应力对中,记载于,来源,STAMFORD AGN076 alternator bearings,provenance_index,仅在本声明来源及构型范围内使用,stated,02_reports/STAMFORD_AGN076_alternator_bearings.pdf,8,the assembly into a perfect and unstressed plane of alignment,edge:f5fa2047fef6493cea55f3cf,assertion:afce80ff8ccc529cf838c73f
事故案例,ME4连杆轴承盖错装失效,涉及,影响因素,连杆大端轴承盖配对错装,case_index,仅在本声明来源及构型范围内使用,stated,02_reports/MAIB_2022_04_Wight_Sky_multiple_engine_failures.pdf,84,transposition of the bearing caps reduced the metal-to-metal contact,edge:f60ec14c5b3989ccd5ce4acf,assertion:039e9b27fa93b7973ce6a062
故障,主机海水冷却管疑似失效,记载于,来源,MAIB Safety Digest 2016 generator oil fire case,provenance_index,仅在本声明来源及构型范围内使用,stated,02_reports/MAIB_2016_Safety_Digest_generator_oil_fire.pdf,60,suggests the failure of a main engine sea water cooling pipe,edge:f61018b53a54de0f22fcd8d8,assertion:5e33cc98f1a298b73c5725b2
检查方法,测量柴油机各缸负荷分配,记载于,来源,船机帮船舶发电机常见故障及对策,provenance_index,仅在本声明来源及构型范围内使用,stated,01_datasets/marine_diesel_RAG_corpus_All_data/All_data/test/船机帮船舶发电机常见故障及对策.md,,各汽缸的负荷要定时测量,edge:f6133aad489ca0f5a6982c97,assertion:60bdf91593efef322689011a
故障,发电机轴承滚珠碎裂,适用于,设备,柴油发电机,applicability_index,S6U-PTK与文中船舶发电机经验；部分表述不严谨，不采纳未经原厂确认的轴承结构改造建议。,stated,01_datasets/marine_diesel_RAG_corpus_All_data/All_data/test/船机帮船舶发电机常见故障及对策.md,,轴承内的滚珠因碎裂而移位，导致发电机转子下沉，缩短了定子与转子之间的距离，两者摩擦不断加重，最终引起发电机的短路故障。,edge:f628461a2d757e3770c9fa70,assertion:a1066c848fcb368184a58193
故障,喷油器针阀过热卡死,导致,状态,单缸排气温度降低,secondary_source_statement,MAN B&W 5S60ME-C7；不可套用具体装配尺寸、压力或紧固参数到其他机型,secondary_stated,01_datasets/marine_diesel_RAG_corpus_All_data/All_data/test/船机帮5S60ME船用柴油机喷油器故障分析与对策.md,,"高温燃气引起针阀过热，最终卡死在针阀体内,使主机该缸喷油量减少,排温降低,继而主机降速",edge:f639edebdcb23ef73c6c033a,assertion:7d011f77c16e32978cb6c370
故障,运动副卡死,记载于,来源,船机帮柴油机冷却水过高或过低的危害,provenance_index,仅在本声明来源及构型范围内使用,stated,01_datasets/marine_diesel_RAG_corpus_All_data/All_data/test/船机帮柴油机冷却水过高或过低的危害.md,,高温使零件膨胀变形，严重地影响配合零件的正常间隙，甚至卡死。,edge:f63f77ba491c35419a8986fb,assertion:5f781c18919176abf91d9faf
检查方法,修复后进行滑油取样复检,适用于,设备,滑油冷却器,applicability_index,海水冷却的推进柴油机滑油系统；匿名二次报道。文中压力试验参数和标准引用未独立核实，不作为通用操作依据。,stated,01_datasets/marine_diesel_RAG_corpus_All_data/All_data/test/船机帮船舶动力系统滑油水污染故障实例分析.md,,滑油取样复检,edge:f641e1832010e2ca7e37f634,assertion:5e335bed88d87c97fa954f67
故障,连杆大端轴承断油,是概念的实例,故障,连杆大端轴承断油,concept_alignment,仅在本声明来源及构型范围内使用,stated,02_reports/MAIB_2018_14_Wight_Sky_engine_bearing_fire.pdf,14,lubrication supply to big end bearing 4 was blocked,edge:f6616ab96129a94829dce5fc,assertion:a0ccac29e219df343926fd1a
运维措施,按机型与燃料选择气缸油并检查缸况,记载于,来源,MAN SL2023-737 cylinder lubrication update,provenance_index,仅在本声明来源及构型范围内使用,stated,02_reports/MAN_SL2023_737_cylinder_lubrication.pdf,1,maintaining an adequate oil film,edge:f666908d85579a510f2a639e,assertion:8a6ccf348c55d48e9aa53ef7
运维措施,按厂家保养计划更换空气滤清器滤芯,记载于,来源,船机帮冬季卡特柴油发电机组的安全运行,provenance_index,仅在本声明来源及构型范围内使用,stated,01_datasets/marine_diesel_RAG_corpus_All_data/All_data/test/船机帮冬季卡特柴油发电机组的安全运行.md,,空气滤清器滤芯每年至少应更换一次。,edge:f67eb404dca371e263cfdce8,assertion:766cb285e383b93378c77486
状态,机油高温报警,先于发生,故障,连杆大端轴瓦失效,source_case_statement,本报告案例，不外推为所有船舶已证实根因,reported,02_reports/MAIB_2018_01_Windcat8_bearing_failure_fire.pdf,1,A high oil temperature alarm prior to the engine failure,edge:f69c130ff28042f756df4b07,assertion:66879216392d95fa33fc4dd4
部件,主机海水冷却管,记载于,来源,MAIB Safety Digest 2016 generator oil fire case,provenance_index,仅在本声明来源及构型范围内使用,stated,02_reports/MAIB_2016_Safety_Digest_generator_oil_fire.pdf,59,steel hulled fishing trawler,edge:f69e1df1d8d26c2f4f679d24,assertion:6c3840877d75490bbfdc80d4
检查方法,记录柴油机冷却水压力变化,检查,状态,滑油含水污染,source_check,海水冷却的推进柴油机滑油系统；匿名二次报道。文中压力试验参数和标准引用未独立核实，不作为通用操作依据。,stated,01_datasets/marine_diesel_RAG_corpus_All_data/All_data/test/船机帮船舶动力系统滑油水污染故障实例分析.md,,每小时记录油温、水压、液位等关键参数，关注数据异常变化,edge:f6b57126273eaae4cfab4610,assertion:7318d36b25ceed7e22397fc9
状态,滑油喷雾接触高温排气护罩,记载于,来源,MAIB Safety Digest 2016 generator oil fire case,provenance_index,仅在本声明来源及构型范围内使用,stated,02_reports/MAIB_2016_Safety_Digest_generator_oil_fire.pdf,26,oil spray ignited when it came into contact,edge:f6bac08a57a2b95357c7c690,assertion:3badd5550f3d04dc8658e0f4
运维措施,按厂家保养计划更换空气滤清器滤芯,作用于,部件,空气滤芯,source_recommendation,Caterpillar3512冬季维护经验，原始应用场景不一定为船舶；仅提取可迁移维护主题，必须核对船用构型，排除未获批准的自主回油改造及统一数值。,stated,01_datasets/marine_diesel_RAG_corpus_All_data/All_data/test/船机帮冬季卡特柴油发电机组的安全运行.md,,空气滤清器滤芯每年至少应更换一次。,edge:f6be0c8da92c230ca30882e3,assertion:811662b62f6cc08caf29ecb9
状态,大风浪中剧烈纵摇,是概念的实例,状态,大风浪中剧烈纵摇,concept_alignment,仅在本声明来源及构型范围内使用,stated,02_reports/MAIB_2026_06_Spirit_of_Discovery_propulsion_loss.pdf,42,pitching caused the propellers to come out of the water,edge:f6cebf751bb89b42706980cc,assertion:00d5d642a2f3f570462a7fd0
影响因素,冷却水温度骤变,增加风险,故障,陶瓷密封环热裂,source_statement,海水冷却的推进柴油机滑油系统；匿名二次报道。文中压力试验参数和标准引用未独立核实，不作为通用操作依据。,possible,01_datasets/marine_diesel_RAG_corpus_All_data/All_data/test/船机帮船舶动力系统滑油水污染故障实例分析.md,,高温冷却水急冷急热导致密封面产生微观裂纹,edge:f6e475ec2f288c24fdcc654c,assertion:b2c9806bb13bb379703dc0d0
故障,主机海水冷却管疑似失效,发生于,设备,主机海水冷却与舱底排水装置,case_equipment_index,仅在本声明来源及构型范围内使用,stated,02_reports/MAIB_2016_Safety_Digest_generator_oil_fire.pdf,60,suggests the failure of a main engine sea water cooling pipe,edge:f6e7a3113b44806d58d11018,assertion:928e2d9062d58c4b88433c51
运维措施,按OEM服务程序维护CPP执行器,应对,影响因素,联轴器紧定螺钉缺少锁固措施,source_guidance_statement,实际证据是Hebrides的CPP执行器小型爪式联轴器，不是主推进轴联轴器断裂；主轴断裂根因不可由此推断。,reported_action,02_reports/MAIB_2017_20_Hebrides_CPP_coupling.pdf,36,service procedure for the linear servomotor,edge:f6eadf61fe05128fc62eeece,assertion:c7cf1c3c3287817fdd08a0ca
检查方法,检查喷油器异常泄漏,检查,故障,喷油器泄漏,source_check,航浚6008/MAN L32/44CR与CR2.2；轨压数值、扭矩与拆装必须核对本机手册。,stated,01_datasets/marine_diesel_RAG_corpus_All_data/All_data/test/船机帮高压共轨柴油机燃油喷射系统故障分析.md,,一般通过检查高压油泵或油头来确认，并换新故障的高压油泵或油头,edge:f6f5a399ab03ccaa0b9605f0,assertion:5b20495465e217706e422e9a
运维措施,按认可设计完善油舱呼吸干燥装置,记载于,来源,船机帮船舶动力系统滑油水污染故障实例分析,provenance_index,仅在本声明来源及构型范围内使用,stated,01_datasets/marine_diesel_RAG_corpus_All_data/All_data/test/船机帮船舶动力系统滑油水污染故障实例分析.md,,完善油舱呼吸系统，配置高性能干燥剂滤罐，避免水蒸气在油舱顶部凝结。,edge:f73c892de02ef349ad2c57b3,assertion:983507a9be69804902677a23
事故案例,可调螺距桨倒车响应迟缓与码头碰撞,涉及,设备,可调螺距桨推进装置,case_index,仅在本声明来源及构型范围内使用,stated,02_reports/MAIB_2016_Safety_Digest_generator_oil_fire.pdf,29,chemical tanker,edge:f767ebfcb2d3a6f5c154f642,assertion:b4e5d9f05f878487a6d769e8
故障,燃油法兰螺钉松动,发生于,设备,ME3主机燃油供给与排气装置,case_equipment_index,仅在本声明来源及构型范围内使用,stated,02_reports/MAIB_2024_20_Stena_Europe_fuel_spray_fire.pdf,29,screw in a two-screw flange within the fuel oil pipework loosened,edge:f778dbe57b7d74d1cdbcd22d,assertion:ff309cf340207b08131782b8
部件,膨胀水箱,记载于,来源,船机帮船舶动力设备日常维护要点与常见故障排除,provenance_index,仅在本声明来源及构型范围内使用,stated,01_datasets/marine_diesel_RAG_corpus_All_data/All_data/test/船机帮船舶动力设备日常维护要点与常见故障排除.md,,每日记录高温淡水、膨胀水箱水位，补水频次异常增加可能预示有内漏。,edge:f78911d32d0ab4d6b84d62e0,assertion:6310f35379fbb8f0d9a470c4
状态,电容经历超额电压或频繁开关瞬态,促成,故障,谐波滤波电容退化,source_case_statement,本报告案例，不外推为所有船舶已证实根因,probable,02_reports/MAIB_2011_28_Queen_Mary_2_harmonic_filter_failure.pdf,62,likely to have been caused by one or both,edge:f78f1781c2c51c9953a16c84,assertion:156fa07d0d5aed810936cc67
运维措施,停机断电确认后更换故障安全停车继电器,记载于,来源,船机帮船舶柴油发电机主开关并网合闸失败故障的分析与排查,provenance_index,仅在本声明来源及构型范围内使用,stated,01_datasets/marine_diesel_RAG_corpus_All_data/All_data/test/船机帮船舶柴油发电机主开关并网合闸失败故障的分析与排查.md,,把故障继电器拔下来更换成新的继电器,edge:f795a8a18edef6a5e931add0,assertion:783599209abd2ad8a3612ad2
部件,集电环,记载于,来源,船机帮船舶动力设备日常维护要点与常见故障排除,provenance_index,仅在本声明来源及构型范围内使用,stated,01_datasets/marine_diesel_RAG_corpus_All_data/All_data/test/船机帮船舶动力设备日常维护要点与常见故障排除.md,,集电环清理需同步绝缘检测,edge:f7998b4968c2e0aef3d195ca,assertion:4780923d9a164a62113d61d0
故障,主机离合器脱开,记载于,来源,MAIB Safety Digest 2013 lubrication and bearing cases,provenance_index,仅在本声明来源及构型范围内使用,stated,02_reports/MAIB_2013_Safety_Digest_lubrication_bearing_cases.pdf,14,three main engine clutches disengaged almost simultaneously,edge:f79bde543c3f4ad126655728,assertion:6d5b803a2701fe56f3ab0395
事故案例,谐波滤波电容失效与全船失电,涉及,状态,谐波滤波器爆炸,case_index,仅在本声明来源及构型范围内使用,stated,02_reports/MAIB_2011_28_Queen_Mary_2_harmonic_filter_failure.pdf,13,explosion was triggered by deterioration,edge:f7a3894f4aeed9aa390f715d,assertion:2190c636db33c08fd33285b7
状态,连杆小端刻痕,记载于,来源,Finlandia Seaways engine failure and fire,provenance_index,仅在本声明来源及构型范围内使用,stated,02_reports/MAIB_2021_02_Finlandia_Seaways_connecting_rod_failure.pdf,56,notch damage on the internal surfaces of their small end eyes,edge:f7b1b6fd64adeb702b9be5af,assertion:a124860bf8a62ada01abc5e8
运维措施,按厂家指定脂种补充风扇驱动轴承润滑脂,作用于,部件,风扇驱动轴承,source_recommendation,Caterpillar3512冬季维护经验，原始应用场景不一定为船舶；仅提取可迁移维护主题，必须核对船用构型，排除未获批准的自主回油改造及统一数值。,stated,01_datasets/marine_diesel_RAG_corpus_All_data/All_data/test/船机帮冬季卡特柴油发电机组的安全运行.md,,加注风扇驱动轴承的润滑脂加注嘴,edge:f7b7616de8a41aaf6352c7fc,assertion:3f303eb9071150d9a7fd2679
故障,活塞环开口胶结,记载于,来源,船机帮柴油机冷却水过高或过低的危害,provenance_index,仅在本声明来源及构型范围内使用,stated,01_datasets/marine_diesel_RAG_corpus_All_data/All_data/test/船机帮柴油机冷却水过高或过低的危害.md,,气环开口处被胶结又使气缸密封不严而造成压缩不良,edge:f7e8497710aed3c4a006651f,assertion:14d4546aa9b6a475d0d6c028
影响因素,非原厂零件超出适用保养周期,记载于,来源,Kommandor Susan catastrophic engine failure and fire,provenance_index,仅在本声明来源及构型范围内使用,stated,02_reports/MAIB_2026_10_Kommandor_Susan_generator_bearing_failure.pdf,8,Use of the CTP parts beyond their design life led the connecting rod bearings to fail,edge:f7eeca5d135a11df3f48a937,assertion:8e8a7b2a975b945c6b3dfe7a
事故案例,误选可调螺距桨备用模式与泊位碰撞,涉及,运维措施,推进安全按钮设置防误操作保护,case_index,仅在本声明来源及构型范围内使用,stated,02_reports/MAIB_2016_Safety_Digest_generator_oil_fire.pdf,21,fitting of protective covers,edge:f7fb8dae6f065dddcaf0a7df,assertion:438fe93a0af850312f617744
部件,谐波滤波电容器,是概念的实例,部件,谐波滤波电容器,concept_alignment,仅在本声明来源及构型范围内使用,stated,02_reports/MAIB_2011_28_Queen_Mary_2_harmonic_filter_failure.pdf,13,explosion was triggered by deterioration in the capacitors,edge:f7feedc52b3d87e436b4692c,assertion:d4390f156adec382f05be834
运维措施,按本机安全规程排除燃油管路空气,作用于,设备,燃油管路,source_recommendation,综合维护二次文章，原厂和标准出处未独立证实；不采纳文中统一周期、报警值、压力值、浮动轴承加脂和未经验证改造方案。以下仅用于检索维护主题，由适用机型规程决定具体操作。,stated,01_datasets/marine_diesel_RAG_corpus_All_data/All_data/test/船机帮船舶动力设备日常维护要点与常见故障排除.md,,更换燃油系统滤器并进行手动排气，通过试验台校准雾化锥角,edge:f804b600f451ba5886636526,assertion:3db0995eb3f23ce64e85383e
参数,增压空气冷却器冷却水温度进口,记载于,来源,variable_dictionary,provenance_index,仅在本声明来源及构型范围内使用,stated,01_datasets/Marine_Engine_Fault_Data_v1/Marine_Engine_Fault_Data/variable_dictionary.csv,,"Charge Air IC Cooling Water Temp. In,T16,°C,number,TRUE,TRUE,temperature,",edge:f80d3a3db1de54bf0b1c4a68,assertion:fd28fe519793a0732ed23fc6
状态,机舱火灾,记载于,来源,Pride of Canterbury CPP hydraulic overpressure and fire,provenance_index,仅在本声明来源及构型范围内使用,stated,02_reports/MAIB_2015_22_Pride_of_Canterbury_CPP_hydraulic_fire.pdf,29,fire was initiated following the spray,edge:f815c7a03166a32061d7d718,assertion:d6146dae7aa22e2057ae21b0
运维措施,按设计要求更换消耗超限的牺牲阳极,适用于,设备,滑油冷却器,applicability_index,海水冷却的推进柴油机滑油系统；匿名二次报道。文中压力试验参数和标准引用未独立核实，不作为通用操作依据。,stated,01_datasets/marine_diesel_RAG_corpus_All_data/All_data/test/船机帮船舶动力系统滑油水污染故障实例分析.md,,定期检测阳极消耗量，剩余质量不符合要求时立即予以更换,edge:f82703fbd688fdb520ab192f,assertion:0d025a5ebc60de60b0f36295
系统,电力与控制系统,记载于,来源,Kommandor Susan catastrophic engine failure and fire,provenance_index,仅在本声明来源及构型范围内使用,stated,02_reports/MAIB_2026_10_Kommandor_Susan_generator_bearing_failure.pdf,1,catastrophic failure of a diesel generator engine,edge:f83a28b659eade4b1f2f4021,assertion:d8e808d9d7014ae08d15a940
检查方法,定期检查气缸异常运行参数,记载于,来源,船机帮船用柴油机的拉缸故障,provenance_index,仅在本声明来源及构型范围内使用,stated,01_datasets/marine_diesel_RAG_corpus_All_data/All_data/test/船机帮船用柴油机的拉缸故障.md,,柴油机参数异常没及时发现，高温水温度过高，冷却效果差，低温水温度过高，造成扫气温度高，排温偏高长期运行可造成拉缸，长时间超负荷运行，也可造成拉缸，长时间用劣质的燃油也可造成拉缸，应该定期检查做好早发现早预防，避免重大损失。,edge:f8428dfce4ed8a633b8d551e,assertion:ee97a1dae2893ce1717cef6e
状态,电容经历超额电压或频繁开关瞬态,是概念的实例,状态,电容经历超额电压或频繁开关瞬态,concept_alignment,仅在本声明来源及构型范围内使用,stated,02_reports/MAIB_2011_28_Queen_Mary_2_harmonic_filter_failure.pdf,62,likely to have been caused by one or both,edge:f85639ec588043e73df04531,assertion:c271baa4a1977c8607536fb8
状态,海水泵填料压紧力下降,导致,状态,海水泵轴向泄漏通道形成,source_statement,海水冷却的推进柴油机滑油系统；匿名二次报道。文中压力试验参数和标准引用未独立核实，不作为通用操作依据。,possible,01_datasets/marine_diesel_RAG_corpus_All_data/All_data/test/船机帮船舶动力系统滑油水污染故障实例分析.md,,船舶振动引起填料压紧力下降，形成轴向泄漏通道,edge:f85fccfa3bdeea32d018193d,assertion:cfbee4cf5ab8b1d777a78adf
运维措施,按厂家程序拆洗滑油冷却器,作用于,设备,滑油冷却器,source_recommendation,综合维护二次文章，原厂和标准出处未独立证实；不采纳文中统一周期、报警值、压力值、浮动轴承加脂和未经验证改造方案。以下仅用于检索维护主题，由适用机型规程决定具体操作。,stated,01_datasets/marine_diesel_RAG_corpus_All_data/All_data/test/船机帮船舶动力设备日常维护要点与常见故障排除.md,,每月拆洗冷却器一次,edge:f8687c5be91749cd39761a7d,assertion:345790ef8138dad7f9ec9f3b
部件,相邻机组排气保温,是概念的实例,部件,相邻机组排气保温,concept_alignment,仅在本声明来源及构型范围内使用,stated,02_reports/MAIB_2016_Safety_Digest_generator_oil_fire.pdf,26,fully loaded ro-ro passenger ferry,edge:f86d07ecccadc4b1921dd0cc,assertion:0db228b0a6441d92aa075a9e
故障,盘车机构未脱开启动,发生于,设备,主机启动与盘车装置,case_equipment_index,仅在本声明来源及构型范围内使用,stated,02_reports/MAIB_2013_Safety_Digest_lubrication_bearing_cases.pdf,16,not marked in any way to show whether it was engaged or disengaged,edge:f86ea097c847120d24994a37,assertion:5e7f99a40546a1198bfa532f
故障,活塞偏磨,导致,故障,缸套局部拉伤,source_statement,船用柴油机摩擦副；二次维修文章，机型及根因须核实；不能以某一症状直接确诊拉缸。,possible,01_datasets/marine_diesel_RAG_corpus_All_data/All_data/test/船机帮船用柴油机的拉缸故障.md,,活塞不对中，造成活塞偏磨，甚至活塞裙磨到缸套，造成部分区域拉伤,edge:f87bf749802ab471702eb10e,assertion:d6cbf9ca6f5c266e1985d91d
故障,油道堵塞,记载于,来源,MAIB Safety Digest 2013 lubrication and bearing cases,provenance_index,仅在本声明来源及构型范围内使用,stated,02_reports/MAIB_2013_Safety_Digest_lubrication_bearing_cases.pdf,21,rotation of bearing shells and the blockage of oil ways,edge:f8862908d1781382d8567935,assertion:2a3358e94ed88e2525f7edbe
检查方法,检查活塞顶部冷却喷孔通畅性,检查,故障,活塞冷却喷嘴板堵塞,secondary_source_statement,MAN K9SZ52/105B/BL活塞水冷机型，不能推广到油冷活塞,secondary_stated,01_datasets/marine_diesel_RAG_corpus_All_data/All_data/val/船机帮MANKSZ型柴油机活塞冷却系统故障分析.md,,只有6个孔是通畅的，其余全被脏物封死,edge:f89493cac70c5e6f31d1d860,assertion:09e579919d4fa9e5f4500206
运维措施,安装发电机组时按设计找平并校正无应力对中,作用于,设备,柴油发电机,source_manufacturer_recommendation,STAMFORD/AvK发电机：滚动轴承与滑动轴承、单/双轴承构型分别适用，不能跨型号套用。,guidance,02_reports/STAMFORD_AGN076_alternator_bearings.pdf,8,the assembly into a perfect and unstressed plane of alignment,edge:f8a4ff085aeb72c7ae896eb1,assertion:9518e08a97a580b315583bff
故障,冷却水管路汽蚀,记载于,来源,MAN efficiency improvements main engine auxiliary systems,provenance_index,仅在本声明来源及构型范围内使用,stated,02_reports/MAN_main_engine_auxiliary_efficiency.pdf,11,may lead to cavitation in the cooling water pipes,edge:f8bbfef4a231b3a1fd18052d,assertion:b25d36e546dbca7c9ca099f4
故障,测速板整形比较器输出故障,记载于,来源,船机帮某型船主机遥控系统典型故障分析,provenance_index,仅在本声明来源及构型范围内使用,stated,01_datasets/marine_diesel_RAG_corpus_All_data/All_data/test/船机帮某型船主机遥控系统典型故障分析.md,,发现转速信号进入测速板后，首先通过比较器6N139进行整形，整形比较器输出不稳定，有偶发性无输出现象。,edge:f8d1f61c4807afe57fd3578d,assertion:9c53b2a0d3d73ea2c027601f
状态,齿轮偏心,记载于,来源,船机帮船用齿轮箱故障分析与管理对策,provenance_index,仅在本声明来源及构型范围内使用,stated,01_datasets/marine_diesel_RAG_corpus_All_data/All_data/test/船机帮船用齿轮箱故障分析与管理对策.md,,由于刀具、车床的误差及其安装不当等原因，可能造成齿轮产生偏心、周节误差、基节误差、齿形误差等。,edge:f8d61e75125799fb0dde25f3,assertion:470c60bbb7a8306d69c3c78a
故障,喷油控制电磁阀堵塞,记载于,来源,船机帮高压共轨柴油机燃油喷射系统故障分析,provenance_index,仅在本声明来源及构型范围内使用,stated,01_datasets/marine_diesel_RAG_corpus_All_data/All_data/test/船机帮高压共轨柴油机燃油喷射系统故障分析.md,,某缸排温偏低，而喷油时长明显大于其他缸时，可能是喷油控制电磁阀堵塞或卡在较小开度位置，需解体清洁活络阀芯,edge:f8d6811c729721085d7ecd73,assertion:c71e52319ce0edc41bb20fa2
状态,缸套油膜难以维持,导致,故障,缸套黏着拉伤,source_statement,船用柴油机摩擦副；二次维修文章，机型及根因须核实；不能以某一症状直接确诊拉缸。,possible,01_datasets/marine_diesel_RAG_corpus_All_data/All_data/test/船机帮船用柴油机的拉缸故障.md,,喷油器定位销位置错误反装了180°，这样喷油器的喷口喷向缸套内壁，过热的温度集中在活塞环附近，很难形成油膜，缸套很快会拉伤掉。,edge:f8dc6801217890ef74a8c554,assertion:44852591a16c0e151dec57af
影响因素,齿轮制造加工误差,促成,状态,齿轮齿形误差,source_statement,GW系列船用齿轮箱；通用机理与A/B船匿名案例须区分，尺寸不能跨机型套用。,possible,01_datasets/marine_diesel_RAG_corpus_All_data/All_data/test/船机帮船用齿轮箱故障分析与管理对策.md,,由于刀具、车床的误差及其安装不当等原因，可能造成齿轮产生偏心、周节误差、基节误差、齿形误差等。,edge:f8ef2e322089ce577c180ade,assertion:d9943bb0a26329a1420ded99
事故案例,DG1发电机故障与失电,涉及,运维措施,使用原厂零件重建并大修发电机组,case_index,仅在本声明来源及构型范围内使用,stated,02_reports/MAIB_2026_10_Kommandor_Susan_generator_bearing_failure.pdf,9,"Completed major overhauls of DG2, DG3 and DG4 using genuine Caterpillar parts",edge:f8fea9e747dd65dfc96fd11e,assertion:7b780767770c48d151a9738b
状态,燃油消耗偏高,记载于,来源,船机帮船用柴油机的拉缸故障,provenance_index,仅在本声明来源及构型范围内使用,stated,01_datasets/marine_diesel_RAG_corpus_All_data/All_data/test/船机帮船用柴油机的拉缸故障.md,,缸套和活塞环被拉伤，会出现串气、压缩压力和爆发压力降低，燃油油耗偏高；,edge:f94158f878212e5246bbbbd4,assertion:1980439737438dcbec16f033
故障,共轨滑油泄漏,导致,状态,共轨滑油压力不足,source_statement,共轨柴油机排气阀，厂家与具体型号未确定；仅作机理检索测试，不作直接操作授权。,possible,01_datasets/marine_diesel_RAG_corpus_All_data/All_data/test/船机帮船用共轨柴油机排气阀常见故障与排除.md,,排气阀打不开，一般由于共轨滑油漏泄导致油压不够引起的。,edge:f9664017474813ce96784200,assertion:dd941e0919b4f41a104e3af6
运维措施,按原厂要求维护调速器油位与油液清洁,适用于,设备,柴油发电机,applicability_index,S6U-PTK与文中船舶发电机经验；部分表述不严谨，不采纳未经原厂确认的轴承结构改造建议。,stated,01_datasets/marine_diesel_RAG_corpus_All_data/All_data/test/船机帮船舶发电机常见故障及对策.md,,注意调速器的油位始终位于正常刻度之间,edge:f9790910774f6393968e71cb,assertion:8c9b61b9fe2e285b2b13987c
系统,电力与控制系统,属于上级系统,系统,船舶动力系统,curator_functional_taxonomy,实验本体的功能分组，不作为来源报告的原始因果结论,stated,01_datasets/marine_diesel_RAG_corpus_All_data/All_data/test/船机帮船舶动力设备日常维护要点与常见故障排除.md,,船舶动力系统作为船舶航行与电力供给的中枢单元,edge:f97f1d8ce623cd50f2e8728c,assertion:97d99e069959820ca75884b2
状态,柴油机径向跳动超差,记载于,来源,船机帮柴油机轴瓦抱轴故障分析,provenance_index,仅在本声明来源及构型范围内使用,stated,01_datasets/marine_diesel_RAG_corpus_All_data/All_data/test/船机帮柴油机轴瓦抱轴故障分析.md,,"对中超差后柴油机轴向跳动会对柴油机止推轴承造成损伤,而径向跳动超差会对柴油机主轴承造成损伤。",edge:f9996957bc886c50db2d8627,assertion:6b62579b3cadcef52956a13c
故障,轴承与活塞断油过热,发生于,设备,主机润滑装置,case_equipment_index,仅在本声明来源及构型范围内使用,stated,02_reports/MAIB_2013_Safety_Digest_lubrication_bearing_cases.pdf,21,subsequent oil starvation and overheating,edge:f99f3380dc1685af2c0ac356,assertion:7cbf0f8240b70c1077eb9ab4
状态,循环油舱透气管进水,记载于,来源,船机帮船舶动力系统滑油水污染故障实例分析,provenance_index,仅在本声明来源及构型范围内使用,stated,01_datasets/marine_diesel_RAG_corpus_All_data/All_data/test/船机帮船舶动力系统滑油水污染故障实例分析.md,,甲板浪涌通过透气管逆向流入循环油舱。,edge:f9a02a5adb21c389417749d3,assertion:7dc6415d5defd6813673fa56
检查方法,按规范进行齿轮箱空转试验,适用于,设备,减速齿轮箱,applicability_index,GW系列船用齿轮箱；通用机理与A/B船匿名案例须区分，尺寸不能跨机型套用。,stated,01_datasets/marine_diesel_RAG_corpus_All_data/All_data/test/船机帮船用齿轮箱故障分析与管理对策.md,,应按照规定进行空转试验(一般不小于4h)，核查运转、温度、功耗等情况；,edge:f9a368ae56028a68a101f6dd,assertion:5d0cefbb7e96a2b5d5996508
故障,CPP执行器运动传递失效,适用于,系统,电力与控制系统,functional_classification,实际证据是Hebrides的CPP执行器小型爪式联轴器，不是主推进轴联轴器断裂；主轴断裂根因不可由此推断。,stated,02_reports/MAIB_2017_20_Hebrides_CPP_coupling.pdf,30,coupling remained stationary,edge:f9b1f034cab134a7fa0d1dc5,assertion:049d810b4b008e14d6765d8a
设备,主机,记载于,来源,Finlandia Seaways engine failure and fire,provenance_index,仅在本声明来源及构型范围内使用,stated,02_reports/MAIB_2021_02_Finlandia_Seaways_connecting_rod_failure.pdf,9,fracture of the connecting rod small end,edge:f9d02fb9b1d0513a692c0b73,assertion:1b8dab70688f4d49d76ca5e9
部件,发电机轴承,记载于,来源,船机帮船舶发电机常见故障及对策,provenance_index,仅在本声明来源及构型范围内使用,stated,01_datasets/marine_diesel_RAG_corpus_All_data/All_data/test/船机帮船舶发电机常见故障及对策.md,,定期测量、记录轴承温度,edge:f9dc4f572fcdec0905f8cfa0,assertion:30c3ce118ac5484f125cec74
状态,气缸窜气,提示,故障,缸套黏着拉伤,source_statement,船用柴油机摩擦副；二次维修文章，机型及根因须核实；不能以某一症状直接确诊拉缸。,possible,01_datasets/marine_diesel_RAG_corpus_All_data/All_data/test/船机帮船用柴油机的拉缸故障.md,,缸套和活塞环被拉伤，会出现串气、压缩压力和爆发压力降低，燃油油耗偏高；,edge:f9f9129a4e294c02229a0599,assertion:e1190275ee2a3e858f2d25cd
故障,增压器减振弹簧片断裂,适用于,设备,废气涡轮增压器,applicability_index,船用废气涡轮增压器；拆装细节为VTR400示例，必须服从适用机型手册。,stated,01_datasets/marine_diesel_RAG_corpus_All_data/All_data/test/船机帮船舶柴油机废气涡轮增压器振动的主要原因有哪些.md,,轴承中的减振弹簧片的磨损、变形或断裂等使转子安装位置发生变化，转子对中不良产生强烈振动。,edge:f9fb2ba531b2319f144fd8a5,assertion:0423b53b02d057d85b5e63b5
故障,共轨冲洗单向阀止回失效,适用于,设备,高压共轨燃油喷射装置,applicability_index,航浚6008/MAN L32/44CR与CR2.2；轨压数值、扭矩与拆装必须核对本机手册。,stated,01_datasets/marine_diesel_RAG_corpus_All_data/All_data/test/船机帮高压共轨柴油机燃油喷射系统故障分析.md,,冲洗单向阀 12 止回功能失效，使整个共轨系统直接与 12bar 的供油管路相通，无法建立轨压而启动失败。,edge:f9fe21748294546811d1cf7e,assertion:2ca3bc6d42c1798ac02913cc
运维措施,按认可维修工艺修复海水泵叶轮腐蚀,记载于,来源,船机帮船舶动力设备日常维护要点与常见故障排除,provenance_index,仅在本声明来源及构型范围内使用,stated,01_datasets/marine_diesel_RAG_corpus_All_data/All_data/test/船机帮船舶动力设备日常维护要点与常见故障排除.md,,蚀坑需进行堆焊修复或整体更换,edge:fa01f05e0b6f169117c4d206,assertion:490201474eaf0937ed7dce92
影响因素,油污抹布遗留在歧管上方,导致,故障,油抹布接触高温排气歧管,source_case_statement,本报告案例，不外推为所有船舶已证实根因,reported,02_reports/MAIB_2013_Safety_Digest_lubrication_bearing_cases.pdf,41,Vibration caused the oil-soaked rag to fall,edge:fa08a5faf3433dd322ba882e,assertion:3c34ae86c5765ba433237e4b
运维措施,按机型规程更换测速板整形比较器,适用于,设备,主机遥控控制装置,applicability_index,12V20/27、双机双轴双桨定距推进的文中闭环调速构型；信号接口及间隙不可跨机型套用。,stated,01_datasets/marine_diesel_RAG_corpus_All_data/All_data/test/船机帮某型船主机遥控系统典型故障分析.md,,更换转速处理板上用于信号整形和隔离的比较器后试验,edge:fa0c70bd654d86957a235839,assertion:c01a7709dc5e778857f068d2
运维措施,按机型维护计划补脂并复核联轴器重量,适用于,系统,电力与控制系统,functional_classification,有滚动轴承的发电机或轴带发电机构型；滚动轴承与主机滑动轴瓦的失效机理不得混用。,stated,02_reports/STAMFORD_AGN039_marine_shaft_generators.pdf,2,bearing regreasing instructions,edge:fa15bb67b1f87629225bbf2c,assertion:ee23488b395bf76efaa9180f
运维措施,修订备用气瓶切换与隔离检查卡,应对,影响因素,备用气瓶上线时未隔离主气瓶,source_case_statement,本报告案例，不外推为所有船舶已证实根因,derived_action,02_reports/MAIB_2013_Safety_Digest_lubrication_bearing_cases.pdf,15,need to isolate the main air cylinder,edge:fa32c89b0af06e107122490b,assertion:0d40a7abd57fec8e6fe22ad9
检查方法,拆法兰前核对隔离阀实际位置,检查,故障,海水隔离阀未完全关闭,source_case_statement,本报告案例，不外推为所有船舶已证实根因,derived_action,02_reports/MAIB_2016_Safety_Digest_generator_oil_fire.pdf,41,not checked to confirm that the valve was closed,edge:fa48a73c27416f84c1485ca5,assertion:f348af1767f64d14627f3242
设备,调速器离合器电机,记载于,来源,船机帮船用柴油机调速器的维护与保养十飞车故障,provenance_index,仅在本声明来源及构型范围内使用,stated,01_datasets/marine_diesel_RAG_corpus_All_data/All_data/test/船机帮船用柴油机调速器的维护与保养十飞车故障.md,,转速调节失效——重点查离合器电机、各齿轮等,edge:fa570da5cc3a99a7e202cb3f,assertion:018c4c91ffce6a858fa55834
状态,全船失电,导致,状态,电动锚机无法释放锚,source_case_statement,本报告案例，不外推为所有船舶已证实根因,reported,02_reports/MAIB_2026_10_Kommandor_Susan_generator_bearing_failure.pdf,1,anchor winches required electrical power to operate,edge:fa5ac2894a16d2cef7b8ba9b,assertion:1e6195578ffab9630494f7ea
事故案例,压载泵检修隔离失效与机舱进水,涉及,状态,船舶仅剩应急电源,case_index,仅在本声明来源及构型范围内使用,stated,02_reports/MAIB_2016_Safety_Digest_generator_oil_fire.pdf,40,running on emergency power only,edge:faaa943d7f73b825f35c641d,assertion:acce2a5e2ccf0f68c5c9fda4
状态,气缸零件磨损加快,记载于,来源,船机帮柴油机冷却水过高或过低的危害,provenance_index,仅在本声明来源及构型范围内使用,stated,01_datasets/marine_diesel_RAG_corpus_All_data/All_data/test/船机帮柴油机冷却水过高或过低的危害.md,,由于气缸的温度太高，缸壁上的润滑油容易烧焦、积炭，促使零件磨损加快，严重时会造成拉缸、抱轴和烧瓦等事故。,edge:fadd5089e4c4986346c8165d,assertion:00303318ebe22aec2b5d3bca
检查方法,检查调速器油位,适用于,设备,柴油发电机,applicability_index,S6U-PTK与文中船舶发电机经验；部分表述不严谨，不采纳未经原厂确认的轴承结构改造建议。,stated,01_datasets/marine_diesel_RAG_corpus_All_data/All_data/test/船机帮船舶发电机常见故障及对策.md,,检查调速器，包括各汽缸的清洁和油位，阀杆是否卡阻，调速器内部转动及反馈系统。,edge:fafebab25bb0c7f0c47c8e72,assertion:a01baa164344ca24bc21d12f
检查方法,检测滑油运动黏度变化,检查,状态,滑油含水污染,source_check,海水冷却的推进柴油机滑油系统；匿名二次报道。文中压力试验参数和标准引用未独立核实，不作为通用操作依据。,stated,01_datasets/marine_diesel_RAG_corpus_All_data/All_data/test/船机帮船舶动力系统滑油水污染故障实例分析.md,,重点关注水分、黏度、酸值等指标变化，超标时及时预警并检查排故。,edge:fafefefb04b5d726510fefcc,assertion:69a509007b38a63087119a99
参数,排气质量流量,表征,设备,试验柴油机,native_variable_dictionary,仅在本声明来源及构型范围内使用,stated,01_datasets/Marine_Engine_Fault_Data_v1/Marine_Engine_Fault_Data/variable_dictionary.csv,,"Exh. Gas Mass Flow,Mexh,kg/s,number,TRUE,TRUE,flow / fuel / air,",edge:fb004329421b21deacc7a2a9,assertion:e2aa0f1460dfeab7563fba7d
事故案例,海水冷却管疑似失效与沉没,涉及,故障,主机海水冷却管疑似失效,case_index,仅在本声明来源及构型范围内使用,stated,02_reports/MAIB_2016_Safety_Digest_generator_oil_fire.pdf,60,suggests the failure of a main engine sea water cooling pipe,edge:fb051d6a9327c957aea1753b,assertion:41a8481f1128177ae2ceb997
故障,增压器早期磨损,记载于,来源,船机帮柴油机冷却水过高或过低的危害,provenance_index,仅在本声明来源及构型范围内使用,stated,01_datasets/marine_diesel_RAG_corpus_All_data/All_data/test/船机帮柴油机冷却水过高或过低的危害.md,,机油温度变高，黏度下降，压力变低，就不能充分满足增压器所需要的润滑和冷却条件，容易造成增压机内部结胶、积炭，使增压机早期磨损甚至损坏。,edge:fb05d54e465f884dba742c9d,assertion:7de840c48492bf0045d8a595
故障,CPP执行器运动传递失效,适用于,系统,传动与推进系统,functional_classification,实际证据是Hebrides的CPP执行器小型爪式联轴器，不是主推进轴联轴器断裂；主轴断裂根因不可由此推断。,stated,02_reports/MAIB_2017_20_Hebrides_CPP_coupling.pdf,30,coupling remained stationary,edge:fb259f2409a3b8694f3968b2,assertion:dd8a3bb7d8b0799889ccb52d
设备,ME2主机,服务于系统,系统,传动与推进系统,functional_classification,仅在本声明来源及构型范围内使用,stated,02_reports/MAIB_2022_04_Wight_Sky_multiple_engine_failures.pdf,84,ME2 failed catastrophically due to a sudden loss of lubricating oil supply,edge:fb37f5d822530d5ae5dc801c,assertion:03cadc20171589f5ce65ec50
状态,冷却器水侧局部沸腾,促成,故障,冷却水管路汽蚀,source_guidance_statement,扫气空气冷却器水侧；该证据描述低流量局部沸腾及管路汽蚀，不等同于已证明所有冷却泵汽蚀由此引起。,possible,02_reports/MAN_main_engine_auxiliary_efficiency.pdf,11,may lead to cavitation in the cooling water pipes,edge:fb4aafe749455462f72b4afa,assertion:3ea982cd4c39bb9f7dccd468
事故案例,发电机滑油泵堵头松脱火灾,涉及,检查方法,测量总体振动并分析频谱,case_index,仅在本声明来源及构型范围内使用,stated,02_reports/MAIB_2016_Safety_Digest_generator_oil_fire.pdf,28,frequency analysis of the vibration waveform,edge:fb5877dd16c29ee65677454c,assertion:a4d0fd4c8f863f76cba58e36
运维措施,按手册清洁活络共轨节流阀阀芯,记载于,来源,船机帮高压共轨柴油机燃油喷射系统故障分析,provenance_index,仅在本声明来源及构型范围内使用,stated,01_datasets/marine_diesel_RAG_corpus_All_data/All_data/test/船机帮高压共轨柴油机燃油喷射系统故障分析.md,,一般需拆检各节流阀，清洁、活络各节流阀电磁阀顶杆和阀芯部分，装复后，即可恢复正常。,edge:fb5fd2c2dcc185a1243571d4,assertion:4f869bdfb0f9af1162d95cc0
事故案例,压载泵检修隔离失效与机舱进水,涉及,部件,便携电动排水泵,case_index,仅在本声明来源及构型范围内使用,stated,02_reports/MAIB_2016_Safety_Digest_generator_oil_fire.pdf,40,general cargo vessel,edge:fb6913262044c8c98fc11c71,assertion:af590eccb27603b605819b61
状态,主机无法继续运行,记载于,来源,MAIB Safety Digest 2013 lubrication and bearing cases,provenance_index,仅在本声明来源及构型范围内使用,stated,02_reports/MAIB_2013_Safety_Digest_lubrication_bearing_cases.pdf,21,prevented the engine from further operation,edge:fb6b953e7aaea28e847879f3,assertion:4a618f61a950033cb8ab3f14
状态,控制空气低压报警,先于发生,故障,主机离合器脱开,source_case_statement,本报告案例，不外推为所有船舶已证实根因,reported,02_reports/MAIB_2013_Safety_Digest_lubrication_bearing_cases.pdf,14,multiple alarms sounded in the ECR warning of low control air pressure,edge:fb7f608a80ce57ac9e6543a1,assertion:1d4c6350597c8abf93937db2
运维措施,按原厂认可方法清洗喷油器积碳,适用于,设备,船舶动力装置,applicability_index,综合维护二次文章，原厂和标准出处未独立证实；不采纳文中统一周期、报警值、压力值、浮动轴承加脂和未经验证改造方案。以下仅用于检索维护主题，由适用机型规程决定具体操作。,stated,01_datasets/marine_diesel_RAG_corpus_All_data/All_data/test/船机帮船舶动力设备日常维护要点与常见故障排除.md,,积碳严重时采用超声波进行清洗,edge:fb96c70bcbdf7687b70391ad,assertion:be5628eccd38b41a3d9c0274
检查方法,检查调速器反馈机构,记载于,来源,船机帮船舶发电机常见故障及对策,provenance_index,仅在本声明来源及构型范围内使用,stated,01_datasets/marine_diesel_RAG_corpus_All_data/All_data/test/船机帮船舶发电机常见故障及对策.md,,检查调速器，包括各汽缸的清洁和油位，阀杆是否卡阻，调速器内部转动及反馈系统。,edge:fba89ee5226988994b572887,assertion:35eb7c183d2f2775de05feaa
检查方法,检测冷却液氯离子浓度,适用于,设备,滑油冷却器,applicability_index,海水冷却的推进柴油机滑油系统；匿名二次报道。文中压力试验参数和标准引用未独立核实，不作为通用操作依据。,stated,01_datasets/marine_diesel_RAG_corpus_All_data/All_data/test/船机帮船舶动力系统滑油水污染故障实例分析.md,,定期开展缓蚀剂浓度、pH 值浓度、氯离子浓度等影响冷却液腐蚀率的关键指标检测,edge:fbad71d92ee37ef476d9539f,assertion:a1abb8ad9b671a88f1386e31
部件,燃油细滤芯,记载于,来源,船机帮冬季卡特柴油发电机组的安全运行,provenance_index,仅在本声明来源及构型范围内使用,stated,01_datasets/marine_diesel_RAG_corpus_All_data/All_data/test/船机帮冬季卡特柴油发电机组的安全运行.md,,更换发动机燃油细滤器滤芯。,edge:fbb65d66ba4a01ad2b1ae78e,assertion:074faa7c8d2e3798ecac217e
事故案例,ME2主轴承断油失效,涉及,检查方法,监测润滑油和冷却液状态,case_index,仅在本声明来源及构型范围内使用,stated,02_reports/MAIB_2022_04_Wight_Sky_multiple_engine_failures.pdf,84,condition of the engine lubricating oil and coolant was not closely monitored,edge:fbbf3c8bfbf6d8ea15c5e963,assertion:1aa51348ee0cabcca3125811
设备,海水压载与机舱排水装置,包含部件,部件,海水隔离阀执行器,asset_index,仅在本声明来源及构型范围内使用,stated,02_reports/MAIB_2016_Safety_Digest_generator_oil_fire.pdf,40,general cargo vessel,edge:fbc0a438d869a0f00ec8682b,assertion:df46d47c6ebb563a2f96181f
运维措施,修订进水停机序列并允许船员干预,应对,状态,吊舱转至90度停放,source_case_statement,本报告案例，不外推为所有船舶已证实根因,reported_action,02_reports/MAIB_2026_06_Spirit_of_Discovery_propulsion_loss.pdf,53,revised WLS sequence activation that allows the crew to intervene,edge:fbc658411c920826470127b5,assertion:311b0dbed2ed51886ea3b2b5
部件,活塞与缸套,是概念的实例,部件,活塞与缸套,concept_alignment,仅在本声明来源及构型范围内使用,stated,02_reports/MAIB_2013_Safety_Digest_lubrication_bearing_cases.pdf,21,fully loaded cargo ship,edge:fbe8ef16a987b9f12f34492e,assertion:245adc518783c2a7dea93ef9
检查方法,检测冷却液pH值,检查,影响因素,冷却水水质或处理不当,source_check,海水冷却的推进柴油机滑油系统；匿名二次报道。文中压力试验参数和标准引用未独立核实，不作为通用操作依据。,stated,01_datasets/marine_diesel_RAG_corpus_All_data/All_data/test/船机帮船舶动力系统滑油水污染故障实例分析.md,,定期开展缓蚀剂浓度、pH 值浓度、氯离子浓度等影响冷却液腐蚀率的关键指标检测,edge:fbf79f196ce5b4f523d0424a,assertion:692436f26d06c38e2b036e34
影响因素,增压器长期停运缺少适当维护,记载于,来源,船机帮船舶柴油机废气涡轮增压器振动的主要原因有哪些,provenance_index,仅在本声明来源及构型范围内使用,stated,01_datasets/marine_diesel_RAG_corpus_All_data/All_data/test/船机帮船舶柴油机废气涡轮增压器振动的主要原因有哪些.md,,增压器转子就会由于长期不运转其自重使其产生弯曲变形，破坏了转子与壳体、气封等的配合间隙，使转子失中。,edge:fc004484ffb16859ae1fa213,assertion:3c0dd20b4191164a00b8da6f
影响因素,回油管缺少有效超压释放,记载于,来源,Pride of Canterbury CPP hydraulic overpressure and fire,provenance_index,仅在本声明来源及构型范围内使用,stated,02_reports/MAIB_2015_22_Pride_of_Canterbury_CPP_hydraulic_fire.pdf,29,no means within the system to effectively relieve excess pressure,edge:fc1438abf7cb7279bb77e51c,assertion:6b0bec3aacda8e3d3042e59f
参数,高温冷却水出口温度,记载于,来源,船机帮船用柴油机的拉缸故障,provenance_index,仅在本声明来源及构型范围内使用,stated,01_datasets/marine_diesel_RAG_corpus_All_data/All_data/test/船机帮船用柴油机的拉缸故障.md,,高温水出水温度升高,edge:fc49c1381d140847f6737a9f,assertion:d180ab5f9fe24b5cb88a8a12
运维措施,核验润滑油质量并按厂家规格选油,应对,影响因素,润滑油质量不符合要求,secondary_source_statement,二次转载文章，船舶/原始报告身份未核实；不计入正式事故案例,secondary_stated,01_datasets/marine_diesel_RAG_corpus_All_data/All_data/train/油品课堂第六讲某船使用假冒润滑油导致主机烧瓦事故案例.md,,要高度重视机油的优劣，正确选用润滑油,edge:fc5aa546bc351f23dc4f24cc,assertion:471bab572144dd4c2d3fd969
故障,增压空气冷却器污损,适用于,设备,试验柴油机,native_dataset_label,Marine Engine Fault Dataset原始标签；不推导未在数据中证明的机理,dataset_label,01_datasets/Marine_Engine_Fault_Data_v1/Marine_Engine_Fault_Data/dataset_index.csv,,"AC_Fouling/AC_Fouling_85_Load.csv,scenario,Air-cooler fouling,85%,single load condition,3,5801,73,""binary (0=pre-anomaly, 1=anomaly)"",Pre-anomaly and anomaly segments. Compressor Filter Loss (dPf) and Turbine Back Pressure (dPex) not recorded in this run (columns present but empty).",edge:fc5e59a32db44ca4f860e876,assertion:43933fc333ac8b39f5b79b67
故障,油底壳道门螺栓松动,促成,状态,机舱积水进入油底壳,source_statement,海水冷却的推进柴油机滑油系统；匿名二次报道。文中压力试验参数和标准引用未独立核实，不作为通用操作依据。,possible,01_datasets/marine_diesel_RAG_corpus_All_data/All_data/test/船机帮船舶动力系统滑油水污染故障实例分析.md,,道门垫片老化或紧固螺栓松动导致机舱积水渗入。,edge:fca8b9c90b729b386da2b777,assertion:29b16cfb336fcf9507904c25
影响因素,冷却水水质或处理不当,记载于,来源,MAN SL2016-623 cooling water treatment and periodical testing,provenance_index,仅在本声明来源及构型范围内使用,stated,02_reports/MAN_SL2016_623_cooling_water.pdf,2,deposits of limescale and/or rust,edge:fcae24ad23bc96a9f9486db5,assertion:fab883bdf50a88ee60cb4119
检查方法,记录柴油机滑油液位变化,记载于,来源,船机帮船舶动力系统滑油水污染故障实例分析,provenance_index,仅在本声明来源及构型范围内使用,stated,01_datasets/marine_diesel_RAG_corpus_All_data/All_data/test/船机帮船舶动力系统滑油水污染故障实例分析.md,,每小时记录油温、水压、液位等关键参数，关注数据异常变化,edge:fccca4bb632909c9cb233456,assertion:069bf8e2231167637eb57373
状态,船舶高压电网不稳定,导致,状态,全船失电,source_case_statement,本报告案例，不外推为所有船舶已证实根因,probable,02_reports/MAIB_2011_28_Queen_Mary_2_harmonic_filter_failure.pdf,13,led to the generators shutting down,edge:fce1839a73dc554f154e4032,assertion:9353160bf85a0272f46d8741
运维措施,对确认状态良好的备用机组按计划进行防潮运行,记载于,来源,STAMFORD AGN040 winding insulation system,provenance_index,仅在本声明来源及构型范围内使用,stated,02_reports/STAMFORD_AGN040_winding_insulation.pdf,7,Regular Use as part of Planned Maintenance,edge:fce4f0108e276cd4da8794f3,assertion:6f6981cfb3718053e3a0339a
运维措施,按机型维护要求保持进气滤器清洁,应对,故障,压气机喘振,source_recommendation,船用废气涡轮增压器；拆装细节为VTR400示例，必须服从适用机型手册。,stated,01_datasets/marine_diesel_RAG_corpus_All_data/All_data/test/船机帮船舶柴油机废气涡轮增压器振动的主要原因有哪些.md,,管理中注意压气机进气滤器、叶轮、扩压器、空气冷却器、进气口和排气口、涡轮喷嘴环、叶片等流通部分的清洁，就会防止和消除喘振，也就会使振动消失。,edge:fcfcd46a0dad64e87f801afa,assertion:a2585dc9d2823ba63f8ebb4e
运维措施,按厂家程序及时降负荷并核查气缸润滑,应对,故障,缸套黏着拉伤,source_guidance_statement,MAN B&W两冲程柴油机缸套/活塞环；2016通函用于机理，润滑油选择须查2023通函及本机手册。不能把活塞咬死一概等同于已证实拉缸。,guidance,02_reports/MAN_SL2016_633_piston_rings_scuffing.pdf,2,increased lubrication and reduced load,edge:fd166cc75512880e93647dac,assertion:8c7fabf2b63ac730daa26b9f
检查方法,检查调速器阀杆卡阻,检查,故障,调速器阀杆卡滞,source_check,S6U-PTK与文中船舶发电机经验；部分表述不严谨，不采纳未经原厂确认的轴承结构改造建议。,stated,01_datasets/marine_diesel_RAG_corpus_All_data/All_data/test/船机帮船舶发电机常见故障及对策.md,,检查调速器，包括各汽缸的清洁和油位，阀杆是否卡阻，调速器内部转动及反馈系统。,edge:fd19ee1549d51970d7de0703,assertion:173fc97cb25c74d1ec12aeaa
设备,主机启动与盘车装置,记载于,来源,MAIB Safety Digest 2013 lubrication and bearing cases,provenance_index,仅在本声明来源及构型范围内使用,stated,02_reports/MAIB_2013_Safety_Digest_lubrication_bearing_cases.pdf,16,specialist cargo ship,edge:fd36bb59c6a5bbad9d80cec5,assertion:6c9f653a3be4831fa98d9dd4
运维措施,确认带载试验不合格后更换遥控电源模块,适用于,设备,主机遥控控制装置,applicability_index,12V20/27、双机双轴双桨定距推进的文中闭环调速构型；信号接口及间隙不可跨机型套用。,stated,01_datasets/marine_diesel_RAG_corpus_All_data/All_data/test/船机帮某型船主机遥控系统典型故障分析.md,,否则需要更换电源模块。,edge:fd3ed3f2d663c98b7f34d141,assertion:e1db29aff4b92ccd7af30932
状态,冷却水温度过高,导致,状态,燃烧室部件工作温度升高,source_statement,柴油机水冷机理二次资料；文中80–90℃等数值不能当作所有机型阈值。,possible,01_datasets/marine_diesel_RAG_corpus_All_data/All_data/test/船机帮柴油机冷却水过高或过低的危害.md,,冷却水温度过高，致使活塞、活塞环、气缸套、缸盖和气门等零件的工作温度升高，导致充气不足，燃烧不正常，容易引起敲缸、爆燃。,edge:fd41e0885423bd9562be4226,assertion:59d4754b28ea585c6c67a5a7
状态,气缸燃烧不完全,记载于,来源,船机帮船舶发电机常见故障及对策,provenance_index,仅在本声明来源及构型范围内使用,stated,01_datasets/marine_diesel_RAG_corpus_All_data/All_data/test/船机帮船舶发电机常见故障及对策.md,,气阀机构回受热膨胀，过小的间隙造成关闭不严，漏气而导致燃烧不充分，出现黑烟现象；,edge:fd76fabdd2df9a2abd370a75,assertion:2a945394d84c4bde650ef37d
状态,缸套摩擦副摩擦系数增大,记载于,来源,船机帮船用柴油机的拉缸故障,provenance_index,仅在本声明来源及构型范围内使用,stated,01_datasets/marine_diesel_RAG_corpus_All_data/All_data/test/船机帮船用柴油机的拉缸故障.md,,若由于某种原因，油膜变薄或遭到破坏，因润滑不良出现干摩擦或半干摩擦，缸套与活塞环的摩擦系数突然增大，造成局部高温粘附磨损的过程。,edge:fdb2150eed272f2f6753da60,assertion:b5feb20141b2a0c08452f0e4
状态,气缸燃烧缺氧,记载于,来源,船机帮船舶发电机常见故障及对策,provenance_index,仅在本声明来源及构型范围内使用,stated,01_datasets/marine_diesel_RAG_corpus_All_data/All_data/test/船机帮船舶发电机常见故障及对策.md,,增压器的滤网不清洁，造成流阻增大，增压能力被降低，致使电机燃烧室缺乏氧气无法有效燃烧；,edge:fdc8d6adf1f4c78036a951ca,assertion:fd66e187172f9926bd4dbce7
部件,右舷可调螺距桨,是概念的实例,部件,右舷可调螺距桨,concept_alignment,仅在本声明来源及构型范围内使用,stated,02_reports/MAIB_2016_Safety_Digest_generator_oil_fire.pdf,19,large roll-on roll-off passenger ferry,edge:fddf590909cce364f7dda166,assertion:f275a4b77a3363beda3a02e3
检查方法,核验轴承磨损监测快速磨损功能,适用于,系统,润滑与轴承系统,functional_classification,主机滑动轴承；烧瓦是检索用的工程统称，不能把全部轴瓦疲劳、瓦片转位或轴承失效直接标成已证实烧瓦。,stated,02_reports/MAN_SL2013_569_bearing_wear_monitoring.pdf,4,Ability to detect rapidly developing bearing damage,edge:fde5faad58a4ef72104ba007,assertion:27874a1debe7847d34023562
检查方法,核查海水冷却器防腐电流设定,适用于,设备,滑油冷却器,applicability_index,海水冷却的推进柴油机滑油系统；匿名二次报道。文中压力试验参数和标准引用未独立核实，不作为通用操作依据。,stated,01_datasets/marine_diesel_RAG_corpus_All_data/All_data/test/船机帮船舶动力系统滑油水污染故障实例分析.md,,定期检查防污防腐电流设定是否在保护范围内,edge:fde93049f3123fdce3429d3e,assertion:4ade9b6022f32d0ccf05c1d1
故障,增压器轴承裂纹,表现为,状态,增压器轴承摩擦力矩增大,source_statement,船用废气涡轮增压器；拆装细节为VTR400示例，必须服从适用机型手册。,stated,01_datasets/marine_diesel_RAG_corpus_All_data/All_data/test/船机帮船舶柴油机废气涡轮增压器振动的主要原因有哪些.md,,轴承长时间使用后产生磨损、变形、裂纹和烧伤时，使摩擦力矩增大，转速下降，振动和噪声大增。,edge:fdf746a40c34812f622b4ebf,assertion:f58c515a1ea27a8431f798f7
设备,左舷主机排气装置,服务于系统,系统,电力与控制系统,functional_classification,仅在本声明来源及构型范围内使用,stated,02_reports/MAIB_2013_Safety_Digest_lubrication_bearing_cases.pdf,40,small passenger catamaran,edge:fe17a0cabcc47df2cb8bb62b,assertion:54c80b09b17dff9ef2a5d73b
运维措施,按本机要求执行停机前冷却运行,适用于,设备,柴油发电机,applicability_index,Caterpillar3512冬季维护经验，原始应用场景不一定为船舶；仅提取可迁移维护主题，必须核对船用构型，排除未获批准的自主回油改造及统一数值。,stated,01_datasets/marine_diesel_RAG_corpus_All_data/All_data/test/船机帮冬季卡特柴油发电机组的安全运行.md,,待油温、水温有明显下降时，关闭柴油机。,edge:fe205082ccc597459a23509c,assertion:7d9c1e9904324c6dad1bfbe1
影响因素,驾驶台无人导致舱底报警漏察,是概念的实例,影响因素,驾驶台无人导致舱底报警漏察,concept_alignment,仅在本声明来源及构型范围内使用,stated,02_reports/MAIB_2016_Safety_Digest_generator_oil_fire.pdf,60,Never leave the wheelhouse unmanned when underway,edge:fe41365a5a5bfb2ccb08777b,assertion:2262cadd6df5573f92ff8020
运维措施,委托合格机构校验压缩空气安全阀,适用于,设备,船舶动力装置,applicability_index,综合维护二次文章，原厂和标准出处未独立证实；不采纳文中统一周期、报警值、压力值、浮动轴承加脂和未经验证改造方案。以下仅用于检索维护主题，由适用机型规程决定具体操作。,stated,01_datasets/marine_diesel_RAG_corpus_All_data/All_data/test/船机帮船舶动力设备日常维护要点与常见故障排除.md,,每半年进行安全阀送岸校验,edge:fe45f49705fcb84cd02c181a,assertion:4010b168d782764d45ac1269
故障,气缸磨损增加,记载于,来源,船机帮船用柴油机的拉缸故障,provenance_index,仅在本声明来源及构型范围内使用,stated,01_datasets/marine_diesel_RAG_corpus_All_data/All_data/test/船机帮船用柴油机的拉缸故障.md,,灰分过高会导致燃烧室，活塞头，顶环沉积过多，一些不溶灰分也会造成磨损。,edge:fe519780f554479fe75ace49,assertion:344a618383511b07a5af04b9
状态,机舱进水,先于发生,状态,主机停止,source_case_statement,本报告案例，不外推为所有船舶已证实根因,reported,02_reports/MAIB_2016_Safety_Digest_generator_oil_fire.pdf,59,main engine then stopped,edge:fe5e9a5821cc17a5e7176c77,assertion:0d89033eb8f2823b93cea120
设备,ME2主机,记载于,来源,Wight Sky multiple engine failures,provenance_index,仅在本声明来源及构型范围内使用,stated,02_reports/MAIB_2022_04_Wight_Sky_multiple_engine_failures.pdf,84,ME2 failed catastrophically due to a sudden loss of lubricating oil supply,edge:fe7d5c32c5592ae4ac3e94d2,assertion:6ad537aab4567efd0a71b1fa
状态,滑油承载能力下降,记载于,来源,船机帮柴油机轴瓦抱轴故障分析,provenance_index,仅在本声明来源及构型范围内使用,stated,01_datasets/marine_diesel_RAG_corpus_All_data/All_data/test/船机帮柴油机轴瓦抱轴故障分析.md,,"高分子聚合物断裂后是不可逆的,导致粘度很快降低,机油承载能力下降。",edge:fe86fc83548b5d0776a7c848,assertion:31a148de7ef0294af3d1ce58
事故案例,谐波滤波电容失效与全船失电,涉及,检查方法,定期监测谐波畸变和运行参数,case_index,仅在本声明来源及构型范围内使用,stated,02_reports/MAIB_2011_28_Queen_Mary_2_harmonic_filter_failure.pdf,69,Regular monitoring of power quality,edge:fe90f4f6eca2559b83ceb974,assertion:0ed4d5a11b1aa5fc95f405c6
检查方法,核查调速器动态调速率,检查,状态,调速器灵敏度不足,source_check,调速器维修经验；不同调速器针阀与补偿调节不可照抄，飞车必须执行本船应急规程。,stated,01_datasets/marine_diesel_RAG_corpus_All_data/All_data/test/船机帮船用柴油机调速器的维护与保养十飞车故障.md,,调速器灵敏度差，即动态调速率大,edge:feaa1fd180d8a2c921daaa10,assertion:bae7acd425b6e5e5176c5d9b
运维措施,按厂家要求保持发电机绕组清洁,适用于,设备,交流发电机,applicability_index,STAMFORD/AvK对应交流发电机型号；AGN040应与本机Owner Manual联合使用；干燥与绝缘处置仅由合格人员实施。,stated,02_reports/STAMFORD_AGN040_winding_insulation.pdf,7,keep the wound component clean and dry,edge:feb722dcee4eee4cc5bdc984,assertion:6eba15fba10d915ec2f33bf1
故障,喷油器弹簧断裂,适用于,设备,高压共轨燃油喷射装置,applicability_index,航浚6008/MAN L32/44CR与CR2.2；轨压数值、扭矩与拆装必须核对本机手册。,stated,01_datasets/marine_diesel_RAG_corpus_All_data/All_data/test/船机帮高压共轨柴油机燃油喷射系统故障分析.md,,如弹簧断裂、喷油嘴喷孔变大等也会出现排温偏高的情况,edge:feb84685454c2f493b996487,assertion:e7cfe7b7a32bb063abc9dbdd
影响因素,缸套珩磨纹角度不当,记载于,来源,船机帮船用柴油机的拉缸故障,provenance_index,仅在本声明来源及构型范围内使用,stated,01_datasets/marine_diesel_RAG_corpus_All_data/All_data/test/船机帮船用柴油机的拉缸故障.md,,缸套加工的本身粗糙度过高，珩磨纹倾斜不对，缸套硬度太低，达不到图纸要求；,edge:fee80ff9c24dc9a78b9d0b25,assertion:0f03a5a57eefaf92acce0099
状态,润滑油压力下降,记载于,来源,Wight Sky multiple engine failures,provenance_index,仅在本声明来源及构型范围内使用,stated,02_reports/MAIB_2022_04_Wight_Sky_multiple_engine_failures.pdf,70,ECU detected a loss of lubricating oil pressure and initiated an engine shutdown,edge:fef3579b00dc0340b442bb8b,assertion:d37c3973736f344691f61bf5
故障,增压器轴承磨损,属于概念类别,故障,增压器轴承损伤,curator_concept_taxonomy,依据该文故障枚举整理的概念包含关系，非事故根因关系,stated,01_datasets/marine_diesel_RAG_corpus_All_data/All_data/test/船机帮船舶柴油机废气涡轮增压器振动的主要原因有哪些.md,,轴承长时间使用后产生磨损、变形、裂纹和烧伤时,edge:ff51304a692e1b7542c2470a,assertion:78115e6cf2bedd2b632c712c
影响因素,回油法兰未设喷溅保护,记载于,来源,Pride of Canterbury CPP hydraulic overpressure and fire,provenance_index,仅在本声明来源及构型范围内使用,stated,02_reports/MAIB_2015_22_Pride_of_Canterbury_CPP_hydraulic_fire.pdf,30,no evidence after the fire of shielding on the flanged joints,edge:ff5d195a0aca6b7ea87017ba,assertion:99585f6fbf7194dc3e028c2c
事故案例,盘车联锁失效与启动损坏,涉及,运维措施,修复并定期测试控制台指示照明,case_index,仅在本声明来源及构型范围内使用,stated,02_reports/MAIB_2013_Safety_Digest_lubrication_bearing_cases.pdf,18,should therefore be tested regularly,edge:ff5e39cf61193ec535845e68,assertion:ccfc83536642eac80f893e7b
影响因素,发电机储存环境不当,记载于,来源,STAMFORD AGN040 winding insulation system,provenance_index,仅在本声明来源及构型范围内使用,stated,02_reports/STAMFORD_AGN040_winding_insulation.pdf,6,investigation undertaken into the storage conditions,edge:ff60f0c195d263af84297a23,assertion:68443f336d8e1d5a12069b25
检查方法,核验调速器与喷油泵加减油方向,适用于,设备,柴油机调速器,applicability_index,调速器维修经验；不同调速器针阀与补偿调节不可照抄，飞车必须执行本船应急规程。,stated,01_datasets/marine_diesel_RAG_corpus_All_data/All_data/test/船机帮船用柴油机调速器的维护与保养十飞车故障.md,,喷油泵齿条的零油量位置、全油量位置与调速器内动力活塞的行程是否相对应。调速器加减油方向与喷油泵是否一致。,edge:ff8b5a06fe48c5ca0db651d9,assertion:0644fa423f65dab626687091
状态,缸套密封圈高温硬化龟裂,导致,状态,冷却水沿缸套进入曲轴箱,source_statement,海水冷却的推进柴油机滑油系统；匿名二次报道。文中压力试验参数和标准引用未独立核实，不作为通用操作依据。,possible,01_datasets/marine_diesel_RAG_corpus_All_data/All_data/test/船机帮船舶动力系统滑油水污染故障实例分析.md,,高温环境下橡胶密封件硬化龟裂，冷却水沿缸套外壁渗入曲轴箱。,edge:ffaedbf70800224bcfd11cae,assertion:0ab0d8b3e4844e46518331e6
影响因素,离合器调整垫片安装错误,相关联,状态,离合器活塞端向间隙不足,secondary_case_conclusion,GW系列船用齿轮箱；通用机理与A/B船匿名案例须区分，尺寸不能跨机型套用。,stated,01_datasets/marine_diesel_RAG_corpus_All_data/All_data/test/船机帮船用齿轮箱故障分析与管理对策.md,,经核实，是装配时错误安装调整垫片导致的。,edge:ffcaf83a4937866141419e60,assertion:b0dee7292eefce3e1144c874
检查方法,检测遥控电源模块绝缘,记载于,来源,船机帮某型船主机遥控系统典型故障分析,provenance_index,仅在本声明来源及构型范围内使用,stated,01_datasets/marine_diesel_RAG_corpus_All_data/All_data/test/船机帮某型船主机遥控系统典型故障分析.md,,用福禄克F124型示波器检测各电源模块输出端绝缘正常，输出稳定；测量空载电压，纹波在0.1 V以内；按照各电源模块设计负荷的60%通过电子负载进行带载试验,edge:ffdad409ce5d9da13c4f7cd8,assertion:c1a6876feba7992b1ef6c163
参数,增压空气冷却器空气温度进口,记载于,来源,variable_dictionary,provenance_index,仅在本声明来源及构型范围内使用,stated,01_datasets/Marine_Engine_Fault_Data_v1/Marine_Engine_Fault_Data/variable_dictionary.csv,,"Charge Air IC Air Temp. In,T14,°C,number,TRUE,TRUE,temperature,",edge:ffdd7d45ebcdaa035b27aec5,assertion:8136f8a3cccec376409d15b1
故障,燃油法兰螺钉松动,是概念的实例,故障,燃油法兰螺钉松动,concept_alignment,仅在本声明来源及构型范围内使用,stated,02_reports/MAIB_2024_20_Stena_Europe_fuel_spray_fire.pdf,29,screw in a two-screw flange within the fuel oil pipework loosened,edge:ffefe759876dd590de4e30b7,assertion:e5e186886691b7feda6de8d9
