Compre_out_press,Compre_in_temp,Compre_vel,Cool_in_temp,Cool_out_temp,Cool_out_vel,Cy1_max_pre,Cy1_max_temp,Eng_pow,Eng_BSFC,Eng_BMEP,Tur_in_temp,Tur_in_pre,Tur_out_temp,Tur_out_pre,Tur_out_vel,inf-temp,inf-pre,exf-temp,exf-pre,exf_out_vel,exp_out_temp,exp_out_pre,exp_out_vel,y_label
223145.72,410.62192,242.52333,300.6313,300.16544,1.5512704,10624778,2746.3262,161.2007,280.2582,801746.5,604.05005,280223.37,535.20667,116865.16,254.34865,315.07895,222965.7,576.2596,296178.41,59.384357,526.9464,116864.09,68.27509,10
157037.16,353.9198,242.55121,302.84473,300.01263,5.587117,6345918.3,2710.4272,202.896,222.68623,1009121.9,771.8456,224564.15,705.2691,110457.44,254.37788,295.43442,157524.53,761.9975,236598.68,64.632256,696.33795,110455.61,64.693665,10
154439.22,350.35504,242.56445,304.31955,300.0472,6.6833525,5540223,2706.748,202.5957,223.0058,1007628.4,846.12964,174811.63,787.6786,105292.56,254.39177,303.74484,155466.16,844.13,182914.87,69.729744,779.5211,105292.31,52.22135,10
165944.66,362.78268,283.81506,307.77826,299.30234,8.481862,5496584.7,2711.5894,203.13815,222.41025,1010326.3,843.2307,173061.29,776.60535,104834.41,297.65375,303.5755,168215.7,851.45465,180699.3,63.69488,769.22736,104834.37,49.860874,10
184412.41,374.49457,305.04758,311.46265,298.9018,8.036808,6367356.5,2723.3633,207.91133,217.30418,1034066.1,836.2226,182556.26,762.07697,105546.36,319.92154,301.7321,186669.77,843.92065,190937.86,65.033295,754.29065,105546.51,52.519787,10
199286.25,384.16577,323.94992,315.29,298.5539,7.8848166,7020405.6,2727.6362,210.75085,214.37636,1048188.8,815.7431,194545.78,734.5242,106459.12,339.74557,300.82556,201684.2,821.22815,203781.63,67.23143,726.5551,106459.26,55.154293,10
212171.8,392.08264,339.89075,319.1596,298.2501,7.762211,7592351.5,2731.354,212.92667,212.18575,1059010.3,791.82764,205569.67,704.9489,107253.66,356.46365,300.09857,214687.5,796.57947,215467.95,70.7891,696.97284,107253.73,56.807415,10
223276.16,398.79443,353.2738,322.9844,297.98,7.6600113,8084749.6,2734.1785,214.58516,210.54578,1067259,769.79663,215529.06,678.51154,107979.32,370.49927,299.50162,225890.92,774.61896,225993.06,67.433716,670.54,107979.32,58.025658,10
232527.3,404.4176,363.0783,326.69537,297.73718,7.5658503,8510625,2736.4683,215.88893,209.27428,1073743.4,751.0144,224025.1,656.6639,108628.36,380.78183,298.95688,235209.37,756.13586,234979.53,62.64575,648.6938,108628.46,58.96898,10
239955,408.9881,369.99063,330.2333,297.5175,7.487564,8866754,2738.2542,216.87206,208.32559,1078633.1,735.4985,231092.24,638.99255,109183.37,388.0312,298.47867,242686.87,740.94727,242451.95,61.09593,631.03284,109183.44,59.6821,10
245816.4,412.55212,375.26434,333.5525,297.31818,7.4242506,9138070,2739.213,217.59947,207.62918,1082251,723.0766,236825.08,625.0389,109643.57,393.56207,298.07056,248582.8,728.8504,248511,58.27422,617.094,109643.61,60.208813,10
250387.6,415.28644,379.33347,336.62286,297.13712,7.3749843,9355372,2739.9583,218.14275,207.11209,1084953,713.2923,241377,614.1895,110013.76,397.8296,297.72263,253179.36,719.34973,253323.05,59.111427,606.2603,110013.8,60.59701,10
253900.46,417.31052,382.37708,339.42496,296.9737,7.348966,9531209,2740.6118,218.55762,206.71895,1087016.4,705.6868,244978.4,605.9171,110310.13,401.02158,297.4345,256703.11,711.9763,257123.64,62.771355,598.00934,110310.11,60.88644,10
255983.66,418.2059,383.18384,341.90628,296.8237,7.257184,9650162.5,2740.732,218.89368,206.40157,1088687.9,699.89685,247574.42,599.79736,110542.11,401.8677,297.07593,258728.24,706.3932,259878.06,63.65703,591.8967,110542.08,61.115284,10
256921.84,418.69098,383.80948,344.05963,296.6871,7.2320595,9715060,2740.7314,219.00613,206.2956,1089247.2,695.798,249134.6,595.5459,110675,402.52383,296.8466,259658.46,702.4926,261527.2,63.765602,587.6553,110674.98,61.20114,10
257508.02,419.03983,384.34778,345.93335,296.5648,7.225777,9739115,2740.4324,219.08739,206.21909,1089651.3,693.1195,250034.52,592.79016,110746.47,403.08838,296.68594,260248.54,699.9843,262473.34,64.07495,584.90924,110746.43,61.22077,10
258026.15,419.36542,384.8787,347.56882,296.4563,7.2241316,9758639.5,2740.2803,219.15121,206.15903,1089968.7,691.37695,250669.86,590.9637,110794.64,403.6452,296.5624,260774.66,698.3528,263139.1,64.3289,583.09,110794.59,61.23431,10
258514.24,419.6736,385.38437,349.00012,296.36096,7.223217,9777592,2740.216,219.20282,206.11049,1090225.4,690.161,251206.14,589.64905,110835.15,404.17554,296.45673,261270.8,697.196,263700.3,64.533806,581.7806,110835.1,61.25669,10
258976.96,419.96527,385.8628,350.25546,296.27792,7.222531,9816549,2740.6143,219.24635,206.06956,1090441.9,689.2405,251687.5,588.6229,110871.68,404.67728,296.3646,261741.11,696.30536,264203.74,64.587456,580.75854,110871.64,61.284744,10
259415.34,420.24088,386.31448,351.35876,296.2064,7.221994,9834048.5,2740.5994,219.28497,206.03326,1090634,688.4881,252126.67,587.7659,110905.05,405.151,296.28452,262186.55,695.56696,264663.12,64.62428,579.905,110905,61.314213,10
259830.2,420.50107,386.7405,352.3305,296.1456,7.2216,9850738,2740.5957,219.31944,206.0009,1090805.4,687.8404,252534.44,587.01624,110936.03,405.59778,296.21567,262608.03,694.9257,265089.63,64.77566,579.1584,110936,61.34376,10
260222.46,420.7466,387.14233,353.1882,296.09485,7.221367,9866588,2740.5996,219.35124,205.97102,1090963.6,687.267,252916.12,586.34406,110965.04,406.01923,296.1573,263006.47,694.35516,265488.53,64.86596,578.489,110965,61.372765,10
260593.3,420.97836,387.52145,353.94693,296.0534,7.2212996,9881592.6,2740.6106,219.38033,205.94371,1091108.2,686.74713,253275.28,585.7291,110992.36,406.4168,296.10864,263383.1,693.8358,265863.85,64.871315,577.8765,110992.31,61.40073,10
260944.72,421.19736,387.8793,354.61963,296.02057,7.221314,9895778,2740.6272,219.40712,205.91856,1091241.5,686.2688,253611.85,585.1604,111017.9,406.79208,296.06918,263739.9,693.357,266215.7,64.95999,577.3102,111017.86,61.42702,10
261278.34,421.40442,388.2166,355.2174,295.99567,7.2213316,9909191,2740.649,219.43225,205.89497,1091366.5,685.8166,253924.92,584.6239,111041.5,407.14587,296.03812,264078.45,692.9027,266544.3,64.63598,576.776,111041.46,61.450512,10
261592.8,421.59973,388.53543,355.74982,295.97806,7.221608,9921952,2740.6768,219.45526,205.8734,1091480.9,685.4106,254224.94,584.13495,111064.2,407.48022,296.01453,264397.62,692.4977,266856.34,65.12326,576.289,111064.15,61.474728,10
261892.06,421.78485,388.83667,356.2252,295.96707,7.2218456,9933924,2740.707,219.47649,205.85349,1091586.5,685.0372,254504.68,583.68304,111085.38,407.79617,295.99835,264701.25,692.1235,267148.45,65.11214,575.83875,111085.34,61.497044,10
262175.77,421.95972,389.1207,356.6506,295.96216,7.2221303,9945271,2740.74,219.49574,205.83543,1091682.2,684.67365,254764.03,583.2479,111104.77,408.09402,295.98834,264988.95,691.7568,267421,64.88553,575.4055,111104.74,61.516308,10
262443.88,422.12485,389.38882,357.03214,295.96268,7.2225223,9956075,2740.7803,219.51328,205.81898,1091769.5,684.3397,255012.25,582.84485,111123.41,408.37524,295.9842,265260.82,691.42267,267680,65.01323,575.0042,111123.37,61.53564,10
262698.25,422.28107,389.642,357.37515,295.96805,7.2229342,9966202,2740.8198,219.52966,205.80362,1091850.95,684.0328,255244.37,582.47266,111140.78,408.64075,295.98532,265518.67,691.1153,267922.66,65.012924,574.6335,111140.73,61.553707,10
262939.3,422.42874,389.881,357.68427,295.97778,7.223384,9975791,2740.8623,219.54468,205.78955,1091925.6,683.7499,255462.72,582.1282,111157.12,408.89145,295.99112,265762.97,690.8318,268150.38,65.01446,574.2904,111157.07,61.570896,10
263167.7,422.56833,390.10663,357.96344,295.99133,7.2238674,9984878.5,2740.9067,219.55858,205.77652,1091994.8,683.4882,255667.88,581.80865,111172.43,409.12805,296.00107,265994.36,690.56934,268364.17,65.17864,573.9722,111172.38,61.587173,10
263384.06,422.70023,390.31946,358.21613,296.0082,7.2243547,9993418,2740.9524,219.57112,205.76477,1092057.1,683.24225,255861.19,581.5083,111186.83,409.35126,296.01465,266213.54,690.322,268566.1,65.13814,573.67316,111186.79,61.602364,10
263588.98,422.8249,390.52032,358.44534,296.02795,7.2248635,10001501,2740.9998,219.58315,205.7535,1092116.9,683.01587,256042.96,581.2304,111200.31,409.5619,296.0314,266421.06,690.0952,268755.58,65.29409,573.3965,111200.26,61.616856,10
263783,422.9426,390.70966,358.6537,296.05014,7.2253685,10009143,2741.0486,219.59384,205.74347,1092170.1,682.8034,256212.8,580.97015,111212.91,409.76047,296.05084,266617.47,689.8818,268933.25,65.34043,573.1373,111212.86,61.630135,10
263966.63,423.05377,390.88818,358.84344,296.0744,7.225877,10016369,2741.098,219.6035,205.73442,1092218.2,682.6088,256373.07,580.7299,111224.77,409.9477,296.0726,266803.31,689.68677,269100.14,65.3606,572.89813,111224.72,61.642967,10
264140.46,423.15878,391.05655,359.0166,296.1003,7.226379,10023181,2741.1475,219.6125,205.72598,1092263,682.42993,256523.32,580.50806,111235.87,410.12427,296.0963,266979.22,689.5074,269256.66,65.36101,572.6772,111235.82,61.655087,10
264304.97,423.25793,391.21536,359.17493,296.12756,7.226883,10029613.5,2741.197,219.6207,205.7183,1092303.8,682.2683,256665.5,580.3052,111246.38,410.29083,296.12158,267145.63,689.3455,269404.24,65.32356,572.4751,111246.34,61.666973,10
264460.73,423.35162,391.36514,359.31992,296.15582,7.2273707,10035692.6,2741.2463,219.62831,205.71118,1092341.6,682.11554,256797.39,580.1144,111256.09,410.44794,296.14807,267303.18,689.1918,269541.55,65.45537,572.2851,111256.04,61.6777,10
264607.74,423.44012,391.50684,359.453,296.18484,7.2279077,10041428,2741.2957,219.63531,205.70462,1092376.4,681.98755,256925.73,579.94775,111265.67,410.59653,296.17548,267451.88,689.06464,269673.06,65.57675,572.119,111265.62,61.68954,10
264747.55,423.52396,391.6405,359.57535,296.21432,7.2283773,10046814,2741.3423,219.64197,205.6984,1092409.5,681.8622,257041.5,579.7879,111274.22,410.7367,296.2036,267593.24,688.9375,269793.77,65.57512,571.9597,111274.17,61.69931,10
264879.92,423.60306,391.76636,359.68796,296.24408,7.2288084,10052002,2741.3918,219.64821,205.69255,1092440.5,681.7389,257149.93,579.63293,111282.15,410.8687,296.23218,267727,688.8127,269906.95,65.5574,571.8054,111282.1,61.708088,10
265004.78,423.6776,391.885,359.7918,296.2739,7.229246,10056839,2741.4395,219.65329,205.68779,1092465.8,681.6258,257254.1,579.48914,111289.83,410.99313,296.26083,267853.2,688.6993,270015.34,65.609215,571.6622,111289.79,61.716972,10
265122.82,423.74802,391.9969,359.8877,296.30356,7.2296677,10061417.4,2741.4858,219.65857,205.68285,1092492.1,681.5238,257349.66,579.3586,111296.87,411.11047,296.28955,267972.5,688.5972,270114.56,65.68464,571.53217,111296.82,61.72504,10
265234.64,423.81448,392.10223,359.97635,296.33295,7.2300444,10065700.5,2741.53,219.66304,205.67867,1092514.3,681.4284,257439.88,579.2361,111303.5,411.22095,296.31815,268085.4,688.50116,270208.5,65.69256,571.41016,111303.45,61.732735,10
265340.02,423.8771,392.20148,360.0584,296.3619,7.2304263,10091202.5,2742.0059,219.6677,205.6743,1092537.5,681.33936,257524.47,579.1216,111309.71,411.32504,296.34637,268191.86,688.4116,270296.55,65.7031,571.2961,111309.66,61.739925,10
265439.68,423.93622,392.29498,360.13446,296.39032,7.230775,10094992,2742.0479,219.6719,205.67036,1092558.5,681.25714,257603.9,579.01526,111315.52,411.4231,296.3742,268292.5,688.329,270379.04,65.680016,571.1901,111315.48,61.74675,10
265534.02,423.99203,392.3832,360.20502,296.41812,7.2310963,10098591.6,2742.0876,219.67554,205.66696,1092576.5,681.1846,257678.7,578.9195,111321.03,411.51562,296.40152,268387.75,688.25653,270456.53,65.73665,571.09467,111320.98,61.753445,10
265623.02,424.04468,392.46625,360.27054,296.44516,7.231404,10101990.5,2742.1262,219.67915,205.66357,1092594.4,681.11426,257747.44,578.828,111326.05,411.60272,296.42813,268477.58,688.1853,270528.13,65.66475,571.0035,111326,61.75928,10
265706.85,424.0942,392.54446,360.33145,296.47144,7.231707,10105179.6,2742.1638,219.68216,205.66077,1092609.4,681.04895,257813.48,578.7422,111330.89,411.68475,296.45404,268562.2,688.1197,270596.77,65.65672,570.918,111330.84,61.765076,10
265786.15,424.141,392.6182,360.38812,296.49686,7.231983,10108184,2742.2,219.68517,205.65794,1092624.4,680.9886,257874.6,578.6627,111335.35,411.7621,296.4792,268642.2,688.05914,270660.42,65.72377,570.83887,111335.3,61.770367,10
265860.82,424.185,392.68756,360.4409,296.52142,7.2322464,10111031,2742.235,219.68776,205.65552,1092637.35,680.9296,257931.54,578.58624,111339.49,411.8348,296.5035,268717.6,687.99945,270719.8,65.71996,570.7627,111339.44,61.775105,10
265931.22,424.2265,392.7529,360.49008,296.54504,7.232496,10113676.5,2742.2673,219.6903,205.65314,1092649.9,680.87775,257986.43,578.517,111343.51,411.90332,296.52695,268788.65,687.9477,270776.75,65.72308,570.69366,111343.47,61.780014,10
265997.72,424.2656,392.81442,360.53595,296.56772,7.2327228,10116213,2742.3003,219.6927,205.6509,1092661.9,680.8281,258036.7,578.4516,111347.16,411.96786,296.5495,268855.74,687.8975,270828.99,65.706024,570.6285,111347.12,61.784317,10
266060.35,424.30243,392.8723,360.5787,296.58945,7.2329416,10118594,2742.3313,219.69484,205.6489,1092672.4,680.78156,258084.1,578.3901,111350.6,412.0286,296.5711,268918.92,687.8507,270878.3,65.74135,570.5672,111350.55,61.78839,10
266119.43,424.33713,392.92685,360.61865,296.61023,7.2331376,10120826,2742.3604,219.69682,205.64703,1092682.4,680.73956,258128.71,578.33374,111353.84,412.08575,296.5918,268978.52,687.80853,270924.7,65.74063,570.51105,111353.79,61.792324,10
266175.2,424.36984,392.97815,360.65594,296.63007,7.2333155,10122922.5,2742.388,219.69872,205.64526,1092691.7,680.6996,258170.44,578.2805,111356.89,412.13956,296.6116,269034.77,687.76825,270968.13,65.79117,570.458,111356.84,61.795925,10
266227.67,424.4006,393.02643,360.69083,296.649,7.2334843,10124898,2742.414,219.70044,205.64365,1092700.4,680.66174,258209.56,578.2302,111359.73,412.19022,296.6305,269087.7,687.7301,271008.87,65.788246,570.4079,111359.68,61.79929,10
266277.07,424.42957,393.07187,360.72348,296.66696,7.233646,10126760,2742.4392,219.70203,205.64217,1092708.3,680.6266,258246.42,578.1833,111362.4,412.23785,296.64847,269137.53,687.69476,271047.2,65.78626,570.3611,111362.35,61.802483,10
266323.6,424.45682,393.11462,360.754,296.68405,7.2337966,10128514,2742.4634,219.70354,205.64075,1092715.7,680.59357,258280.97,578.1392,111364.9,412.28268,296.6656,269184.42,687.66156,271083.19,65.79461,570.3172,111364.85,61.80547,10
266367.3,424.48242,393.15482,360.78256,296.70026,7.233941,10130163,2742.486,219.70482,205.63954,1092722.1,680.5619,258313.06,578.0973,111367.23,412.32486,296.6818,269228.5,687.6295,271116.7,65.79649,570.2754,111367.18,61.808167,10
266408.51,424.50656,393.19266,360.80933,296.7156,7.2340665,10131708,2742.5076,219.70615,205.6383,1092728.7,680.535,258344.65,578.06,111369.54,412.36456,296.69724,269270.1,687.6028,271149.33,65.79402,570.2382,111369.49,61.811142,10
266447.54,424.5294,393.22836,360.8344,296.73013,7.2341776,10133183,2742.528,219.70747,205.63707,1092735.3,680.50903,258372.78,578.0249,111371.56,412.402,296.71185,269309.45,687.57654,271178.56,65.79545,570.20325,111371.52,61.813583,10
266484.1,424.55078,393.2619,360.8579,296.74387,7.234291,10134569,2742.5479,219.70862,205.636,1092741,680.48413,258399.7,577.9913,111373.53,412.43716,296.72562,269346.3,687.5514,271206.64,65.80186,570.1697,111373.48,61.815937,10
266518.5,424.5709,393.29346,360.8799,296.7568,7.2343946,10135866,2742.5662,219.70982,205.63487,1092747,680.46063,258425.12,577.9595,111375.36,412.47028,296.73862,269381,687.5277,271233.06,65.7909,570.13806,111375.31,61.818184,10
266550.92,424.58987,393.32318,360.90054,296.769,7.2344885,10137089.5,2742.5835,219.71088,205.63388,1092752.3,680.43896,258449,577.93,111377.11,412.50143,296.75092,269413.69,687.5059,271257.93,65.7892,570.10864,111377.06,61.8203,10
266581.42,424.6077,393.35114,360.91992,296.78052,7.2345767,10138241.6,2742.5996,219.71182,205.633,1092756.9,680.41864,258471.35,577.90234,111378.73,412.53073,296.76248,269444.44,687.4854,271281.17,65.788,570.0811,111378.68,61.822273,10
266610.1,424.62448,393.37744,360.93808,296.79132,7.234659,10139338,2742.6157,219.71277,205.63211,1092761.7,680.3995,258492.52,577.8763,111380.27,412.55832,296.77338,269473.36,687.4661,271303.13,65.774284,570.0551,111380.22,61.824165,10
266637.1,424.6403,393.4022,360.9551,296.8015,7.234734,10140361,2742.6304,219.71358,205.63136,1092765.6,680.3816,258512.38,577.8519,111381.71,412.58432,296.78363,269500.61,687.4481,271323.78,65.78682,570.0308,111381.66,61.82593,10
266662.55,424.65515,393.4255,360.9711,296.81107,7.2348013,10141321,2742.644,219.71437,205.63062,1092769.6,680.3645,258530.9,577.8288,111383.04,412.60873,296.79327,269526.27,687.43085,271343.1,65.77175,570.00775,111383,61.827545,10
266686.46,424.66913,393.44742,360.9861,296.82004,7.2348638,10142226,2742.6567,219.71516,205.62987,1092773.5,680.34863,258548.52,577.8071,111384.33,412.6317,296.8023,269550.4,687.4149,271361.37,65.785416,569.98615,111384.28,61.82912,10
266708.97,424.68228,393.46802,361.0002,296.82846,7.2349234,10143074,2742.6687,219.71591,205.62917,1092777.25,680.3335,258564.9,577.7866,111385.51,412.65335,296.8108,269573.07,687.3996,271378.47,65.78421,569.96576,111385.46,61.830544,10
266730.07,424.6946,393.4873,361.01346,296.83633,7.2349744,10143870.5,2742.6802,219.71649,205.62863,1092780.1,680.3161,258579.64,577.7648,111386.56,412.67355,296.81876,269594.36,687.3818,271394.16,65.788445,569.944,111386.5,61.831562,10
266749.93,424.70624,393.50555,361.02588,296.84375,7.235023,10144612,2742.6907,219.71712,205.62804,1092783.3,680.30493,258595.47,577.7482,111387.75,412.6927,296.82623,269614.39,687.37115,271410.25,65.79184,569.9275,111387.69,61.83323,10
266768.65,424.71713,393.5226,361.03757,296.85068,7.235067,10145327,2742.7007,219.71773,205.62747,1092786.3,680.29004,258607.72,577.72955,111388.59,412.7106,296.83322,269633.25,687.35565,271423.44,65.7791,569.9089,111388.54,61.834007,10
266786.17,424.72742,393.53876,361.04852,296.85715,7.2351093,10145981.6,2742.7102,219.71825,205.62698,1092788.9,680.2808,258622.03,577.71545,111389.67,412.7275,296.83978,269650.94,687.3469,271437.86,65.79023,569.8948,111389.63,61.83558,10
266802.7,424.73706,393.55386,361.0588,296.86322,7.235149,10146615,2742.719,219.71883,205.62643,1092791.8,680.2674,258632.76,577.69867,111390.41,412.74335,296.8459,269667.6,687.33276,271449.47,65.77637,569.87805,111390.36,61.836224,10
266818.21,424.74615,393.56815,361.06848,296.8689,7.2351832,10147188,2742.727,219.71925,205.62604,1092793.9,680.2594,258645.53,577.68634,111391.39,412.75833,296.85162,269683.24,687.3253,271462.32,65.78885,569.8658,111391.33,61.837654,10
266832.83,424.7547,393.5815,361.07758,296.8742,7.2352176,10147751.6,2742.7349,219.72015,205.6252,1092798.4,680.2473,258654.93,577.6714,111392.02,412.77237,296.85696,269697.98,687.31256,271472.53,65.77403,569.8508,111391.97,61.83819,10
266846.59,424.76276,393.59418,361.08612,296.87915,7.2352448,10148255,2742.7417,219.72054,205.62485,1092800.2,680.24066,258666.37,577.66077,111392.9,412.78564,296.862,269711.85,687.30646,271484.04,65.78609,569.8403,111392.84,61.839504,10
266859.5,424.7703,393.60602,361.09412,296.8838,7.235274,10148756.4,2742.7485,219.72098,205.62442,1092802.5,680.2297,258674.62,577.6473,111393.45,412.79807,296.86664,269724.9,687.2948,271493,65.772934,569.82684,111393.4,61.839947,10
266871.67,424.77744,393.61722,361.10165,296.8881,7.235297,10149204,2742.7546,219.72133,205.6241,1092804.2,680.2238,258684.83,577.6379,111394.23,412.8098,296.87103,269737.17,687.2894,271503.2,65.77713,569.81744,111394.18,61.84113,10
266883.02,424.7841,393.62775,361.10876,296.89215,7.2353334,10149651,2742.7607,219.72188,205.62358,1092807,680.2156,258692.93,577.62695,111394.82,412.82083,296.87506,269748.62,687.2807,271511.9,65.718796,569.8065,111394.77,61.841778,10
266893.53,424.79034,393.6377,361.11542,296.8959,7.235376,10150060,2742.7668,219.72217,205.6233,1092808.4,680.20703,258700.82,577.616,111395.37,412.8313,296.8789,269759.25,687.2721,271519.95,65.78395,569.7957,111395.32,61.842403,10
266903.76,424.7963,393.647,361.1217,296.8994,7.2353854,10150439.5,2742.7715,219.72241,205.62308,1092809.7,680.2005,258708.93,577.6068,111396,412.84103,296.88245,269769.55,687.2657,271528.55,65.71833,569.78644,111395.96,61.843193,10
266913.4,424.80194,393.65588,361.1276,296.9027,7.2353997,10150798,2742.7766,219.72287,205.62267,1092811.9,680.1967,258716,577.60046,111396.5,412.85034,296.8858,269779.28,687.26215,271535.23,65.77329,569.78015,111396.46,61.843975,10
266922.4,424.80722,393.66415,361.13315,296.90576,7.235419,10151144.4,2742.7805,219.72324,205.62231,1092813.7,680.18835,258722.19,577.5903,111396.96,412.859,296.88882,269788.36,687.25305,271542.26,65.71761,569.7699,111396.91,61.844334,10
266930.87,424.8122,393.672,361.13837,296.90863,7.235431,10151462.6,2742.7854,219.72348,205.62209,1092814.9,680.1851,258729.2,577.58453,111397.46,412.86725,296.89178,269796.9,687.2504,271548.82,65.81278,569.7643,111397.41,61.845192,10
266938.85,424.81686,393.67932,361.14328,296.9113,7.23545,10151772,2742.7888,219.72379,205.6218,1092816.45,680.177,258734.3,577.57495,111397.85,412.87494,296.8944,269804.95,687.2415,271554.88,65.71717,569.7547,111397.8,61.84537,10
266946.32,424.82126,393.68628,361.1479,296.91376,7.2354603,10152049,2742.7932,219.72403,205.62157,1092817.7,680.1743,258740.76,577.56995,111398.3,412.88223,296.89697,269812.5,687.2395,271560.86,65.81206,569.74976,111398.24,61.846203,10
266953.37,424.82538,393.69275,361.15222,296.91608,7.235476,10152324,2742.796,219.72432,205.62129,1092819.1,680.1668,258745.22,577.5612,111398.65,412.88904,296.89926,269819.62,687.2312,271566.22,65.71645,569.74097,111398.59,61.846325,10
266959.76,424.8292,393.69885,361.1563,296.91824,7.2355,10152572,2742.7998,219.72449,205.62115,1092819.9,680.16095,258750.32,577.55396,111398.98,412.89542,296.90146,269826.08,687.2257,271571.45,65.777176,569.7338,111398.94,61.846745,10
266966.1,424.83286,393.70453,361.16016,296.92026,7.2354956,10152807,2742.8022,219.72456,205.62108,1092820.3,680.1569,258755.25,577.5482,111399.36,412.90137,296.9035,269832.44,687.2217,271576.76,65.717255,569.728,111399.32,61.847214,10
266971.97,424.83633,393.71002,361.1638,296.92215,7.2355046,10153020,2742.8052,219.72487,205.62079,1092821.9,680.15576,258760.1,577.5452,111399.7,412.9071,296.90543,269838.4,687.2209,271580.98,65.82045,569.7251,111399.65,61.847878,10
266977.52,424.83957,393.7151,361.16718,296.9239,7.235516,10153244,2742.8076,219.72513,205.62054,1092823.1,680.14954,258763.31,577.53815,111399.97,412.91245,296.90714,269843.98,687.21387,271585.08,65.71694,569.71796,111399.91,61.84789,10
266982.46,424.84253,393.71988,361.17038,296.92554,7.23554,10153435,2742.8108,219.72519,205.62048,1092823.5,680.1447,258767.5,577.53217,111400.23,412.91745,296.9088,269849,687.2093,271589.3,65.81337,569.7121,111400.19,61.848248,10
266987.42,424.8454,393.72433,361.1734,296.92706,7.235534,10153615.6,2742.8125,219.72533,205.62036,1092824.1,680.1418,258771.47,577.52783,111400.57,412.92212,296.91034,269853.97,687.2065,271593.64,65.73954,569.7077,111400.51,61.848644,10
266991.85,424.84805,393.72858,361.1762,296.9285,7.235554,10153786.5,2742.815,219.72556,205.62015,1092825.2,680.1377,258774.6,577.5229,111400.75,412.92657,296.91177,269858.46,687.2023,271596.7,65.81282,569.7029,111400.7,61.848843,10
266996.24,424.8506,393.7325,361.1789,296.9298,7.235548,10153951,2742.817,219.72565,205.62006,1092825.7,680.13513,258778.12,577.5191,111401.05,412.93073,296.91312,269862.9,687.19977,271600.56,65.74007,569.69904,111401,61.849205,10
267000.13,424.85294,393.73627,361.1814,296.93106,7.2355676,10154101.6,2742.8188,219.72585,205.61987,1092826.7,680.1315,258780.9,577.51465,111401.21,412.93466,296.91437,269866.82,687.19604,271603.27,65.81234,569.6947,111401.16,61.849384,10
267004.04,424.85516,393.73975,361.18375,296.93222,7.2355614,10154249,2742.8203,219.72597,205.61975,1092827.3,680.1294,258784.06,577.5114,111401.47,412.93832,296.91556,269870.76,687.194,271606.73,65.739716,569.6914,111401.43,61.849716,10
267007.45,424.85724,393.7431,361.18594,296.9333,7.235582,10154381,2742.8223,219.7261,205.61963,1092828,680.1255,258786.49,577.50696,111401.62,412.9418,296.91663,269874.22,687.18994,271609.07,65.81351,569.687,111401.57,61.849834,10
267010.93,424.85922,393.74615,361.18805,296.9343,7.235573,10154515,2742.8237,219.72617,205.61957,1092828.3,680.12415,258789.35,577.5045,111401.87,412.94504,296.91766,269877.7,687.1888,271612.26,65.742,569.6845,111401.82,61.850166,10
267013.96,424.86105,393.74915,361.19,296.93524,7.23559,10154630,2742.8254,219.72635,205.6194,1092829.2,680.1217,258791.52,577.5014,111401.99,412.94815,296.9186,269880.77,687.1862,271614.3,65.811646,569.6815,111401.94,61.850334,10
267017.05,424.86282,393.75186,361.19183,296.93613,7.235582,10154745,2742.8264,219.72643,205.61932,1092829.6,680.11993,258794,577.49884,111402.2,412.95102,296.9195,269883.9,687.1845,271617.1,65.739655,569.6788,111402.15,61.850586,10
267019.7,424.86447,393.75452,361.19357,296.93695,7.2355986,10154848,2742.828,219.72656,205.6192,1092830.3,680.1171,258795.93,577.4955,111402.31,412.9538,296.92032,269886.6,687.1815,271618.9,65.81157,569.67554,111402.26,61.850693,10
267022.44,424.86603,393.75693,361.19522,296.9377,7.2355924,10154951.5,2742.8289,219.72621,205.61952,1092828.6,680.1152,258798.17,577.4928,111402.51,412.95633,296.92108,269889.33,687.1796,271621.44,65.73848,569.6728,111402.45,61.85091,10
267024.78,424.86746,393.75925,361.19675,296.93845,7.235608,10155047,2742.8303,219.72676,205.61902,1092831.2,680.11316,258799.84,577.4903,111402.6,412.95877,296.9218,269891.72,687.1776,271622.94,65.811226,569.6704,111402.55,61.85103,10
267027.26,424.86887,393.76138,361.19818,296.93912,7.235597,10155134.6,2742.831,219.72676,205.619,1092831.3,680.1122,258801.84,577.4886,111402.79,412.961,296.9225,269894.2,687.1767,271625.26,65.739235,569.6686,111402.73,61.851254,10
267029.3,424.87012,393.76346,361.19955,296.93973,7.235613,10155214,2742.8323,219.72691,205.61888,1092832,680.1098,258803.27,577.48584,111402.85,412.96317,296.9231,269896.3,687.1742,271626.57,65.81201,569.66595,111402.8,61.851322,10
267031.5,424.87137,393.76535,361.20084,296.9403,7.2356033,10155296,2742.833,219.72694,205.61884,1092832.2,680.1088,258805.16,577.4842,111403.02,412.96515,296.9237,269898.49,687.1733,271628.71,65.7408,569.6642,111402.98,61.851536,10
267033.31,424.87247,393.7672,361.20203,296.94086,7.2356186,10155370,2742.8342,219.72705,205.61874,1092832.7,680.10693,258806.4,577.482,111403.07,412.9671,296.92426,269900.32,687.1713,271629.76,65.81772,569.6621,111403.02,61.8516,10
267035.27,424.87357,393.76886,361.2032,296.94138,7.2356086,10155441,2742.8347,219.72705,205.61874,1092832.7,680.10596,258808.02,577.4804,111403.24,412.96884,296.92474,269902.28,687.1704,271631.7,65.74107,569.66046,111403.18,61.851776,10
267036.84,424.87457,393.7705,361.20425,296.94186,7.2356234,10155504.6,2742.8357,219.7272,205.61859,1092833.5,680.1042,258809.16,577.4784,111403.29,412.97058,296.92523,269903.9,687.1686,271632.65,65.81082,569.6585,111403.23,61.85184,10
267038.58,424.87555,393.77197,361.20526,296.94232,7.2356133,10155568,2742.8362,219.72722,205.61859,1092833.5,680.1034,258810.6,577.47705,111403.42,412.9721,296.9257,269905.64,687.1678,271634.36,65.74093,569.6571,111403.37,61.851994,10
267040,424.87643,393.77347,361.2062,296.94272,7.235628,10155624.4,2742.8372,219.72728,205.61853,1092833.8,680.10175,258811.62,577.47516,111403.47,412.97366,296.92612,269907.07,687.1661,271635.22,65.810646,569.6553,111403.42,61.85205,10
267041.52,424.8773,393.77475,361.2071,296.9431,7.2356205,10155681,2742.8374,219.72693,205.61887,1092832.1,680.1007,258812.9,577.47363,111403.58,412.975,296.92648,269908.6,687.16504,271636.77,65.73672,569.6537,111403.54,61.85218,10
267042.7,424.87805,393.77606,361.20792,296.94348,7.2356343,10155735,2742.8384,219.72745,205.61836,1092834.7,680.09937,258813.76,577.4721,111403.62,412.97638,296.92688,269909.83,687.1637,271637.42,65.81047,569.6523,111403.57,61.85222,10
267044.14,424.8788,393.7772,361.2087,296.94382,7.2356215,10155780,2742.8386,219.72737,205.61844,1092834.3,680.09906,258814.9,577.4713,111403.74,412.97757,296.92722,269911.27,687.16345,271638.87,65.74069,569.6514,111403.69,61.852364,10
267045.2,424.87952,393.77835,361.20947,296.94415,7.2356353,10155825,2742.8394,219.72752,205.6183,1092835,680.0977,258815.7,577.4698,111403.76,412.9788,296.92755,269912.36,687.162,271639.47,65.81042,569.64996,111403.72,61.8524,10
267046.45,424.8802,393.77936,361.21017,296.94446,7.235627,10155870,2742.8396,219.72707,205.61873,1092832.8,680.09686,258816.74,577.46857,111403.87,412.97986,296.92783,269913.58,687.16113,271640.78,65.73653,569.6486,111403.82,61.852505,10
267047.36,424.8808,393.7804,361.21082,296.94473,7.235641,10155913,2742.8403,219.72762,205.61821,1092835.5,680.0957,258817.39,577.46735,111403.88,412.98093,296.92813,269914.5,687.1601,271641.2,65.81107,569.6475,111403.83,61.852528,10
267048.5,424.8814,393.78128,361.21143,296.945,7.2356277,10155948,2742.8403,219.72757,205.61826,1092835.2,680.0957,258818.39,577.4669,111403.99,412.98187,296.92838,269915.65,687.1601,271642.47,65.74003,569.647,111403.94,61.852673,10
267049.34,424.88196,393.78223,361.21204,296.94525,7.235641,10155984,2742.841,219.72768,205.61815,1092835.8,680.0945,258818.9,577.4656,111403.99,412.98285,296.92865,269916.5,687.1588,271642.78,65.81609,569.6458,111403.94,61.852676,10
267050.36,424.8825,393.78302,361.2126,296.94547,7.235629,10156019,2742.8413,219.72769,205.61815,1092835.9,680.09436,258819.77,577.4651,111404.1,412.98367,296.92886,269917.51,687.1587,271643.92,65.73998,569.64514,111404.05,61.852783,10
267051.05,424.88297,393.78384,361.2131,296.9457,7.235643,10156050,2742.8418,219.72775,205.61809,1092836.2,680.09314,258820.22,577.4638,111404.1,412.98456,296.92908,269918.25,687.1574,271644.16,65.81602,569.64404,111404.04,61.85279,10
267051.96,424.88345,393.78452,361.2136,296.9459,7.235631,10156081.4,2742.8418,219.72774,205.6181,1092836.1,680.093,258821.03,577.4634,111404.19,412.98526,296.9293,269919.16,687.15735,271645.24,65.73992,569.64343,111404.13,61.85289,10
267052.58,424.88388,393.78528,361.21405,296.9461,7.2356453,10156109,2742.8425,219.72783,205.61801,1092836.6,680.0919,258821.44,577.4622,111404.18,412.98605,296.92947,269919.8,687.15625,271645.43,65.81594,569.64246,111404.13,61.852894,10
267053.41,424.8843,393.7859,361.21448,296.94626,7.235633,10156136,2742.8425,219.7278,205.61804,1092836.4,680.09186,258822.15,577.46185,111404.28,412.9867,296.92966,269920.6,687.1562,271646.4,65.73985,569.64197,111404.22,61.852985,10
267053.94,424.88467,393.78653,361.21487,296.94644,7.2356467,10156160,2742.843,219.72787,205.61797,1092836.8,680.0908,258822.46,577.4608,111404.25,412.98737,296.92984,269921.16,687.1551,271646.5,65.81591,569.641,111404.2,61.852978,10
267054.65,424.88504,393.78708,361.21527,296.9466,7.235637,10156185,2742.843,219.72746,205.61835,1092834.8,680.0904,258823.16,577.4601,111404.35,412.98795,296.93,269921.88,687.1546,271647.45,65.73983,569.6402,111404.29,61.853046,10
267055.08,424.88535,393.78763,361.21564,296.94675,7.235649,10156209,2742.8438,219.72789,205.61795,1092836.9,680.0895,258823.42,577.45917,111404.32,412.98853,296.93015,269922.33,687.15375,271647.5,65.81569,569.6394,111404.28,61.853035,10
267055.77,424.8857,393.78812,361.21597,296.9469,7.235636,10156227,2742.8435,219.7279,205.61794,1092836.95,680.08997,258824.04,577.45935,111404.41,412.98904,296.93027,269923.02,687.1543,271648.38,65.739746,569.63947,111404.36,61.853146,10
267056.16,424.886,393.78864,361.21628,296.94702,7.235652,10156246,2742.844,219.7276,205.61823,1092835.4,680.08844,258824.1,577.45795,111404.37,412.98956,296.9304,269923.4,687.1526,271648.24,65.81568,569.6381,111404.32,61.85307,10
267056.73,424.8863,393.78903,361.21658,296.94714,7.235639,10156267.5,2742.844,219.72792,205.61792,1092837,680.0888,258824.9,577.45795,111404.47,412.99,296.93054,269923.97,687.15314,271649.3,65.740105,569.63806,111404.42,61.853203,10
267057.09,424.88654,393.78952,361.21686,296.94727,7.235651,10156279,2742.8442,219.72798,205.61787,1092837.3,680.08826,258825,577.45746,111404.44,412.99048,296.93063,269924.35,687.1526,271649.15,65.81656,569.6377,111404.4,61.85319,10
267057.66,424.8868,393.7899,361.21713,296.94736,7.235639,10156299,2742.8442,219.72798,205.61787,1092837.3,680.0885,258825.54,577.45746,111404.53,412.99088,296.93076,269924.9,687.15283,271649.93,65.73967,569.6376,111404.47,61.85328,10
267057.94,424.88702,393.79028,361.21738,296.94745,7.235651,10156312.6,2742.8447,219.72804,205.61781,1092837.6,680.0876,258825.6,577.4566,111404.49,412.99133,296.93085,269925.21,687.1518,271649.77,65.8157,569.6368,111404.43,61.853237,10
267058.42,424.88727,393.79062,361.21762,296.94754,7.235642,10156329,2742.8445,219.7276,205.61823,1092835.4,680.08734,258826.11,577.4561,111404.56,412.99164,296.93094,269925.67,687.15155,271650.53,65.73967,569.6362,111404.5,61.853294,10
267058.63,424.88745,393.791,361.21783,296.94763,7.2356534,10156344.6,2742.8452,219.72807,205.61778,1092837.8,680.0866,258826.2,577.45544,111404.53,412.99203,296.93103,269925.9,687.1509,271650.4,65.81556,569.6357,111404.48,61.85327,10
267059.1,424.8877,393.79126,361.21805,296.94772,7.2356405,10156355,2742.845,219.72804,205.61781,1092837.6,680.0873,258826.66,577.4558,111404.6,412.99234,296.93112,269926.38,687.1516,271651.12,65.73961,569.6359,111404.55,61.853367,10
267059.33,424.88785,393.7916,361.21826,296.9478,7.235653,10156365,2742.8452,219.72809,205.61777,1092837.9,680.0865,258826.68,577.45514,111404.56,412.99268,296.93118,269926.6,687.1507,271650.9,65.81563,569.6354,111404.51,61.85333,10
267059.73,424.88806,393.79184,361.21844,296.94788,7.2356415,10156379,2742.8452,219.72806,205.6178,1092837.7,680.0868,258827.19,577.4552,111404.65,412.99295,296.93127,269927,687.15106,271651.65,65.73972,569.6353,111404.59,61.853416,10
267059.9,424.88818,393.79214,361.21863,296.94794,7.2356544,10156386.6,2742.8455,219.72812,205.61774,1092838,680.08594,258827.16,577.45447,111404.6,412.99326,296.93134,269927.2,687.1502,271651.39,65.8156,569.6347,111404.55,61.853367,10
267060.28,424.88837,393.79236,361.21878,296.94803,7.2356424,10156400,2742.8455,219.72807,205.61778,1092837.8,680.0863,258827.61,577.4546,111404.67,412.9935,296.9314,269927.57,687.15063,271652.1,65.7397,569.6347,111404.62,61.853455,10
267060.42,424.88852,393.79263,361.21893,296.9481,7.235655,10156407,2742.8457,219.72813,205.61772,1092838.1,680.0855,258827.57,577.4539,111404.63,412.99377,296.93146,269927.72,687.1497,271651.82,65.815575,569.63416,111404.57,61.8534,10
267060.78,424.88867,393.79282,361.2191,296.94812,7.235643,10156419,2742.8455,219.7281,205.61777,1092837.9,680.08594,258828.02,577.4541,111404.7,412.99396,296.93152,269928.05,687.1502,271652.5,65.73968,569.6342,111404.65,61.853485,10
267060.88,424.88876,393.79306,361.2192,296.94818,7.2356553,10156425,2742.846,219.72816,205.6177,1092838.2,680.08514,258827.95,577.4534,111404.66,412.99423,296.93158,269928.17,687.14935,271652.2,65.815544,569.63367,111404.61,61.853436,10
267061.19,424.88892,393.7932,361.21936,296.94824,7.235646,10156435.4,2742.8457,219.7277,205.61813,1092836,680.085,258828.3,577.4531,111404.72,412.9944,296.9316,269928.48,687.14923,271652.82,65.73955,569.6333,111404.67,61.85348,10
267061.26,424.889,393.79343,361.21948,296.94827,7.2356567,10156445,2742.8462,219.72818,205.61769,1092838.3,680.0845,258828.26,577.4527,111404.68,412.99463,296.93167,269928.55,687.14874,271652.53,65.81543,569.63293,111404.63,61.853443,10
267061.54,424.88913,393.79358,361.2196,296.94833,7.2356467,10156449,2742.846,219.72772,205.61812,1092836,680.0848,258828.62,577.45276,111404.74,412.99475,296.9317,269928.84,687.149,271653.13,65.739525,569.6329,111404.69,61.853508,10
267061.6,424.88922,393.79376,361.2197,296.94836,7.235657,10156458,2742.8464,219.7282,205.61768,1092838.4,680.0842,258828.54,577.4524,111404.7,412.99496,296.93176,269928.9,687.1485,271652.82,65.815414,569.63257,111404.65,61.85347,10
267061.9,424.88934,393.79388,361.2198,296.94843,7.2356443,10156462,2742.846,219.72815,205.6177,1092838.2,680.08496,258828.88,577.4529,111404.76,412.9951,296.9318,269929.2,687.1493,271653.44,65.739494,569.633,111404.72,61.853558,10
267061.95,424.8894,393.79407,361.21988,296.94846,7.2356563,10156466,2742.8462,219.7282,205.61768,1092838.4,680.0843,258828.78,577.45233,111404.72,412.99527,296.93185,269929.24,687.14856,271653.06,65.8155,569.63257,111404.67,61.853504,10
267062.2,424.88953,393.79416,361.21997,296.9485,7.235645,10156474,2742.8462,219.72815,205.61772,1092838.2,680.0848,258829.14,577.4526,111404.79,412.9954,296.9319,269929.5,687.14905,271653.68,65.739624,569.6327,111404.73,61.85358,10
267062.23,424.8896,393.79434,361.22006,296.94852,7.235657,10156476.6,2742.8464,219.72821,205.61766,1092838.5,680.08405,258829,577.452,111404.74,412.99557,296.93192,269929.53,687.14825,271653.32,65.815475,569.6322,111404.68,61.853523,10
267062.47,424.88968,393.79443,361.22015,296.94855,7.235645,10156484,2742.8462,219.72816,205.61769,1092838.3,680.08453,258829.36,577.4523,111404.8,412.99567,296.93195,269929.8,687.1488,271653.91,65.73961,569.6324,111404.75,61.8536,10
267062.47,424.88974,393.7946,361.2202,296.94858,7.235657,10156486.5,2742.8464,219.72823,205.61765,1092838.5,680.08386,258829.21,577.4517,111404.75,412.99582,296.93198,269929.8,687.1481,271653.53,65.81547,569.63196,111404.7,61.853542,10
267062.7,424.88983,393.79465,361.2203,296.9486,7.2356453,10156493,2742.8462,219.72818,205.61769,1092838.3,680.08435,258829.55,577.452,111404.81,412.99588,296.932,269930.03,687.1486,271654.1,65.7396,569.63214,111404.76,61.853615,10
267062.7,424.88986,393.7948,361.22037,296.94864,7.2356577,10156495,2742.8464,219.72824,205.61763,1092838.6,680.0837,258829.4,577.4515,111404.76,412.99603,296.932,269930.03,687.1479,271653.72,65.81546,569.6317,111404.72,61.853558,10
267062.93,424.88995,393.79486,361.22043,296.94867,7.235646,10156502,2742.8464,219.72818,205.61768,1092838.4,680.08417,258829.74,577.4518,111404.82,412.9961,296.93204,269930.24,687.14844,271654.3,65.73959,569.6319,111404.78,61.85363,10
267062.9,424.88998,393.79498,361.2205,296.94867,7.2356577,10156502.5,2742.8467,219.72824,205.61763,1092838.6,680.0835,258829.55,577.4513,111404.78,412.99625,296.93207,269930.22,687.1477,271653.9,65.815445,569.63153,111404.73,61.85357,10
267063.12,424.89008,393.79504,361.22055,296.9487,7.235646,10156509.4,2742.8464,219.7282,205.61768,1092838.4,680.08405,258829.88,577.4516,111404.84,412.9963,296.9321,269930.43,687.1483,271654.46,65.739586,569.6317,111404.79,61.853645,10
267063.1,424.89008,393.79517,361.2206,296.94873,7.235658,10156509.4,2742.8467,219.72824,205.61763,1092838.6,680.0834,258829.7,577.45105,111404.79,412.99643,296.9321,269930.4,687.1475,271654.03,65.81544,569.6313,111404.74,61.85358,10
267063.3,424.89017,393.7952,361.22064,296.94873,7.235646,10156515.5,2742.8464,219.7282,205.61768,1092838.4,680.08386,258830.02,577.4514,111404.85,412.99646,296.93213,269930.6,687.14813,271654.58,65.73958,569.63153,111404.8,61.853657,10
267063.26,424.8902,393.79532,361.2207,296.94876,7.235658,10156515.5,2742.8467,219.72826,205.61761,1092838.7,680.0832,258829.83,577.4509,111404.8,412.99658,296.93216,269930.58,687.1474,271654.15,65.81543,569.63116,111404.74,61.853592,10
267063.45,424.89026,393.79535,361.22073,296.9488,7.2356462,10156521.6,2742.8467,219.7282,205.61768,1092838.4,680.08374,258830.14,577.45123,111404.86,412.9966,296.93216,269930.74,687.148,271654.73,65.73957,569.6314,111404.8,61.853664,10
267063.38,424.89026,393.79544,361.2208,296.9488,7.2356586,10156521,2742.847,219.72826,205.61761,1092838.8,680.08307,258829.93,577.45074,111404.8,412.9967,296.9322,269930.72,687.1473,271654.27,65.81543,569.631,111404.75,61.853603,10
267063.57,424.89032,393.79547,361.22083,296.94882,7.2356462,10156527,2742.8467,219.7282,205.61766,1092838.4,680.0836,258830.24,577.4511,111404.87,412.99673,296.9322,269930.89,687.1479,271654.82,65.73956,569.6312,111404.81,61.853676,10
267063.52,424.89035,393.79556,361.22086,296.94882,7.2356586,10156526,2742.847,219.72827,205.6176,1092838.8,680.083,258830.05,577.4506,111404.81,412.99686,296.93222,269930.84,687.1472,271654.4,65.81542,569.63086,111404.76,61.85361,10
267063.7,424.8904,393.79556,361.2209,296.94882,7.2356462,10156531.5,2742.8467,219.72821,205.61766,1092838.5,680.08356,258830.33,577.451,111404.87,412.99686,296.93222,269931,687.1478,271654.92,65.73956,569.6311,111404.82,61.853683,10
267063.62,424.8904,393.79565,361.22092,296.94885,7.2356586,10156530,2742.847,219.72827,205.6176,1092838.8,680.0829,258830.12,577.4505,111404.81,412.99695,296.93222,269930.96,687.1471,271654.46,65.815414,569.63074,111404.76,61.85362,10
267063.8,424.89047,393.7957,361.22098,296.94885,7.2356462,10156535,2742.8467,219.72821,205.61766,1092838.5,680.08344,258830.43,577.45087,111404.88,412.99695,296.93225,269931.1,687.1477,271655,65.739555,569.631,111404.82,61.853687,10
267063.71,424.89047,393.79575,361.22098,296.94888,7.235659,10156534,2742.847,219.72827,205.6176,1092838.8,680.0828,258830.21,577.4504,111404.82,412.99704,296.93225,269931.05,687.14703,271654.56,65.81541,569.6306,111404.78,61.853622,10
267063.88,424.8905,393.79575,361.221,296.94888,7.235649,10156539,2742.8467,219.72781,205.61803,1092836.5,680.0828,258830.45,577.45026,111404.87,412.99704,296.93225,269931.17,687.14703,271655.04,65.739426,569.63043,111404.82,61.85366,10
267063.76,424.8905,393.7958,361.22104,296.94888,7.2356596,10156542,2742.8472,219.72829,205.61758,1092838.9,680.0824,258830.29,577.45,111404.82,412.9971,296.93228,269931.1,687.1466,271654.63,65.8153,569.63025,111404.78,61.85361,10
267063.93,424.89053,393.7958,361.22107,296.9489,7.2356496,10156541,2742.847,219.72781,205.61803,1092836.5,680.0828,258830.5,577.4502,111404.88,412.9971,296.93228,269931.24,687.14703,271655.1,65.73942,569.6304,111404.82,61.85367,10
267063.83,424.89053,393.79587,361.2211,296.9489,7.23566,10156544.5,2742.8472,219.7283,205.61757,1092838.9,680.0824,258830.33,577.44995,111404.84,412.99716,296.9323,269931.15,687.1466,271654.68,65.8153,569.6302,111404.78,61.85362,10
267064,424.8906,393.79587,361.2211,296.9489,7.2356496,10156543,2742.847,219.72781,205.61803,1092836.5,680.08276,258830.55,577.4502,111404.88,412.99716,296.9323,269931.3,687.147,271655.15,65.73942,569.6303,111404.84,61.853672,10
267063.88,424.89056,393.79593,361.22113,296.9489,7.23566,10156547,2742.8472,219.7283,205.61757,1092838.9,680.08234,258830.36,577.4499,111404.84,412.99722,296.9323,269931.22,687.14655,271654.73,65.8153,569.6301,111404.79,61.853622,10
267064.05,424.89062,393.79593,361.22116,296.94894,7.2356496,10156545,2742.847,219.72781,205.61803,1092836.5,680.0827,258830.6,577.45013,111404.88,412.99722,296.9323,269931.36,687.147,271655.2,65.73941,569.63025,111404.84,61.853676,10
267063.93,424.8906,393.79596,361.22116,296.94894,7.23566,10156548,2742.8472,219.7283,205.61757,1092839,680.08234,258830.4,577.4498,111404.84,412.99728,296.9323,269931.27,687.14655,271654.77,65.81529,569.6301,111404.79,61.853626,10
267064.1,424.89062,393.79596,361.2212,296.94894,7.2356496,10156547,2742.847,219.72781,205.61803,1092836.5,680.0827,258830.64,577.4501,111404.9,412.99725,296.93234,269931.4,687.1469,271655.23,65.73941,569.63025,111404.84,61.85368,10
267063.98,424.89062,393.79602,361.2212,296.94894,7.23566,10156550,2742.8472,219.7283,205.61757,1092839,680.0823,258830.43,577.4498,111404.84,412.9973,296.93234,269931.32,687.1465,271654.8,65.81529,569.63007,111404.79,61.853626,10
267064.12,424.89066,393.796,361.22122,296.94894,7.2356496,10156548,2742.847,219.72781,205.61803,1092836.5,680.08264,258830.67,577.45,111404.9,412.9973,296.93234,269931.44,687.1469,271655.27,65.73941,569.6302,111404.84,61.85368,10
267064.02,424.89066,393.79605,361.22122,296.94897,7.23566,10156551,2742.8474,219.7283,205.61757,1092839,680.0823,258830.48,577.44977,111404.84,412.99734,296.93234,269931.34,687.1465,271654.82,65.81529,569.63,111404.79,61.85363,10
267064.17,424.8907,393.79602,361.22122,296.94897,7.23565,10156550,2742.847,219.72781,205.61803,1092836.5,680.08264,258830.7,577.45,111404.9,412.99734,296.93234,269931.48,687.14685,271655.3,65.73941,569.6301,111404.85,61.853683,10
267064.05,424.89066,393.79608,361.22125,296.94897,7.2356606,10156553,2742.8474,219.7283,205.61757,1092839,680.0822,258830.5,577.44977,111404.85,412.99738,296.93237,269931.39,687.1464,271654.87,65.81529,569.63,111404.79,61.853634,10
267064.2,424.89072,393.79605,361.22125,296.94897,7.23565,10156551,2742.847,219.72781,205.61803,1092836.5,680.0826,258830.71,577.44995,111404.9,412.99738,296.93237,269931.5,687.14685,271655.32,65.73941,569.6301,111404.85,61.853687,10
267064.07,424.8907,393.7961,361.22125,296.94897,7.2356606,10156554.4,2742.8474,219.7283,205.61757,1092839,680.0822,258830.52,577.4497,111404.85,412.9974,296.93237,269931.4,687.1464,271654.9,65.81529,569.62994,111404.8,61.853634,10
267064.21,424.89072,393.79608,361.22128,296.94897,7.23565,10156552,2742.847,219.72781,205.61803,1092836.5,680.0826,258830.74,577.44995,111404.9,412.9974,296.93237,269931.53,687.1468,271655.34,65.7394,569.63007,111404.85,61.853687,10
267064.12,424.8907,393.79614,361.22128,296.94897,7.2356606,10156555,2742.8474,219.7283,205.61757,1092839,680.08215,258830.55,577.4497,111404.85,412.99744,296.93237,269931.44,687.1464,271654.9,65.815285,569.62994,111404.8,61.853638,10
267064.26,424.89075,393.7961,361.22128,296.949,7.23565,10156553,2742.847,219.72781,205.61803,1092836.5,680.0826,258830.76,577.4499,111404.9,412.99744,296.93237,269931.58,687.1468,271655.37,65.7394,569.63007,111404.85,61.853687,10
267064.14,424.89072,393.79617,361.2213,296.949,7.2356606,10156556,2742.8474,219.7283,205.61757,1092839,680.08215,258830.55,577.44965,111404.85,412.99747,296.93237,269931.46,687.14636,271654.92,65.815285,569.6299,111404.8,61.853638,10
267064.26,424.89075,393.79614,361.2213,296.949,7.23565,10156554,2742.847,219.72781,205.61803,1092836.5,680.0826,258830.79,577.4499,111404.9,412.99744,296.93237,269931.58,687.1468,271655.37,65.7394,569.63,111404.85,61.85369,10
267064.17,424.89072,393.79617,361.2213,296.949,7.2356606,10156557,2742.8474,219.7283,205.61757,1092839,680.08215,258830.57,577.44965,111404.85,412.9975,296.9324,269931.48,687.14636,271654.94,65.815285,569.6299,111404.8,61.853638,10
267064.29,424.89075,393.79614,361.2213,296.949,7.23565,10156554.4,2742.847,219.72781,205.61803,1092836.5,680.0825,258830.79,577.4499,111404.91,412.99747,296.93237,269931.6,687.1468,271655.4,65.7394,569.63,111404.85,61.85369,10
267064.17,424.89075,393.7962,361.2213,296.949,7.2356606,10156557.5,2742.8474,219.72832,205.61757,1092839,680.08215,258830.6,577.44965,111404.85,412.9975,296.9324,269931.5,687.14636,271654.96,65.815285,569.6299,111404.8,61.85364,10
267064.3,424.89078,393.79617,361.22134,296.949,7.23565,10156555,2742.847,219.72781,205.61803,1092836.5,680.0825,258830.8,577.4498,111404.91,412.9975,296.9324,269931.63,687.1467,271655.42,65.7394,569.63,111404.85,61.853695,10
267064.2,424.89075,393.7962,361.22134,296.949,7.2356606,10156558,2742.8474,219.72832,205.61757,1092839,680.0821,258830.6,577.4496,111404.85,412.99753,296.9324,269931.53,687.14636,271654.96,65.815285,569.6298,111404.8,61.85364,10
267064.33,424.89078,393.79617,361.22134,296.949,7.23565,10156556,2742.847,219.72781,205.61803,1092836.6,680.0825,258830.8,577.4498,111404.91,412.9975,296.9324,269931.65,687.1467,271655.42,65.7394,569.63,111404.85,61.853695,10
267064.21,424.89075,393.79623,361.22134,296.949,7.2356606,10156559,2742.8474,219.72832,205.61757,1092839,680.0821,258830.62,577.4496,111404.85,412.99753,296.9324,269931.53,687.1463,271654.99,65.815285,569.6298,111404.8,61.85364,10
267064.33,424.89078,393.7962,361.22134,296.949,7.23565,10156557,2742.847,219.72781,205.61803,1092836.6,680.0825,258830.83,577.4498,111404.91,412.9975,296.9324,269931.65,687.1467,271655.44,65.7394,569.62994,111404.85,61.853695,10
267064.21,424.89078,393.79623,361.22134,296.949,7.2356606,10156559,2742.8474,219.72832,205.61757,1092839,680.0821,258830.62,577.4496,111404.85,412.99756,296.9324,269931.55,687.1463,271654.99,65.815285,569.6298,111404.8,61.853645,10
267064.36,424.8908,393.7962,361.22134,296.94904,7.23565,10156557,2742.847,219.72781,205.61803,1092836.6,680.0825,258830.83,577.4498,111404.91,412.99753,296.9324,269931.67,687.1467,271655.44,65.7394,569.62994,111404.85,61.853695,10
267064.24,424.89078,393.79623,361.22137,296.94904,7.2356606,10156560,2742.8474,219.72832,205.61757,1092839,680.0821,258830.62,577.4496,111404.85,412.99756,296.9324,269931.55,687.1463,271654.99,65.815285,569.6298,111404.8,61.853645,10
267064.36,424.8908,393.79623,361.22137,296.94904,7.23565,10156557.5,2742.847,219.72781,205.61803,1092836.6,680.08246,258830.86,577.44977,111404.91,412.99753,296.9324,269931.67,687.1467,271655.44,65.7394,569.62994,111404.86,61.853695,10
267064.24,424.89078,393.79626,361.22137,296.94904,7.2356606,10156560,2742.8474,219.72832,205.61757,1092839,680.0821,258830.64,577.4495,111404.85,412.99756,296.9324,269931.58,687.1463,271655,65.815285,569.62976,111404.8,61.853645,10
267064.38,424.8908,393.79623,361.22137,296.94904,7.23565,10156557.5,2742.847,219.72783,205.61803,1092836.6,680.08246,258830.86,577.44977,111404.91,412.99756,296.9324,269931.7,687.1467,271655.46,65.7394,569.62994,111404.86,61.8537,10
267064.24,424.89078,393.79626,361.22137,296.94904,7.2356606,10156560.5,2742.8474,219.72832,205.61757,1092839,680.0821,258830.64,577.4495,111404.85,412.9976,296.9324,269931.58,687.1463,271655,65.815285,569.62976,111404.8,61.853645,10
267064.38,424.8908,393.79623,361.22137,296.94904,7.23565,10156558,2742.847,219.72783,205.61803,1092836.6,680.08246,258830.86,577.44977,111404.91,412.99756,296.9324,269931.7,687.14667,271655.46,65.7394,569.62994,111404.86,61.8537,10
267064.26,424.89078,393.79626,361.22137,296.94904,7.2356606,10156560.5,2742.8474,219.72832,205.61757,1092839,680.0821,258830.64,577.4495,111404.86,412.9976,296.9324,269931.58,687.1463,271655,65.815285,569.62976,111404.8,61.853645,10
267064.38,424.8908,393.79623,361.22137,296.94904,7.23565,10156558,2742.847,219.72783,205.61801,1092836.6,680.08246,258830.86,577.44977,111404.91,412.99756,296.9324,269931.7,687.1467,271655.46,65.7394,569.62994,111404.86,61.8537,10
267064.26,424.89078,393.79626,361.22137,296.94904,7.2356606,10156561,2742.8474,219.72832,205.61757,1092839,680.0821,258830.67,577.4495,111404.86,412.9976,296.93243,269931.6,687.1463,271655.04,65.81528,569.62976,111404.8,61.853645,10
267064.4,424.8908,393.79626,361.22137,296.94904,7.23565,10156558,2742.847,219.72783,205.61801,1092836.6,680.08246,258830.88,577.44977,111404.91,412.99756,296.9324,269931.72,687.14667,271655.49,65.7394,569.62994,111404.86,61.8537,10
267064.26,424.8908,393.7963,361.22137,296.94904,7.2356606,10156561,2742.8474,219.72832,205.61757,1092839,680.08203,258830.67,577.4495,111404.86,412.9976,296.93243,269931.6,687.1463,271655.04,65.81528,569.62976,111404.8,61.85365,10
267064.4,424.89084,393.79626,361.22137,296.94904,7.23565,10156559,2742.847,219.72783,205.61801,1092836.6,680.08246,258830.88,577.44977,111404.91,412.99756,296.9324,269931.72,687.14667,271655.49,65.7394,569.6299,111404.86,61.8537,10
267064.29,424.8908,393.7963,361.22137,296.94904,7.2356606,10156561,2742.8474,219.72832,205.61755,1092839,680.08203,258830.67,577.4495,111404.86,412.99762,296.93243,269931.6,687.1463,271655.04,65.81528,569.62976,111404.8,61.85365,10
267064.4,424.89084,393.79626,361.2214,296.94904,7.23565,10156559,2742.847,219.72783,205.61801,1092836.6,680.08246,258830.88,577.44977,111404.91,412.9976,296.9324,269931.72,687.14667,271655.49,65.7394,569.6299,111404.86,61.8537,10
267064.29,424.8908,393.7963,361.2214,296.94904,7.2356606,10156561,2742.8474,219.72832,205.61755,1092839,680.08203,258830.67,577.4495,111404.86,412.99762,296.93243,269931.6,687.1463,271655.04,65.81528,569.62976,111404.8,61.85365,10
267064.4,424.89084,393.79626,361.2214,296.94904,7.23565,10156559,2742.847,219.72783,205.61801,1092836.6,680.08246,258830.88,577.44977,111404.91,412.9976,296.93243,269931.72,687.14667,271655.49,65.739395,569.6299,111404.86,61.853703,10
267064.29,424.8908,393.7963,361.2214,296.94904,7.2356606,10156562,2742.8474,219.72832,205.61755,1092839,680.08203,258830.67,577.4495,111404.86,412.99762,296.93243,269931.63,687.14624,271655.04,65.81528,569.62976,111404.8,61.85365,10
267064.43,424.89084,393.79626,361.2214,296.94904,7.23565,10156560,2742.847,219.72783,205.61801,1092836.6,680.08246,258830.88,577.44977,111404.91,412.9976,296.93243,269931.75,687.14667,271655.49,65.739395,569.6299,111404.86,61.853703,10
267064.29,424.8908,393.7963,361.2214,296.94904,7.2356606,10156562,2742.8474,219.72832,205.61755,1092839,680.08203,258830.67,577.4495,111404.86,412.99762,296.93243,269931.63,687.14624,271655.06,65.81528,569.62976,111404.8,61.85365,10
267064.43,424.89084,393.79626,361.2214,296.94904,7.23565,10156560,2742.847,219.72783,205.61801,1092836.6,680.08246,258830.9,577.44977,111404.91,412.9976,296.93243,269931.75,687.14667,271655.5,65.739395,569.6299,111404.86,61.853703,10
267064.29,424.8908,393.7963,361.2214,296.94904,7.2356606,10156562,2742.8474,219.72832,205.61755,1092839,680.08203,258830.7,577.4495,111404.86,412.99762,296.93243,269931.63,687.14624,271655.06,65.81528,569.62976,111404.81,61.85365,10
267064.43,424.89084,393.79626,361.2214,296.94904,7.23565,10156560,2742.847,219.72783,205.61801,1092836.6,680.08246,258830.9,577.44977,111404.91,412.9976,296.93243,269931.75,687.14667,271655.5,65.739395,569.6299,111404.86,61.853703,10
267064.29,424.8908,393.79633,361.2214,296.94904,7.2356606,10156562,2742.8474,219.72832,205.61755,1092839,680.08203,258830.7,577.44946,111404.86,412.99762,296.93243,269931.63,687.14624,271655.06,65.81528,569.62976,111404.81,61.85365,10
267064.43,424.89084,393.7963,361.2214,296.94904,7.23565,10156560,2742.847,219.72783,205.61801,1092836.6,680.08246,258830.9,577.4497,111404.91,412.9976,296.93243,269931.75,687.14667,271655.5,65.739395,569.6299,111404.86,61.853703,10
267064.3,424.8908,393.79633,361.2214,296.94904,7.2356606,10156562,2742.8474,219.72832,205.61755,1092839,680.08203,258830.7,577.44946,111404.86,412.99762,296.93243,269931.63,687.14624,271655.06,65.81528,569.6297,111404.81,61.85365,10
267064.43,424.89084,393.7963,361.2214,296.94904,7.23565,10156560,2742.847,219.72783,205.61801,1092836.6,680.08246,258830.9,577.4497,111404.91,412.9976,296.93243,269931.75,687.14667,271655.5,65.739395,569.6299,111404.86,61.853703,10
267064.3,424.8908,393.79633,361.2214,296.94904,7.2356606,10156563,2742.8474,219.72832,205.61755,1092839,680.08203,258830.7,577.44946,111404.86,412.99765,296.93243,269931.63,687.14624,271655.06,65.81528,569.6297,111404.81,61.85365,10
267064.43,424.89084,393.7963,361.2214,296.94904,7.23565,10156560,2742.847,219.72783,205.61801,1092836.6,680.08246,258830.9,577.4497,111404.91,412.9976,296.93243,269931.75,687.14667,271655.5,65.739395,569.6299,111404.86,61.853703,10
267064.3,424.8908,393.79633,361.2214,296.94904,7.2356606,10156563,2742.8474,219.72832,205.61755,1092839,680.08203,258830.7,577.44946,111404.86,412.99765,296.93243,269931.63,687.14624,271655.06,65.81528,569.6297,111404.81,61.85365,10
267064.43,424.89084,393.7963,361.2214,296.94904,7.23565,10156560,2742.847,219.72783,205.61801,1092836.6,680.08246,258830.9,577.4497,111404.91,412.99762,296.93243,269931.75,687.14667,271655.5,65.739395,569.6299,111404.86,61.853703,10
267064.3,424.8908,393.79633,361.2214,296.94904,7.2356606,10156563,2742.8474,219.72832,205.61755,1092839,680.08203,258830.7,577.44946,111404.86,412.99765,296.93243,269931.65,687.14624,271655.06,65.81528,569.6297,111404.81,61.85365,10
267064.43,424.89084,393.7963,361.2214,296.94904,7.23565,10156560.5,2742.847,219.72783,205.61801,1092836.6,680.0824,258830.9,577.4497,111404.91,412.99762,296.93243,269931.75,687.14667,271655.5,65.739395,569.6299,111404.86,61.853703,10
267064.3,424.8908,393.79633,361.2214,296.94904,7.2356606,10156563,2742.8474,219.72832,205.61755,1092839,680.08203,258830.7,577.44946,111404.86,412.99765,296.93243,269931.65,687.14624,271655.06,65.81528,569.6297,111404.81,61.85365,10
267064.43,424.89084,393.7963,361.2214,296.94904,7.23565,10156560.5,2742.847,219.72783,205.61801,1092836.6,680.0824,258830.9,577.4497,111404.91,412.99762,296.93243,269931.75,687.14667,271655.5,65.739395,569.6299,111404.86,61.853703,10
267064.3,424.8908,393.79633,361.2214,296.94904,7.2356606,10156563,2742.8474,219.72832,205.61755,1092839,680.08203,258830.7,577.44946,111404.86,412.99765,296.93243,269931.65,687.14624,271655.06,65.81528,569.6297,111404.81,61.85365,10
267064.43,424.89084,393.7963,361.2214,296.94904,7.23565,10156560.5,2742.847,219.72783,205.61801,1092836.6,680.0824,258830.9,577.4497,111404.91,412.99762,296.93243,269931.77,687.14667,271655.5,65.739395,569.6299,111404.86,61.853703,10
267064.3,424.8908,393.79633,361.2214,296.94904,7.2356606,10156563,2742.8474,219.72832,205.61755,1092839,680.08203,258830.7,577.44946,111404.86,412.99765,296.93243,269931.65,687.14624,271655.06,65.81528,569.6297,111404.81,61.85365,10
267064.45,424.89084,393.7963,361.2214,296.94904,7.23565,10156560.5,2742.847,219.72783,205.61801,1092836.6,680.0824,258830.9,577.4497,111404.91,412.99762,296.93243,269931.77,687.14667,271655.5,65.739395,569.6299,111404.86,61.853703,10
267064.3,424.8908,393.79633,361.2214,296.94904,7.2356606,10156563,2742.8474,219.72832,205.61755,1092839,680.08203,258830.7,577.44946,111404.86,412.99765,296.93243,269931.65,687.14624,271655.06,65.81528,569.6297,111404.81,61.85365,10
267064.45,424.89084,393.7963,361.2214,296.94904,7.23565,10156560.5,2742.847,219.72783,205.61801,1092836.6,680.0824,258830.9,577.4497,111404.91,412.99762,296.93243,269931.77,687.14667,271655.5,65.739395,569.6299,111404.86,61.853703,10
267064.3,424.8908,393.79633,361.2214,296.94904,7.2356606,10156563,2742.8474,219.72832,205.61755,1092839,680.08203,258830.7,577.44946,111404.86,412.99765,296.93243,269931.65,687.14624,271655.06,65.81528,569.6297,111404.81,61.85365,10
267064.45,424.89084,393.7963,361.2214,296.94904,7.23565,10156560.5,2742.847,219.72783,205.61801,1092836.6,680.0824,258830.9,577.4497,111404.91,412.99762,296.93243,269931.77,687.14667,271655.5,65.739395,569.6299,111404.86,61.853703,10
267064.3,424.8908,393.79633,361.2214,296.94904,7.2356606,10156563,2742.8474,219.72832,205.61755,1092839,680.08203,258830.7,577.44946,111404.86,412.99765,296.93243,269931.65,687.14624,271655.06,65.81528,569.6297,111404.81,61.85365,10
267064.45,424.89084,393.7963,361.2214,296.94904,7.23565,10156560.5,2742.847,219.72783,205.61801,1092836.6,680.0824,258830.9,577.4497,111404.91,412.99762,296.93243,269931.77,687.14667,271655.5,65.739395,569.6299,111404.86,61.853703,10
267064.3,424.8908,393.79633,361.2214,296.94904,7.2356606,10156563,2742.8474,219.72832,205.61755,1092839,680.08203,258830.7,577.44946,111404.86,412.99765,296.93243,269931.65,687.14624,271655.06,65.81528,569.6297,111404.81,61.85365,10
267064.45,424.89084,393.7963,361.2214,296.94904,7.23565,10156560.5,2742.847,219.72783,205.61801,1092836.6,680.0824,258830.9,577.4497,111404.91,412.99762,296.93243,269931.77,687.14667,271655.5,65.739395,569.6299,111404.86,61.853703,10
267064.3,424.8908,393.79633,361.2214,296.94904,7.2356606,10156563,2742.8474,219.72832,205.61755,1092839,680.08203,258830.7,577.44946,111404.86,412.99765,296.93243,269931.65,687.14624,271655.06,65.81528,569.6297,111404.81,61.85365,10
267064.45,424.89084,393.7963,361.2214,296.94904,7.23565,10156560.5,2742.847,219.72783,205.61801,1092836.6,680.0824,258830.9,577.4497,111404.91,412.99762,296.93243,269931.77,687.14667,271655.5,65.739395,569.6299,111404.86,61.853703,10
267064.3,424.8908,393.79633,361.2214,296.94904,7.2356606,10156563,2742.8474,219.72832,205.61755,1092839,680.08203,258830.7,577.44946,111404.86,412.99765,296.93243,269931.65,687.14624,271655.06,65.81528,569.6297,111404.81,61.85365,10
267064.45,424.89084,393.7963,361.2214,296.94904,7.23565,10156560.5,2742.847,219.72783,205.61801,1092836.6,680.0824,258830.9,577.4497,111404.91,412.99762,296.93243,269931.77,687.14667,271655.5,65.739395,569.6299,111404.86,61.853703,10
267064.3,424.8908,393.79633,361.2214,296.94904,7.2356606,10156563,2742.8474,219.72832,205.61755,1092839,680.08203,258830.7,577.44946,111404.86,412.99765,296.93243,269931.65,687.14624,271655.06,65.81528,569.6297,111404.81,61.85365,10
267064.45,424.89084,393.7963,361.2214,296.94904,7.23565,10156560.5,2742.847,219.72783,205.61801,1092836.6,680.0824,258830.9,577.4497,111404.91,412.99762,296.93243,269931.77,687.14667,271655.5,65.739395,569.6299,111404.86,61.853703,10
267064.3,424.8908,393.79633,361.2214,296.94904,7.2356606,10156563,2742.8474,219.72832,205.61755,1092839,680.08203,258830.7,577.44946,111404.86,412.99765,296.93243,269931.65,687.14624,271655.08,65.81528,569.6297,111404.81,61.85365,10
267064.45,424.89084,393.7963,361.2214,296.94904,7.23565,10156560.5,2742.847,219.72783,205.61801,1092836.6,680.0824,258830.9,577.4497,111404.91,412.99762,296.93243,269931.77,687.14667,271655.5,65.739395,569.6299,111404.86,61.853703,10
267064.3,424.8908,393.79633,361.2214,296.94904,7.2356606,10156563,2742.8474,219.72832,205.61755,1092839,680.08203,258830.7,577.44946,111404.86,412.99765,296.93243,269931.65,687.14624,271655.08,65.81528,569.6297,111404.81,61.85365,10
267064.45,424.89084,393.7963,361.2214,296.94904,7.23565,10156560.5,2742.847,219.72783,205.61801,1092836.6,680.0824,258830.9,577.4497,111404.91,412.99762,296.93243,269931.77,687.14667,271655.5,65.739395,569.6299,111404.86,61.853703,10
267064.3,424.8908,393.79633,361.2214,296.94904,7.2356606,10156563,2742.8474,219.72832,205.61755,1092839,680.08203,258830.7,577.44946,111404.86,412.99765,296.93243,269931.65,687.14624,271655.08,65.81528,569.6297,111404.81,61.85365,10
267064.45,424.89084,393.7963,361.2214,296.94904,7.23565,10156560.5,2742.847,219.72783,205.61801,1092836.6,680.0824,258830.9,577.4497,111404.91,412.99762,296.93243,269931.77,687.14667,271655.5,65.739395,569.6299,111404.86,61.853703,10
267064.3,424.8908,393.79633,361.2214,296.94904,7.2356606,10156563,2742.8474,219.72832,205.61755,1092839,680.08203,258830.7,577.44946,111404.86,412.99765,296.93243,269931.65,687.14624,271655.08,65.81528,569.6297,111404.81,61.85365,10
267064.45,424.89084,393.7963,361.2214,296.94904,7.23565,10156560.5,2742.847,219.72783,205.61801,1092836.6,680.0824,258830.9,577.4497,111404.91,412.99762,296.93243,269931.77,687.14667,271655.5,65.739395,569.6299,111404.86,61.853703,10
267064.3,424.8908,393.79633,361.2214,296.94904,7.2356606,10156563,2742.8474,219.72832,205.61755,1092839,680.08203,258830.7,577.44946,111404.86,412.99765,296.93243,269931.65,687.14624,271655.08,65.81528,569.6297,111404.81,61.85365,10
267064.45,424.89084,393.7963,361.2214,296.94904,7.2356505,10156560.5,2742.847,219.72786,205.61798,1092836.8,680.0824,258830.9,577.4497,111404.91,412.99762,296.93243,269931.77,687.14667,271655.5,65.739395,569.6299,111404.86,61.853703,10
267064.3,424.8908,393.79633,361.2214,296.94904,7.2356606,10156563.6,2742.8474,219.7283,205.61757,1092838.9,680.08203,258830.7,577.44946,111404.86,412.99765,296.93243,269931.65,687.14624,271655.06,65.815285,569.6297,111404.81,61.85365,10
267064.45,424.89084,393.7963,361.2214,296.94904,7.23565,10156560.5,2742.847,219.72781,205.61803,1092836.5,680.0824,258830.9,577.4497,111404.91,412.99762,296.93243,269931.77,687.1466,271655.5,65.7394,569.6298,111404.86,61.853703,10
267064.3,424.8908,393.79633,361.2214,296.94904,7.2356606,10156563,2742.8474,219.7283,205.61758,1092838.9,680.082,258830.7,577.44946,111404.86,412.99765,296.93243,269931.65,687.14624,271655.06,65.815285,569.6297,111404.81,61.85365,10
267064.45,424.89084,393.7963,361.2214,296.94904,7.23565,10156560.5,2742.847,219.72781,205.61803,1092836.5,680.0824,258830.9,577.4497,111404.91,412.99762,296.93243,269931.77,687.1466,271655.5,65.7394,569.6298,111404.86,61.853703,10
267064.3,424.8908,393.79633,361.2214,296.94904,7.2356606,10156563,2742.8474,219.7283,205.61758,1092838.9,680.082,258830.7,577.44946,111404.86,412.99765,296.93243,269931.65,687.14624,271655.06,65.815285,569.6297,111404.81,61.85365,10
267064.45,424.89084,393.7963,361.2214,296.94904,7.23565,10156560.5,2742.847,219.72781,205.61803,1092836.5,680.0824,258830.9,577.4497,111404.91,412.99762,296.93243,269931.77,687.1466,271655.5,65.7394,569.6298,111404.86,61.853703,10
267064.3,424.8908,393.79633,361.2214,296.94904,7.2356606,10156563,2742.8474,219.7283,205.61758,1092838.9,680.08203,258830.7,577.44946,111404.86,412.99765,296.93243,269931.65,687.14624,271655.06,65.815285,569.6297,111404.81,61.85365,10
267064.45,424.89084,393.7963,361.2214,296.94904,7.23565,10156560.5,2742.847,219.72781,205.61803,1092836.5,680.0824,258830.9,577.4497,111404.91,412.99762,296.93243,269931.77,687.1466,271655.5,65.7394,569.6298,111404.86,61.853703,10
267064.3,424.8908,393.79633,361.2214,296.94904,7.2356606,10156563,2742.8474,219.7283,205.61758,1092838.9,680.08203,258830.7,577.44946,111404.86,412.99765,296.93243,269931.65,687.14624,271655.06,65.815285,569.6297,111404.81,61.85365,10
267064.45,424.89084,393.7963,361.2214,296.94904,7.23565,10156560.5,2742.847,219.72781,205.61803,1092836.5,680.0824,258830.9,577.4497,111404.91,412.99762,296.93243,269931.77,687.1466,271655.5,65.7394,569.6298,111404.86,61.853703,10
267064.3,424.8908,393.79633,361.2214,296.94904,7.2356606,10156563,2742.8474,219.7283,205.61758,1092838.9,680.08203,258830.7,577.44946,111404.86,412.99765,296.93243,269931.65,687.14624,271655.06,65.815285,569.6297,111404.81,61.85365,10
267064.45,424.89084,393.7963,361.2214,296.94904,7.23565,10156560.5,2742.847,219.72781,205.61803,1092836.5,680.0824,258830.9,577.4497,111404.91,412.99762,296.93243,269931.77,687.1466,271655.5,65.7394,569.6298,111404.86,61.853703,10
267064.3,424.8908,393.79633,361.2214,296.94904,7.2356606,10156563,2742.8474,219.7283,205.61758,1092838.9,680.08203,258830.7,577.44946,111404.86,412.99765,296.93243,269931.65,687.14624,271655.06,65.815285,569.6297,111404.81,61.85365,10
267064.45,424.89084,393.7963,361.2214,296.94904,7.23565,10156560.5,2742.847,219.72781,205.61803,1092836.5,680.0824,258830.9,577.4497,111404.91,412.99762,296.93243,269931.77,687.14667,271655.5,65.7394,569.6298,111404.86,61.853703,10
267064.3,424.8908,393.79633,361.2214,296.94904,7.2356606,10156563,2742.8474,219.7283,205.61758,1092838.9,680.08203,258830.7,577.44946,111404.86,412.99765,296.93243,269931.65,687.14624,271655.06,65.815285,569.6297,111404.81,61.85365,10
267064.45,424.89084,393.7963,361.2214,296.94904,7.23565,10156560.5,2742.847,219.72781,205.61803,1092836.5,680.0824,258830.9,577.4497,111404.91,412.99762,296.93243,269931.77,687.14667,271655.5,65.7394,569.6298,111404.86,61.853703,10
267064.3,424.8908,393.79633,361.2214,296.94904,7.2356606,10156563,2742.8474,219.7283,205.61758,1092838.9,680.08203,258830.7,577.44946,111404.86,412.99765,296.93243,269931.65,687.14624,271655.06,65.815285,569.6297,111404.81,61.85365,10
267064.45,424.89084,393.7963,361.2214,296.94904,7.23565,10156560.5,2742.847,219.72781,205.61803,1092836.5,680.0824,258830.9,577.4497,111404.91,412.99762,296.93243,269931.77,687.14667,271655.5,65.7394,569.6298,111404.86,61.853703,10
267064.3,424.8908,393.79633,361.2214,296.94904,7.2356606,10156563,2742.8474,219.7283,205.61758,1092838.9,680.08203,258830.7,577.44946,111404.86,412.99765,296.93243,269931.65,687.14624,271655.06,65.815285,569.6297,111404.81,61.85365,10
267064.45,424.89084,393.7963,361.2214,296.94904,7.23565,10156560.5,2742.847,219.72781,205.61803,1092836.5,680.0824,258830.9,577.4497,111404.91,412.99762,296.93243,269931.77,687.14667,271655.5,65.7394,569.6298,111404.86,61.853703,10
267064.3,424.8908,393.79633,361.2214,296.94904,7.2356606,10156563,2742.8474,219.7283,205.61758,1092838.9,680.08203,258830.7,577.44946,111404.86,412.99765,296.93243,269931.65,687.14624,271655.06,65.815285,569.6297,111404.81,61.85365,10
267064.45,424.89084,393.7963,361.2214,296.94904,7.23565,10156560.5,2742.847,219.72781,205.61803,1092836.5,680.0824,258830.9,577.4497,111404.91,412.99762,296.93243,269931.77,687.14667,271655.5,65.7394,569.6299,111404.86,61.853703,10
267064.3,424.8908,393.79633,361.2214,296.94904,7.2356606,10156563,2742.8474,219.7283,205.61758,1092838.9,680.08203,258830.7,577.44946,111404.86,412.99765,296.93243,269931.65,687.14624,271655.06,65.815285,569.6297,111404.81,61.85365,10
267064.45,424.89084,393.7963,361.2214,296.94904,7.23565,10156560.5,2742.847,219.72781,205.61803,1092836.5,680.0824,258830.9,577.4497,111404.91,412.99762,296.93243,269931.77,687.14667,271655.5,65.7394,569.6299,111404.86,61.853703,10
267064.3,424.8908,393.79633,361.2214,296.94904,7.2356606,10156563,2742.8474,219.7283,205.61758,1092838.9,680.08203,258830.7,577.44946,111404.86,412.99765,296.93243,269931.65,687.14624,271655.06,65.815285,569.6297,111404.81,61.85365,10
267064.45,424.89084,393.7963,361.2214,296.94904,7.23565,10156560.5,2742.847,219.72781,205.61803,1092836.5,680.0824,258830.9,577.4497,111404.91,412.99762,296.93243,269931.77,687.14667,271655.5,65.7394,569.6299,111404.86,61.853703,10
267064.3,424.8908,393.79633,361.2214,296.94904,7.2356606,10156563,2742.8474,219.7283,205.61758,1092838.9,680.08203,258830.7,577.44946,111404.86,412.99765,296.93243,269931.65,687.14624,271655.06,65.815285,569.6297,111404.81,61.85365,10
267064.45,424.89084,393.7963,361.2214,296.94904,7.2356505,10156560.5,2742.847,219.72781,205.61803,1092836.5,680.0824,258830.9,577.4497,111404.91,412.99762,296.93243,269931.77,687.14667,271655.5,65.7394,569.6299,111404.86,61.853703,10
267064.3,424.8908,393.79633,361.2214,296.94904,7.2356606,10156563,2742.8474,219.7283,205.61758,1092838.9,680.08203,258830.7,577.44946,111404.86,412.99765,296.93243,269931.65,687.14624,271655.06,65.815285,569.6297,111404.81,61.85365,10
267064.45,424.89084,393.7963,361.2214,296.94904,7.2356505,10156560.5,2742.847,219.72781,205.61803,1092836.5,680.0824,258830.9,577.4497,111404.91,412.99762,296.93243,269931.77,687.14667,271655.5,65.7394,569.6299,111404.86,61.853703,10
267064.3,424.8908,393.79633,361.2214,296.94904,7.2356606,10156563,2742.8474,219.7283,205.61758,1092838.9,680.08203,258830.7,577.44946,111404.86,412.99765,296.93243,269931.65,687.14624,271655.06,65.815285,569.6297,111404.81,61.85365,10
267064.45,424.89084,393.7963,361.2214,296.94904,7.2356505,10156560.5,2742.847,219.72781,205.61803,1092836.5,680.0824,258830.9,577.4497,111404.91,412.99762,296.93243,269931.77,687.14667,271655.5,65.7394,569.6299,111404.86,61.853703,10
267064.3,424.8908,393.79633,361.2214,296.94904,7.2356606,10156563,2742.8474,219.7283,205.61758,1092838.9,680.08203,258830.7,577.44946,111404.86,412.99765,296.93243,269931.65,687.14624,271655.06,65.815285,569.6297,111404.81,61.85365,10
267064.45,424.89084,393.7963,361.2214,296.94904,7.2356505,10156560.5,2742.847,219.72781,205.61803,1092836.5,680.0824,258830.9,577.4497,111404.91,412.99762,296.93243,269931.77,687.14667,271655.5,65.7394,569.6299,111404.86,61.853703,10
267064.3,424.8908,393.79633,361.2214,296.94904,7.2356606,10156563,2742.8474,219.7283,205.61758,1092838.9,680.08203,258830.7,577.44946,111404.86,412.99765,296.93243,269931.65,687.14624,271655.06,65.815285,569.6297,111404.81,61.85365,10
267064.45,424.89084,393.7963,361.2214,296.94904,7.2356505,10156560.5,2742.847,219.72781,205.61803,1092836.5,680.0824,258830.9,577.4497,111404.91,412.99762,296.93243,269931.77,687.14667,271655.5,65.7394,569.6299,111404.86,61.853703,10
267064.3,424.8908,393.79633,361.2214,296.94904,7.2356606,10156563,2742.8474,219.7283,205.61758,1092838.9,680.08203,258830.7,577.44946,111404.86,412.99765,296.93243,269931.65,687.14624,271655.06,65.815285,569.6297,111404.81,61.85365,10
267064.45,424.89084,393.7963,361.2214,296.94904,7.2356505,10156560.5,2742.847,219.72781,205.61803,1092836.5,680.0824,258830.9,577.4497,111404.91,412.99762,296.93243,269931.77,687.14667,271655.5,65.7394,569.6299,111404.86,61.853703,10
267064.3,424.8908,393.79633,361.2214,296.94904,7.2356606,10156563,2742.8474,219.7283,205.61758,1092838.9,680.08203,258830.7,577.44946,111404.86,412.99765,296.93243,269931.65,687.14624,271655.06,65.815285,569.6297,111404.81,61.85365,10
267064.45,424.89084,393.7963,361.2214,296.94904,7.2356505,10156560.5,2742.847,219.72781,205.61803,1092836.5,680.0824,258830.9,577.4497,111404.91,412.99762,296.93243,269931.77,687.14667,271655.5,65.7394,569.6299,111404.86,61.853703,10
267064.3,424.8908,393.79633,361.2214,296.94904,7.2356606,10156563,2742.8474,219.7283,205.61758,1092838.9,680.08203,258830.7,577.44946,111404.86,412.99765,296.93243,269931.65,687.14624,271655.06,65.815285,569.6297,111404.81,61.85365,10
267064.45,424.89084,393.7963,361.2214,296.94904,7.2356505,10156560.5,2742.847,219.72781,205.61803,1092836.5,680.0824,258830.9,577.4497,111404.91,412.99762,296.93243,269931.77,687.14667,271655.5,65.7394,569.6299,111404.86,61.853703,10
267064.3,424.8908,393.79633,361.2214,296.94904,7.2356606,10156563,2742.8474,219.7283,205.61758,1092838.9,680.08203,258830.7,577.44946,111404.86,412.99765,296.93243,269931.65,687.14624,271655.06,65.815285,569.6297,111404.81,61.85365,10
267064.45,424.89084,393.7963,361.2214,296.94904,7.2356505,10156560.5,2742.847,219.72781,205.61803,1092836.5,680.0824,258830.9,577.4497,111404.91,412.99762,296.93243,269931.77,687.14667,271655.5,65.7394,569.6299,111404.86,61.853703,10
267064.3,424.8908,393.79633,361.2214,296.94904,7.2356606,10156563,2742.8474,219.7283,205.61758,1092838.9,680.08203,258830.7,577.44946,111404.86,412.99765,296.93243,269931.65,687.14624,271655.06,65.815285,569.6297,111404.81,61.85365,10
267064.45,424.89084,393.7963,361.2214,296.94904,7.2356505,10156560.5,2742.847,219.72781,205.61803,1092836.5,680.0824,258830.9,577.4497,111404.91,412.99762,296.93243,269931.77,687.14667,271655.5,65.7394,569.6299,111404.86,61.853703,10
267064.3,424.8908,393.79633,361.2214,296.94904,7.2356606,10156563,2742.8474,219.7283,205.61758,1092838.9,680.08203,258830.7,577.44946,111404.86,412.99765,296.93243,269931.65,687.14624,271655.06,65.815285,569.6297,111404.81,61.85365,10
267064.45,424.89084,393.7963,361.2214,296.94904,7.2356505,10156560.5,2742.847,219.72781,205.61803,1092836.5,680.0824,258830.9,577.4497,111404.91,412.99762,296.93243,269931.77,687.14667,271655.5,65.7394,569.6299,111404.86,61.853703,10
267064.3,424.8908,393.79633,361.2214,296.94904,7.2356606,10156563,2742.8474,219.7283,205.61758,1092838.9,680.08203,258830.7,577.44946,111404.86,412.99765,296.93243,269931.65,687.14624,271655.06,65.815285,569.6297,111404.81,61.85365,10
267064.45,424.89084,393.7963,361.2214,296.94904,7.2356505,10156560.5,2742.847,219.72781,205.61803,1092836.5,680.0824,258830.9,577.4497,111404.91,412.99762,296.93243,269931.77,687.14667,271655.5,65.7394,569.6299,111404.86,61.853703,10
267064.3,424.8908,393.79633,361.2214,296.94904,7.2356606,10156563,2742.8474,219.7283,205.61758,1092838.9,680.08203,258830.7,577.44946,111404.86,412.99765,296.93243,269931.65,687.14624,271655.06,65.815285,569.6297,111404.81,61.85365,10
267064.45,424.89084,393.7963,361.2214,296.94904,7.2356505,10156560.5,2742.847,219.72781,205.61803,1092836.5,680.0824,258830.9,577.4497,111404.91,412.99762,296.93243,269931.77,687.14667,271655.5,65.7394,569.6299,111404.86,61.853703,10
267064.3,424.8908,393.79633,361.2214,296.94904,7.2356606,10156563,2742.8474,219.7283,205.61758,1092838.9,680.08203,258830.7,577.44946,111404.86,412.99765,296.93243,269931.65,687.14624,271655.06,65.815285,569.6297,111404.81,61.85365,10
267064.45,424.89084,393.7963,361.2214,296.94904,7.2356505,10156560.5,2742.847,219.72781,205.61803,1092836.5,680.0824,258830.9,577.4497,111404.91,412.99762,296.93243,269931.77,687.14667,271655.5,65.7394,569.6299,111404.86,61.853703,10
267064.3,424.8908,393.79633,361.2214,296.94904,7.2356606,10156563,2742.8474,219.7283,205.61758,1092838.9,680.08203,258830.7,577.44946,111404.86,412.99765,296.93243,269931.65,687.14624,271655.06,65.815285,569.6297,111404.81,61.85365,10
267064.45,424.89084,393.7963,361.2214,296.94904,7.2356505,10156560.5,2742.847,219.72781,205.61803,1092836.5,680.0824,258830.9,577.4497,111404.91,412.99762,296.93243,269931.77,687.14667,271655.5,65.7394,569.6299,111404.86,61.853703,10
267064.3,424.8908,393.79633,361.2214,296.94904,7.2356606,10156563,2742.8474,219.7283,205.61758,1092838.9,680.08203,258830.7,577.44946,111404.86,412.99765,296.93243,269931.65,687.14624,271655.06,65.815285,569.6297,111404.81,61.85365,10
267064.45,424.89084,393.7963,361.2214,296.94904,7.2356505,10156560.5,2742.847,219.72781,205.61803,1092836.5,680.0824,258830.9,577.4497,111404.91,412.99762,296.93243,269931.77,687.14667,271655.5,65.7394,569.6299,111404.86,61.853703,10
267064.3,424.8908,393.79633,361.2214,296.94904,7.2356606,10156563,2742.8474,219.7283,205.61758,1092838.9,680.08203,258830.7,577.44946,111404.86,412.99765,296.93243,269931.65,687.14624,271655.06,65.815285,569.6297,111404.81,61.85365,10
267064.45,424.89084,393.7963,361.2214,296.94904,7.2356505,10156560.5,2742.847,219.72781,205.61803,1092836.5,680.0824,258830.9,577.4497,111404.91,412.99762,296.93243,269931.77,687.14667,271655.5,65.7394,569.6299,111404.86,61.853703,10
267064.3,424.8908,393.79633,361.2214,296.94904,7.2356606,10156563,2742.8474,219.7283,205.61758,1092838.9,680.08203,258830.7,577.44946,111404.86,412.99765,296.93243,269931.65,687.14624,271655.06,65.815285,569.6297,111404.81,61.85365,10
267064.45,424.89084,393.7963,361.2214,296.94904,7.2356505,10156560.5,2742.847,219.72781,205.61803,1092836.5,680.0824,258830.9,577.4497,111404.91,412.99762,296.93243,269931.77,687.14667,271655.5,65.7394,569.6299,111404.86,61.853703,10
267064.3,424.8908,393.79633,361.2214,296.94904,7.2356606,10156563,2742.8474,219.7283,205.61758,1092838.9,680.08203,258830.7,577.44946,111404.86,412.99765,296.93243,269931.65,687.14624,271655.06,65.815285,569.6297,111404.81,61.85365,10
267064.45,424.89084,393.7963,361.2214,296.94904,7.2356505,10156560.5,2742.847,219.72781,205.61803,1092836.5,680.0824,258830.9,577.4497,111404.91,412.99762,296.93243,269931.77,687.14667,271655.5,65.7394,569.6299,111404.86,61.853703,10
267064.3,424.8908,393.79633,361.2214,296.94904,7.2356606,10156563,2742.8474,219.7283,205.61758,1092838.9,680.08203,258830.7,577.44946,111404.86,412.99765,296.93243,269931.65,687.14624,271655.06,65.815285,569.6297,111404.81,61.85365,10
267064.45,424.89084,393.7963,361.2214,296.94904,7.2356505,10156560.5,2742.847,219.72781,205.61803,1092836.5,680.0824,258830.9,577.4497,111404.91,412.99762,296.93243,269931.77,687.14667,271655.5,65.7394,569.6299,111404.86,61.853703,10
267064.3,424.8908,393.79633,361.2214,296.94904,7.2356606,10156563,2742.8474,219.7283,205.61758,1092838.9,680.08203,258830.7,577.44946,111404.86,412.99765,296.93243,269931.65,687.14624,271655.06,65.815285,569.6297,111404.81,61.85365,10
267064.45,424.89084,393.7963,361.2214,296.94904,7.2356505,10156560.5,2742.847,219.72781,205.61803,1092836.5,680.0824,258830.9,577.4497,111404.91,412.99762,296.93243,269931.77,687.14667,271655.5,65.7394,569.6299,111404.86,61.853703,10
267064.3,424.8908,393.79633,361.2214,296.94904,7.2356606,10156563,2742.8474,219.7283,205.61758,1092838.9,680.08203,258830.7,577.44946,111404.86,412.99765,296.93243,269931.65,687.14624,271655.06,65.815285,569.6297,111404.81,61.85365,10
267064.45,424.89084,393.7963,361.2214,296.94904,7.2356505,10156560.5,2742.847,219.72781,205.61803,1092836.5,680.0824,258830.9,577.4497,111404.91,412.99762,296.93243,269931.77,687.14667,271655.5,65.7394,569.6299,111404.86,61.853703,10
267064.3,424.8908,393.79633,361.2214,296.94904,7.2356606,10156563,2742.8474,219.7283,205.61758,1092838.9,680.08203,258830.7,577.44946,111404.86,412.99765,296.93243,269931.65,687.14624,271655.06,65.815285,569.6297,111404.81,61.85365,10
267064.45,424.89084,393.7963,361.2214,296.94904,7.2356505,10156560.5,2742.847,219.72781,205.61803,1092836.5,680.0824,258830.9,577.4497,111404.91,412.99762,296.93243,269931.77,687.14667,271655.5,65.7394,569.6299,111404.86,61.853703,10
267064.3,424.8908,393.79633,361.2214,296.94904,7.2356606,10156563,2742.8474,219.7283,205.61758,1092838.9,680.08203,258830.7,577.44946,111404.86,412.99765,296.93243,269931.65,687.14624,271655.06,65.815285,569.6297,111404.81,61.85365,10
267064.45,424.89084,393.7963,361.2214,296.94904,7.2356505,10156560.5,2742.847,219.72781,205.61803,1092836.5,680.0824,258830.9,577.4497,111404.91,412.99762,296.93243,269931.77,687.14667,271655.5,65.7394,569.6299,111404.86,61.853703,10
267064.3,424.8908,393.79633,361.2214,296.94904,7.2356606,10156563,2742.8474,219.7283,205.61758,1092838.9,680.08203,258830.7,577.44946,111404.86,412.99765,296.93243,269931.65,687.14624,271655.06,65.815285,569.6297,111404.81,61.85365,10
267064.45,424.89084,393.7963,361.2214,296.94904,7.2356505,10156560.5,2742.847,219.72781,205.61803,1092836.5,680.0824,258830.9,577.4497,111404.91,412.99762,296.93243,269931.77,687.14667,271655.5,65.7394,569.6299,111404.86,61.853703,10
267064.3,424.8908,393.79633,361.2214,296.94904,7.2356606,10156563,2742.8474,219.7283,205.61758,1092838.9,680.08203,258830.7,577.44946,111404.86,412.99765,296.93243,269931.65,687.14624,271655.06,65.815285,569.6297,111404.81,61.85365,10
267064.45,424.89084,393.7963,361.2214,296.94904,7.2356505,10156560.5,2742.847,219.72781,205.61803,1092836.5,680.0824,258830.9,577.4497,111404.91,412.99762,296.93243,269931.77,687.14667,271655.5,65.7394,569.6299,111404.86,61.853703,10
267064.3,424.8908,393.79633,361.2214,296.94904,7.2356606,10156563,2742.8474,219.7283,205.61758,1092838.9,680.08203,258830.7,577.44946,111404.86,412.99765,296.93243,269931.65,687.14624,271655.06,65.815285,569.6297,111404.81,61.85365,10
267064.45,424.89084,393.7963,361.2214,296.94904,7.2356505,10156560.5,2742.847,219.72781,205.61803,1092836.5,680.0824,258830.9,577.4497,111404.91,412.99762,296.93243,269931.77,687.14667,271655.5,65.7394,569.6299,111404.86,61.853703,10
267064.3,424.8908,393.79633,361.2214,296.94904,7.2356606,10156563,2742.8474,219.7283,205.61758,1092838.9,680.08203,258830.7,577.44946,111404.86,412.99765,296.93243,269931.65,687.14624,271655.06,65.815285,569.6297,111404.81,61.85365,10
267064.45,424.89084,393.7963,361.2214,296.94904,7.2356505,10156560.5,2742.847,219.72781,205.61803,1092836.5,680.0824,258830.9,577.4497,111404.91,412.99762,296.93243,269931.77,687.14667,271655.5,65.7394,569.6299,111404.86,61.853703,10
267064.3,424.8908,393.79633,361.2214,296.94904,7.2356606,10156563,2742.8474,219.7283,205.61758,1092838.9,680.08203,258830.7,577.44946,111404.86,412.99765,296.93243,269931.65,687.14624,271655.06,65.815285,569.6297,111404.81,61.85365,10
267064.45,424.89084,393.7963,361.2214,296.94904,7.2356505,10156560.5,2742.847,219.72781,205.61803,1092836.5,680.0824,258830.9,577.4497,111404.91,412.99762,296.93243,269931.77,687.14667,271655.5,65.7394,569.6299,111404.86,61.853703,10
267064.3,424.8908,393.79633,361.2214,296.94904,7.2356606,10156563,2742.8474,219.7283,205.61758,1092838.9,680.08203,258830.7,577.44946,111404.86,412.99765,296.93243,269931.65,687.14624,271655.06,65.815285,569.6297,111404.81,61.85365,10
267064.45,424.89084,393.7963,361.2214,296.94904,7.2356505,10156560.5,2742.847,219.72781,205.61803,1092836.5,680.0824,258830.9,577.4497,111404.91,412.99762,296.93243,269931.77,687.14667,271655.5,65.7394,569.6299,111404.86,61.853703,10
267064.3,424.8908,393.79633,361.2214,296.94904,7.2356606,10156563,2742.8474,219.7283,205.61758,1092838.9,680.08203,258830.7,577.44946,111404.86,412.99765,296.93243,269931.65,687.14624,271655.06,65.815285,569.6297,111404.81,61.85365,10
267064.45,424.89084,393.7963,361.2214,296.94904,7.2356505,10156560.5,2742.847,219.72781,205.61803,1092836.5,680.0824,258830.9,577.4497,111404.91,412.99762,296.93243,269931.77,687.14667,271655.5,65.7394,569.6299,111404.86,61.853703,10
267064.3,424.8908,393.79633,361.2214,296.94904,7.2356606,10156563,2742.8474,219.7283,205.61758,1092838.9,680.08203,258830.7,577.44946,111404.86,412.99765,296.93243,269931.65,687.14624,271655.06,65.815285,569.6297,111404.81,61.85365,10
267064.45,424.89084,393.7963,361.2214,296.94904,7.2356505,10156560.5,2742.847,219.72781,205.61803,1092836.5,680.0824,258830.9,577.4497,111404.91,412.99762,296.93243,269931.77,687.14667,271655.5,65.7394,569.6299,111404.86,61.853703,10
267064.3,424.8908,393.79633,361.2214,296.94904,7.2356606,10156563,2742.8474,219.7283,205.61758,1092838.9,680.08203,258830.7,577.44946,111404.86,412.99765,296.93243,269931.65,687.14624,271655.06,65.815285,569.6297,111404.81,61.85365,10
267064.45,424.89084,393.7963,361.2214,296.94904,7.2356505,10156560.5,2742.847,219.72781,205.61803,1092836.5,680.0824,258830.9,577.4497,111404.91,412.99762,296.93243,269931.77,687.14667,271655.5,65.7394,569.6299,111404.86,61.853703,10
267064.3,424.8908,393.79633,361.2214,296.94904,7.2356606,10156563,2742.8474,219.7283,205.61758,1092838.9,680.08203,258830.7,577.44946,111404.86,412.99765,296.93243,269931.65,687.14624,271655.06,65.815285,569.6297,111404.81,61.85365,10
267064.45,424.89084,393.7963,361.2214,296.94904,7.2356505,10156560.5,2742.847,219.72781,205.61803,1092836.5,680.0824,258830.9,577.4497,111404.91,412.99762,296.93243,269931.77,687.14667,271655.5,65.7394,569.6299,111404.86,61.853703,10
267064.3,424.8908,393.79633,361.2214,296.94904,7.2356606,10156563,2742.8474,219.7283,205.61758,1092838.9,680.08203,258830.7,577.44946,111404.86,412.99765,296.93243,269931.65,687.14624,271655.06,65.815285,569.6297,111404.81,61.85365,10
267064.45,424.89084,393.7963,361.2214,296.94904,7.2356505,10156560.5,2742.847,219.72781,205.61803,1092836.5,680.0824,258830.9,577.4497,111404.91,412.99762,296.93243,269931.77,687.14667,271655.5,65.7394,569.6299,111404.86,61.853703,10
267064.3,424.8908,393.79633,361.2214,296.94904,7.2356606,10156563,2742.8474,219.7283,205.61758,1092838.9,680.08203,258830.7,577.44946,111404.86,412.99765,296.93243,269931.65,687.14624,271655.06,65.815285,569.6297,111404.81,61.85365,10
267064.45,424.89084,393.7963,361.2214,296.94904,7.2356505,10156560.5,2742.847,219.72781,205.61803,1092836.5,680.0824,258830.9,577.4497,111404.91,412.99762,296.93243,269931.77,687.14667,271655.5,65.7394,569.6299,111404.86,61.853703,10
267064.3,424.8908,393.79633,361.2214,296.94904,7.2356606,10156563,2742.8474,219.7283,205.61758,1092838.9,680.08203,258830.7,577.44946,111404.86,412.99765,296.93243,269931.65,687.14624,271655.06,65.815285,569.6297,111404.81,61.85365,10
267064.45,424.89084,393.7963,361.2214,296.94904,7.2356505,10156560.5,2742.847,219.72781,205.61803,1092836.5,680.0824,258830.9,577.4497,111404.91,412.99762,296.93243,269931.77,687.14667,271655.5,65.7394,569.6299,111404.86,61.853703,10
267064.3,424.8908,393.79633,361.2214,296.94904,7.2356606,10156563,2742.8474,219.7283,205.61758,1092838.9,680.08203,258830.7,577.44946,111404.86,412.99765,296.93243,269931.65,687.14624,271655.06,65.815285,569.6297,111404.81,61.85365,10
267064.45,424.89084,393.7963,361.2214,296.94904,7.2356505,10156560.5,2742.847,219.72781,205.61803,1092836.5,680.0824,258830.9,577.4497,111404.91,412.99762,296.93243,269931.77,687.14667,271655.5,65.7394,569.6299,111404.86,61.853703,10
267064.3,424.8908,393.79633,361.2214,296.94904,7.2356606,10156563,2742.8474,219.7283,205.61758,1092838.9,680.08203,258830.7,577.44946,111404.86,412.99765,296.93243,269931.65,687.14624,271655.06,65.815285,569.6297,111404.81,61.85365,10
267064.45,424.89084,393.7963,361.2214,296.94904,7.2356505,10156560.5,2742.847,219.72781,205.61803,1092836.5,680.0824,258830.9,577.4497,111404.91,412.99762,296.93243,269931.77,687.14667,271655.5,65.7394,569.6299,111404.86,61.853703,10
267064.3,424.8908,393.79633,361.2214,296.94904,7.2356606,10156563,2742.8474,219.7283,205.61758,1092838.9,680.08203,258830.7,577.44946,111404.86,412.99765,296.93243,269931.65,687.14624,271655.06,65.815285,569.6297,111404.81,61.85365,10
267064.45,424.89084,393.7963,361.2214,296.94904,7.2356505,10156560.5,2742.847,219.72781,205.61803,1092836.5,680.0824,258830.9,577.4497,111404.91,412.99762,296.93243,269931.77,687.14667,271655.5,65.7394,569.6299,111404.86,61.853703,10
267064.3,424.8908,393.79633,361.2214,296.94904,7.2356606,10156563,2742.8474,219.7283,205.61758,1092838.9,680.08203,258830.7,577.44946,111404.86,412.99765,296.93243,269931.65,687.14624,271655.06,65.815285,569.6297,111404.81,61.85365,10
267064.45,424.89084,393.7963,361.2214,296.94904,7.2356505,10156560.5,2742.847,219.72781,205.61803,1092836.5,680.0824,258830.9,577.4497,111404.91,412.99762,296.93243,269931.77,687.14667,271655.5,65.7394,569.6299,111404.86,61.853703,10
267064.3,424.8908,393.79633,361.2214,296.94904,7.2356606,10156563,2742.8474,219.7283,205.61758,1092838.9,680.08203,258830.7,577.44946,111404.86,412.99765,296.93243,269931.65,687.14624,271655.06,65.815285,569.6297,111404.81,61.85365,10
267064.45,424.89084,393.7963,361.2214,296.94904,7.2356505,10156560.5,2742.847,219.72781,205.61803,1092836.5,680.0824,258830.9,577.4497,111404.91,412.99762,296.93243,269931.77,687.14667,271655.5,65.7394,569.6299,111404.86,61.853703,10
267064.3,424.8908,393.79633,361.2214,296.94904,7.2356606,10156563,2742.8474,219.7283,205.61758,1092838.9,680.08203,258830.7,577.44946,111404.86,412.99765,296.93243,269931.65,687.14624,271655.06,65.815285,569.6297,111404.81,61.85365,10
267064.45,424.89084,393.7963,361.2214,296.94904,7.2356505,10156560.5,2742.847,219.72781,205.61803,1092836.5,680.0824,258830.9,577.4497,111404.91,412.99762,296.93243,269931.77,687.14667,271655.5,65.7394,569.6299,111404.86,61.853703,10
267064.3,424.8908,393.79633,361.2214,296.94904,7.2356606,10156563,2742.8474,219.7283,205.61758,1092838.9,680.08203,258830.7,577.44946,111404.86,412.99765,296.93243,269931.65,687.14624,271655.06,65.815285,569.6297,111404.81,61.85365,10
267064.45,424.89084,393.7963,361.2214,296.94904,7.2356505,10156560.5,2742.847,219.72781,205.61803,1092836.5,680.0824,258830.9,577.4497,111404.91,412.99762,296.93243,269931.77,687.14667,271655.5,65.7394,569.6299,111404.86,61.853703,10
267064.3,424.8908,393.79633,361.2214,296.94904,7.2356606,10156563,2742.8474,219.7283,205.61758,1092838.9,680.08203,258830.7,577.44946,111404.86,412.99765,296.93243,269931.65,687.14624,271655.06,65.815285,569.6297,111404.81,61.85365,10
267064.45,424.89084,393.7963,361.2214,296.94904,7.2356505,10156560.5,2742.847,219.72781,205.61803,1092836.5,680.0824,258830.9,577.4497,111404.91,412.99762,296.93243,269931.77,687.14667,271655.5,65.7394,569.6299,111404.86,61.853703,10
267064.3,424.8908,393.79633,361.2214,296.94904,7.2356606,10156563,2742.8474,219.7283,205.61758,1092838.9,680.08203,258830.7,577.44946,111404.86,412.99765,296.93243,269931.65,687.14624,271655.06,65.815285,569.6297,111404.81,61.85365,10
267064.45,424.89084,393.7963,361.2214,296.94904,7.2356505,10156560.5,2742.847,219.72781,205.61803,1092836.5,680.0824,258830.9,577.4497,111404.91,412.99762,296.93243,269931.77,687.14667,271655.5,65.7394,569.6299,111404.86,61.853703,10
267064.3,424.8908,393.79633,361.2214,296.94904,7.2356606,10156563,2742.8474,219.7283,205.61758,1092838.9,680.08203,258830.7,577.44946,111404.86,412.99765,296.93243,269931.65,687.14624,271655.06,65.815285,569.6297,111404.81,61.85365,10
267064.45,424.89084,393.7963,361.2214,296.94904,7.2356505,10156560.5,2742.847,219.72781,205.61803,1092836.5,680.0824,258830.9,577.4497,111404.91,412.99762,296.93243,269931.77,687.14667,271655.5,65.7394,569.6299,111404.86,61.853703,10
267064.3,424.8908,393.79633,361.2214,296.94904,7.2356606,10156563,2742.8474,219.7283,205.61758,1092838.9,680.08203,258830.7,577.44946,111404.86,412.99765,296.93243,269931.65,687.14624,271655.06,65.815285,569.6297,111404.81,61.85365,10
267064.45,424.89084,393.7963,361.2214,296.94904,7.2356505,10156560.5,2742.847,219.72781,205.61803,1092836.5,680.0824,258830.9,577.4497,111404.91,412.99762,296.93243,269931.77,687.14667,271655.5,65.7394,569.6299,111404.86,61.853703,10
267064.3,424.8908,393.79633,361.2214,296.94904,7.2356606,10156563,2742.8474,219.7283,205.61758,1092838.9,680.08203,258830.7,577.44946,111404.86,412.99765,296.93243,269931.65,687.14624,271655.06,65.815285,569.6297,111404.81,61.85365,10
267064.45,424.89084,393.7963,361.2214,296.94904,7.2356505,10156560.5,2742.847,219.72781,205.61803,1092836.5,680.0824,258830.9,577.4497,111404.91,412.99762,296.93243,269931.77,687.14667,271655.5,65.7394,569.6299,111404.86,61.853703,10
267064.3,424.8908,393.79633,361.2214,296.94904,7.2356606,10156563,2742.8474,219.7283,205.61758,1092838.9,680.08203,258830.7,577.44946,111404.86,412.99765,296.93243,269931.65,687.14624,271655.06,65.815285,569.6297,111404.81,61.85365,10
267064.45,424.89084,393.7963,361.2214,296.94904,7.2356505,10156560.5,2742.847,219.72781,205.61803,1092836.5,680.0824,258830.9,577.4497,111404.91,412.99762,296.93243,269931.77,687.14667,271655.5,65.7394,569.6299,111404.86,61.853703,10
267064.3,424.8908,393.79633,361.2214,296.94904,7.2356606,10156563,2742.8474,219.7283,205.61758,1092838.9,680.08203,258830.7,577.44946,111404.86,412.99765,296.93243,269931.65,687.14624,271655.06,65.815285,569.6297,111404.81,61.85365,10
267064.45,424.89084,393.7963,361.2214,296.94904,7.2356505,10156560.5,2742.847,219.72781,205.61803,1092836.5,680.0824,258830.9,577.4497,111404.91,412.99762,296.93243,269931.77,687.14667,271655.5,65.7394,569.6299,111404.86,61.853703,10
267064.3,424.8908,393.79633,361.2214,296.94904,7.2356606,10156563,2742.8474,219.7283,205.61758,1092838.9,680.08203,258830.7,577.44946,111404.86,412.99765,296.93243,269931.65,687.14624,271655.06,65.815285,569.6297,111404.81,61.85365,10
267064.45,424.89084,393.7963,361.2214,296.94904,7.2356505,10156560.5,2742.847,219.72781,205.61803,1092836.5,680.0824,258830.9,577.4497,111404.91,412.99762,296.93243,269931.77,687.14667,271655.5,65.7394,569.6299,111404.86,61.853703,10
267064.3,424.8908,393.79633,361.2214,296.94904,7.2356606,10156563,2742.8474,219.7283,205.61758,1092838.9,680.08203,258830.7,577.44946,111404.86,412.99765,296.93243,269931.65,687.14624,271655.06,65.815285,569.6297,111404.81,61.85365,10
267064.45,424.89084,393.7963,361.2214,296.94904,7.2356505,10156560.5,2742.847,219.72781,205.61803,1092836.5,680.0824,258830.9,577.4497,111404.91,412.99762,296.93243,269931.77,687.14667,271655.5,65.7394,569.6299,111404.86,61.853703,10
267064.3,424.8908,393.79633,361.2214,296.94904,7.2356606,10156563,2742.8474,219.7283,205.61758,1092838.9,680.08203,258830.7,577.44946,111404.86,412.99765,296.93243,269931.65,687.14624,271655.06,65.815285,569.6297,111404.81,61.85365,10
267064.45,424.89084,393.7963,361.2214,296.94904,7.2356505,10156560.5,2742.847,219.72781,205.61803,1092836.5,680.0824,258830.9,577.4497,111404.91,412.99762,296.93243,269931.77,687.14667,271655.5,65.7394,569.6299,111404.86,61.853703,10
267064.3,424.8908,393.79633,361.2214,296.94904,7.2356606,10156563,2742.8474,219.7283,205.61758,1092838.9,680.08203,258830.7,577.44946,111404.86,412.99765,296.93243,269931.65,687.14624,271655.06,65.815285,569.6297,111404.81,61.85365,10
267064.45,424.89084,393.7963,361.2214,296.94904,7.2356505,10156560.5,2742.847,219.72781,205.61803,1092836.5,680.0824,258830.9,577.4497,111404.91,412.99762,296.93243,269931.77,687.14667,271655.5,65.7394,569.6299,111404.86,61.853703,10
267064.3,424.8908,393.79633,361.2214,296.94904,7.2356606,10156563,2742.8474,219.7283,205.61758,1092838.9,680.08203,258830.7,577.44946,111404.86,412.99765,296.93243,269931.65,687.14624,271655.06,65.815285,569.6297,111404.81,61.85365,10
267064.45,424.89084,393.7963,361.2214,296.94904,7.2356505,10156560.5,2742.847,219.72781,205.61803,1092836.5,680.0824,258830.9,577.4497,111404.91,412.99762,296.93243,269931.77,687.14667,271655.5,65.7394,569.6299,111404.86,61.853703,10
267064.3,424.8908,393.79633,361.2214,296.94904,7.2356606,10156563,2742.8474,219.7283,205.61758,1092838.9,680.08203,258830.7,577.44946,111404.86,412.99765,296.93243,269931.65,687.14624,271655.06,65.815285,569.6297,111404.81,61.85365,10
267064.45,424.89084,393.7963,361.2214,296.94904,7.2356505,10156560.5,2742.847,219.72781,205.61803,1092836.5,680.0824,258830.9,577.4497,111404.91,412.99762,296.93243,269931.77,687.14667,271655.5,65.7394,569.6299,111404.86,61.853703,10
267064.3,424.8908,393.79633,361.2214,296.94904,7.2356606,10156563,2742.8474,219.7283,205.61758,1092838.9,680.08203,258830.7,577.44946,111404.86,412.99765,296.93243,269931.65,687.14624,271655.06,65.815285,569.6297,111404.81,61.85365,10
267064.45,424.89084,393.7963,361.2214,296.94904,7.2356505,10156560.5,2742.847,219.72781,205.61803,1092836.5,680.0824,258830.9,577.4497,111404.91,412.99762,296.93243,269931.77,687.14667,271655.5,65.7394,569.6299,111404.86,61.853703,10
267064.3,424.8908,393.79633,361.2214,296.94904,7.2356606,10156563,2742.8474,219.7283,205.61758,1092838.9,680.08203,258830.7,577.44946,111404.86,412.99765,296.93243,269931.65,687.14624,271655.06,65.815285,569.6297,111404.81,61.85365,10
267064.45,424.89084,393.7963,361.2214,296.94904,7.2356505,10156560.5,2742.847,219.72781,205.61803,1092836.5,680.0824,258830.9,577.4497,111404.91,412.99762,296.93243,269931.77,687.14667,271655.5,65.7394,569.6299,111404.86,61.853703,10
267064.3,424.8908,393.79633,361.2214,296.94904,7.2356606,10156563,2742.8474,219.7283,205.61758,1092838.9,680.08203,258830.7,577.44946,111404.86,412.99765,296.93243,269931.65,687.14624,271655.06,65.815285,569.6297,111404.81,61.85365,10
267064.45,424.89084,393.7963,361.2214,296.94904,7.2356505,10156560.5,2742.847,219.72781,205.61803,1092836.5,680.0824,258830.9,577.4497,111404.91,412.99762,296.93243,269931.77,687.14667,271655.5,65.7394,569.6299,111404.86,61.853703,10
267064.3,424.8908,393.79633,361.2214,296.94904,7.2356606,10156563,2742.8474,219.7283,205.61758,1092838.9,680.08203,258830.7,577.44946,111404.86,412.99765,296.93243,269931.65,687.14624,271655.06,65.815285,569.6297,111404.81,61.85365,10
267064.45,424.89084,393.7963,361.2214,296.94904,7.2356505,10156560.5,2742.847,219.72781,205.61803,1092836.5,680.0824,258830.9,577.4497,111404.91,412.99762,296.93243,269931.77,687.14667,271655.5,65.7394,569.6299,111404.86,61.853703,10
267064.3,424.8908,393.79633,361.2214,296.94904,7.2356606,10156563,2742.8474,219.7283,205.61758,1092838.9,680.08203,258830.7,577.44946,111404.86,412.99765,296.93243,269931.65,687.14624,271655.06,65.815285,569.6297,111404.81,61.85365,10
267064.45,424.89084,393.7963,361.2214,296.94904,7.2356505,10156560.5,2742.847,219.72781,205.61803,1092836.5,680.0824,258830.9,577.4497,111404.91,412.99762,296.93243,269931.77,687.14667,271655.5,65.7394,569.6299,111404.86,61.853703,10
267064.3,424.8908,393.79633,361.2214,296.94904,7.2356606,10156563,2742.8474,219.7283,205.61758,1092838.9,680.08203,258830.7,577.44946,111404.86,412.99765,296.93243,269931.65,687.14624,271655.06,65.815285,569.6297,111404.81,61.85365,10
267064.45,424.89084,393.7963,361.2214,296.94904,7.2356505,10156560.5,2742.847,219.72781,205.61803,1092836.5,680.0824,258830.9,577.4497,111404.91,412.99762,296.93243,269931.77,687.14667,271655.5,65.7394,569.6299,111404.86,61.853703,10
267064.3,424.8908,393.79633,361.2214,296.94904,7.2356606,10156563,2742.8474,219.7283,205.61758,1092838.9,680.08203,258830.7,577.44946,111404.86,412.99765,296.93243,269931.65,687.14624,271655.06,65.815285,569.6297,111404.81,61.85365,10
267064.45,424.89084,393.7963,361.2214,296.94904,7.2356505,10156560.5,2742.847,219.72781,205.61803,1092836.5,680.0824,258830.9,577.4497,111404.91,412.99762,296.93243,269931.77,687.14667,271655.5,65.7394,569.6299,111404.86,61.853703,10
267064.3,424.8908,393.79633,361.2214,296.94904,7.2356606,10156563,2742.8474,219.7283,205.61758,1092838.9,680.08203,258830.7,577.44946,111404.86,412.99765,296.93243,269931.65,687.14624,271655.06,65.815285,569.6297,111404.81,61.85365,10
267064.45,424.89084,393.7963,361.2214,296.94904,7.2356505,10156560.5,2742.847,219.72781,205.61803,1092836.5,680.0824,258830.9,577.4497,111404.91,412.99762,296.93243,269931.77,687.14667,271655.5,65.7394,569.6299,111404.86,61.853703,10
267064.3,424.8908,393.79633,361.2214,296.94904,7.2356606,10156563,2742.8474,219.7283,205.61758,1092838.9,680.08203,258830.7,577.44946,111404.86,412.99765,296.93243,269931.65,687.14624,271655.06,65.815285,569.6297,111404.81,61.85365,10
267064.45,424.89084,393.7963,361.2214,296.94904,7.2356505,10156560.5,2742.847,219.72781,205.61803,1092836.5,680.0824,258830.9,577.4497,111404.91,412.99762,296.93243,269931.77,687.14667,271655.5,65.7394,569.6299,111404.86,61.853703,10
267064.3,424.8908,393.79633,361.2214,296.94904,7.2356606,10156563,2742.8474,219.7283,205.61758,1092838.9,680.08203,258830.7,577.44946,111404.86,412.99765,296.93243,269931.65,687.14624,271655.06,65.815285,569.6297,111404.81,61.85365,10
267064.45,424.89084,393.7963,361.2214,296.94904,7.2356505,10156560.5,2742.847,219.72781,205.61803,1092836.5,680.0824,258830.9,577.4497,111404.91,412.99762,296.93243,269931.77,687.14667,271655.5,65.7394,569.6299,111404.86,61.853703,10
267064.3,424.8908,393.79633,361.2214,296.94904,7.2356606,10156563,2742.8474,219.7283,205.61758,1092838.9,680.08203,258830.7,577.44946,111404.86,412.99765,296.93243,269931.65,687.14624,271655.06,65.815285,569.6297,111404.81,61.85365,10
267064.45,424.89084,393.7963,361.2214,296.94904,7.2356505,10156560.5,2742.847,219.72781,205.61803,1092836.5,680.0824,258830.9,577.4497,111404.91,412.99762,296.93243,269931.77,687.14667,271655.5,65.7394,569.6299,111404.86,61.853703,10
267064.3,424.8908,393.79633,361.2214,296.94904,7.2356606,10156563,2742.8474,219.7283,205.61758,1092838.9,680.08203,258830.7,577.44946,111404.86,412.99765,296.93243,269931.65,687.14624,271655.06,65.815285,569.6297,111404.81,61.85365,10
267064.45,424.89084,393.7963,361.2214,296.94904,7.2356505,10156560.5,2742.847,219.72781,205.61803,1092836.5,680.0824,258830.9,577.4497,111404.91,412.99762,296.93243,269931.77,687.14667,271655.5,65.7394,569.6299,111404.86,61.853703,10
267064.3,424.8908,393.79633,361.2214,296.94904,7.2356606,10156563,2742.8474,219.7283,205.61758,1092838.9,680.08203,258830.7,577.44946,111404.86,412.99765,296.93243,269931.65,687.14624,271655.06,65.815285,569.6297,111404.81,61.85365,10
267064.45,424.89084,393.7963,361.2214,296.94904,7.2356505,10156560.5,2742.847,219.72781,205.61803,1092836.5,680.0824,258830.9,577.4497,111404.91,412.99762,296.93243,269931.77,687.14667,271655.5,65.7394,569.6299,111404.86,61.853703,10
267064.3,424.8908,393.79633,361.2214,296.94904,7.2356606,10156563,2742.8474,219.7283,205.61758,1092838.9,680.08203,258830.7,577.44946,111404.86,412.99765,296.93243,269931.65,687.14624,271655.06,65.815285,569.6297,111404.81,61.85365,10
267064.45,424.89084,393.7963,361.2214,296.94904,7.2356505,10156560.5,2742.847,219.72781,205.61803,1092836.5,680.0824,258830.9,577.4497,111404.91,412.99762,296.93243,269931.77,687.14667,271655.5,65.7394,569.6299,111404.86,61.853703,10
267064.3,424.8908,393.79633,361.2214,296.94904,7.2356606,10156563,2742.8474,219.7283,205.61758,1092838.9,680.08203,258830.7,577.44946,111404.86,412.99765,296.93243,269931.65,687.14624,271655.06,65.815285,569.6297,111404.81,61.85365,10
267064.45,424.89084,393.7963,361.2214,296.94904,7.2356505,10156560.5,2742.847,219.72781,205.61803,1092836.5,680.0824,258830.9,577.4497,111404.91,412.99762,296.93243,269931.77,687.14667,271655.5,65.7394,569.6299,111404.86,61.853703,10
267064.3,424.8908,393.79633,361.2214,296.94904,7.2356606,10156563,2742.8474,219.7283,205.61758,1092838.9,680.08203,258830.7,577.44946,111404.86,412.99765,296.93243,269931.65,687.14624,271655.06,65.815285,569.6297,111404.81,61.85365,10
267064.45,424.89084,393.7963,361.2214,296.94904,7.2356505,10156560.5,2742.847,219.72781,205.61803,1092836.5,680.0824,258830.9,577.4497,111404.91,412.99762,296.93243,269931.77,687.14667,271655.5,65.7394,569.6299,111404.86,61.853703,10
267064.3,424.8908,393.79633,361.2214,296.94904,7.2356606,10156563,2742.8474,219.7283,205.61758,1092838.9,680.08203,258830.7,577.44946,111404.86,412.99765,296.93243,269931.65,687.14624,271655.06,65.815285,569.6297,111404.81,61.85365,10
267064.45,424.89084,393.7963,361.2214,296.94904,7.2356505,10156560.5,2742.847,219.72781,205.61803,1092836.5,680.0824,258830.9,577.4497,111404.91,412.99762,296.93243,269931.77,687.14667,271655.5,65.7394,569.6299,111404.86,61.853703,10
267064.3,424.8908,393.79633,361.2214,296.94904,7.2356606,10156563,2742.8474,219.7283,205.61758,1092838.9,680.08203,258830.7,577.44946,111404.86,412.99765,296.93243,269931.65,687.14624,271655.06,65.815285,569.6297,111404.81,61.85365,10
267064.45,424.89084,393.7963,361.2214,296.94904,7.2356505,10156560.5,2742.847,219.72781,205.61803,1092836.5,680.0824,258830.9,577.4497,111404.91,412.99762,296.93243,269931.77,687.14667,271655.5,65.7394,569.6299,111404.86,61.853703,10
267064.3,424.8908,393.79633,361.2214,296.94904,7.2356606,10156563,2742.8474,219.7283,205.61758,1092838.9,680.08203,258830.7,577.44946,111404.86,412.99765,296.93243,269931.65,687.14624,271655.06,65.815285,569.6297,111404.81,61.85365,10
267064.45,424.89084,393.7963,361.2214,296.94904,7.2356505,10156560.5,2742.847,219.72781,205.61803,1092836.5,680.0824,258830.9,577.4497,111404.91,412.99762,296.93243,269931.77,687.14667,271655.5,65.7394,569.6299,111404.86,61.853703,10
267064.3,424.8908,393.79633,361.2214,296.94904,7.2356606,10156563,2742.8474,219.7283,205.61758,1092838.9,680.08203,258830.7,577.44946,111404.86,412.99765,296.93243,269931.65,687.14624,271655.06,65.815285,569.6297,111404.81,61.85365,10
267064.45,424.89084,393.7963,361.2214,296.94904,7.2356505,10156560.5,2742.847,219.72781,205.61803,1092836.5,680.0824,258830.9,577.4497,111404.91,412.99762,296.93243,269931.77,687.14667,271655.5,65.7394,569.6299,111404.86,61.853703,10
267064.3,424.8908,393.79633,361.2214,296.94904,7.2356606,10156563,2742.8474,219.7283,205.61758,1092838.9,680.08203,258830.7,577.44946,111404.86,412.99765,296.93243,269931.65,687.14624,271655.06,65.815285,569.6297,111404.81,61.85365,10
267064.45,424.89084,393.7963,361.2214,296.94904,7.2356505,10156560.5,2742.847,219.72781,205.61803,1092836.5,680.0824,258830.9,577.4497,111404.91,412.99762,296.93243,269931.77,687.14667,271655.5,65.7394,569.6299,111404.86,61.853703,10
267064.3,424.8908,393.79633,361.2214,296.94904,7.2356606,10156563,2742.8474,219.7283,205.61758,1092838.9,680.08203,258830.7,577.44946,111404.86,412.99765,296.93243,269931.65,687.14624,271655.06,65.815285,569.6297,111404.81,61.85365,10
267064.45,424.89084,393.7963,361.2214,296.94904,7.2356505,10156560.5,2742.847,219.72781,205.61803,1092836.5,680.0824,258830.9,577.4497,111404.91,412.99762,296.93243,269931.77,687.14667,271655.5,65.7394,569.6299,111404.86,61.853703,10
267064.3,424.8908,393.79633,361.2214,296.94904,7.2356606,10156563,2742.8474,219.7283,205.61758,1092838.9,680.08203,258830.7,577.44946,111404.86,412.99765,296.93243,269931.65,687.14624,271655.06,65.815285,569.6297,111404.81,61.85365,10
267064.45,424.89084,393.7963,361.2214,296.94904,7.2356505,10156560.5,2742.847,219.72781,205.61803,1092836.5,680.0824,258830.9,577.4497,111404.91,412.99762,296.93243,269931.77,687.14667,271655.5,65.7394,569.6299,111404.86,61.853703,10
267064.3,424.8908,393.79633,361.2214,296.94904,7.2356606,10156563,2742.8474,219.7283,205.61758,1092838.9,680.08203,258830.7,577.44946,111404.86,412.99765,296.93243,269931.65,687.14624,271655.06,65.815285,569.6297,111404.81,61.85365,10
267064.45,424.89084,393.7963,361.2214,296.94904,7.2356505,10156560.5,2742.847,219.72781,205.61803,1092836.5,680.0824,258830.9,577.4497,111404.91,412.99762,296.93243,269931.77,687.14667,271655.5,65.7394,569.6299,111404.86,61.853703,10
267064.3,424.8908,393.79633,361.2214,296.94904,7.2356606,10156563,2742.8474,219.7283,205.61758,1092838.9,680.08203,258830.7,577.44946,111404.86,412.99765,296.93243,269931.65,687.14624,271655.06,65.815285,569.6297,111404.81,61.85365,10
267064.45,424.89084,393.7963,361.2214,296.94904,7.2356505,10156560.5,2742.847,219.72781,205.61803,1092836.5,680.0824,258830.9,577.4497,111404.91,412.99762,296.93243,269931.77,687.14667,271655.5,65.7394,569.6299,111404.86,61.853703,10
267064.3,424.8908,393.79633,361.2214,296.94904,7.2356606,10156563,2742.8474,219.7283,205.61758,1092838.9,680.08203,258830.7,577.44946,111404.86,412.99765,296.93243,269931.65,687.14624,271655.06,65.815285,569.6297,111404.81,61.85365,10
267064.45,424.89084,393.7963,361.2214,296.94904,7.2356505,10156560.5,2742.847,219.72781,205.61803,1092836.5,680.0824,258830.9,577.4497,111404.91,412.99762,296.93243,269931.77,687.14667,271655.5,65.7394,569.6299,111404.86,61.853703,10
267064.3,424.8908,393.79633,361.2214,296.94904,7.2356606,10156563,2742.8474,219.7283,205.61758,1092838.9,680.08203,258830.7,577.44946,111404.86,412.99765,296.93243,269931.65,687.14624,271655.06,65.815285,569.6297,111404.81,61.85365,10
267064.45,424.89084,393.7963,361.2214,296.94904,7.2356505,10156560.5,2742.847,219.72781,205.61803,1092836.5,680.0824,258830.9,577.4497,111404.91,412.99762,296.93243,269931.77,687.14667,271655.5,65.7394,569.6299,111404.86,61.853703,10
267064.3,424.8908,393.79633,361.2214,296.94904,7.2356606,10156563,2742.8474,219.7283,205.61758,1092838.9,680.08203,258830.7,577.44946,111404.86,412.99765,296.93243,269931.65,687.14624,271655.06,65.815285,569.6297,111404.81,61.85365,10
267064.45,424.89084,393.7963,361.2214,296.94904,7.2356505,10156560.5,2742.847,219.72781,205.61803,1092836.5,680.0824,258830.9,577.4497,111404.91,412.99762,296.93243,269931.77,687.14667,271655.5,65.7394,569.6299,111404.86,61.853703,10
267064.3,424.8908,393.79633,361.2214,296.94904,7.2356606,10156563,2742.8474,219.7283,205.61758,1092838.9,680.08203,258830.7,577.44946,111404.86,412.99765,296.93243,269931.65,687.14624,271655.06,65.815285,569.6297,111404.81,61.85365,10
267064.45,424.89084,393.7963,361.2214,296.94904,7.2356505,10156560.5,2742.847,219.72781,205.61803,1092836.5,680.0824,258830.9,577.4497,111404.91,412.99762,296.93243,269931.77,687.14667,271655.5,65.7394,569.6299,111404.86,61.853703,10
267064.3,424.8908,393.79633,361.2214,296.94904,7.2356606,10156563,2742.8474,219.7283,205.61758,1092838.9,680.08203,258830.7,577.44946,111404.86,412.99765,296.93243,269931.65,687.14624,271655.06,65.815285,569.6297,111404.81,61.85365,10
267064.45,424.89084,393.7963,361.2214,296.94904,7.2356505,10156560.5,2742.847,219.72781,205.61803,1092836.5,680.0824,258830.9,577.4497,111404.91,412.99762,296.93243,269931.77,687.14667,271655.5,65.7394,569.6299,111404.86,61.853703,10
267064.3,424.8908,393.79633,361.2214,296.94904,7.2356606,10156563,2742.8474,219.7283,205.61758,1092838.9,680.08203,258830.7,577.44946,111404.86,412.99765,296.93243,269931.65,687.14624,271655.06,65.815285,569.6297,111404.81,61.85365,10
267064.45,424.89084,393.7963,361.2214,296.94904,7.2356505,10156560.5,2742.847,219.72781,205.61803,1092836.5,680.0824,258830.9,577.4497,111404.91,412.99762,296.93243,269931.77,687.14667,271655.5,65.7394,569.6299,111404.86,61.853703,10
267064.3,424.8908,393.79633,361.2214,296.94904,7.2356606,10156563,2742.8474,219.7283,205.61758,1092838.9,680.08203,258830.7,577.44946,111404.86,412.99765,296.93243,269931.65,687.14624,271655.06,65.815285,569.6297,111404.81,61.85365,10
267064.45,424.89084,393.7963,361.2214,296.94904,7.2356505,10156560.5,2742.847,219.72781,205.61803,1092836.5,680.0824,258830.9,577.4497,111404.91,412.99762,296.93243,269931.77,687.14667,271655.5,65.7394,569.6299,111404.86,61.853703,10
267064.3,424.8908,393.79633,361.2214,296.94904,7.2356606,10156563,2742.8474,219.7283,205.61758,1092838.9,680.08203,258830.7,577.44946,111404.86,412.99765,296.93243,269931.65,687.14624,271655.06,65.815285,569.6297,111404.81,61.85365,10
267064.45,424.89084,393.7963,361.2214,296.94904,7.2356505,10156560.5,2742.847,219.72781,205.61803,1092836.5,680.0824,258830.9,577.4497,111404.91,412.99762,296.93243,269931.77,687.14667,271655.5,65.7394,569.6299,111404.86,61.853703,10
267064.3,424.8908,393.79633,361.2214,296.94904,7.2356606,10156563,2742.8474,219.7283,205.61758,1092838.9,680.08203,258830.7,577.44946,111404.86,412.99765,296.93243,269931.65,687.14624,271655.06,65.815285,569.6297,111404.81,61.85365,10
267064.45,424.89084,393.7963,361.2214,296.94904,7.2356505,10156560.5,2742.847,219.72781,205.61803,1092836.5,680.0824,258830.9,577.4497,111404.91,412.99762,296.93243,269931.77,687.14667,271655.5,65.7394,569.6299,111404.86,61.853703,10
267064.3,424.8908,393.79633,361.2214,296.94904,7.2356606,10156563,2742.8474,219.7283,205.61758,1092838.9,680.08203,258830.7,577.44946,111404.86,412.99765,296.93243,269931.65,687.14624,271655.06,65.815285,569.6297,111404.81,61.85365,10
267064.45,424.89084,393.7963,361.2214,296.94904,7.2356505,10156560.5,2742.847,219.72781,205.61803,1092836.5,680.0824,258830.9,577.4497,111404.91,412.99762,296.93243,269931.77,687.14667,271655.5,65.7394,569.6299,111404.86,61.853703,10
267064.3,424.8908,393.79633,361.2214,296.94904,7.2356606,10156563,2742.8474,219.7283,205.61758,1092838.9,680.08203,258830.7,577.44946,111404.86,412.99765,296.93243,269931.65,687.14624,271655.06,65.815285,569.6297,111404.81,61.85365,10
267064.45,424.89084,393.7963,361.2214,296.94904,7.2356505,10156560.5,2742.847,219.72781,205.61803,1092836.5,680.0824,258830.9,577.4497,111404.91,412.99762,296.93243,269931.77,687.14667,271655.5,65.7394,569.6299,111404.86,61.853703,10
267064.3,424.8908,393.79633,361.2214,296.94904,7.2356606,10156563,2742.8474,219.7283,205.61758,1092838.9,680.08203,258830.7,577.44946,111404.86,412.99765,296.93243,269931.65,687.14624,271655.06,65.815285,569.6297,111404.81,61.85365,10
267064.45,424.89084,393.7963,361.2214,296.94904,7.2356505,10156560.5,2742.847,219.72781,205.61803,1092836.5,680.0824,258830.9,577.4497,111404.91,412.99762,296.93243,269931.77,687.14667,271655.5,65.7394,569.6299,111404.86,61.853703,10
267064.3,424.8908,393.79633,361.2214,296.94904,7.2356606,10156563,2742.8474,219.7283,205.61758,1092838.9,680.08203,258830.7,577.44946,111404.86,412.99765,296.93243,269931.65,687.14624,271655.06,65.815285,569.6297,111404.81,61.85365,10
267064.45,424.89084,393.7963,361.2214,296.94904,7.2356505,10156560.5,2742.847,219.72781,205.61803,1092836.5,680.0824,258830.9,577.4497,111404.91,412.99762,296.93243,269931.77,687.14667,271655.5,65.7394,569.6299,111404.86,61.853703,10
267064.3,424.8908,393.79633,361.2214,296.94904,7.2356606,10156563,2742.8474,219.7283,205.61758,1092838.9,680.08203,258830.7,577.44946,111404.86,412.99765,296.93243,269931.65,687.14624,271655.06,65.815285,569.6297,111404.81,61.85365,10
267064.45,424.89084,393.7963,361.2214,296.94904,7.2356505,10156560.5,2742.847,219.72781,205.61803,1092836.5,680.0824,258830.9,577.4497,111404.91,412.99762,296.93243,269931.77,687.14667,271655.5,65.7394,569.6299,111404.86,61.853703,10
267064.3,424.8908,393.79633,361.2214,296.94904,7.2356606,10156563,2742.8474,219.7283,205.61758,1092838.9,680.08203,258830.7,577.44946,111404.86,412.99765,296.93243,269931.65,687.14624,271655.06,65.815285,569.6297,111404.81,61.85365,10
267064.45,424.89084,393.7963,361.2214,296.94904,7.2356505,10156560.5,2742.847,219.72781,205.61803,1092836.5,680.0824,258830.9,577.4497,111404.91,412.99762,296.93243,269931.77,687.14667,271655.5,65.7394,569.6299,111404.86,61.853703,10
267064.3,424.8908,393.79633,361.2214,296.94904,7.2356606,10156563,2742.8474,219.7283,205.61758,1092838.9,680.08203,258830.7,577.44946,111404.86,412.99765,296.93243,269931.65,687.14624,271655.06,65.815285,569.6297,111404.81,61.85365,10
267064.45,424.89084,393.7963,361.2214,296.94904,7.2356505,10156560.5,2742.847,219.72781,205.61803,1092836.5,680.0824,258830.9,577.4497,111404.91,412.99762,296.93243,269931.77,687.14667,271655.5,65.7394,569.6299,111404.86,61.853703,10
267064.3,424.8908,393.79633,361.2214,296.94904,7.2356606,10156563,2742.8474,219.7283,205.61758,1092838.9,680.08203,258830.7,577.44946,111404.86,412.99765,296.93243,269931.65,687.14624,271655.06,65.815285,569.6297,111404.81,61.85365,10
267064.45,424.89084,393.7963,361.2214,296.94904,7.2356505,10156560.5,2742.847,219.72781,205.61803,1092836.5,680.0824,258830.9,577.4497,111404.91,412.99762,296.93243,269931.77,687.14667,271655.5,65.7394,569.6299,111404.86,61.853703,10
267064.3,424.8908,393.79633,361.2214,296.94904,7.2356606,10156563,2742.8474,219.7283,205.61758,1092838.9,680.08203,258830.7,577.44946,111404.86,412.99765,296.93243,269931.65,687.14624,271655.06,65.815285,569.6297,111404.81,61.85365,10
267064.45,424.89084,393.7963,361.2214,296.94904,7.2356505,10156560.5,2742.847,219.72781,205.61803,1092836.5,680.0824,258830.9,577.4497,111404.91,412.99762,296.93243,269931.77,687.14667,271655.5,65.7394,569.6299,111404.86,61.853703,10
267064.3,424.8908,393.79633,361.2214,296.94904,7.2356606,10156563,2742.8474,219.7283,205.61758,1092838.9,680.08203,258830.7,577.44946,111404.86,412.99765,296.93243,269931.65,687.14624,271655.06,65.815285,569.6297,111404.81,61.85365,10
267064.45,424.89084,393.7963,361.2214,296.94904,7.2356505,10156560.5,2742.847,219.72781,205.61803,1092836.5,680.0824,258830.9,577.4497,111404.91,412.99762,296.93243,269931.77,687.14667,271655.5,65.7394,569.6299,111404.86,61.853703,10
267064.3,424.8908,393.79633,361.2214,296.94904,7.2356606,10156563,2742.8474,219.7283,205.61758,1092838.9,680.08203,258830.7,577.44946,111404.86,412.99765,296.93243,269931.65,687.14624,271655.06,65.815285,569.6297,111404.81,61.85365,10
267064.45,424.89084,393.7963,361.2214,296.94904,7.2356505,10156560.5,2742.847,219.72781,205.61803,1092836.5,680.0824,258830.9,577.4497,111404.91,412.99762,296.93243,269931.77,687.14667,271655.5,65.7394,569.6299,111404.86,61.853703,10
267064.3,424.8908,393.79633,361.2214,296.94904,7.2356606,10156563,2742.8474,219.7283,205.61758,1092838.9,680.08203,258830.7,577.44946,111404.86,412.99765,296.93243,269931.65,687.14624,271655.06,65.815285,569.6297,111404.81,61.85365,10
267064.45,424.89084,393.7963,361.2214,296.94904,7.2356505,10156560.5,2742.847,219.72781,205.61803,1092836.5,680.0824,258830.9,577.4497,111404.91,412.99762,296.93243,269931.77,687.14667,271655.5,65.7394,569.6299,111404.86,61.853703,10
267064.3,424.8908,393.79633,361.2214,296.94904,7.2356606,10156563,2742.8474,219.7283,205.61758,1092838.9,680.08203,258830.7,577.44946,111404.86,412.99765,296.93243,269931.65,687.14624,271655.06,65.815285,569.6297,111404.81,61.85365,10
267064.45,424.89084,393.7963,361.2214,296.94904,7.2356505,10156560.5,2742.847,219.72781,205.61803,1092836.5,680.0824,258830.9,577.4497,111404.91,412.99762,296.93243,269931.77,687.14667,271655.5,65.7394,569.6299,111404.86,61.853703,10
267064.3,424.8908,393.79633,361.2214,296.94904,7.2356606,10156563,2742.8474,219.7283,205.61758,1092838.9,680.08203,258830.7,577.44946,111404.86,412.99765,296.93243,269931.65,687.14624,271655.06,65.815285,569.6297,111404.81,61.85365,10
267064.45,424.89084,393.7963,361.2214,296.94904,7.2356505,10156560.5,2742.847,219.72781,205.61803,1092836.5,680.0824,258830.9,577.4497,111404.91,412.99762,296.93243,269931.77,687.14667,271655.5,65.7394,569.6299,111404.86,61.853703,10
267064.3,424.8908,393.79633,361.2214,296.94904,7.2356606,10156563,2742.8474,219.7283,205.61758,1092838.9,680.08203,258830.7,577.44946,111404.86,412.99765,296.93243,269931.65,687.14624,271655.06,65.815285,569.6297,111404.81,61.85365,10
267064.45,424.89084,393.7963,361.2214,296.94904,7.2356505,10156560.5,2742.847,219.72781,205.61803,1092836.5,680.0824,258830.9,577.4497,111404.91,412.99762,296.93243,269931.77,687.14667,271655.5,65.7394,569.6299,111404.86,61.853703,10
267064.3,424.8908,393.79633,361.2214,296.94904,7.2356606,10156563,2742.8474,219.7283,205.61758,1092838.9,680.08203,258830.7,577.44946,111404.86,412.99765,296.93243,269931.65,687.14624,271655.06,65.815285,569.6297,111404.81,61.85365,10
267064.45,424.89084,393.7963,361.2214,296.94904,7.2356505,10156560.5,2742.847,219.72781,205.61803,1092836.5,680.0824,258830.9,577.4497,111404.91,412.99762,296.93243,269931.77,687.14667,271655.5,65.7394,569.6299,111404.86,61.853703,10
267064.3,424.8908,393.79633,361.2214,296.94904,7.2356606,10156563,2742.8474,219.7283,205.61758,1092838.9,680.08203,258830.7,577.44946,111404.86,412.99765,296.93243,269931.65,687.14624,271655.06,65.815285,569.6297,111404.81,61.85365,10
267064.45,424.89084,393.7963,361.2214,296.94904,7.2356505,10156560.5,2742.847,219.72781,205.61803,1092836.5,680.0824,258830.9,577.4497,111404.91,412.99762,296.93243,269931.77,687.14667,271655.5,65.7394,569.6299,111404.86,61.853703,10
267064.3,424.8908,393.79633,361.2214,296.94904,7.2356606,10156563,2742.8474,219.7283,205.61758,1092838.9,680.08203,258830.7,577.44946,111404.86,412.99765,296.93243,269931.65,687.14624,271655.06,65.815285,569.6297,111404.81,61.85365,10
267064.45,424.89084,393.7963,361.2214,296.94904,7.2356505,10156560.5,2742.847,219.72781,205.61803,1092836.5,680.0824,258830.9,577.4497,111404.91,412.99762,296.93243,269931.77,687.14667,271655.5,65.7394,569.6299,111404.86,61.853703,10
267064.3,424.8908,393.79633,361.2214,296.94904,7.2356606,10156563,2742.8474,219.7283,205.61758,1092838.9,680.08203,258830.7,577.44946,111404.86,412.99765,296.93243,269931.65,687.14624,271655.06,65.815285,569.6297,111404.81,61.85365,10
267064.45,424.89084,393.7963,361.2214,296.94904,7.2356505,10156560.5,2742.847,219.72781,205.61803,1092836.5,680.0824,258830.9,577.4497,111404.91,412.99762,296.93243,269931.77,687.14667,271655.5,65.7394,569.6299,111404.86,61.853703,10
267064.3,424.8908,393.79633,361.2214,296.94904,7.2356606,10156563,2742.8474,219.7283,205.61758,1092838.9,680.08203,258830.7,577.44946,111404.86,412.99765,296.93243,269931.65,687.14624,271655.06,65.815285,569.6297,111404.81,61.85365,10
267064.45,424.89084,393.7963,361.2214,296.94904,7.2356505,10156560.5,2742.847,219.72781,205.61803,1092836.5,680.0824,258830.9,577.4497,111404.91,412.99762,296.93243,269931.77,687.14667,271655.5,65.7394,569.6299,111404.86,61.853703,10
267064.3,424.8908,393.79633,361.2214,296.94904,7.2356606,10156563,2742.8474,219.7283,205.61758,1092838.9,680.08203,258830.7,577.44946,111404.86,412.99765,296.93243,269931.65,687.14624,271655.06,65.815285,569.6297,111404.81,61.85365,10
267064.45,424.89084,393.7963,361.2214,296.94904,7.2356505,10156560.5,2742.847,219.72781,205.61803,1092836.5,680.0824,258830.9,577.4497,111404.91,412.99762,296.93243,269931.77,687.14667,271655.5,65.7394,569.6299,111404.86,61.853703,10
267064.3,424.8908,393.79633,361.2214,296.94904,7.2356606,10156563,2742.8474,219.7283,205.61758,1092838.9,680.08203,258830.7,577.44946,111404.86,412.99765,296.93243,269931.65,687.14624,271655.06,65.815285,569.6297,111404.81,61.85365,10
267064.45,424.89084,393.7963,361.2214,296.94904,7.2356505,10156560.5,2742.847,219.72781,205.61803,1092836.5,680.0824,258830.9,577.4497,111404.91,412.99762,296.93243,269931.77,687.14667,271655.5,65.7394,569.6299,111404.86,61.853703,10
267064.3,424.8908,393.79633,361.2214,296.94904,7.2356606,10156563,2742.8474,219.7283,205.61758,1092838.9,680.08203,258830.7,577.44946,111404.86,412.99765,296.93243,269931.65,687.14624,271655.06,65.815285,569.6297,111404.81,61.85365,10
267064.45,424.89084,393.7963,361.2214,296.94904,7.2356505,10156560.5,2742.847,219.72781,205.61803,1092836.5,680.0824,258830.9,577.4497,111404.91,412.99762,296.93243,269931.77,687.14667,271655.5,65.7394,569.6299,111404.86,61.853703,10
267064.3,424.8908,393.79633,361.2214,296.94904,7.2356606,10156563,2742.8474,219.7283,205.61758,1092838.9,680.08203,258830.7,577.44946,111404.86,412.99765,296.93243,269931.65,687.14624,271655.06,65.815285,569.6297,111404.81,61.85365,10
267064.45,424.89084,393.7963,361.2214,296.94904,7.2356505,10156560.5,2742.847,219.72781,205.61803,1092836.5,680.0824,258830.9,577.4497,111404.91,412.99762,296.93243,269931.77,687.14667,271655.5,65.7394,569.6299,111404.86,61.853703,10
267064.3,424.8908,393.79633,361.2214,296.94904,7.2356606,10156563,2742.8474,219.7283,205.61758,1092838.9,680.08203,258830.7,577.44946,111404.86,412.99765,296.93243,269931.65,687.14624,271655.06,65.815285,569.6297,111404.81,61.85365,10
267064.45,424.89084,393.7963,361.2214,296.94904,7.2356505,10156560.5,2742.847,219.72781,205.61803,1092836.5,680.0824,258830.9,577.4497,111404.91,412.99762,296.93243,269931.77,687.14667,271655.5,65.7394,569.6299,111404.86,61.853703,10
267064.3,424.8908,393.79633,361.2214,296.94904,7.2356606,10156563,2742.8474,219.7283,205.61758,1092838.9,680.08203,258830.7,577.44946,111404.86,412.99765,296.93243,269931.65,687.14624,271655.06,65.815285,569.6297,111404.81,61.85365,10
267064.45,424.89084,393.7963,361.2214,296.94904,7.2356505,10156560.5,2742.847,219.72781,205.61803,1092836.5,680.0824,258830.9,577.4497,111404.91,412.99762,296.93243,269931.77,687.14667,271655.5,65.7394,569.6299,111404.86,61.853703,10
267064.3,424.8908,393.79633,361.2214,296.94904,7.2356606,10156563,2742.8474,219.7283,205.61758,1092838.9,680.08203,258830.7,577.44946,111404.86,412.99765,296.93243,269931.65,687.14624,271655.06,65.815285,569.6297,111404.81,61.85365,10
267064.45,424.89084,393.7963,361.2214,296.94904,7.2356505,10156560.5,2742.847,219.72781,205.61803,1092836.5,680.0824,258830.9,577.4497,111404.91,412.99762,296.93243,269931.77,687.14667,271655.5,65.7394,569.6299,111404.86,61.853703,10
267064.3,424.8908,393.79633,361.2214,296.94904,7.2356606,10156563,2742.8474,219.7283,205.61758,1092838.9,680.08203,258830.7,577.44946,111404.86,412.99765,296.93243,269931.65,687.14624,271655.06,65.815285,569.6297,111404.81,61.85365,10
267064.45,424.89084,393.7963,361.2214,296.94904,7.2356505,10156560.5,2742.847,219.72781,205.61803,1092836.5,680.0824,258830.9,577.4497,111404.91,412.99762,296.93243,269931.77,687.14667,271655.5,65.7394,569.6299,111404.86,61.853703,10
267064.3,424.8908,393.79633,361.2214,296.94904,7.2356606,10156563,2742.8474,219.7283,205.61758,1092838.9,680.08203,258830.7,577.44946,111404.86,412.99765,296.93243,269931.65,687.14624,271655.06,65.815285,569.6297,111404.81,61.85365,10
267064.45,424.89084,393.7963,361.2214,296.94904,7.2356505,10156560.5,2742.847,219.72781,205.61803,1092836.5,680.0824,258830.9,577.4497,111404.91,412.99762,296.93243,269931.77,687.14667,271655.5,65.7394,569.6299,111404.86,61.853703,10
267064.3,424.8908,393.79633,361.2214,296.94904,7.2356606,10156563,2742.8474,219.7283,205.61758,1092838.9,680.08203,258830.7,577.44946,111404.86,412.99765,296.93243,269931.65,687.14624,271655.06,65.815285,569.6297,111404.81,61.85365,10
267064.48,424.89087,393.7963,361.2214,296.94904,7.2356477,10156547.5,2742.8464,219.72818,205.61768,1092838.4,680.0829,258830.93,577.45013,111404.92,412.99762,296.93243,269931.8,687.14716,271655.54,65.73939,569.63025,111404.86,61.853725,10
267064.36,424.89084,393.79636,361.2214,296.94904,7.2356596,10156546,2742.8464,219.72824,205.61763,1092838.7,680.0823,258830.67,577.4497,111404.86,412.99765,296.93243,269931.7,687.1465,271655.04,65.815384,569.62994,111404.81,61.85366,10
267064.45,424.89087,393.7963,361.2214,296.94904,7.23565,10156548,2742.8464,219.72777,205.61807,1092836.3,680.08234,258830.9,577.44965,111404.91,412.99762,296.93243,269931.77,687.14655,271655.5,65.7394,569.6298,111404.86,61.853695,10
267064.33,424.89084,393.79633,361.2214,296.94904,7.2356606,10156550.6,2742.8467,219.72826,205.61761,1092838.7,680.0819,258830.7,577.44934,111404.86,412.99765,296.93243,269931.65,687.1461,271655.06,65.81528,569.62964,111404.81,61.853645,10
267064.48,424.89087,393.7963,361.2214,296.94904,7.2356477,10156547.5,2742.8464,219.7282,205.61768,1092838.4,680.0828,258830.93,577.4501,111404.92,412.99762,296.93243,269931.8,687.1471,271655.54,65.73939,569.6302,111404.86,61.853725,10
267064.36,424.89084,393.79636,361.2214,296.94904,7.235659,10156546,2742.8464,219.72824,205.61763,1092838.7,680.0823,258830.7,577.4497,111404.86,412.99768,296.93243,269931.7,687.1465,271655.06,65.815384,569.62994,111404.81,61.85366,10
267064.45,424.89087,393.7963,361.2214,296.94904,7.23565,10156549,2742.8464,219.72777,205.61807,1092836.3,680.08234,258830.9,577.44965,111404.91,412.99762,296.93243,269931.77,687.1465,271655.5,65.7394,569.62976,111404.86,61.853695,10
267064.33,424.89084,393.79633,361.2214,296.94904,7.2356606,10156550.6,2742.8467,219.72826,205.61761,1092838.7,680.0819,258830.7,577.44934,111404.86,412.99765,296.93243,269931.65,687.1461,271655.08,65.81528,569.6296,111404.81,61.853645,10
267064.48,424.89087,393.7963,361.2214,296.94904,7.2356477,10156547.5,2742.8464,219.7282,205.61768,1092838.4,680.0828,258830.93,577.4501,111404.92,412.99762,296.93243,269931.8,687.1471,271655.56,65.73939,569.6302,111404.86,61.853725,10
267064.36,424.89084,393.79636,361.2214,296.94904,7.235659,10156546,2742.8464,219.72824,205.61763,1092838.7,680.0823,258830.7,577.4497,111404.86,412.99768,296.93243,269931.7,687.1465,271655.06,65.815384,569.62994,111404.81,61.85366,10
267064.48,424.89087,393.79633,361.2214,296.94904,7.23565,10156549,2742.8464,219.72777,205.61807,1092836.3,680.08234,258830.9,577.44965,111404.91,412.99762,296.93243,269931.8,687.1465,271655.5,65.7394,569.62976,111404.86,61.853695,10
267064.33,424.89084,393.79636,361.2214,296.94904,7.2356606,10156550.6,2742.8467,219.72826,205.61761,1092838.7,680.0819,258830.71,577.44934,111404.86,412.99765,296.93243,269931.67,687.1461,271655.08,65.81528,569.6296,111404.81,61.853645,10
267064.48,424.89087,393.79633,361.22144,296.94904,7.2356477,10156548,2742.8464,219.7282,205.61768,1092838.4,680.0828,258830.93,577.4501,111404.92,412.99762,296.93243,269931.8,687.1471,271655.56,65.73939,569.6302,111404.86,61.853725,10
267064.38,424.89084,393.79636,361.2214,296.94904,7.235659,10156546,2742.8464,219.72824,205.61763,1092838.7,680.0823,258830.7,577.4497,111404.86,412.99768,296.93243,269931.7,687.1465,271655.06,65.815384,569.62994,111404.81,61.85366,10
267064.48,424.89087,393.79633,361.22144,296.94904,7.23565,10156549,2742.8464,219.72777,205.61807,1092836.3,680.08234,258830.9,577.44965,111404.91,412.99762,296.93243,269931.8,687.1465,271655.5,65.7394,569.62976,111404.86,61.853695,10
267064.33,424.89084,393.79636,361.2214,296.94904,7.2356606,10156550.6,2742.8467,219.72826,205.61761,1092838.7,680.0819,258830.71,577.44934,111404.86,412.99765,296.93243,269931.67,687.1461,271655.08,65.81528,569.6296,111404.81,61.853645,10
267064.48,424.89087,393.79633,361.22144,296.94904,7.2356477,10156548,2742.8464,219.7282,205.61768,1092838.4,680.08276,258830.93,577.4501,111404.92,412.99762,296.93243,269931.8,687.1471,271655.56,65.73939,569.6302,111404.86,61.853725,10
267064.38,424.89084,393.79636,361.22144,296.94904,7.235659,10156546,2742.8464,219.72824,205.61763,1092838.7,680.0823,258830.7,577.4497,111404.86,412.99768,296.93243,269931.7,687.1465,271655.06,65.815384,569.62994,111404.81,61.85366,10
267064.48,424.89087,393.79633,361.22144,296.94904,7.23565,10156549,2742.8464,219.72777,205.61807,1092836.3,680.08234,258830.9,577.44965,111404.91,412.99765,296.93243,269931.8,687.1465,271655.5,65.7394,569.62976,111404.86,61.853695,10
267064.33,424.89084,393.79636,361.22144,296.94904,7.2356606,10156550.6,2742.8467,219.72826,205.61761,1092838.7,680.0819,258830.71,577.44934,111404.86,412.99768,296.93243,269931.67,687.1461,271655.08,65.81528,569.6296,111404.81,61.853645,10
267064.48,424.89087,393.79633,361.22144,296.94904,7.2356477,10156548,2742.8464,219.7282,205.61768,1092838.4,680.08276,258830.93,577.4501,111404.92,412.99765,296.93243,269931.82,687.1471,271655.56,65.73939,569.6302,111404.86,61.853725,10
267064.38,424.89084,393.79636,361.22144,296.94904,7.235659,10156547,2742.8464,219.72824,205.61763,1092838.7,680.0823,258830.7,577.4497,111404.86,412.99768,296.93243,269931.7,687.1465,271655.06,65.815384,569.62994,111404.81,61.85366,10
267064.48,424.89087,393.79633,361.22144,296.94904,7.23565,10156549,2742.8464,219.72777,205.61807,1092836.3,680.08234,258830.9,577.44965,111404.91,412.99765,296.93243,269931.8,687.1465,271655.5,65.7394,569.62976,111404.86,61.853695,10
267064.33,424.89084,393.79636,361.22144,296.94904,7.2356606,10156550.6,2742.8467,219.72826,205.61761,1092838.7,680.0819,258830.71,577.44934,111404.86,412.99768,296.93243,269931.67,687.1461,271655.08,65.81528,569.6296,111404.81,61.853645,10
267064.5,424.89087,393.79633,361.22144,296.94904,7.235647,10156548,2742.8464,219.7282,205.61768,1092838.4,680.08276,258830.93,577.4501,111404.92,412.99765,296.93243,269931.82,687.1471,271655.56,65.73939,569.6302,111404.86,61.853725,10
267064.38,424.89084,393.79636,361.22144,296.94904,7.235659,10156547,2742.8464,219.72824,205.61763,1092838.7,680.0823,258830.7,577.44965,111404.86,412.99768,296.93243,269931.7,687.1465,271655.06,65.815384,569.62994,111404.81,61.85366,10
267064.48,424.89087,393.79633,361.22144,296.94904,7.23565,10156549,2742.8464,219.72777,205.61807,1092836.3,680.08234,258830.93,577.4496,111404.91,412.99765,296.93243,269931.8,687.1465,271655.5,65.7394,569.62976,111404.86,61.853695,10
267064.33,424.89084,393.79636,361.22144,296.94904,7.2356606,10156551,2742.8467,219.72826,205.61761,1092838.7,680.0819,258830.71,577.44934,111404.86,412.99768,296.93243,269931.67,687.1461,271655.08,65.81528,569.6296,111404.81,61.853645,10
267064.5,424.89087,393.79633,361.22144,296.94904,7.235647,10156548,2742.8464,219.7282,205.61768,1092838.4,680.08276,258830.93,577.4501,111404.92,412.99765,296.93243,269931.82,687.1471,271655.56,65.73939,569.6302,111404.86,61.853725,10
267064.38,424.89084,393.79636,361.22144,296.94904,7.235659,10156547,2742.8464,219.72824,205.61763,1092838.7,680.0823,258830.7,577.44965,111404.86,412.99768,296.93243,269931.7,687.1465,271655.06,65.815384,569.62994,111404.81,61.85366,10
267064.48,424.89087,393.79633,361.22144,296.94904,7.23565,10156549,2742.8464,219.72777,205.61807,1092836.3,680.08234,258830.93,577.4496,111404.91,412.99765,296.93243,269931.8,687.1465,271655.54,65.7394,569.62976,111404.86,61.853695,10
267064.33,424.89084,393.79636,361.22144,296.94904,7.2356606,10156551,2742.8467,219.72826,205.61761,1092838.7,680.0819,258830.71,577.44934,111404.86,412.99768,296.93243,269931.67,687.1461,271655.08,65.81528,569.6296,111404.81,61.853645,10
267064.5,424.89087,393.79633,361.22144,296.94904,7.235647,10156548,2742.8464,219.7282,205.61768,1092838.4,680.08276,258830.93,577.4501,111404.92,412.99765,296.93243,269931.82,687.1471,271655.56,65.73939,569.6302,111404.86,61.853725,10
267064.38,424.89084,393.79636,361.22144,296.94904,7.235659,10156547,2742.8464,219.72824,205.61763,1092838.7,680.0823,258830.7,577.44965,111404.86,412.99768,296.93243,269931.72,687.1464,271655.06,65.815384,569.62994,111404.81,61.85366,10
267064.48,424.89087,393.79633,361.22144,296.94904,7.23565,10156549,2742.8464,219.72778,205.61806,1092836.3,680.08234,258830.93,577.4496,111404.91,412.99765,296.93243,269931.8,687.1465,271655.54,65.7394,569.62976,111404.86,61.853695,10
267064.33,424.89084,393.79636,361.22144,296.94904,7.2356606,10156551,2742.8467,219.72826,205.61761,1092838.7,680.0819,258830.71,577.44934,111404.86,412.99768,296.93243,269931.67,687.1461,271655.08,65.81528,569.6296,111404.81,61.853645,10
267064.5,424.89087,393.79633,361.22144,296.94904,7.235647,10156548,2742.8464,219.7282,205.61768,1092838.4,680.08276,258830.93,577.45,111404.92,412.99765,296.93243,269931.82,687.1471,271655.56,65.73939,569.6302,111404.86,61.853725,10
267064.38,424.89084,393.79636,361.22144,296.94904,7.235659,10156547,2742.8464,219.72824,205.61763,1092838.7,680.0823,258830.7,577.44965,111404.86,412.99768,296.93243,269931.72,687.1464,271655.06,65.815384,569.6299,111404.81,61.85366,10
267064.48,424.89087,393.79633,361.22144,296.94904,7.23565,10156549,2742.8464,219.72778,205.61806,1092836.3,680.08234,258830.93,577.4496,111404.91,412.99765,296.93243,269931.8,687.1465,271655.54,65.7394,569.62976,111404.86,61.853695,10
267064.33,424.89084,393.79636,361.22144,296.94904,7.2356606,10156551,2742.8467,219.72826,205.61761,1092838.7,680.0819,258830.71,577.44934,111404.86,412.99768,296.93243,269931.67,687.1461,271655.08,65.81528,569.6296,111404.81,61.853645,10
267064.5,424.89087,393.79633,361.22144,296.94904,7.235647,10156548,2742.8464,219.7282,205.61768,1092838.4,680.08276,258830.93,577.45,111404.92,412.99765,296.93243,269931.82,687.1471,271655.56,65.73939,569.6302,111404.86,61.853725,10
267064.38,424.89084,393.79636,361.22144,296.94904,7.235659,10156547,2742.8464,219.72824,205.61763,1092838.7,680.0823,258830.7,577.44965,111404.86,412.99768,296.93243,269931.72,687.1464,271655.06,65.815384,569.6299,111404.81,61.85366,10
267064.48,424.89087,393.79633,361.22144,296.94904,7.23565,10156549,2742.8464,219.72778,205.61806,1092836.3,680.08234,258830.93,577.4496,111404.91,412.99765,296.93243,269931.8,687.1465,271655.54,65.7394,569.62976,111404.86,61.8537,10
267064.33,424.89084,393.79636,361.22144,296.94904,7.2356606,10156551,2742.8467,219.72826,205.61761,1092838.7,680.0819,258830.71,577.44934,111404.86,412.99768,296.93243,269931.67,687.1461,271655.08,65.81528,569.6296,111404.81,61.853645,10
267064.5,424.89087,393.79633,361.22144,296.94904,7.235647,10156548,2742.8464,219.7282,205.61768,1092838.4,680.08276,258830.95,577.45,111404.92,412.99765,296.93243,269931.82,687.1471,271655.56,65.73939,569.6302,111404.86,61.853725,10
267064.38,424.89084,393.79636,361.22144,296.94904,7.235659,10156547,2742.8464,219.72824,205.61763,1092838.7,680.0822,258830.7,577.44965,111404.86,412.99768,296.93243,269931.72,687.1464,271655.06,65.815384,569.6299,111404.81,61.85366,10
267064.48,424.89087,393.79633,361.22144,296.94904,7.23565,10156549,2742.8464,219.72778,205.61806,1092836.3,680.08234,258830.93,577.4496,111404.91,412.99765,296.93243,269931.8,687.1465,271655.54,65.7394,569.62976,111404.86,61.8537,10
267064.33,424.89084,393.79636,361.22144,296.94904,7.2356606,10156551,2742.8467,219.72826,205.61761,1092838.7,680.0819,258830.71,577.44934,111404.86,412.99768,296.93243,269931.67,687.1461,271655.08,65.81528,569.6296,111404.81,61.853645,10
267064.5,424.89087,393.79633,361.22144,296.94904,7.235647,10156548,2742.8464,219.7282,205.61768,1092838.4,680.08276,258830.95,577.45,111404.92,412.99765,296.93243,269931.82,687.1471,271655.56,65.73939,569.6302,111404.86,61.853725,10
267064.38,424.89084,393.79636,361.22144,296.94904,7.235659,10156547,2742.8464,219.72824,205.61763,1092838.7,680.0822,258830.7,577.44965,111404.86,412.99768,296.93243,269931.72,687.1464,271655.06,65.815384,569.6299,111404.81,61.85366,10
267064.48,424.89087,393.79633,361.22144,296.94904,7.23565,10156549,2742.8464,219.72778,205.61806,1092836.3,680.08234,258830.93,577.4496,111404.91,412.99765,296.93243,269931.8,687.1465,271655.54,65.7394,569.62976,111404.86,61.8537,10
267064.33,424.89084,393.79636,361.22144,296.94904,7.2356606,10156551,2742.8467,219.72826,205.61761,1092838.7,680.0819,258830.71,577.44934,111404.86,412.99768,296.93243,269931.67,687.1461,271655.08,65.81528,569.6296,111404.81,61.853645,10
267064.5,424.89087,393.79633,361.22144,296.94904,7.235647,10156548,2742.8464,219.7282,205.61768,1092838.4,680.08276,258830.95,577.45,111404.92,412.99765,296.93243,269931.82,687.1471,271655.56,65.73939,569.6302,111404.86,61.853725,10
267064.38,424.89084,393.79636,361.22144,296.94904,7.235659,10156547,2742.8464,219.72824,205.61763,1092838.7,680.0822,258830.7,577.44965,111404.86,412.99768,296.93243,269931.72,687.1464,271655.06,65.815384,569.6299,111404.81,61.85366,10
267064.48,424.89087,393.79633,361.22144,296.94904,7.23565,10156549,2742.8464,219.72778,205.61806,1092836.3,680.08234,258830.93,577.4496,111404.91,412.99765,296.93243,269931.8,687.1465,271655.54,65.7394,569.62976,111404.86,61.8537,10
267064.33,424.89084,393.79636,361.22144,296.94904,7.2356606,10156551,2742.8467,219.72826,205.61761,1092838.7,680.0819,258830.71,577.44934,111404.86,412.99768,296.93243,269931.67,687.1461,271655.08,65.81528,569.6296,111404.81,61.853645,10
267064.5,424.89087,393.79633,361.22144,296.94904,7.235647,10156548,2742.8464,219.7282,205.61768,1092838.4,680.08276,258830.95,577.45,111404.92,412.99765,296.93243,269931.82,687.1471,271655.56,65.73939,569.6302,111404.86,61.853725,10
267064.38,424.89084,393.79636,361.22144,296.94904,7.235659,10156547,2742.8464,219.72824,205.61763,1092838.7,680.0822,258830.7,577.44965,111404.86,412.99768,296.93243,269931.72,687.1464,271655.06,65.815384,569.6299,111404.81,61.85366,10
267064.48,424.89087,393.79633,361.22144,296.94904,7.23565,10156549,2742.8464,219.72778,205.61806,1092836.3,680.08234,258830.93,577.4496,111404.91,412.99765,296.93243,269931.8,687.1465,271655.54,65.7394,569.62976,111404.86,61.8537,10
267064.33,424.89084,393.79636,361.22144,296.94904,7.2356606,10156551,2742.8467,219.72826,205.61761,1092838.7,680.0819,258830.71,577.44934,111404.86,412.99768,296.93243,269931.67,687.1461,271655.08,65.81528,569.6296,111404.81,61.853645,10
267064.5,424.89087,393.79633,361.22144,296.94904,7.235647,10156548,2742.8464,219.7282,205.61768,1092838.4,680.08276,258830.95,577.45,111404.92,412.99765,296.93243,269931.82,687.1471,271655.56,65.73939,569.6302,111404.86,61.853725,10
267064.38,424.89084,393.79636,361.22144,296.94904,7.235659,10156547,2742.8464,219.72824,205.61763,1092838.7,680.0822,258830.7,577.44965,111404.86,412.99768,296.93243,269931.72,687.1464,271655.06,65.815384,569.6299,111404.81,61.85366,10
267064.48,424.89087,393.79633,361.22144,296.94904,7.23565,10156549,2742.8464,219.72778,205.61806,1092836.3,680.08234,258830.93,577.4496,111404.91,412.99765,296.93243,269931.8,687.1465,271655.54,65.7394,569.62976,111404.86,61.8537,10
267064.33,424.89084,393.79636,361.22144,296.94904,7.2356606,10156551,2742.8467,219.72826,205.61761,1092838.7,680.0819,258830.71,577.44934,111404.86,412.99768,296.93243,269931.67,687.1461,271655.08,65.81528,569.6296,111404.81,61.853645,10
267064.5,424.89087,393.79633,361.22144,296.94904,7.235647,10156548,2742.8464,219.7282,205.61768,1092838.4,680.08276,258830.95,577.45,111404.92,412.99765,296.93243,269931.82,687.1471,271655.56,65.73939,569.6302,111404.86,61.853725,10
267064.38,424.89084,393.79636,361.22144,296.94904,7.235659,10156547,2742.8464,219.72824,205.61763,1092838.7,680.0822,258830.7,577.44965,111404.86,412.99768,296.93243,269931.72,687.1464,271655.06,65.81538,569.6299,111404.81,61.85366,10
267064.48,424.89087,393.79633,361.22144,296.94904,7.23565,10156549,2742.8464,219.72778,205.61806,1092836.3,680.08234,258830.93,577.4496,111404.91,412.99765,296.93243,269931.8,687.1465,271655.54,65.7394,569.62976,111404.86,61.8537,10
267064.33,424.89084,393.79636,361.22144,296.94904,7.2356606,10156551,2742.8467,219.72826,205.61761,1092838.7,680.0819,258830.71,577.44934,111404.86,412.99768,296.93243,269931.67,687.1461,271655.08,65.81528,569.6296,111404.81,61.853645,10
267064.5,424.89087,393.79633,361.22144,296.94904,7.235647,10156548,2742.8464,219.7282,205.61768,1092838.4,680.08276,258830.95,577.45,111404.92,412.99765,296.93243,269931.82,687.1471,271655.56,65.73939,569.6302,111404.86,61.853725,10
267064.38,424.89084,393.79636,361.22144,296.94904,7.235659,10156547,2742.8464,219.72824,205.61763,1092838.7,680.0822,258830.7,577.44965,111404.86,412.99768,296.93243,269931.72,687.1464,271655.06,65.81538,569.6299,111404.81,61.85366,10
267064.48,424.89087,393.79633,361.22144,296.94904,7.23565,10156549,2742.8464,219.72778,205.61806,1092836.3,680.08234,258830.93,577.4496,111404.91,412.99765,296.93243,269931.8,687.1465,271655.54,65.7394,569.62976,111404.86,61.8537,10
267064.33,424.89084,393.79636,361.22144,296.94904,7.2356606,10156551,2742.8467,219.72826,205.61761,1092838.7,680.0819,258830.71,577.44934,111404.86,412.99768,296.93243,269931.67,687.1461,271655.08,65.81528,569.6296,111404.81,61.853645,10
267064.5,424.89087,393.79633,361.22144,296.94904,7.235647,10156548,2742.8464,219.7282,205.61768,1092838.4,680.08276,258830.95,577.45,111404.92,412.99765,296.93243,269931.82,687.1471,271655.56,65.73939,569.6302,111404.86,61.853725,10
267064.38,424.89084,393.79636,361.22144,296.94904,7.235659,10156547,2742.8464,219.72824,205.61763,1092838.7,680.0822,258830.7,577.44965,111404.86,412.99768,296.93243,269931.72,687.1464,271655.06,65.81538,569.6299,111404.81,61.85366,10
267064.48,424.89087,393.79633,361.22144,296.94904,7.23565,10156549,2742.8464,219.72778,205.61806,1092836.3,680.08234,258830.93,577.4496,111404.91,412.99765,296.93243,269931.8,687.1465,271655.54,65.7394,569.62976,111404.86,61.8537,10
267064.33,424.89084,393.79636,361.22144,296.94904,7.2356606,10156551,2742.8467,219.72826,205.61761,1092838.7,680.0819,258830.71,577.44934,111404.86,412.99768,296.93243,269931.67,687.1461,271655.08,65.81528,569.6296,111404.81,61.853645,10
267064.5,424.89087,393.79633,361.22144,296.94904,7.235647,10156548,2742.8464,219.7282,205.61768,1092838.4,680.08276,258830.95,577.45,111404.92,412.99765,296.93243,269931.82,687.1471,271655.56,65.73939,569.6302,111404.86,61.853725,10
267064.38,424.89084,393.79636,361.22144,296.94904,7.235659,10156547,2742.8464,219.72824,205.61763,1092838.7,680.0822,258830.7,577.44965,111404.86,412.99768,296.93243,269931.72,687.1464,271655.06,65.81538,569.6299,111404.81,61.85366,10
267064.48,424.89087,393.79633,361.22144,296.94904,7.23565,10156549,2742.8464,219.72778,205.61806,1092836.3,680.08234,258830.93,577.4496,111404.91,412.99765,296.93243,269931.8,687.1465,271655.54,65.7394,569.62976,111404.86,61.8537,10
267064.33,424.89084,393.79636,361.22144,296.94904,7.2356606,10156551,2742.8467,219.72826,205.61761,1092838.7,680.0819,258830.71,577.44934,111404.86,412.99768,296.93243,269931.67,687.1461,271655.08,65.81528,569.6296,111404.81,61.853645,10
267064.5,424.89087,393.79633,361.22144,296.94904,7.235647,10156548,2742.8464,219.7282,205.61768,1092838.4,680.08276,258830.95,577.45,111404.92,412.99765,296.93243,269931.82,687.1471,271655.56,65.73939,569.6302,111404.86,61.853725,10
267064.38,424.89084,393.79636,361.22144,296.94904,7.235659,10156547,2742.8464,219.72824,205.61763,1092838.7,680.0822,258830.7,577.44965,111404.86,412.99768,296.93243,269931.72,687.1464,271655.06,65.81538,569.6299,111404.81,61.85366,10
267064.48,424.89087,393.79633,361.22144,296.94904,7.23565,10156549,2742.8464,219.72778,205.61806,1092836.3,680.08234,258830.93,577.4496,111404.91,412.99765,296.93243,269931.8,687.1465,271655.54,65.7394,569.62976,111404.86,61.8537,10
267064.33,424.89084,393.79636,361.22144,296.94904,7.2356606,10156551,2742.8467,219.72826,205.61761,1092838.7,680.0819,258830.71,577.44934,111404.86,412.99768,296.93243,269931.67,687.1461,271655.08,65.81528,569.6296,111404.81,61.853645,10
267064.5,424.89087,393.79633,361.22144,296.94904,7.235647,10156548,2742.8464,219.7282,205.61768,1092838.4,680.08276,258830.95,577.45,111404.92,412.99765,296.93243,269931.82,687.1471,271655.56,65.73939,569.6302,111404.86,61.853725,10
267064.38,424.89084,393.79636,361.22144,296.94904,7.235659,10156547,2742.8464,219.72824,205.61763,1092838.7,680.0822,258830.7,577.44965,111404.86,412.99768,296.93243,269931.72,687.1464,271655.06,65.81538,569.6299,111404.81,61.85366,10
267064.48,424.89087,393.79633,361.22144,296.94904,7.23565,10156549,2742.8464,219.72778,205.61806,1092836.3,680.08234,258830.93,577.4496,111404.91,412.99765,296.93243,269931.8,687.1465,271655.54,65.7394,569.62976,111404.86,61.8537,10
267064.33,424.89084,393.79636,361.22144,296.94904,7.2356606,10156551,2742.8467,219.72826,205.61761,1092838.7,680.0819,258830.71,577.44934,111404.86,412.99768,296.93243,269931.67,687.1461,271655.08,65.81528,569.6296,111404.81,61.853645,10
267064.5,424.89087,393.79633,361.22144,296.94904,7.235647,10156548,2742.8464,219.7282,205.61768,1092838.4,680.08276,258830.95,577.45,111404.92,412.99765,296.93243,269931.82,687.1471,271655.56,65.73939,569.6302,111404.86,61.853725,10
267064.38,424.89084,393.79636,361.22144,296.94904,7.235659,10156547,2742.8464,219.72824,205.61763,1092838.7,680.0822,258830.7,577.44965,111404.86,412.99768,296.93243,269931.72,687.1464,271655.06,65.81538,569.6299,111404.81,61.85366,10
267064.48,424.89087,393.79633,361.22144,296.94904,7.23565,10156549,2742.8464,219.72778,205.61806,1092836.3,680.08234,258830.93,577.4496,111404.91,412.99765,296.93243,269931.8,687.1465,271655.54,65.7394,569.62976,111404.86,61.8537,10
267064.33,424.89084,393.79636,361.22144,296.94904,7.2356606,10156551,2742.8467,219.72826,205.61761,1092838.7,680.0819,258830.71,577.44934,111404.86,412.99768,296.93243,269931.67,687.1461,271655.08,65.81528,569.6296,111404.81,61.853645,10
267064.5,424.89087,393.79633,361.22144,296.94904,7.235647,10156548,2742.8464,219.7282,205.61768,1092838.4,680.08276,258830.95,577.45,111404.92,412.99765,296.93243,269931.82,687.1471,271655.56,65.73939,569.6302,111404.86,61.853725,10
267064.38,424.89084,393.79636,361.22144,296.94904,7.235659,10156547,2742.8464,219.72824,205.61763,1092838.7,680.0822,258830.7,577.44965,111404.86,412.99768,296.93243,269931.72,687.1464,271655.06,65.81538,569.6299,111404.81,61.85366,10
267064.48,424.89087,393.79633,361.22144,296.94904,7.23565,10156549,2742.8464,219.72778,205.61806,1092836.3,680.08234,258830.93,577.4496,111404.91,412.99765,296.93243,269931.8,687.1465,271655.54,65.7394,569.62976,111404.86,61.8537,10
267064.33,424.89084,393.79636,361.22144,296.94904,7.2356606,10156551,2742.8467,219.72826,205.61761,1092838.7,680.0819,258830.71,577.44934,111404.86,412.99768,296.93243,269931.67,687.1461,271655.08,65.81528,569.6296,111404.81,61.853645,10
267064.5,424.89087,393.79633,361.22144,296.94904,7.235647,10156548,2742.8464,219.7282,205.61768,1092838.4,680.08276,258830.95,577.45,111404.92,412.99765,296.93243,269931.82,687.1471,271655.56,65.73939,569.6302,111404.86,61.853725,10
267064.38,424.89084,393.79636,361.22144,296.94904,7.235659,10156547,2742.8464,219.72824,205.61763,1092838.7,680.0822,258830.7,577.44965,111404.86,412.99768,296.93243,269931.72,687.1464,271655.06,65.81538,569.6299,111404.81,61.85366,10
267064.48,424.89087,393.79633,361.22144,296.94904,7.23565,10156549,2742.8464,219.72778,205.61806,1092836.3,680.08234,258830.93,577.4496,111404.91,412.99765,296.93243,269931.8,687.1465,271655.54,65.7394,569.62976,111404.86,61.8537,10
267064.33,424.89084,393.79636,361.22144,296.94904,7.2356606,10156551,2742.8467,219.72826,205.61761,1092838.7,680.0819,258830.71,577.44934,111404.86,412.99768,296.93243,269931.67,687.1461,271655.08,65.81528,569.6296,111404.81,61.853645,10
267064.5,424.89087,393.79633,361.22144,296.94904,7.235647,10156548,2742.8464,219.7282,205.61768,1092838.4,680.08276,258830.95,577.45,111404.92,412.99765,296.93243,269931.82,687.1471,271655.56,65.73939,569.6302,111404.86,61.853725,10
267064.38,424.89084,393.79636,361.22144,296.94904,7.235659,10156547,2742.8464,219.72824,205.61763,1092838.7,680.0822,258830.7,577.44965,111404.86,412.99768,296.93243,269931.72,687.1464,271655.06,65.81538,569.6299,111404.81,61.85366,10
267064.48,424.89087,393.79633,361.22144,296.94904,7.23565,10156549,2742.8464,219.72778,205.61806,1092836.3,680.08234,258830.93,577.4496,111404.91,412.99765,296.93243,269931.8,687.1465,271655.54,65.7394,569.62976,111404.86,61.8537,10
267064.33,424.89084,393.79636,361.22144,296.94904,7.2356606,10156551,2742.8467,219.72826,205.61761,1092838.7,680.0819,258830.71,577.44934,111404.86,412.99768,296.93243,269931.67,687.1461,271655.08,65.81528,569.6296,111404.81,61.853645,10
267064.5,424.89087,393.79633,361.22144,296.94904,7.235647,10156548,2742.8464,219.7282,205.61768,1092838.4,680.08276,258830.95,577.45,111404.92,412.99765,296.93243,269931.82,687.1471,271655.56,65.73939,569.6302,111404.86,61.853725,10
267064.38,424.89084,393.79636,361.22144,296.94904,7.235659,10156547,2742.8464,219.72824,205.61763,1092838.7,680.0822,258830.7,577.44965,111404.86,412.99768,296.93243,269931.72,687.1464,271655.06,65.81538,569.6299,111404.81,61.85366,10
267064.48,424.89087,393.79633,361.22144,296.94904,7.23565,10156549,2742.8464,219.72778,205.61806,1092836.3,680.08234,258830.93,577.4496,111404.91,412.99765,296.93243,269931.8,687.1465,271655.54,65.7394,569.62976,111404.86,61.8537,10
267064.33,424.89084,393.79636,361.22144,296.94904,7.2356606,10156551,2742.8467,219.72826,205.61761,1092838.7,680.0819,258830.71,577.44934,111404.86,412.99768,296.93243,269931.67,687.1461,271655.08,65.81528,569.6296,111404.81,61.853645,10
267064.5,424.89087,393.79633,361.22144,296.94904,7.235647,10156548,2742.8464,219.7282,205.61768,1092838.4,680.08276,258830.95,577.45,111404.92,412.99765,296.93243,269931.82,687.1471,271655.56,65.73939,569.6302,111404.86,61.853725,10
267064.38,424.89084,393.79636,361.22144,296.94904,7.235659,10156547,2742.8464,219.72824,205.61763,1092838.7,680.0822,258830.7,577.44965,111404.86,412.99768,296.93243,269931.72,687.1464,271655.06,65.81538,569.6299,111404.81,61.85366,10
267064.48,424.89087,393.79633,361.22144,296.94904,7.23565,10156549,2742.8464,219.72778,205.61806,1092836.3,680.08234,258830.93,577.4496,111404.91,412.99765,296.93243,269931.8,687.1465,271655.54,65.7394,569.62976,111404.86,61.8537,10
267064.33,424.89084,393.79636,361.22144,296.94904,7.2356606,10156551,2742.8467,219.72826,205.61761,1092838.7,680.0819,258830.71,577.44934,111404.86,412.99768,296.93243,269931.67,687.1461,271655.08,65.81528,569.6296,111404.81,61.853645,10
267064.5,424.89087,393.79633,361.22144,296.94904,7.235647,10156548,2742.8464,219.7282,205.61768,1092838.4,680.08276,258830.95,577.45,111404.92,412.99765,296.93243,269931.82,687.1471,271655.56,65.73939,569.6302,111404.86,61.853725,10
267064.38,424.89084,393.79636,361.22144,296.94904,7.235659,10156547,2742.8464,219.72824,205.61763,1092838.7,680.0822,258830.7,577.44965,111404.86,412.99768,296.93243,269931.72,687.1464,271655.06,65.81538,569.6299,111404.81,61.85366,10
267064.48,424.89087,393.79633,361.22144,296.94904,7.23565,10156549,2742.8464,219.72778,205.61806,1092836.3,680.08234,258830.93,577.4496,111404.91,412.99765,296.93243,269931.8,687.1465,271655.54,65.7394,569.62976,111404.86,61.8537,10
267064.33,424.89084,393.79636,361.22144,296.94904,7.2356606,10156551,2742.8467,219.72826,205.61761,1092838.7,680.0819,258830.71,577.44934,111404.86,412.99768,296.93243,269931.67,687.1461,271655.08,65.81528,569.6296,111404.81,61.853645,10
267064.5,424.89087,393.79633,361.22144,296.94904,7.235647,10156548,2742.8464,219.7282,205.61768,1092838.4,680.08276,258830.95,577.45,111404.92,412.99765,296.93243,269931.82,687.1471,271655.56,65.73939,569.6302,111404.86,61.853725,10
267064.38,424.89084,393.79636,361.22144,296.94904,7.235659,10156547,2742.8464,219.72824,205.61763,1092838.7,680.0822,258830.7,577.44965,111404.86,412.99768,296.93243,269931.72,687.1464,271655.06,65.81538,569.6299,111404.81,61.85366,10
267064.48,424.89087,393.79633,361.22144,296.94904,7.23565,10156549,2742.8464,219.72778,205.61806,1092836.3,680.08234,258830.93,577.4496,111404.91,412.99765,296.93243,269931.8,687.1465,271655.54,65.7394,569.62976,111404.86,61.8537,10
267064.33,424.89084,393.79636,361.22144,296.94904,7.2356606,10156551,2742.8467,219.72826,205.61761,1092838.7,680.0819,258830.71,577.44934,111404.86,412.99768,296.93243,269931.67,687.1461,271655.08,65.81528,569.6296,111404.81,61.853645,10
267064.5,424.89087,393.79633,361.22144,296.94904,7.235647,10156548,2742.8464,219.7282,205.61768,1092838.4,680.08276,258830.95,577.45,111404.92,412.99765,296.93243,269931.82,687.1471,271655.56,65.73939,569.6302,111404.86,61.853725,10
267064.38,424.89084,393.79636,361.22144,296.94904,7.235659,10156547,2742.8464,219.72824,205.61763,1092838.7,680.0822,258830.7,577.44965,111404.86,412.99768,296.93243,269931.72,687.1464,271655.06,65.81538,569.6299,111404.81,61.85366,10
267064.48,424.89087,393.79633,361.22144,296.94904,7.23565,10156549,2742.8464,219.72778,205.61806,1092836.3,680.08234,258830.93,577.4496,111404.91,412.99765,296.93243,269931.8,687.1465,271655.54,65.7394,569.62976,111404.86,61.8537,10
267064.33,424.89084,393.79636,361.22144,296.94904,7.2356606,10156551,2742.8467,219.72826,205.61761,1092838.7,680.0819,258830.71,577.44934,111404.86,412.99768,296.93243,269931.67,687.1461,271655.08,65.81528,569.6296,111404.81,61.853645,10
267064.5,424.89087,393.79633,361.22144,296.94904,7.235647,10156548,2742.8464,219.7282,205.61768,1092838.4,680.08276,258830.95,577.45,111404.92,412.99765,296.93243,269931.82,687.1471,271655.56,65.73939,569.6302,111404.86,61.853725,10
267064.38,424.89084,393.79636,361.22144,296.94904,7.235659,10156547,2742.8464,219.72824,205.61763,1092838.7,680.0822,258830.7,577.44965,111404.86,412.99768,296.93243,269931.72,687.1464,271655.06,65.81538,569.6299,111404.81,61.85366,10
267064.48,424.89087,393.79633,361.22144,296.94904,7.23565,10156549,2742.8464,219.72778,205.61806,1092836.3,680.08234,258830.93,577.4496,111404.91,412.99765,296.93243,269931.8,687.1465,271655.54,65.7394,569.62976,111404.86,61.8537,10
267064.33,424.89084,393.79636,361.22144,296.94904,7.2356606,10156551,2742.8467,219.72826,205.61761,1092838.7,680.0819,258830.71,577.44934,111404.86,412.99768,296.93243,269931.67,687.1461,271655.08,65.81528,569.6296,111404.81,61.853645,10
267064.5,424.89087,393.79633,361.22144,296.94904,7.235647,10156548,2742.8464,219.7282,205.61768,1092838.4,680.08276,258830.95,577.45,111404.92,412.99765,296.93243,269931.82,687.1471,271655.56,65.73939,569.6302,111404.86,61.853725,10
267064.38,424.89084,393.79636,361.22144,296.94904,7.235659,10156547,2742.8464,219.72824,205.61763,1092838.7,680.0822,258830.7,577.44965,111404.86,412.99768,296.93243,269931.72,687.1464,271655.06,65.81538,569.6299,111404.81,61.85366,10
267064.48,424.89087,393.79633,361.22144,296.94904,7.23565,10156549,2742.8464,219.72778,205.61806,1092836.3,680.08234,258830.93,577.4496,111404.91,412.99765,296.93243,269931.8,687.1465,271655.54,65.7394,569.62976,111404.86,61.8537,10
267064.33,424.89084,393.79636,361.22144,296.94904,7.2356606,10156551,2742.8467,219.72826,205.61761,1092838.7,680.0819,258830.71,577.44934,111404.86,412.99768,296.93243,269931.67,687.1461,271655.08,65.81528,569.6296,111404.81,61.853645,10
267064.5,424.89087,393.79633,361.22144,296.94904,7.235647,10156548,2742.8464,219.7282,205.61768,1092838.4,680.08276,258830.95,577.45,111404.92,412.99765,296.93243,269931.82,687.1471,271655.56,65.73939,569.6302,111404.86,61.853725,10
267064.38,424.89084,393.79636,361.22144,296.94904,7.235659,10156547,2742.8464,219.72824,205.61763,1092838.7,680.0822,258830.7,577.44965,111404.86,412.99768,296.93243,269931.72,687.1464,271655.06,65.81538,569.6299,111404.81,61.85366,10
267064.48,424.89087,393.79633,361.22144,296.94904,7.23565,10156549,2742.8464,219.72778,205.61806,1092836.3,680.08234,258830.93,577.4496,111404.91,412.99765,296.93243,269931.8,687.1465,271655.54,65.7394,569.62976,111404.86,61.8537,10
267064.33,424.89084,393.79636,361.22144,296.94904,7.2356606,10156551,2742.8467,219.72826,205.61761,1092838.7,680.0819,258830.71,577.44934,111404.86,412.99768,296.93243,269931.67,687.1461,271655.08,65.81528,569.6296,111404.81,61.853645,10
267064.5,424.89087,393.79633,361.22144,296.94904,7.235647,10156548,2742.8464,219.7282,205.61768,1092838.4,680.08276,258830.95,577.45,111404.92,412.99765,296.93243,269931.82,687.1471,271655.56,65.73939,569.6302,111404.86,61.853725,10
267064.38,424.89084,393.79636,361.22144,296.94904,7.235659,10156547,2742.8464,219.72824,205.61763,1092838.7,680.0822,258830.7,577.44965,111404.86,412.99768,296.93243,269931.72,687.1464,271655.06,65.81538,569.6299,111404.81,61.85366,10
267064.48,424.89087,393.79633,361.22144,296.94904,7.23565,10156549,2742.8464,219.72778,205.61806,1092836.3,680.08234,258830.93,577.4496,111404.91,412.99765,296.93243,269931.8,687.1465,271655.54,65.7394,569.62976,111404.86,61.8537,10
267064.33,424.89084,393.79636,361.22144,296.94904,7.2356606,10156551,2742.8467,219.72826,205.61761,1092838.7,680.0819,258830.71,577.44934,111404.86,412.99768,296.93243,269931.67,687.1461,271655.08,65.81528,569.6296,111404.81,61.853645,10
267064.5,424.89087,393.79633,361.22144,296.94904,7.235647,10156548,2742.8464,219.7282,205.61768,1092838.4,680.08276,258830.95,577.45,111404.92,412.99765,296.93243,269931.82,687.1471,271655.56,65.73939,569.6302,111404.86,61.853725,10
267064.38,424.89084,393.79636,361.22144,296.94904,7.235659,10156547,2742.8464,219.72824,205.61763,1092838.7,680.0822,258830.7,577.44965,111404.86,412.99768,296.93243,269931.72,687.1464,271655.06,65.81538,569.6299,111404.81,61.85366,10
267064.48,424.89087,393.79633,361.22144,296.94904,7.23565,10156549,2742.8464,219.72778,205.61806,1092836.3,680.08234,258830.93,577.4496,111404.91,412.99765,296.93243,269931.8,687.1465,271655.54,65.7394,569.62976,111404.86,61.8537,10
267064.33,424.89084,393.79636,361.22144,296.94904,7.2356606,10156551,2742.8467,219.72826,205.61761,1092838.7,680.0819,258830.71,577.44934,111404.86,412.99768,296.93243,269931.67,687.1461,271655.08,65.81528,569.6296,111404.81,61.853645,10
267064.5,424.89087,393.79633,361.22144,296.94904,7.235647,10156548,2742.8464,219.7282,205.61768,1092838.4,680.08276,258830.95,577.45,111404.92,412.99765,296.93243,269931.82,687.1471,271655.56,65.73939,569.6302,111404.86,61.853725,10
267064.38,424.89084,393.79636,361.22144,296.94904,7.235659,10156547,2742.8464,219.72824,205.61763,1092838.7,680.0822,258830.7,577.44965,111404.86,412.99768,296.93243,269931.72,687.1464,271655.08,65.81538,569.6299,111404.81,61.85366,10
267064.48,424.89087,393.79633,361.22144,296.94904,7.23565,10156549,2742.8464,219.72778,205.61806,1092836.3,680.08234,258830.93,577.4496,111404.91,412.99765,296.93243,269931.8,687.1465,271655.54,65.7394,569.62976,111404.86,61.8537,10
267064.33,424.89084,393.79636,361.22144,296.94904,7.2356606,10156551,2742.8467,219.72826,205.61761,1092838.7,680.0819,258830.71,577.44934,111404.86,412.99768,296.93243,269931.67,687.1461,271655.08,65.81528,569.6296,111404.81,61.853645,10
267064.5,424.89087,393.79633,361.22144,296.94904,7.235647,10156548,2742.8464,219.7282,205.61768,1092838.4,680.08276,258830.95,577.45,111404.92,412.99765,296.93243,269931.82,687.1471,271655.56,65.73939,569.6302,111404.86,61.853725,10
267064.38,424.89084,393.79636,361.22144,296.94904,7.235659,10156547,2742.8464,219.72824,205.61763,1092838.7,680.0822,258830.7,577.44965,111404.86,412.99768,296.93243,269931.72,687.1464,271655.08,65.81538,569.6299,111404.81,61.85366,10
267064.48,424.89087,393.79633,361.22144,296.94904,7.23565,10156549,2742.8464,219.72778,205.61806,1092836.3,680.08234,258830.93,577.4496,111404.91,412.99765,296.93243,269931.8,687.1465,271655.54,65.7394,569.62976,111404.86,61.8537,10
267064.33,424.89084,393.79636,361.22144,296.94904,7.2356606,10156551,2742.8467,219.72826,205.61761,1092838.7,680.0819,258830.71,577.44934,111404.86,412.99768,296.93243,269931.67,687.1461,271655.08,65.81528,569.6296,111404.81,61.853645,10
267064.5,424.89087,393.79633,361.22144,296.94904,7.235647,10156548,2742.8464,219.7282,205.61768,1092838.4,680.08276,258830.95,577.45,111404.92,412.99765,296.93243,269931.82,687.1471,271655.56,65.73939,569.6302,111404.86,61.853725,10
267064.38,424.89084,393.79636,361.22144,296.94904,7.235659,10156547,2742.8464,219.72824,205.61763,1092838.7,680.0822,258830.7,577.44965,111404.86,412.99768,296.93243,269931.72,687.1464,271655.08,65.81538,569.6299,111404.81,61.85366,10
267064.48,424.89087,393.79633,361.22144,296.94904,7.23565,10156549,2742.8464,219.72778,205.61806,1092836.3,680.08234,258830.93,577.4496,111404.91,412.99765,296.93243,269931.8,687.1465,271655.54,65.7394,569.62976,111404.86,61.8537,10
267064.33,424.89084,393.79636,361.22144,296.94904,7.2356606,10156551,2742.8467,219.72826,205.61761,1092838.7,680.0819,258830.71,577.44934,111404.86,412.99768,296.93243,269931.67,687.1461,271655.08,65.81528,569.6296,111404.81,61.853645,10
267064.5,424.89087,393.79633,361.22144,296.94904,7.235647,10156548,2742.8464,219.7282,205.61768,1092838.4,680.08276,258830.95,577.45,111404.92,412.99765,296.93243,269931.82,687.1471,271655.56,65.73939,569.6302,111404.86,61.853725,10
267064.38,424.89084,393.79636,361.22144,296.94904,7.235659,10156547,2742.8464,219.72824,205.61763,1092838.7,680.0822,258830.7,577.44965,111404.86,412.99768,296.93243,269931.72,687.1464,271655.08,65.81538,569.6299,111404.81,61.85366,10
267064.48,424.89087,393.79633,361.22144,296.94904,7.23565,10156549,2742.8464,219.72778,205.61806,1092836.3,680.08234,258830.93,577.4496,111404.91,412.99765,296.93243,269931.8,687.1465,271655.54,65.7394,569.62976,111404.86,61.8537,10
267064.33,424.89084,393.79636,361.22144,296.94904,7.2356606,10156551,2742.8467,219.72826,205.61761,1092838.7,680.0819,258830.71,577.44934,111404.86,412.99768,296.93243,269931.67,687.1461,271655.08,65.81528,569.6296,111404.81,61.853645,10
267064.5,424.89087,393.79633,361.22144,296.94904,7.235647,10156548,2742.8464,219.7282,205.61768,1092838.4,680.08276,258830.95,577.45,111404.92,412.99765,296.93243,269931.82,687.1471,271655.56,65.73939,569.6302,111404.86,61.853725,10
267064.38,424.89084,393.79636,361.22144,296.94904,7.235659,10156547,2742.8464,219.72824,205.61763,1092838.7,680.0822,258830.7,577.44965,111404.86,412.99768,296.93243,269931.72,687.1464,271655.08,65.81538,569.6299,111404.81,61.85366,10
267064.48,424.89087,393.79633,361.22144,296.94904,7.23565,10156549,2742.8464,219.72778,205.61806,1092836.3,680.08234,258830.93,577.4496,111404.91,412.99765,296.93243,269931.8,687.1465,271655.54,65.7394,569.62976,111404.86,61.8537,10
267064.33,424.89084,393.79636,361.22144,296.94904,7.2356606,10156551,2742.8467,219.72826,205.61761,1092838.7,680.0819,258830.71,577.44934,111404.86,412.99768,296.93243,269931.67,687.1461,271655.08,65.81528,569.6296,111404.81,61.853645,10
267064.5,424.89087,393.79633,361.22144,296.94904,7.235647,10156548,2742.8464,219.7282,205.61768,1092838.4,680.08276,258830.95,577.45,111404.92,412.99765,296.93243,269931.82,687.1471,271655.56,65.73939,569.6302,111404.86,61.853725,10
267064.38,424.89084,393.79636,361.22144,296.94904,7.235659,10156547,2742.8464,219.72824,205.61763,1092838.7,680.0822,258830.7,577.44965,111404.86,412.99768,296.93243,269931.72,687.1464,271655.08,65.81538,569.6299,111404.81,61.85366,10
267064.48,424.89087,393.79633,361.22144,296.94904,7.23565,10156549,2742.8464,219.72778,205.61806,1092836.3,680.08234,258830.93,577.4496,111404.91,412.99765,296.93243,269931.8,687.1465,271655.54,65.7394,569.62976,111404.86,61.8537,10
267064.33,424.89084,393.79636,361.22144,296.94904,7.2356606,10156551,2742.8467,219.72826,205.61761,1092838.7,680.0819,258830.71,577.44934,111404.86,412.99768,296.93243,269931.67,687.1461,271655.08,65.81528,569.6296,111404.81,61.853645,10
267064.5,424.89087,393.79633,361.22144,296.94904,7.235647,10156548,2742.8464,219.7282,205.61768,1092838.4,680.08276,258830.95,577.45,111404.92,412.99765,296.93243,269931.82,687.1471,271655.56,65.73939,569.6302,111404.86,61.853725,10
267064.38,424.89084,393.79636,361.22144,296.94904,7.235659,10156547,2742.8464,219.72824,205.61763,1092838.7,680.0822,258830.7,577.44965,111404.86,412.99768,296.93243,269931.72,687.1464,271655.08,65.81538,569.6299,111404.81,61.85366,10
267064.48,424.89087,393.79633,361.22144,296.94904,7.23565,10156549,2742.8464,219.72778,205.61806,1092836.3,680.08234,258830.93,577.4496,111404.91,412.99765,296.93243,269931.8,687.1465,271655.54,65.7394,569.62976,111404.86,61.8537,10
267064.33,424.89084,393.79636,361.22144,296.94904,7.2356606,10156551,2742.8467,219.72826,205.61761,1092838.7,680.0819,258830.71,577.44934,111404.86,412.99768,296.93243,269931.67,687.1461,271655.08,65.81528,569.6296,111404.81,61.853645,10
267064.5,424.89087,393.79633,361.22144,296.94904,7.235647,10156548,2742.8464,219.7282,205.61768,1092838.4,680.08276,258830.95,577.45,111404.92,412.99765,296.93243,269931.82,687.1471,271655.56,65.73939,569.6302,111404.86,61.853725,10
267064.38,424.89084,393.79636,361.22144,296.94904,7.235659,10156547,2742.8464,219.72824,205.61763,1092838.7,680.0822,258830.7,577.44965,111404.86,412.99768,296.93243,269931.72,687.1464,271655.08,65.81538,569.6299,111404.81,61.85366,10
267064.48,424.89087,393.79633,361.22144,296.94904,7.23565,10156549,2742.8464,219.72778,205.61806,1092836.3,680.08234,258830.93,577.4496,111404.91,412.99765,296.93243,269931.8,687.1465,271655.54,65.7394,569.62976,111404.86,61.8537,10
267064.33,424.89084,393.79636,361.22144,296.94904,7.2356606,10156551,2742.8467,219.72826,205.61761,1092838.7,680.0819,258830.71,577.44934,111404.86,412.99768,296.93243,269931.67,687.1461,271655.08,65.81528,569.6296,111404.81,61.853645,10
267064.5,424.89087,393.79633,361.22144,296.94904,7.235647,10156548,2742.8464,219.7282,205.61768,1092838.4,680.08276,258830.95,577.45,111404.92,412.99765,296.93243,269931.82,687.1471,271655.56,65.73939,569.6302,111404.86,61.853725,10
267064.38,424.89084,393.79636,361.22144,296.94904,7.235659,10156547,2742.8464,219.72824,205.61763,1092838.7,680.0822,258830.7,577.44965,111404.86,412.99768,296.93243,269931.72,687.1464,271655.08,65.81538,569.6299,111404.81,61.85366,10
267064.48,424.89087,393.79633,361.22144,296.94904,7.23565,10156549,2742.8464,219.72778,205.61806,1092836.3,680.08234,258830.93,577.4496,111404.91,412.99765,296.93243,269931.8,687.1465,271655.54,65.7394,569.62976,111404.86,61.8537,10
267064.33,424.89084,393.79636,361.22144,296.94904,7.2356606,10156551,2742.8467,219.72826,205.61761,1092838.7,680.0819,258830.71,577.44934,111404.86,412.99768,296.93243,269931.67,687.1461,271655.08,65.81528,569.6296,111404.81,61.853645,10
267064.5,424.89087,393.79633,361.22144,296.94904,7.235647,10156548,2742.8464,219.7282,205.61768,1092838.4,680.08276,258830.95,577.45,111404.92,412.99765,296.93243,269931.82,687.1471,271655.56,65.73939,569.6302,111404.86,61.853725,10
267064.38,424.89084,393.79636,361.22144,296.94904,7.235659,10156547,2742.8464,219.72824,205.61763,1092838.7,680.0822,258830.7,577.44965,111404.86,412.99768,296.93243,269931.72,687.1464,271655.08,65.81538,569.6299,111404.81,61.85366,10
267064.48,424.89087,393.79633,361.22144,296.94904,7.23565,10156549,2742.8464,219.72778,205.61806,1092836.3,680.08234,258830.93,577.4496,111404.91,412.99765,296.93243,269931.8,687.1465,271655.54,65.7394,569.62976,111404.86,61.8537,10
267064.33,424.89084,393.79636,361.22144,296.94904,7.2356606,10156551,2742.8467,219.72826,205.61761,1092838.7,680.0819,258830.71,577.44934,111404.86,412.99768,296.93243,269931.67,687.1461,271655.08,65.81528,569.6296,111404.81,61.853645,10
267064.5,424.89087,393.79633,361.22144,296.94904,7.235647,10156548,2742.8464,219.7282,205.61768,1092838.4,680.08276,258830.95,577.45,111404.92,412.99765,296.93243,269931.82,687.1471,271655.56,65.73939,569.6302,111404.86,61.853725,10
267064.38,424.89084,393.79636,361.22144,296.94904,7.235659,10156547,2742.8464,219.72824,205.61763,1092838.7,680.0822,258830.7,577.44965,111404.86,412.99768,296.93243,269931.72,687.1464,271655.08,65.81538,569.6299,111404.81,61.85366,10
267064.48,424.89087,393.79633,361.22144,296.94904,7.23565,10156549,2742.8464,219.72778,205.61806,1092836.3,680.08234,258830.93,577.4496,111404.91,412.99765,296.93243,269931.8,687.1465,271655.54,65.7394,569.62976,111404.86,61.8537,10
267064.33,424.89084,393.79636,361.22144,296.94904,7.2356606,10156551,2742.8467,219.72826,205.61761,1092838.7,680.0819,258830.71,577.44934,111404.86,412.99768,296.93243,269931.67,687.1461,271655.08,65.81528,569.6296,111404.81,61.853645,10
267064.5,424.89087,393.79633,361.22144,296.94904,7.235647,10156548,2742.8464,219.7282,205.61768,1092838.4,680.08276,258830.95,577.45,111404.92,412.99765,296.93243,269931.82,687.1471,271655.56,65.73939,569.6302,111404.86,61.853725,10
267064.38,424.89084,393.79636,361.22144,296.94904,7.235659,10156547,2742.8464,219.72824,205.61763,1092838.7,680.0822,258830.7,577.44965,111404.86,412.99768,296.93243,269931.72,687.1464,271655.08,65.81538,569.6299,111404.81,61.85366,10
267064.48,424.89087,393.79633,361.22144,296.94904,7.23565,10156549,2742.8464,219.72778,205.61806,1092836.3,680.08234,258830.93,577.4496,111404.91,412.99765,296.93243,269931.8,687.1465,271655.54,65.7394,569.62976,111404.86,61.8537,10
267064.33,424.89084,393.79636,361.22144,296.94904,7.2356606,10156551,2742.8467,219.72826,205.61761,1092838.7,680.0819,258830.71,577.44934,111404.86,412.99768,296.93243,269931.67,687.1461,271655.08,65.81528,569.6296,111404.81,61.853645,10
267064.5,424.89087,393.79633,361.22144,296.94904,7.235647,10156548,2742.8464,219.7282,205.61768,1092838.4,680.08276,258830.95,577.45,111404.92,412.99765,296.93243,269931.82,687.1471,271655.56,65.73939,569.6302,111404.86,61.853725,10
267064.38,424.89084,393.79636,361.22144,296.94904,7.235659,10156547,2742.8464,219.72824,205.61763,1092838.7,680.0822,258830.7,577.44965,111404.86,412.99768,296.93243,269931.72,687.1464,271655.08,65.81538,569.6299,111404.81,61.85366,10
267064.48,424.89087,393.79633,361.22144,296.94904,7.23565,10156549,2742.8464,219.72778,205.61806,1092836.3,680.08234,258830.93,577.4496,111404.91,412.99765,296.93243,269931.8,687.1465,271655.54,65.7394,569.62976,111404.86,61.8537,10
267064.33,424.89084,393.79636,361.22144,296.94904,7.2356606,10156551,2742.8467,219.72826,205.61761,1092838.7,680.0819,258830.71,577.44934,111404.86,412.99768,296.93243,269931.67,687.1461,271655.08,65.81528,569.6296,111404.81,61.853645,10
267064.5,424.89087,393.79633,361.22144,296.94904,7.235647,10156548,2742.8464,219.7282,205.61768,1092838.4,680.08276,258830.95,577.45,111404.92,412.99765,296.93243,269931.82,687.1471,271655.56,65.73939,569.6302,111404.86,61.853725,10
267064.38,424.89084,393.79636,361.22144,296.94904,7.235659,10156547,2742.8464,219.72824,205.61763,1092838.7,680.0822,258830.7,577.44965,111404.86,412.99768,296.93243,269931.72,687.1464,271655.08,65.81538,569.6299,111404.81,61.85366,10
267064.48,424.89087,393.79633,361.22144,296.94904,7.23565,10156549,2742.8464,219.72778,205.61806,1092836.3,680.08234,258830.93,577.4496,111404.91,412.99765,296.93243,269931.8,687.1465,271655.54,65.7394,569.62976,111404.86,61.8537,10
267064.33,424.89084,393.79636,361.22144,296.94904,7.2356606,10156551,2742.8467,219.72826,205.61761,1092838.7,680.0819,258830.71,577.44934,111404.86,412.99768,296.93243,269931.67,687.1461,271655.08,65.81528,569.6296,111404.81,61.853645,10
267064.5,424.89087,393.79633,361.22144,296.94904,7.235647,10156548,2742.8464,219.7282,205.61768,1092838.4,680.08276,258830.95,577.45,111404.92,412.99765,296.93243,269931.82,687.1471,271655.56,65.73939,569.6302,111404.86,61.853725,10
267064.38,424.89084,393.79636,361.22144,296.94904,7.235659,10156547,2742.8464,219.72824,205.61763,1092838.7,680.0822,258830.7,577.44965,111404.86,412.99768,296.93243,269931.72,687.1464,271655.08,65.81538,569.6299,111404.81,61.85366,10
267064.48,424.89087,393.79633,361.22144,296.94904,7.23565,10156549,2742.8464,219.72778,205.61806,1092836.3,680.08234,258830.93,577.4496,111404.91,412.99765,296.93243,269931.8,687.1465,271655.54,65.7394,569.62976,111404.86,61.8537,10
267064.33,424.89084,393.79636,361.22144,296.94904,7.2356606,10156551,2742.8467,219.72826,205.61761,1092838.7,680.0819,258830.71,577.44934,111404.86,412.99768,296.93243,269931.67,687.1461,271655.08,65.81528,569.6296,111404.81,61.853645,10
267064.5,424.89087,393.79633,361.22144,296.94904,7.235647,10156548,2742.8464,219.7282,205.61768,1092838.4,680.08276,258830.95,577.45,111404.92,412.99765,296.93243,269931.82,687.1471,271655.56,65.73939,569.6302,111404.86,61.853725,10
267064.38,424.89084,393.79636,361.22144,296.94904,7.235659,10156547,2742.8464,219.72824,205.61763,1092838.7,680.0822,258830.7,577.44965,111404.86,412.99768,296.93243,269931.72,687.1464,271655.08,65.81538,569.6299,111404.81,61.85366,10
267064.48,424.89087,393.79633,361.22144,296.94904,7.23565,10156549,2742.8464,219.72778,205.61806,1092836.3,680.08234,258830.93,577.4496,111404.91,412.99765,296.93243,269931.8,687.1465,271655.54,65.7394,569.62976,111404.86,61.8537,10
267064.33,424.89084,393.79636,361.22144,296.94904,7.2356606,10156551,2742.8467,219.72826,205.61761,1092838.7,680.0819,258830.71,577.44934,111404.86,412.99768,296.93243,269931.67,687.1461,271655.08,65.81528,569.6296,111404.81,61.853645,10
267064.5,424.89087,393.79633,361.22144,296.94904,7.235647,10156548,2742.8464,219.7282,205.61768,1092838.4,680.08276,258830.95,577.45,111404.92,412.99765,296.93243,269931.82,687.1471,271655.56,65.73939,569.6302,111404.86,61.853725,10
267064.38,424.89084,393.79636,361.22144,296.94904,7.235659,10156547,2742.8464,219.72824,205.61763,1092838.7,680.0822,258830.7,577.44965,111404.86,412.99768,296.93243,269931.72,687.1464,271655.08,65.81538,569.6299,111404.81,61.85366,10
267064.48,424.89087,393.79633,361.22144,296.94904,7.23565,10156549,2742.8464,219.72778,205.61806,1092836.3,680.08234,258830.93,577.4496,111404.91,412.99765,296.93243,269931.8,687.1465,271655.54,65.7394,569.62976,111404.86,61.8537,10
267064.33,424.89084,393.79636,361.22144,296.94904,7.2356606,10156551,2742.8467,219.72826,205.61761,1092838.7,680.0819,258830.71,577.44934,111404.86,412.99768,296.93243,269931.67,687.1461,271655.08,65.81528,569.6296,111404.81,61.853645,10
267064.5,424.89087,393.79633,361.22144,296.94904,7.235647,10156548,2742.8464,219.7282,205.61768,1092838.4,680.08276,258830.95,577.45,111404.92,412.99765,296.93243,269931.82,687.1471,271655.56,65.73939,569.6302,111404.86,61.853725,10
267064.38,424.89084,393.79636,361.22144,296.94904,7.235659,10156547,2742.8464,219.72824,205.61763,1092838.7,680.0822,258830.7,577.44965,111404.86,412.99768,296.93243,269931.72,687.1464,271655.08,65.81538,569.6299,111404.81,61.85366,10
267064.48,424.89087,393.79633,361.22144,296.94904,7.23565,10156549,2742.8464,219.72778,205.61806,1092836.3,680.08234,258830.93,577.4496,111404.91,412.99765,296.93243,269931.8,687.1465,271655.54,65.7394,569.62976,111404.86,61.8537,10
267064.33,424.89084,393.79636,361.22144,296.94904,7.2356606,10156551,2742.8467,219.72826,205.61761,1092838.7,680.0819,258830.71,577.44934,111404.86,412.99768,296.93243,269931.67,687.1461,271655.08,65.81528,569.6296,111404.81,61.853645,10
267064.5,424.89087,393.79633,361.22144,296.94904,7.235647,10156548,2742.8464,219.7282,205.61768,1092838.4,680.08276,258830.95,577.45,111404.92,412.99765,296.93243,269931.82,687.1471,271655.56,65.73939,569.6302,111404.86,61.853725,10
267064.38,424.89084,393.79636,361.22144,296.94904,7.235659,10156547,2742.8464,219.72824,205.61763,1092838.7,680.0822,258830.7,577.44965,111404.86,412.99768,296.93243,269931.72,687.1464,271655.08,65.81538,569.6299,111404.81,61.85366,10
267064.48,424.89087,393.79633,361.22144,296.94904,7.23565,10156549,2742.8464,219.72778,205.61806,1092836.3,680.08234,258830.93,577.4496,111404.91,412.99765,296.93243,269931.8,687.1465,271655.54,65.7394,569.62976,111404.86,61.8537,10
267064.33,424.89084,393.79636,361.22144,296.94904,7.2356606,10156551,2742.8467,219.72826,205.61761,1092838.7,680.0819,258830.71,577.44934,111404.86,412.99768,296.93243,269931.67,687.1461,271655.08,65.81528,569.6296,111404.81,61.853645,10
267064.5,424.89087,393.79633,361.22144,296.94904,7.235647,10156548,2742.8464,219.7282,205.61768,1092838.4,680.08276,258830.95,577.45,111404.92,412.99765,296.93243,269931.82,687.1471,271655.56,65.73939,569.6302,111404.86,61.853725,10
267064.38,424.89084,393.79636,361.22144,296.94904,7.235659,10156547,2742.8464,219.72824,205.61763,1092838.7,680.0822,258830.7,577.44965,111404.86,412.99768,296.93243,269931.72,687.1464,271655.08,65.81538,569.6299,111404.81,61.85366,10
267064.48,424.89087,393.79633,361.22144,296.94904,7.23565,10156549,2742.8464,219.72778,205.61806,1092836.3,680.08234,258830.93,577.4496,111404.91,412.99765,296.93243,269931.8,687.1465,271655.54,65.7394,569.62976,111404.86,61.8537,10
267064.33,424.89084,393.79636,361.22144,296.94904,7.2356606,10156551,2742.8467,219.72826,205.61761,1092838.7,680.0819,258830.71,577.44934,111404.86,412.99768,296.93243,269931.67,687.1461,271655.08,65.81528,569.6296,111404.81,61.853645,10
267064.5,424.89087,393.79633,361.22144,296.94904,7.235647,10156548,2742.8464,219.7282,205.61768,1092838.4,680.08276,258830.95,577.45,111404.92,412.99765,296.93243,269931.82,687.1471,271655.56,65.73939,569.6302,111404.86,61.853725,10
267064.38,424.89084,393.79636,361.22144,296.94904,7.235659,10156547,2742.8464,219.72824,205.61763,1092838.7,680.0822,258830.7,577.44965,111404.86,412.99768,296.93243,269931.72,687.1464,271655.08,65.81538,569.6299,111404.81,61.85366,10
267064.48,424.89087,393.79633,361.22144,296.94904,7.23565,10156549,2742.8464,219.72778,205.61806,1092836.3,680.08234,258830.93,577.4496,111404.91,412.99765,296.93243,269931.8,687.1465,271655.54,65.7394,569.62976,111404.86,61.8537,10
267064.33,424.89084,393.79636,361.22144,296.94904,7.2356606,10156551,2742.8467,219.72826,205.61761,1092838.7,680.0819,258830.71,577.44934,111404.86,412.99768,296.93243,269931.67,687.1461,271655.08,65.81528,569.6296,111404.81,61.853645,10
267064.5,424.89087,393.79633,361.22144,296.94904,7.235647,10156548,2742.8464,219.7282,205.61768,1092838.4,680.08276,258830.95,577.45,111404.92,412.99765,296.93243,269931.82,687.1471,271655.56,65.73939,569.6302,111404.86,61.853725,10
267064.38,424.89084,393.79636,361.22144,296.94904,7.235659,10156547,2742.8464,219.72824,205.61763,1092838.7,680.0822,258830.7,577.44965,111404.86,412.99768,296.93243,269931.72,687.1464,271655.08,65.81538,569.6299,111404.81,61.85366,10
267064.48,424.89087,393.79633,361.22144,296.94904,7.23565,10156549,2742.8464,219.72778,205.61806,1092836.3,680.08234,258830.93,577.4496,111404.91,412.99765,296.93243,269931.8,687.1465,271655.54,65.7394,569.62976,111404.86,61.8537,10
267064.33,424.89084,393.79636,361.22144,296.94904,7.2356606,10156551,2742.8467,219.72826,205.61761,1092838.7,680.0819,258830.71,577.44934,111404.86,412.99768,296.93243,269931.67,687.1461,271655.08,65.81528,569.6296,111404.81,61.853645,10
267064.5,424.89087,393.79633,361.22144,296.94904,7.235647,10156548,2742.8464,219.7282,205.61768,1092838.4,680.08276,258830.95,577.45,111404.92,412.99765,296.93243,269931.82,687.1471,271655.56,65.73939,569.6302,111404.86,61.853725,10
267064.38,424.89084,393.79636,361.22144,296.94904,7.235659,10156547,2742.8464,219.72824,205.61763,1092838.7,680.0822,258830.7,577.44965,111404.86,412.99768,296.93243,269931.72,687.1464,271655.08,65.81538,569.6299,111404.81,61.85366,10
267064.48,424.89087,393.79633,361.22144,296.94904,7.23565,10156549,2742.8464,219.72778,205.61806,1092836.3,680.08234,258830.93,577.4496,111404.91,412.99765,296.93243,269931.8,687.1465,271655.54,65.7394,569.62976,111404.86,61.8537,10
267064.33,424.89084,393.79636,361.22144,296.94904,7.2356606,10156551,2742.8467,219.72826,205.61761,1092838.7,680.0819,258830.71,577.44934,111404.86,412.99768,296.93243,269931.67,687.1461,271655.08,65.81528,569.6296,111404.81,61.853645,10
267064.5,424.89087,393.79633,361.22144,296.94904,7.235647,10156548,2742.8464,219.7282,205.61768,1092838.4,680.08276,258830.95,577.45,111404.92,412.99765,296.93243,269931.82,687.1471,271655.56,65.73939,569.6302,111404.86,61.853725,10
267064.38,424.89084,393.79636,361.22144,296.94904,7.235659,10156547,2742.8464,219.72824,205.61763,1092838.7,680.0822,258830.7,577.44965,111404.86,412.99768,296.93243,269931.72,687.1464,271655.08,65.81538,569.6299,111404.81,61.85366,10
267064.48,424.89087,393.79633,361.22144,296.94904,7.23565,10156549,2742.8464,219.72778,205.61806,1092836.3,680.08234,258830.93,577.4496,111404.91,412.99765,296.93243,269931.8,687.1465,271655.54,65.7394,569.62976,111404.86,61.8537,10
267064.33,424.89084,393.79636,361.22144,296.94904,7.2356606,10156551,2742.8467,219.72826,205.61761,1092838.7,680.0819,258830.71,577.44934,111404.86,412.99768,296.93243,269931.67,687.1461,271655.08,65.81528,569.6296,111404.81,61.853645,10
267064.5,424.89087,393.79633,361.22144,296.94904,7.235647,10156548,2742.8464,219.7282,205.61768,1092838.4,680.08276,258830.95,577.45,111404.92,412.99765,296.93243,269931.82,687.1471,271655.56,65.73939,569.6302,111404.86,61.853725,10
267064.38,424.89084,393.79636,361.22144,296.94904,7.235659,10156547,2742.8464,219.72824,205.61763,1092838.7,680.0822,258830.7,577.44965,111404.86,412.99768,296.93243,269931.72,687.1464,271655.08,65.81538,569.6299,111404.81,61.85366,10
267064.48,424.89087,393.79633,361.22144,296.94904,7.23565,10156549,2742.8464,219.72778,205.61806,1092836.3,680.08234,258830.93,577.4496,111404.91,412.99765,296.93243,269931.8,687.1465,271655.54,65.7394,569.62976,111404.86,61.8537,10
267064.33,424.89084,393.79636,361.22144,296.94904,7.2356606,10156551,2742.8467,219.72826,205.61761,1092838.7,680.0819,258830.71,577.44934,111404.86,412.99768,296.93243,269931.67,687.1461,271655.08,65.81528,569.6296,111404.81,61.853645,10
267064.5,424.89087,393.79633,361.22144,296.94904,7.235647,10156548,2742.8464,219.7282,205.61768,1092838.4,680.08276,258830.95,577.45,111404.92,412.99765,296.93243,269931.82,687.1471,271655.56,65.73939,569.6302,111404.86,61.853725,10
267064.38,424.89084,393.79636,361.22144,296.94904,7.235659,10156547,2742.8464,219.72824,205.61763,1092838.7,680.0822,258830.7,577.44965,111404.86,412.99768,296.93243,269931.72,687.1464,271655.08,65.81538,569.6299,111404.81,61.85366,10
267064.48,424.89087,393.79633,361.22144,296.94904,7.23565,10156549,2742.8464,219.72778,205.61806,1092836.3,680.08234,258830.93,577.4496,111404.91,412.99765,296.93243,269931.8,687.1465,271655.54,65.7394,569.62976,111404.86,61.8537,10
267064.33,424.89084,393.79636,361.22144,296.94904,7.2356606,10156551,2742.8467,219.72826,205.61761,1092838.7,680.0819,258830.71,577.44934,111404.86,412.99768,296.93243,269931.67,687.1461,271655.08,65.81528,569.6296,111404.81,61.853645,10
267064.5,424.89087,393.79633,361.22144,296.94904,7.235647,10156548,2742.8464,219.7282,205.61768,1092838.4,680.08276,258830.95,577.45,111404.92,412.99765,296.93243,269931.82,687.1471,271655.56,65.73939,569.6302,111404.86,61.853725,10
267064.38,424.89084,393.79636,361.22144,296.94904,7.235659,10156547,2742.8464,219.72824,205.61763,1092838.7,680.0822,258830.7,577.44965,111404.86,412.99768,296.93243,269931.72,687.1464,271655.08,65.81538,569.6299,111404.81,61.85366,10
267064.48,424.89087,393.79633,361.22144,296.94904,7.23565,10156549,2742.8464,219.72778,205.61806,1092836.3,680.08234,258830.93,577.4496,111404.91,412.99765,296.93243,269931.8,687.1465,271655.54,65.7394,569.62976,111404.86,61.8537,10
267064.33,424.89084,393.79636,361.22144,296.94904,7.2356606,10156551,2742.8467,219.72826,205.61761,1092838.7,680.0819,258830.71,577.44934,111404.86,412.99768,296.93243,269931.67,687.1461,271655.08,65.81528,569.6296,111404.81,61.853645,10
267064.5,424.89087,393.79633,361.22144,296.94904,7.235647,10156548,2742.8464,219.7282,205.61768,1092838.4,680.08276,258830.95,577.45,111404.92,412.99765,296.93243,269931.82,687.1471,271655.56,65.73939,569.6302,111404.86,61.853725,10
267064.38,424.89084,393.79636,361.22144,296.94904,7.235659,10156547,2742.8464,219.72824,205.61763,1092838.7,680.0822,258830.7,577.44965,111404.86,412.99768,296.93243,269931.72,687.1464,271655.08,65.81538,569.6299,111404.81,61.85366,10
267064.48,424.89087,393.79633,361.22144,296.94904,7.23565,10156549,2742.8464,219.72778,205.61806,1092836.3,680.08234,258830.93,577.4496,111404.91,412.99765,296.93243,269931.8,687.1465,271655.54,65.7394,569.62976,111404.86,61.8537,10
267064.33,424.89084,393.79636,361.22144,296.94904,7.2356606,10156551,2742.8467,219.72826,205.61761,1092838.7,680.0819,258830.71,577.44934,111404.86,412.99768,296.93243,269931.67,687.1461,271655.08,65.81528,569.6296,111404.81,61.853645,10
267064.5,424.89087,393.79633,361.22144,296.94904,7.235647,10156548,2742.8464,219.7282,205.61768,1092838.4,680.08276,258830.95,577.45,111404.92,412.99765,296.93243,269931.82,687.1471,271655.56,65.73939,569.6302,111404.86,61.853725,10
267064.38,424.89084,393.79636,361.22144,296.94904,7.235659,10156547,2742.8464,219.72824,205.61763,1092838.7,680.0822,258830.7,577.44965,111404.86,412.99768,296.93243,269931.72,687.1464,271655.08,65.81538,569.6299,111404.81,61.85366,10
267064.48,424.89087,393.79633,361.22144,296.94904,7.23565,10156549,2742.8464,219.72778,205.61806,1092836.3,680.08234,258830.93,577.4496,111404.91,412.99765,296.93243,269931.8,687.1465,271655.54,65.7394,569.62976,111404.86,61.8537,10
267064.33,424.89084,393.79636,361.22144,296.94904,7.2356606,10156551,2742.8467,219.72826,205.61761,1092838.7,680.0819,258830.71,577.44934,111404.86,412.99768,296.93243,269931.67,687.1461,271655.08,65.81528,569.6296,111404.81,61.853645,10
267064.5,424.89087,393.79633,361.22144,296.94904,7.235647,10156548,2742.8464,219.7282,205.61768,1092838.4,680.08276,258830.95,577.45,111404.92,412.99765,296.93243,269931.82,687.1471,271655.56,65.73939,569.6302,111404.86,61.853725,10
267064.38,424.89084,393.79636,361.22144,296.94904,7.235659,10156547,2742.8464,219.72824,205.61763,1092838.7,680.0822,258830.7,577.44965,111404.86,412.99768,296.93243,269931.72,687.1464,271655.08,65.81538,569.6299,111404.81,61.85366,10
267064.48,424.89087,393.79633,361.22144,296.94904,7.23565,10156549,2742.8464,219.72778,205.61806,1092836.3,680.08234,258830.93,577.4496,111404.91,412.99765,296.93243,269931.8,687.1465,271655.54,65.7394,569.62976,111404.86,61.8537,10
267064.33,424.89084,393.79636,361.22144,296.94904,7.2356606,10156551,2742.8467,219.72826,205.61761,1092838.7,680.0819,258830.71,577.44934,111404.86,412.99768,296.93243,269931.67,687.1461,271655.08,65.81528,569.6296,111404.81,61.853645,10
267064.5,424.89087,393.79633,361.22144,296.94904,7.235647,10156548,2742.8464,219.7282,205.61768,1092838.4,680.08276,258830.95,577.45,111404.92,412.99765,296.93243,269931.82,687.1471,271655.56,65.73939,569.6302,111404.86,61.853725,10
267064.38,424.89084,393.79636,361.22144,296.94904,7.235659,10156547,2742.8464,219.72824,205.61763,1092838.7,680.0822,258830.7,577.44965,111404.86,412.99768,296.93243,269931.72,687.1464,271655.08,65.81538,569.6299,111404.81,61.85366,10
267064.48,424.89087,393.79633,361.22144,296.94904,7.23565,10156549,2742.8464,219.72778,205.61806,1092836.3,680.08234,258830.93,577.4496,111404.91,412.99765,296.93243,269931.8,687.1465,271655.54,65.7394,569.62976,111404.86,61.8537,10
267064.33,424.89084,393.79636,361.22144,296.94904,7.2356606,10156551,2742.8467,219.72826,205.61761,1092838.7,680.0819,258830.71,577.44934,111404.86,412.99768,296.93243,269931.67,687.1461,271655.08,65.81528,569.6296,111404.81,61.853645,10
267064.5,424.89087,393.79633,361.22144,296.94904,7.235647,10156548,2742.8464,219.7282,205.61768,1092838.4,680.08276,258830.95,577.45,111404.92,412.99765,296.93243,269931.82,687.1471,271655.56,65.73939,569.6302,111404.86,61.853725,10
267064.38,424.89084,393.79636,361.22144,296.94904,7.235659,10156547,2742.8464,219.72824,205.61763,1092838.7,680.0822,258830.7,577.44965,111404.86,412.99768,296.93243,269931.72,687.1464,271655.08,65.81538,569.6299,111404.81,61.85366,10
267064.48,424.89087,393.79633,361.22144,296.94904,7.23565,10156549,2742.8464,219.72778,205.61806,1092836.3,680.08234,258830.93,577.4496,111404.91,412.99765,296.93243,269931.8,687.1465,271655.54,65.7394,569.62976,111404.86,61.8537,10
267064.33,424.89084,393.79636,361.22144,296.94904,7.2356606,10156551,2742.8467,219.72826,205.61761,1092838.7,680.0819,258830.71,577.44934,111404.86,412.99768,296.93243,269931.67,687.1461,271655.08,65.81528,569.6296,111404.81,61.853645,10
267064.5,424.89087,393.79633,361.22144,296.94904,7.235647,10156548,2742.8464,219.7282,205.61768,1092838.4,680.08276,258830.95,577.45,111404.92,412.99765,296.93243,269931.82,687.1471,271655.56,65.73939,569.6302,111404.86,61.853725,10
267064.38,424.89084,393.79636,361.22144,296.94904,7.235659,10156547,2742.8464,219.72824,205.61763,1092838.7,680.0822,258830.7,577.44965,111404.86,412.99768,296.93243,269931.72,687.1464,271655.08,65.81538,569.6299,111404.81,61.85366,10
267064.48,424.89087,393.79633,361.22144,296.94904,7.23565,10156549,2742.8464,219.72778,205.61806,1092836.3,680.08234,258830.93,577.4496,111404.91,412.99765,296.93243,269931.8,687.1465,271655.54,65.7394,569.62976,111404.86,61.8537,10
267064.33,424.89084,393.79636,361.22144,296.94904,7.2356606,10156551,2742.8467,219.72826,205.61761,1092838.7,680.0819,258830.71,577.44934,111404.86,412.99768,296.93243,269931.67,687.1461,271655.08,65.81528,569.6296,111404.81,61.853645,10
267064.5,424.89087,393.79633,361.22144,296.94904,7.235647,10156548,2742.8464,219.7282,205.61768,1092838.4,680.08276,258830.95,577.45,111404.92,412.99765,296.93243,269931.82,687.1471,271655.56,65.73939,569.6302,111404.86,61.853725,10
267064.38,424.89084,393.79636,361.22144,296.94904,7.235659,10156547,2742.8464,219.72824,205.61763,1092838.7,680.0822,258830.7,577.44965,111404.86,412.99768,296.93243,269931.72,687.1464,271655.08,65.81538,569.6299,111404.81,61.85366,10
267064.48,424.89087,393.79633,361.22144,296.94904,7.23565,10156549,2742.8464,219.72778,205.61806,1092836.3,680.08234,258830.93,577.4496,111404.91,412.99765,296.93243,269931.8,687.1465,271655.54,65.7394,569.62976,111404.86,61.8537,10
267064.33,424.89084,393.79636,361.22144,296.94904,7.2356606,10156551,2742.8467,219.72826,205.61761,1092838.7,680.0819,258830.71,577.44934,111404.86,412.99768,296.93243,269931.67,687.1461,271655.08,65.81528,569.6296,111404.81,61.853645,10
267064.5,424.89087,393.79633,361.22144,296.94904,7.235647,10156548,2742.8464,219.7282,205.61768,1092838.4,680.08276,258830.95,577.45,111404.92,412.99765,296.93243,269931.82,687.1471,271655.56,65.73939,569.6302,111404.86,61.853725,10
267064.38,424.89084,393.79636,361.22144,296.94904,7.235659,10156547,2742.8464,219.72824,205.61763,1092838.7,680.0822,258830.7,577.44965,111404.86,412.99768,296.93243,269931.72,687.1464,271655.08,65.81538,569.6299,111404.81,61.85366,10
267064.48,424.89087,393.79633,361.22144,296.94904,7.23565,10156549,2742.8464,219.72778,205.61806,1092836.3,680.08234,258830.93,577.4496,111404.91,412.99765,296.93243,269931.8,687.1465,271655.54,65.7394,569.62976,111404.86,61.8537,10
267064.33,424.89084,393.79636,361.22144,296.94904,7.2356606,10156551,2742.8467,219.72826,205.61761,1092838.7,680.0819,258830.71,577.44934,111404.86,412.99768,296.93243,269931.67,687.1461,271655.08,65.81528,569.6296,111404.81,61.853645,10
267064.5,424.89087,393.79633,361.22144,296.94904,7.235647,10156548,2742.8464,219.7282,205.61768,1092838.4,680.08276,258830.95,577.45,111404.92,412.99765,296.93243,269931.82,687.1471,271655.56,65.73939,569.6302,111404.86,61.853725,10
267064.38,424.89084,393.79636,361.22144,296.94904,7.235659,10156547,2742.8464,219.72824,205.61763,1092838.7,680.0822,258830.7,577.44965,111404.86,412.99768,296.93243,269931.72,687.1464,271655.08,65.81538,569.6299,111404.81,61.85366,10
267064.48,424.89087,393.79633,361.22144,296.94904,7.23565,10156549,2742.8464,219.72778,205.61806,1092836.3,680.08234,258830.93,577.4496,111404.91,412.99765,296.93243,269931.8,687.1465,271655.54,65.7394,569.62976,111404.86,61.8537,10
267064.33,424.89084,393.79636,361.22144,296.94904,7.2356606,10156551,2742.8467,219.72826,205.61761,1092838.7,680.0819,258830.71,577.44934,111404.86,412.99768,296.93243,269931.67,687.1461,271655.08,65.81528,569.6296,111404.81,61.853645,10
267064.5,424.89087,393.79633,361.22144,296.94904,7.235647,10156548,2742.8464,219.7282,205.61768,1092838.4,680.08276,258830.95,577.45,111404.92,412.99765,296.93243,269931.82,687.1471,271655.56,65.73939,569.6302,111404.86,61.853725,10
267064.38,424.89084,393.79636,361.22144,296.94904,7.235659,10156547,2742.8464,219.72824,205.61763,1092838.7,680.0822,258830.7,577.44965,111404.86,412.99768,296.93243,269931.72,687.1464,271655.08,65.81538,569.6299,111404.81,61.85366,10
267064.48,424.89087,393.79633,361.22144,296.94904,7.23565,10156549,2742.8464,219.72778,205.61806,1092836.3,680.08234,258830.93,577.4496,111404.91,412.99765,296.93243,269931.8,687.1465,271655.54,65.7394,569.62976,111404.86,61.8537,10
267064.33,424.89084,393.79636,361.22144,296.94904,7.2356606,10156551,2742.8467,219.72826,205.61761,1092838.7,680.0819,258830.71,577.44934,111404.86,412.99768,296.93243,269931.67,687.1461,271655.08,65.81528,569.6296,111404.81,61.853645,10
267064.5,424.89087,393.79633,361.22144,296.94904,7.235647,10156548,2742.8464,219.7282,205.61768,1092838.4,680.08276,258830.95,577.45,111404.92,412.99765,296.93243,269931.82,687.1471,271655.56,65.73939,569.6302,111404.86,61.853725,10
267064.38,424.89084,393.79636,361.22144,296.94904,7.235659,10156547,2742.8464,219.72824,205.61763,1092838.7,680.0822,258830.7,577.44965,111404.86,412.99768,296.93243,269931.72,687.1464,271655.08,65.81538,569.6299,111404.81,61.85366,10
267064.48,424.89087,393.79633,361.22144,296.94904,7.23565,10156549,2742.8464,219.72778,205.61806,1092836.3,680.08234,258830.93,577.4496,111404.91,412.99765,296.93243,269931.8,687.1465,271655.54,65.7394,569.62976,111404.86,61.8537,10
267064.33,424.89084,393.79636,361.22144,296.94904,7.2356606,10156551,2742.8467,219.72826,205.61761,1092838.7,680.0819,258830.71,577.44934,111404.86,412.99768,296.93243,269931.67,687.1461,271655.08,65.81528,569.6296,111404.81,61.853645,10
267064.5,424.89087,393.79633,361.22144,296.94904,7.235647,10156548,2742.8464,219.7282,205.61768,1092838.4,680.08276,258830.95,577.45,111404.92,412.99765,296.93243,269931.82,687.1471,271655.56,65.73939,569.6302,111404.86,61.853725,10
267064.38,424.89084,393.79636,361.22144,296.94904,7.235659,10156547,2742.8464,219.72824,205.61763,1092838.7,680.0822,258830.7,577.44965,111404.86,412.99768,296.93243,269931.72,687.1464,271655.08,65.81538,569.6299,111404.81,61.85366,10
267064.48,424.89087,393.79633,361.22144,296.94904,7.23565,10156549,2742.8464,219.72778,205.61806,1092836.3,680.08234,258830.93,577.4496,111404.91,412.99765,296.93243,269931.8,687.1465,271655.54,65.7394,569.62976,111404.86,61.8537,10
267064.33,424.89084,393.79636,361.22144,296.94904,7.2356606,10156551,2742.8467,219.72826,205.61761,1092838.7,680.0819,258830.71,577.44934,111404.86,412.99768,296.93243,269931.67,687.1461,271655.08,65.81528,569.6296,111404.81,61.853645,10
267064.5,424.89087,393.79633,361.22144,296.94904,7.235647,10156548,2742.8464,219.7282,205.61768,1092838.4,680.08276,258830.95,577.45,111404.92,412.99765,296.93243,269931.82,687.1471,271655.56,65.73939,569.6302,111404.86,61.853725,10
267064.38,424.89084,393.79636,361.22144,296.94904,7.235659,10156547,2742.8464,219.72824,205.61763,1092838.7,680.0822,258830.7,577.44965,111404.86,412.99768,296.93243,269931.72,687.1464,271655.08,65.81538,569.6299,111404.81,61.85366,10
267064.48,424.89087,393.79633,361.22144,296.94904,7.23565,10156549,2742.8464,219.72778,205.61806,1092836.3,680.08234,258830.93,577.4496,111404.91,412.99765,296.93243,269931.8,687.1465,271655.54,65.7394,569.62976,111404.86,61.8537,10
267064.33,424.89084,393.79636,361.22144,296.94904,7.2356606,10156551,2742.8467,219.72826,205.61761,1092838.7,680.0819,258830.71,577.44934,111404.86,412.99768,296.93243,269931.67,687.1461,271655.08,65.81528,569.6296,111404.81,61.853645,10
267064.5,424.89087,393.79633,361.22144,296.94904,7.235647,10156548,2742.8464,219.7282,205.61768,1092838.4,680.08276,258830.95,577.45,111404.92,412.99765,296.93243,269931.82,687.1471,271655.56,65.73939,569.6302,111404.86,61.853725,10
267064.38,424.89084,393.79636,361.22144,296.94904,7.235659,10156547,2742.8464,219.72824,205.61763,1092838.7,680.0822,258830.7,577.44965,111404.86,412.99768,296.93243,269931.72,687.1464,271655.08,65.81538,569.6299,111404.81,61.85366,10
267064.48,424.89087,393.79633,361.22144,296.94904,7.23565,10156549,2742.8464,219.72778,205.61806,1092836.3,680.08234,258830.93,577.4496,111404.91,412.99765,296.93243,269931.8,687.1465,271655.54,65.7394,569.62976,111404.86,61.8537,10
267064.33,424.89084,393.79636,361.22144,296.94904,7.2356606,10156551,2742.8467,219.72826,205.61761,1092838.7,680.0819,258830.71,577.44934,111404.86,412.99768,296.93243,269931.67,687.1461,271655.08,65.81528,569.6296,111404.81,61.853645,10
267064.5,424.89087,393.79633,361.22144,296.94904,7.235647,10156548,2742.8464,219.7282,205.61768,1092838.4,680.08276,258830.95,577.45,111404.92,412.99765,296.93243,269931.82,687.1471,271655.56,65.73939,569.6302,111404.86,61.853725,10
267064.38,424.89084,393.79636,361.22144,296.94904,7.235659,10156547,2742.8464,219.72824,205.61763,1092838.7,680.0822,258830.7,577.44965,111404.86,412.99768,296.93243,269931.72,687.1464,271655.08,65.81538,569.6299,111404.81,61.85366,10
267064.48,424.89087,393.79633,361.22144,296.94904,7.23565,10156549,2742.8464,219.72778,205.61806,1092836.3,680.08234,258830.93,577.4496,111404.91,412.99765,296.93243,269931.8,687.1465,271655.54,65.7394,569.62976,111404.86,61.8537,10
267064.33,424.89084,393.79636,361.22144,296.94904,7.2356606,10156551,2742.8467,219.72826,205.61761,1092838.7,680.0819,258830.71,577.44934,111404.86,412.99768,296.93243,269931.67,687.1461,271655.08,65.81528,569.6296,111404.81,61.853645,10
267064.5,424.89087,393.79633,361.22144,296.94904,7.235647,10156548,2742.8464,219.7282,205.61768,1092838.4,680.08276,258830.95,577.45,111404.92,412.99765,296.93243,269931.82,687.1471,271655.56,65.73939,569.6302,111404.86,61.853725,10
267064.38,424.89084,393.79636,361.22144,296.94904,7.235659,10156547,2742.8464,219.72824,205.61763,1092838.7,680.0822,258830.7,577.44965,111404.86,412.99768,296.93243,269931.72,687.1464,271655.08,65.81538,569.6299,111404.81,61.85366,10
267064.48,424.89087,393.79633,361.22144,296.94904,7.23565,10156549,2742.8464,219.72778,205.61806,1092836.3,680.08234,258830.93,577.4496,111404.91,412.99765,296.93243,269931.8,687.1465,271655.54,65.7394,569.62976,111404.86,61.8537,10
267064.33,424.89084,393.79636,361.22144,296.94904,7.2356606,10156551,2742.8467,219.72826,205.61761,1092838.7,680.0819,258830.71,577.44934,111404.86,412.99768,296.93243,269931.67,687.1461,271655.08,65.81528,569.6296,111404.81,61.853645,10
267064.5,424.89087,393.79633,361.22144,296.94904,7.235647,10156548,2742.8464,219.7282,205.61768,1092838.4,680.08276,258830.95,577.45,111404.92,412.99765,296.93243,269931.82,687.1471,271655.56,65.73939,569.6302,111404.86,61.853725,10
267064.38,424.89084,393.79636,361.22144,296.94904,7.235659,10156547,2742.8464,219.72824,205.61763,1092838.7,680.0822,258830.7,577.44965,111404.86,412.99768,296.93243,269931.72,687.1464,271655.08,65.81538,569.6299,111404.81,61.85366,10
267064.48,424.89087,393.79633,361.22144,296.94904,7.23565,10156549,2742.8464,219.72778,205.61806,1092836.3,680.08234,258830.93,577.4496,111404.91,412.99765,296.93243,269931.8,687.1465,271655.54,65.7394,569.62976,111404.86,61.8537,10
267064.33,424.89084,393.79636,361.22144,296.94904,7.2356606,10156551,2742.8467,219.72826,205.61761,1092838.7,680.0819,258830.71,577.44934,111404.86,412.99768,296.93243,269931.67,687.1461,271655.08,65.81528,569.6296,111404.81,61.853645,10
267064.5,424.89087,393.79633,361.22144,296.94904,7.235647,10156548,2742.8464,219.7282,205.61768,1092838.4,680.08276,258830.95,577.45,111404.92,412.99765,296.93243,269931.82,687.1471,271655.56,65.73939,569.6302,111404.86,61.853725,10
267064.38,424.89084,393.79636,361.22144,296.94904,7.235659,10156547,2742.8464,219.72824,205.61763,1092838.7,680.0822,258830.7,577.44965,111404.86,412.99768,296.93243,269931.72,687.1464,271655.08,65.81538,569.6299,111404.81,61.85366,10
267064.48,424.89087,393.79633,361.22144,296.94904,7.23565,10156549,2742.8464,219.72778,205.61806,1092836.3,680.08234,258830.93,577.4496,111404.91,412.99765,296.93243,269931.8,687.1465,271655.54,65.7394,569.62976,111404.86,61.8537,10
267064.33,424.89084,393.79636,361.22144,296.94904,7.2356606,10156551,2742.8467,219.72826,205.61761,1092838.7,680.0819,258830.71,577.44934,111404.86,412.99768,296.93243,269931.67,687.1461,271655.08,65.81528,569.6296,111404.81,61.853645,10
267064.5,424.89087,393.79633,361.22144,296.94904,7.235647,10156548,2742.8464,219.7282,205.61768,1092838.4,680.08276,258830.95,577.45,111404.92,412.99765,296.93243,269931.82,687.1471,271655.56,65.73939,569.6302,111404.86,61.853725,10
267064.38,424.89084,393.79636,361.22144,296.94904,7.235659,10156547,2742.8464,219.72824,205.61763,1092838.7,680.0822,258830.7,577.44965,111404.86,412.99768,296.93243,269931.72,687.1464,271655.08,65.81538,569.6299,111404.81,61.85366,10
267064.48,424.89087,393.79633,361.22144,296.94904,7.23565,10156549,2742.8464,219.72778,205.61806,1092836.3,680.08234,258830.93,577.4496,111404.91,412.99765,296.93243,269931.8,687.1465,271655.54,65.7394,569.62976,111404.86,61.8537,10
267064.33,424.89084,393.79636,361.22144,296.94904,7.2356606,10156551,2742.8467,219.72826,205.61761,1092838.7,680.0819,258830.71,577.44934,111404.86,412.99768,296.93243,269931.67,687.1461,271655.08,65.81528,569.6296,111404.81,61.853645,10
267064.5,424.89087,393.79633,361.22144,296.94904,7.235647,10156548,2742.8464,219.7282,205.61768,1092838.4,680.08276,258830.95,577.45,111404.92,412.99765,296.93243,269931.82,687.1471,271655.56,65.73939,569.6302,111404.86,61.853725,10
267064.38,424.89084,393.79636,361.22144,296.94904,7.235659,10156547,2742.8464,219.72824,205.61763,1092838.7,680.0822,258830.7,577.44965,111404.86,412.99768,296.93243,269931.72,687.1464,271655.08,65.81538,569.6299,111404.81,61.85366,10
267064.48,424.89087,393.79633,361.22144,296.94904,7.23565,10156549,2742.8464,219.72778,205.61806,1092836.3,680.08234,258830.93,577.4496,111404.91,412.99765,296.93243,269931.8,687.1465,271655.54,65.7394,569.62976,111404.86,61.8537,10
267064.33,424.89084,393.79636,361.22144,296.94904,7.2356606,10156551,2742.8467,219.72826,205.61761,1092838.7,680.0819,258830.71,577.44934,111404.86,412.99768,296.93243,269931.67,687.1461,271655.08,65.81528,569.6296,111404.81,61.853645,10
267064.5,424.89087,393.79633,361.22144,296.94904,7.235647,10156548,2742.8464,219.7282,205.61768,1092838.4,680.08276,258830.95,577.45,111404.92,412.99765,296.93243,269931.82,687.1471,271655.56,65.73939,569.6302,111404.86,61.853725,10
267064.38,424.89084,393.79636,361.22144,296.94904,7.235659,10156547,2742.8464,219.72824,205.61763,1092838.7,680.0822,258830.7,577.44965,111404.86,412.99768,296.93243,269931.72,687.1464,271655.08,65.81538,569.6299,111404.81,61.85366,10
267064.48,424.89087,393.79633,361.22144,296.94904,7.23565,10156549,2742.8464,219.72778,205.61806,1092836.3,680.08234,258830.93,577.4496,111404.91,412.99765,296.93243,269931.8,687.1465,271655.54,65.7394,569.62976,111404.86,61.8537,10
267064.33,424.89084,393.79636,361.22144,296.94904,7.2356606,10156551,2742.8467,219.72826,205.61761,1092838.7,680.0819,258830.71,577.44934,111404.86,412.99768,296.93243,269931.67,687.1461,271655.08,65.81528,569.6296,111404.81,61.853645,10
267064.5,424.89087,393.79633,361.22144,296.94904,7.235647,10156548,2742.8464,219.7282,205.61768,1092838.4,680.08276,258830.95,577.45,111404.92,412.99765,296.93243,269931.82,687.1471,271655.56,65.73939,569.6302,111404.86,61.853725,10
267064.38,424.89084,393.79636,361.22144,296.94904,7.235659,10156547,2742.8464,219.72824,205.61763,1092838.7,680.0822,258830.7,577.44965,111404.86,412.99768,296.93243,269931.72,687.1464,271655.08,65.81538,569.6299,111404.81,61.85366,10
267064.48,424.89087,393.79633,361.22144,296.94904,7.23565,10156549,2742.8464,219.72778,205.61806,1092836.3,680.08234,258830.93,577.4496,111404.91,412.99765,296.93243,269931.8,687.1465,271655.54,65.7394,569.62976,111404.86,61.8537,10
267064.33,424.89084,393.79636,361.22144,296.94904,7.2356606,10156551,2742.8467,219.72826,205.61761,1092838.7,680.0819,258830.71,577.44934,111404.86,412.99768,296.93243,269931.67,687.1461,271655.08,65.81528,569.6296,111404.81,61.853645,10
267064.5,424.89087,393.79633,361.22144,296.94904,7.235647,10156548,2742.8464,219.7282,205.61768,1092838.4,680.08276,258830.95,577.45,111404.92,412.99765,296.93243,269931.82,687.1471,271655.56,65.73939,569.6302,111404.86,61.853725,10
267064.38,424.89084,393.79636,361.22144,296.94904,7.235659,10156547,2742.8464,219.72824,205.61763,1092838.7,680.0822,258830.7,577.44965,111404.86,412.99768,296.93243,269931.72,687.1464,271655.08,65.81538,569.6299,111404.81,61.85366,10
267064.48,424.89087,393.79633,361.22144,296.94904,7.23565,10156549,2742.8464,219.72778,205.61806,1092836.3,680.08234,258830.93,577.4496,111404.91,412.99765,296.93243,269931.8,687.1465,271655.54,65.7394,569.62976,111404.86,61.8537,10
267064.33,424.89084,393.79636,361.22144,296.94904,7.2356606,10156551,2742.8467,219.72826,205.61761,1092838.7,680.0819,258830.71,577.44934,111404.86,412.99768,296.93243,269931.67,687.1461,271655.08,65.81528,569.6296,111404.81,61.853645,10
267064.5,424.89087,393.79633,361.22144,296.94904,7.235647,10156548,2742.8464,219.7282,205.61768,1092838.4,680.08276,258830.95,577.45,111404.92,412.99765,296.93243,269931.82,687.1471,271655.56,65.73939,569.6302,111404.86,61.853725,10
267064.38,424.89084,393.79636,361.22144,296.94904,7.235659,10156547,2742.8464,219.72824,205.61763,1092838.7,680.0822,258830.7,577.44965,111404.86,412.99768,296.93243,269931.72,687.1464,271655.08,65.81538,569.6299,111404.81,61.85366,10
267064.48,424.89087,393.79633,361.22144,296.94904,7.23565,10156549,2742.8464,219.72778,205.61806,1092836.3,680.08234,258830.93,577.4496,111404.91,412.99765,296.93243,269931.8,687.1465,271655.54,65.7394,569.62976,111404.86,61.8537,10
267064.33,424.89084,393.79636,361.22144,296.94904,7.2356606,10156551,2742.8467,219.72826,205.61761,1092838.7,680.0819,258830.71,577.44934,111404.86,412.99768,296.93243,269931.67,687.1461,271655.08,65.81528,569.6296,111404.81,61.853645,10
267064.5,424.89087,393.79633,361.22144,296.94904,7.235647,10156548,2742.8464,219.7282,205.61768,1092838.4,680.08276,258830.95,577.45,111404.92,412.99765,296.93243,269931.82,687.1471,271655.56,65.73939,569.6302,111404.86,61.853725,10
267064.38,424.89084,393.79636,361.22144,296.94904,7.235659,10156547,2742.8464,219.72824,205.61763,1092838.7,680.0822,258830.7,577.44965,111404.86,412.99768,296.93243,269931.72,687.1464,271655.08,65.81538,569.6299,111404.81,61.85366,10
267064.48,424.89087,393.79633,361.22144,296.94904,7.23565,10156549,2742.8464,219.72778,205.61806,1092836.3,680.08234,258830.93,577.4496,111404.91,412.99765,296.93243,269931.8,687.1465,271655.54,65.7394,569.62976,111404.86,61.8537,10
267064.33,424.89084,393.79636,361.22144,296.94904,7.2356606,10156551,2742.8467,219.72826,205.61761,1092838.7,680.0819,258830.71,577.44934,111404.86,412.99768,296.93243,269931.67,687.1461,271655.08,65.81528,569.6296,111404.81,61.853645,10
267064.5,424.89087,393.79633,361.22144,296.94904,7.235647,10156548,2742.8464,219.7282,205.61768,1092838.4,680.08276,258830.95,577.45,111404.92,412.99765,296.93243,269931.82,687.1471,271655.56,65.73939,569.6302,111404.86,61.853725,10
267064.38,424.89084,393.79636,361.22144,296.94904,7.235659,10156547,2742.8464,219.72824,205.61763,1092838.7,680.0822,258830.7,577.44965,111404.86,412.99768,296.93243,269931.72,687.1464,271655.08,65.81538,569.6299,111404.81,61.85366,10
267064.48,424.89087,393.79633,361.22144,296.94904,7.23565,10156549,2742.8464,219.72778,205.61806,1092836.3,680.08234,258830.93,577.4496,111404.91,412.99765,296.93243,269931.8,687.1465,271655.54,65.7394,569.62976,111404.86,61.8537,10
267064.33,424.89084,393.79636,361.22144,296.94904,7.2356606,10156551,2742.8467,219.72826,205.61761,1092838.7,680.0819,258830.71,577.44934,111404.86,412.99768,296.93243,269931.67,687.1461,271655.08,65.81528,569.6296,111404.81,61.853645,10
267064.5,424.89087,393.79633,361.22144,296.94904,7.235647,10156548,2742.8464,219.7282,205.61768,1092838.4,680.08276,258830.95,577.45,111404.92,412.99765,296.93243,269931.82,687.1471,271655.56,65.73939,569.6302,111404.86,61.853725,10
267064.38,424.89084,393.79636,361.22144,296.94904,7.235659,10156547,2742.8464,219.72824,205.61763,1092838.7,680.0822,258830.7,577.44965,111404.86,412.99768,296.93243,269931.72,687.1464,271655.08,65.81538,569.6299,111404.81,61.85366,10
267064.48,424.89087,393.79633,361.22144,296.94904,7.23565,10156549,2742.8464,219.72778,205.61806,1092836.3,680.08234,258830.93,577.4496,111404.91,412.99765,296.93243,269931.8,687.1465,271655.54,65.7394,569.62976,111404.86,61.8537,10
267064.33,424.89084,393.79636,361.22144,296.94904,7.2356606,10156551,2742.8467,219.72826,205.61761,1092838.7,680.0819,258830.71,577.44934,111404.86,412.99768,296.93243,269931.67,687.1461,271655.08,65.81528,569.6296,111404.81,61.853645,10
267064.5,424.89087,393.79633,361.22144,296.94904,7.235647,10156548,2742.8464,219.7282,205.61768,1092838.4,680.08276,258830.95,577.45,111404.92,412.99765,296.93243,269931.82,687.1471,271655.56,65.73939,569.6302,111404.86,61.853725,10
267064.38,424.89084,393.79636,361.22144,296.94904,7.235659,10156547,2742.8464,219.72824,205.61763,1092838.7,680.0822,258830.7,577.44965,111404.86,412.99768,296.93243,269931.72,687.1464,271655.08,65.81538,569.6299,111404.81,61.85366,10
267064.48,424.89087,393.79633,361.22144,296.94904,7.23565,10156549,2742.8464,219.72778,205.61806,1092836.3,680.08234,258830.93,577.4496,111404.91,412.99765,296.93243,269931.8,687.1465,271655.54,65.7394,569.62976,111404.86,61.8537,10
267064.33,424.89084,393.79636,361.22144,296.94904,7.2356606,10156551,2742.8467,219.72826,205.61761,1092838.7,680.0819,258830.71,577.44934,111404.86,412.99768,296.93243,269931.67,687.1461,271655.08,65.81528,569.6296,111404.81,61.853645,10
267064.5,424.89087,393.79633,361.22144,296.94904,7.235647,10156548,2742.8464,219.7282,205.61768,1092838.4,680.08276,258830.95,577.45,111404.92,412.99765,296.93243,269931.82,687.1471,271655.56,65.73939,569.6302,111404.86,61.853725,10
267064.38,424.89084,393.79636,361.22144,296.94904,7.235659,10156547,2742.8464,219.72824,205.61763,1092838.7,680.0822,258830.7,577.44965,111404.86,412.99768,296.93243,269931.72,687.1464,271655.08,65.81538,569.6299,111404.81,61.85366,10
267064.48,424.89087,393.79633,361.22144,296.94904,7.23565,10156549,2742.8464,219.72778,205.61806,1092836.3,680.08234,258830.93,577.4496,111404.91,412.99765,296.93243,269931.8,687.1465,271655.54,65.7394,569.62976,111404.86,61.8537,10
267064.33,424.89084,393.79636,361.22144,296.94904,7.2356606,10156551,2742.8467,219.72826,205.61761,1092838.7,680.0819,258830.71,577.44934,111404.86,412.99768,296.93243,269931.67,687.1461,271655.08,65.81528,569.6296,111404.81,61.853645,10
267064.5,424.89087,393.79633,361.22144,296.94904,7.235647,10156548,2742.8464,219.7282,205.61768,1092838.4,680.08276,258830.95,577.45,111404.92,412.99765,296.93243,269931.82,687.1471,271655.56,65.73939,569.6302,111404.86,61.853725,10
267064.38,424.89084,393.79636,361.22144,296.94904,7.235659,10156547,2742.8464,219.72824,205.61763,1092838.7,680.0822,258830.7,577.44965,111404.86,412.99768,296.93243,269931.72,687.1464,271655.08,65.81538,569.6299,111404.81,61.85366,10
267064.48,424.89087,393.79633,361.22144,296.94904,7.23565,10156549,2742.8464,219.72778,205.61806,1092836.3,680.08234,258830.93,577.4496,111404.91,412.99765,296.93243,269931.8,687.1465,271655.54,65.7394,569.62976,111404.86,61.8537,10
267064.33,424.89084,393.79636,361.22144,296.94904,7.2356606,10156551,2742.8467,219.72826,205.61761,1092838.7,680.0819,258830.71,577.44934,111404.86,412.99768,296.93243,269931.67,687.1461,271655.08,65.81528,569.6296,111404.81,61.853645,10
267064.5,424.89087,393.79633,361.22144,296.94904,7.235647,10156548,2742.8464,219.7282,205.61768,1092838.4,680.08276,258830.95,577.45,111404.92,412.99765,296.93243,269931.82,687.1471,271655.56,65.73939,569.6302,111404.86,61.853725,10
267064.38,424.89084,393.79636,361.22144,296.94904,7.235659,10156547,2742.8464,219.72824,205.61763,1092838.7,680.0822,258830.7,577.44965,111404.86,412.99768,296.93243,269931.72,687.1464,271655.08,65.81538,569.6299,111404.81,61.85366,10
267064.48,424.89087,393.79633,361.22144,296.94904,7.23565,10156549,2742.8464,219.72778,205.61806,1092836.3,680.08234,258830.93,577.4496,111404.91,412.99765,296.93243,269931.8,687.1465,271655.54,65.7394,569.62976,111404.86,61.8537,10
267064.33,424.89084,393.79636,361.22144,296.94904,7.2356606,10156551,2742.8467,219.72826,205.61761,1092838.7,680.0819,258830.71,577.44934,111404.86,412.99768,296.93243,269931.67,687.1461,271655.08,65.81528,569.6296,111404.81,61.853645,10
267064.5,424.89087,393.79633,361.22144,296.94904,7.235647,10156548,2742.8464,219.7282,205.61768,1092838.4,680.08276,258830.95,577.45,111404.92,412.99765,296.93243,269931.82,687.1471,271655.56,65.73939,569.6302,111404.86,61.853725,10
267064.38,424.89084,393.79636,361.22144,296.94904,7.235659,10156547,2742.8464,219.72824,205.61763,1092838.7,680.0822,258830.7,577.44965,111404.86,412.99768,296.93243,269931.72,687.1464,271655.08,65.81538,569.6299,111404.81,61.85366,10
267064.48,424.89087,393.79633,361.22144,296.94904,7.23565,10156549,2742.8464,219.72778,205.61806,1092836.3,680.08234,258830.93,577.4496,111404.91,412.99765,296.93243,269931.8,687.1465,271655.54,65.7394,569.62976,111404.86,61.8537,10
267064.33,424.89084,393.79636,361.22144,296.94904,7.2356606,10156551,2742.8467,219.72826,205.61761,1092838.7,680.0819,258830.71,577.44934,111404.86,412.99768,296.93243,269931.67,687.1461,271655.08,65.81528,569.6296,111404.81,61.853645,10
267064.5,424.89087,393.79633,361.22144,296.94904,7.235647,10156548,2742.8464,219.7282,205.61768,1092838.4,680.08276,258830.95,577.45,111404.92,412.99765,296.93243,269931.82,687.1471,271655.56,65.73939,569.6302,111404.86,61.853725,10
267064.38,424.89084,393.79636,361.22144,296.94904,7.235659,10156547,2742.8464,219.72824,205.61763,1092838.7,680.0822,258830.7,577.44965,111404.86,412.99768,296.93243,269931.72,687.1464,271655.08,65.81538,569.6299,111404.81,61.85366,10
267064.48,424.89087,393.79633,361.22144,296.94904,7.23565,10156549,2742.8464,219.72778,205.61806,1092836.3,680.08234,258830.93,577.4496,111404.91,412.99765,296.93243,269931.8,687.1465,271655.54,65.7394,569.62976,111404.86,61.8537,10
267064.33,424.89084,393.79636,361.22144,296.94904,7.2356606,10156551,2742.8467,219.72826,205.61761,1092838.7,680.0819,258830.71,577.44934,111404.86,412.99768,296.93243,269931.67,687.1461,271655.08,65.81528,569.6296,111404.81,61.853645,10
267064.5,424.89087,393.79633,361.22144,296.94904,7.235647,10156548,2742.8464,219.7282,205.61768,1092838.4,680.08276,258830.95,577.45,111404.92,412.99765,296.93243,269931.82,687.1471,271655.56,65.73939,569.6302,111404.86,61.853725,10
267064.38,424.89084,393.79636,361.22144,296.94904,7.235659,10156547,2742.8464,219.72824,205.61763,1092838.7,680.0822,258830.7,577.44965,111404.86,412.99768,296.93243,269931.72,687.1464,271655.08,65.81538,569.6299,111404.81,61.85366,10
267064.48,424.89087,393.79633,361.22144,296.94904,7.23565,10156549,2742.8464,219.72778,205.61806,1092836.3,680.08234,258830.93,577.4496,111404.91,412.99765,296.93243,269931.8,687.1465,271655.54,65.7394,569.62976,111404.86,61.8537,10
267064.33,424.89084,393.79636,361.22144,296.94904,7.2356606,10156551,2742.8467,219.72826,205.61761,1092838.7,680.0819,258830.71,577.44934,111404.86,412.99768,296.93243,269931.67,687.1461,271655.08,65.81528,569.6296,111404.81,61.853645,10
267064.5,424.89087,393.79633,361.22144,296.94904,7.235647,10156548,2742.8464,219.7282,205.61768,1092838.4,680.08276,258830.95,577.45,111404.92,412.99765,296.93243,269931.82,687.1471,271655.56,65.73939,569.6302,111404.86,61.853725,10
267064.38,424.89084,393.79636,361.22144,296.94904,7.235659,10156547,2742.8464,219.72824,205.61763,1092838.7,680.0822,258830.7,577.44965,111404.86,412.99768,296.93243,269931.72,687.1464,271655.08,65.81538,569.6299,111404.81,61.85366,10
267064.48,424.89087,393.79633,361.22144,296.94904,7.23565,10156549,2742.8464,219.72778,205.61806,1092836.3,680.08234,258830.93,577.4496,111404.91,412.99765,296.93243,269931.8,687.1465,271655.54,65.7394,569.62976,111404.86,61.8537,10
267064.33,424.89084,393.79636,361.22144,296.94904,7.2356606,10156551,2742.8467,219.72826,205.61761,1092838.7,680.0819,258830.71,577.44934,111404.86,412.99768,296.93243,269931.67,687.1461,271655.08,65.81528,569.6296,111404.81,61.853645,10
267064.5,424.89087,393.79633,361.22144,296.94904,7.235647,10156548,2742.8464,219.7282,205.61768,1092838.4,680.08276,258830.95,577.45,111404.92,412.99765,296.93243,269931.82,687.1471,271655.56,65.73939,569.6302,111404.86,61.853725,10
267064.38,424.89084,393.79636,361.22144,296.94904,7.235659,10156547,2742.8464,219.72824,205.61763,1092838.7,680.0822,258830.7,577.44965,111404.86,412.99768,296.93243,269931.72,687.1464,271655.08,65.81538,569.6299,111404.81,61.85366,10
267064.48,424.89087,393.79633,361.22144,296.94904,7.23565,10156549,2742.8464,219.72778,205.61806,1092836.3,680.08234,258830.93,577.4496,111404.91,412.99765,296.93243,269931.8,687.1465,271655.54,65.7394,569.62976,111404.86,61.8537,10
267064.33,424.89084,393.79636,361.22144,296.94904,7.2356606,10156551,2742.8467,219.72826,205.61761,1092838.7,680.0819,258830.71,577.44934,111404.86,412.99768,296.93243,269931.67,687.1461,271655.08,65.81528,569.6296,111404.81,61.853645,10
267064.5,424.89087,393.79633,361.22144,296.94904,7.235647,10156548,2742.8464,219.7282,205.61768,1092838.4,680.08276,258830.95,577.45,111404.92,412.99765,296.93243,269931.82,687.1471,271655.56,65.73939,569.6302,111404.86,61.853725,10
267064.38,424.89084,393.79636,361.22144,296.94904,7.235659,10156547,2742.8464,219.72824,205.61763,1092838.7,680.0822,258830.7,577.44965,111404.86,412.99768,296.93243,269931.72,687.1464,271655.08,65.81538,569.6299,111404.81,61.85366,10
267064.48,424.89087,393.79633,361.22144,296.94904,7.23565,10156549,2742.8464,219.72778,205.61806,1092836.3,680.08234,258830.93,577.4496,111404.91,412.99765,296.93243,269931.8,687.1465,271655.54,65.7394,569.62976,111404.86,61.8537,10
267064.33,424.89084,393.79636,361.22144,296.94904,7.2356606,10156551,2742.8467,219.72826,205.61761,1092838.7,680.0819,258830.71,577.44934,111404.86,412.99768,296.93243,269931.67,687.1461,271655.08,65.81528,569.6296,111404.81,61.853645,10
267064.5,424.89087,393.79633,361.22144,296.94904,7.235647,10156548,2742.8464,219.7282,205.61768,1092838.4,680.08276,258830.95,577.45,111404.92,412.99765,296.93243,269931.82,687.1471,271655.56,65.73939,569.6302,111404.86,61.853725,10
267064.38,424.89084,393.79636,361.22144,296.94904,7.235659,10156547,2742.8464,219.72824,205.61763,1092838.7,680.0822,258830.7,577.44965,111404.86,412.99768,296.93243,269931.72,687.1464,271655.08,65.81538,569.6299,111404.81,61.85366,10
267064.48,424.89087,393.79633,361.22144,296.94904,7.23565,10156549,2742.8464,219.72778,205.61806,1092836.3,680.08234,258830.93,577.4496,111404.91,412.99765,296.93243,269931.8,687.1465,271655.54,65.7394,569.62976,111404.86,61.8537,10
267064.33,424.89084,393.79636,361.22144,296.94904,7.2356606,10156551,2742.8467,219.72826,205.61761,1092838.7,680.0819,258830.71,577.44934,111404.86,412.99768,296.93243,269931.67,687.1461,271655.08,65.81528,569.6296,111404.81,61.853645,10
267064.5,424.89087,393.79633,361.22144,296.94904,7.235647,10156548,2742.8464,219.7282,205.61768,1092838.4,680.08276,258830.95,577.45,111404.92,412.99765,296.93243,269931.82,687.1471,271655.56,65.73939,569.6302,111404.86,61.853725,10
267064.38,424.89084,393.79636,361.22144,296.94904,7.235659,10156547,2742.8464,219.72824,205.61763,1092838.7,680.0822,258830.7,577.44965,111404.86,412.99768,296.93243,269931.72,687.1464,271655.08,65.81538,569.6299,111404.81,61.85366,10
267064.48,424.89087,393.79633,361.22144,296.94904,7.23565,10156549,2742.8464,219.72778,205.61806,1092836.3,680.08234,258830.93,577.4496,111404.91,412.99765,296.93243,269931.8,687.1465,271655.54,65.7394,569.62976,111404.86,61.8537,10
267064.33,424.89084,393.79636,361.22144,296.94904,7.2356606,10156551,2742.8467,219.72826,205.61761,1092838.7,680.0819,258830.71,577.44934,111404.86,412.99768,296.93243,269931.67,687.1461,271655.08,65.81528,569.6296,111404.81,61.853645,10
267064.5,424.89087,393.79633,361.22144,296.94904,7.235647,10156548,2742.8464,219.7282,205.61768,1092838.4,680.08276,258830.95,577.45,111404.92,412.99765,296.93243,269931.82,687.1471,271655.56,65.73939,569.6302,111404.86,61.853725,10
267064.38,424.89084,393.79636,361.22144,296.94904,7.235659,10156547,2742.8464,219.72824,205.61763,1092838.7,680.0822,258830.7,577.44965,111404.86,412.99768,296.93243,269931.72,687.1464,271655.08,65.81538,569.6299,111404.81,61.85366,10
267064.48,424.89087,393.79633,361.22144,296.94904,7.23565,10156549,2742.8464,219.72778,205.61806,1092836.3,680.08234,258830.93,577.4496,111404.91,412.99765,296.93243,269931.8,687.1465,271655.54,65.7394,569.62976,111404.86,61.8537,10
267064.33,424.89084,393.79636,361.22144,296.94904,7.2356606,10156551,2742.8467,219.72826,205.61761,1092838.7,680.0819,258830.71,577.44934,111404.86,412.99768,296.93243,269931.67,687.1461,271655.08,65.81528,569.6296,111404.81,61.853645,10
267064.5,424.89087,393.79633,361.22144,296.94904,7.235647,10156548,2742.8464,219.7282,205.61768,1092838.4,680.08276,258830.95,577.45,111404.92,412.99765,296.93243,269931.82,687.1471,271655.56,65.73939,569.6302,111404.86,61.853725,10
267064.38,424.89084,393.79636,361.22144,296.94904,7.235659,10156547,2742.8464,219.72824,205.61763,1092838.7,680.0822,258830.7,577.44965,111404.86,412.99768,296.93243,269931.72,687.1464,271655.08,65.81538,569.6299,111404.81,61.85366,10
267064.48,424.89087,393.79633,361.22144,296.94904,7.23565,10156549,2742.8464,219.72778,205.61806,1092836.3,680.08234,258830.93,577.4496,111404.91,412.99765,296.93243,269931.8,687.1465,271655.54,65.7394,569.62976,111404.86,61.8537,10
267064.33,424.89084,393.79636,361.22144,296.94904,7.2356606,10156551,2742.8467,219.72826,205.61761,1092838.7,680.0819,258830.71,577.44934,111404.86,412.99768,296.93243,269931.67,687.1461,271655.08,65.81528,569.6296,111404.81,61.853645,10
267064.5,424.89087,393.79633,361.22144,296.94904,7.235647,10156548,2742.8464,219.7282,205.61768,1092838.4,680.08276,258830.95,577.45,111404.92,412.99765,296.93243,269931.82,687.1471,271655.56,65.73939,569.6302,111404.86,61.853725,10
267064.38,424.89084,393.79636,361.22144,296.94904,7.235659,10156547,2742.8464,219.72824,205.61763,1092838.7,680.0822,258830.7,577.44965,111404.86,412.99768,296.93243,269931.72,687.1464,271655.08,65.81538,569.6299,111404.81,61.85366,10
267064.48,424.89087,393.79633,361.22144,296.94904,7.23565,10156549,2742.8464,219.72778,205.61806,1092836.3,680.08234,258830.93,577.4496,111404.91,412.99765,296.93243,269931.8,687.1465,271655.54,65.7394,569.62976,111404.86,61.8537,10
267064.33,424.89084,393.79636,361.22144,296.94904,7.2356606,10156551,2742.8467,219.72826,205.61761,1092838.7,680.0819,258830.71,577.44934,111404.86,412.99768,296.93243,269931.67,687.1461,271655.08,65.81528,569.6296,111404.81,61.853645,10
267064.5,424.89087,393.79633,361.22144,296.94904,7.235647,10156548,2742.8464,219.7282,205.61768,1092838.4,680.08276,258830.95,577.45,111404.92,412.99765,296.93243,269931.82,687.1471,271655.56,65.73939,569.6302,111404.86,61.853725,10
267064.38,424.89084,393.79636,361.22144,296.94904,7.235659,10156547,2742.8464,219.72824,205.61763,1092838.7,680.0822,258830.7,577.44965,111404.86,412.99768,296.93243,269931.72,687.1464,271655.08,65.81538,569.6299,111404.81,61.85366,10
267064.48,424.89087,393.79633,361.22144,296.94904,7.23565,10156549,2742.8464,219.72778,205.61806,1092836.3,680.08234,258830.93,577.4496,111404.91,412.99765,296.93243,269931.8,687.1465,271655.54,65.7394,569.62976,111404.86,61.8537,10
267064.33,424.89084,393.79636,361.22144,296.94904,7.2356606,10156551,2742.8467,219.72826,205.61761,1092838.7,680.0819,258830.71,577.44934,111404.86,412.99768,296.93243,269931.67,687.1461,271655.08,65.81528,569.6296,111404.81,61.853645,10
267064.5,424.89087,393.79633,361.22144,296.94904,7.235647,10156548,2742.8464,219.7282,205.61768,1092838.4,680.08276,258830.95,577.45,111404.92,412.99765,296.93243,269931.82,687.1471,271655.56,65.73939,569.6302,111404.86,61.853725,10
267064.38,424.89084,393.79636,361.22144,296.94904,7.235659,10156547,2742.8464,219.72824,205.61763,1092838.7,680.0822,258830.7,577.44965,111404.86,412.99768,296.93243,269931.72,687.1464,271655.08,65.81538,569.6299,111404.81,61.85366,10
267064.48,424.89087,393.79633,361.22144,296.94904,7.23565,10156549,2742.8464,219.72778,205.61806,1092836.3,680.08234,258830.93,577.4496,111404.91,412.99765,296.93243,269931.8,687.1465,271655.54,65.7394,569.62976,111404.86,61.8537,10
267064.33,424.89084,393.79636,361.22144,296.94904,7.2356606,10156551,2742.8467,219.72826,205.61761,1092838.7,680.0819,258830.71,577.44934,111404.86,412.99768,296.93243,269931.67,687.1461,271655.08,65.81528,569.6296,111404.81,61.853645,10
267064.5,424.89087,393.79633,361.22144,296.94904,7.235647,10156548,2742.8464,219.7282,205.61768,1092838.4,680.08276,258830.95,577.45,111404.92,412.99765,296.93243,269931.82,687.1471,271655.56,65.73939,569.6302,111404.86,61.853725,10
267064.38,424.89084,393.79636,361.22144,296.94904,7.235659,10156547,2742.8464,219.72824,205.61763,1092838.7,680.0822,258830.7,577.44965,111404.86,412.99768,296.93243,269931.72,687.1464,271655.08,65.81538,569.6299,111404.81,61.85366,10
267064.48,424.89087,393.79633,361.22144,296.94904,7.23565,10156549,2742.8464,219.72778,205.61806,1092836.3,680.08234,258830.93,577.4496,111404.91,412.99765,296.93243,269931.8,687.1465,271655.54,65.7394,569.62976,111404.86,61.8537,10
267064.33,424.89084,393.79636,361.22144,296.94904,7.2356606,10156551,2742.8467,219.72826,205.61761,1092838.7,680.0819,258830.71,577.44934,111404.86,412.99768,296.93243,269931.67,687.1461,271655.08,65.81528,569.6296,111404.81,61.853645,10
267064.5,424.89087,393.79633,361.22144,296.94904,7.235647,10156548,2742.8464,219.7282,205.61768,1092838.4,680.08276,258830.95,577.45,111404.92,412.99765,296.93243,269931.82,687.1471,271655.56,65.73939,569.6302,111404.86,61.853725,10
267064.38,424.89084,393.79636,361.22144,296.94904,7.235659,10156547,2742.8464,219.72824,205.61763,1092838.7,680.0822,258830.7,577.44965,111404.86,412.99768,296.93243,269931.72,687.1464,271655.08,65.81538,569.6299,111404.81,61.85366,10
267064.48,424.89087,393.79633,361.22144,296.94904,7.23565,10156549,2742.8464,219.72778,205.61806,1092836.3,680.08234,258830.93,577.4496,111404.91,412.99765,296.93243,269931.8,687.1465,271655.54,65.7394,569.62976,111404.86,61.8537,10
267064.33,424.89084,393.79636,361.22144,296.94904,7.2356606,10156551,2742.8467,219.72826,205.61761,1092838.7,680.0819,258830.71,577.44934,111404.86,412.99768,296.93243,269931.67,687.1461,271655.08,65.81528,569.6296,111404.81,61.853645,10
267064.5,424.89087,393.79633,361.22144,296.94904,7.235647,10156548,2742.8464,219.7282,205.61768,1092838.4,680.08276,258830.95,577.45,111404.92,412.99765,296.93243,269931.82,687.1471,271655.56,65.73939,569.6302,111404.86,61.853725,10
267064.38,424.89084,393.79636,361.22144,296.94904,7.235659,10156547,2742.8464,219.72824,205.61763,1092838.7,680.0822,258830.7,577.44965,111404.86,412.99768,296.93243,269931.72,687.1464,271655.08,65.81538,569.6299,111404.81,61.85366,10
267064.48,424.89087,393.79633,361.22144,296.94904,7.23565,10156549,2742.8464,219.72778,205.61806,1092836.3,680.08234,258830.93,577.4496,111404.91,412.99765,296.93243,269931.8,687.1465,271655.54,65.7394,569.62976,111404.86,61.8537,10
267064.33,424.89084,393.79636,361.22144,296.94904,7.2356606,10156551,2742.8467,219.72826,205.61761,1092838.7,680.0819,258830.71,577.44934,111404.86,412.99768,296.93243,269931.67,687.1461,271655.08,65.81528,569.6296,111404.81,61.853645,10
267064.5,424.89087,393.79633,361.22144,296.94904,7.235647,10156548,2742.8464,219.7282,205.61768,1092838.4,680.08276,258830.95,577.45,111404.92,412.99765,296.93243,269931.82,687.1471,271655.56,65.73939,569.6302,111404.86,61.853725,10
267064.38,424.89084,393.79636,361.22144,296.94904,7.235659,10156547,2742.8464,219.72824,205.61763,1092838.7,680.0822,258830.7,577.44965,111404.86,412.99768,296.93243,269931.72,687.1464,271655.08,65.81538,569.6299,111404.81,61.85366,10
267064.48,424.89087,393.79633,361.22144,296.94904,7.23565,10156549,2742.8464,219.72778,205.61806,1092836.3,680.08234,258830.93,577.4496,111404.91,412.99765,296.93243,269931.8,687.1465,271655.54,65.7394,569.62976,111404.86,61.8537,10
267064.33,424.89084,393.79636,361.22144,296.94904,7.2356606,10156551,2742.8467,219.72826,205.61761,1092838.7,680.0819,258830.71,577.44934,111404.86,412.99768,296.93243,269931.67,687.1461,271655.08,65.81528,569.6296,111404.81,61.853645,10
267064.5,424.89087,393.79633,361.22144,296.94904,7.235647,10156548,2742.8464,219.7282,205.61768,1092838.4,680.08276,258830.95,577.45,111404.92,412.99765,296.93243,269931.82,687.1471,271655.56,65.73939,569.6302,111404.86,61.853725,10
267064.38,424.89084,393.79636,361.22144,296.94904,7.235659,10156547,2742.8464,219.72824,205.61763,1092838.7,680.0822,258830.7,577.44965,111404.86,412.99768,296.93243,269931.72,687.1464,271655.08,65.81538,569.6299,111404.81,61.85366,10
267064.48,424.89087,393.79633,361.22144,296.94904,7.23565,10156549,2742.8464,219.72778,205.61806,1092836.3,680.08234,258830.93,577.4496,111404.91,412.99765,296.93243,269931.8,687.1465,271655.54,65.7394,569.62976,111404.86,61.8537,10
267064.33,424.89084,393.79636,361.22144,296.94904,7.2356606,10156551,2742.8467,219.72826,205.61761,1092838.7,680.0819,258830.71,577.44934,111404.86,412.99768,296.93243,269931.67,687.1461,271655.08,65.81528,569.6296,111404.81,61.853645,10
267064.5,424.89087,393.79633,361.22144,296.94904,7.235647,10156548,2742.8464,219.7282,205.61768,1092838.4,680.08276,258830.95,577.45,111404.92,412.99765,296.93243,269931.82,687.1471,271655.56,65.73939,569.6302,111404.86,61.853725,10
267064.38,424.89084,393.79636,361.22144,296.94904,7.235659,10156547,2742.8464,219.72824,205.61763,1092838.7,680.0822,258830.7,577.44965,111404.86,412.99768,296.93243,269931.72,687.1464,271655.08,65.81538,569.6299,111404.81,61.85366,10
267064.48,424.89087,393.79633,361.22144,296.94904,7.23565,10156549,2742.8464,219.72778,205.61806,1092836.3,680.08234,258830.93,577.4496,111404.91,412.99765,296.93243,269931.8,687.1465,271655.54,65.7394,569.62976,111404.86,61.8537,10
267064.33,424.89084,393.79636,361.22144,296.94904,7.2356606,10156551,2742.8467,219.72826,205.61761,1092838.7,680.0819,258830.71,577.44934,111404.86,412.99768,296.93243,269931.67,687.1461,271655.08,65.81528,569.6296,111404.81,61.853645,10
267064.5,424.89087,393.79633,361.22144,296.94904,7.235647,10156548,2742.8464,219.7282,205.61768,1092838.4,680.08276,258830.95,577.45,111404.92,412.99765,296.93243,269931.82,687.1471,271655.56,65.73939,569.6302,111404.86,61.853725,10
267064.38,424.89084,393.79636,361.22144,296.94904,7.235659,10156547,2742.8464,219.72824,205.61763,1092838.7,680.0822,258830.7,577.44965,111404.86,412.99768,296.93243,269931.72,687.1464,271655.08,65.81538,569.6299,111404.81,61.85366,10
267064.48,424.89087,393.79633,361.22144,296.94904,7.23565,10156549,2742.8464,219.72778,205.61806,1092836.3,680.08234,258830.93,577.4496,111404.91,412.99765,296.93243,269931.8,687.1465,271655.54,65.7394,569.62976,111404.86,61.8537,10
267064.33,424.89084,393.79636,361.22144,296.94904,7.2356606,10156551,2742.8467,219.72826,205.61761,1092838.7,680.0819,258830.71,577.44934,111404.86,412.99768,296.93243,269931.67,687.1461,271655.08,65.81528,569.6296,111404.81,61.853645,10
267064.5,424.89087,393.79633,361.22144,296.94904,7.235647,10156548,2742.8464,219.7282,205.61768,1092838.4,680.08276,258830.95,577.45,111404.92,412.99765,296.93243,269931.82,687.1471,271655.56,65.73939,569.6302,111404.86,61.853725,10
267064.38,424.89084,393.79636,361.22144,296.94904,7.235659,10156547,2742.8464,219.72824,205.61763,1092838.7,680.0822,258830.7,577.44965,111404.86,412.99768,296.93243,269931.72,687.1464,271655.08,65.81538,569.6299,111404.81,61.85366,10
267064.48,424.89087,393.79633,361.22144,296.94904,7.23565,10156549,2742.8464,219.72778,205.61806,1092836.3,680.08234,258830.93,577.4496,111404.91,412.99765,296.93243,269931.8,687.1465,271655.54,65.7394,569.62976,111404.86,61.8537,10
267064.33,424.89084,393.79636,361.22144,296.94904,7.2356606,10156551,2742.8467,219.72826,205.61761,1092838.7,680.0819,258830.71,577.44934,111404.86,412.99768,296.93243,269931.67,687.1461,271655.08,65.81528,569.6296,111404.81,61.853645,10
267064.5,424.89087,393.79633,361.22144,296.94904,7.235647,10156548,2742.8464,219.7282,205.61768,1092838.4,680.08276,258830.95,577.45,111404.92,412.99765,296.93243,269931.82,687.1471,271655.56,65.73939,569.6302,111404.86,61.853725,10
267064.38,424.89084,393.79636,361.22144,296.94904,7.235659,10156547,2742.8464,219.72824,205.61763,1092838.7,680.0822,258830.7,577.44965,111404.86,412.99768,296.93243,269931.72,687.1464,271655.08,65.81538,569.6299,111404.81,61.85366,10
267064.48,424.89087,393.79633,361.22144,296.94904,7.23565,10156549,2742.8464,219.72778,205.61806,1092836.3,680.08234,258830.93,577.4496,111404.91,412.99765,296.93243,269931.8,687.1465,271655.54,65.7394,569.62976,111404.86,61.8537,10
267064.33,424.89084,393.79636,361.22144,296.94904,7.2356606,10156551,2742.8467,219.72826,205.61761,1092838.7,680.0819,258830.71,577.44934,111404.86,412.99768,296.93243,269931.67,687.1461,271655.08,65.81528,569.6296,111404.81,61.853645,10
267064.5,424.89087,393.79633,361.22144,296.94904,7.235647,10156548,2742.8464,219.7282,205.61768,1092838.4,680.08276,258830.95,577.45,111404.92,412.99765,296.93243,269931.82,687.1471,271655.56,65.73939,569.6302,111404.86,61.853725,10
267064.38,424.89084,393.79636,361.22144,296.94904,7.235659,10156547,2742.8464,219.72824,205.61763,1092838.7,680.0822,258830.7,577.44965,111404.86,412.99768,296.93243,269931.72,687.1464,271655.08,65.81538,569.6299,111404.81,61.85366,10
267064.48,424.89087,393.79633,361.22144,296.94904,7.23565,10156549,2742.8464,219.72778,205.61806,1092836.3,680.08234,258830.93,577.4496,111404.91,412.99765,296.93243,269931.8,687.1465,271655.54,65.7394,569.62976,111404.86,61.8537,10
267064.33,424.89084,393.79636,361.22144,296.94904,7.2356606,10156551,2742.8467,219.72826,205.61761,1092838.7,680.0819,258830.71,577.44934,111404.86,412.99768,296.93243,269931.67,687.1461,271655.08,65.81528,569.6296,111404.81,61.853645,10
267064.5,424.89087,393.79633,361.22144,296.94904,7.235647,10156548,2742.8464,219.7282,205.61768,1092838.4,680.08276,258830.95,577.45,111404.92,412.99765,296.93243,269931.82,687.1471,271655.56,65.73939,569.6302,111404.86,61.853725,10
267064.38,424.89084,393.79636,361.22144,296.94904,7.235659,10156547,2742.8464,219.72824,205.61763,1092838.7,680.0822,258830.7,577.44965,111404.86,412.99768,296.93243,269931.72,687.1464,271655.08,65.81538,569.6299,111404.81,61.85366,10
267064.48,424.89087,393.79633,361.22144,296.94904,7.23565,10156549,2742.8464,219.72778,205.61806,1092836.3,680.08234,258830.93,577.4496,111404.91,412.99765,296.93243,269931.8,687.1465,271655.54,65.7394,569.62976,111404.86,61.8537,10
267064.33,424.89084,393.79636,361.22144,296.94904,7.2356606,10156551,2742.8467,219.72826,205.61761,1092838.7,680.0819,258830.71,577.44934,111404.86,412.99768,296.93243,269931.67,687.1461,271655.08,65.81528,569.6296,111404.81,61.853645,10
267064.5,424.89087,393.79633,361.22144,296.94904,7.235647,10156548,2742.8464,219.7282,205.61768,1092838.4,680.08276,258830.95,577.45,111404.92,412.99765,296.93243,269931.82,687.1471,271655.56,65.73939,569.6302,111404.86,61.853725,10
267064.38,424.89084,393.79636,361.22144,296.94904,7.235659,10156547,2742.8464,219.72824,205.61763,1092838.7,680.0822,258830.7,577.44965,111404.86,412.99768,296.93243,269931.72,687.1464,271655.08,65.81538,569.6299,111404.81,61.85366,10
267064.48,424.89087,393.79633,361.22144,296.94904,7.23565,10156549,2742.8464,219.72778,205.61806,1092836.3,680.08234,258830.93,577.4496,111404.91,412.99765,296.93243,269931.8,687.1465,271655.54,65.7394,569.62976,111404.86,61.8537,10
267064.33,424.89084,393.79636,361.22144,296.94904,7.2356606,10156551,2742.8467,219.72826,205.61761,1092838.7,680.0819,258830.71,577.44934,111404.86,412.99768,296.93243,269931.67,687.1461,271655.08,65.81528,569.6296,111404.81,61.853645,10
267064.5,424.89087,393.79633,361.22144,296.94904,7.235647,10156548,2742.8464,219.7282,205.61768,1092838.4,680.08276,258830.95,577.45,111404.92,412.99765,296.93243,269931.82,687.1471,271655.56,65.73939,569.6302,111404.86,61.853725,10
267064.38,424.89084,393.79636,361.22144,296.94904,7.235659,10156547,2742.8464,219.72824,205.61763,1092838.7,680.0822,258830.7,577.44965,111404.86,412.99768,296.93243,269931.72,687.1464,271655.08,65.81538,569.6299,111404.81,61.85366,10
267064.48,424.89087,393.79633,361.22144,296.94904,7.23565,10156549,2742.8464,219.72778,205.61806,1092836.3,680.08234,258830.93,577.4496,111404.91,412.99765,296.93243,269931.8,687.1465,271655.54,65.7394,569.62976,111404.86,61.8537,10
267064.33,424.89084,393.79636,361.22144,296.94904,7.2356606,10156551,2742.8467,219.72826,205.61761,1092838.7,680.0819,258830.71,577.44934,111404.86,412.99768,296.93243,269931.67,687.1461,271655.08,65.81528,569.6296,111404.81,61.853645,10
267064.5,424.89087,393.79633,361.22144,296.94904,7.235647,10156548,2742.8464,219.7282,205.61768,1092838.4,680.08276,258830.95,577.45,111404.92,412.99765,296.93243,269931.82,687.1471,271655.56,65.73939,569.6302,111404.86,61.853725,10
267064.38,424.89084,393.79636,361.22144,296.94904,7.235659,10156547,2742.8464,219.72824,205.61763,1092838.7,680.0822,258830.7,577.44965,111404.86,412.99768,296.93243,269931.72,687.1464,271655.08,65.81538,569.6299,111404.81,61.85366,10
267064.48,424.89087,393.79633,361.22144,296.94904,7.23565,10156549,2742.8464,219.72778,205.61806,1092836.3,680.08234,258830.93,577.4496,111404.91,412.99765,296.93243,269931.8,687.1465,271655.54,65.7394,569.62976,111404.86,61.8537,10
267064.33,424.89084,393.79636,361.22144,296.94904,7.2356606,10156551,2742.8467,219.72826,205.61761,1092838.7,680.0819,258830.71,577.44934,111404.86,412.99768,296.93243,269931.67,687.1461,271655.08,65.81528,569.6296,111404.81,61.853645,10
267064.5,424.89087,393.79633,361.22144,296.94904,7.235647,10156548,2742.8464,219.7282,205.61768,1092838.4,680.08276,258830.95,577.45,111404.92,412.99765,296.93243,269931.82,687.1471,271655.56,65.73939,569.6302,111404.86,61.853725,10
267064.38,424.89084,393.79636,361.22144,296.94904,7.235659,10156547,2742.8464,219.72824,205.61763,1092838.7,680.0822,258830.7,577.44965,111404.86,412.99768,296.93243,269931.72,687.1464,271655.08,65.81538,569.6299,111404.81,61.85366,10
267064.48,424.89087,393.79633,361.22144,296.94904,7.23565,10156549,2742.8464,219.72778,205.61806,1092836.3,680.08234,258830.93,577.4496,111404.91,412.99765,296.93243,269931.8,687.1465,271655.54,65.7394,569.62976,111404.86,61.8537,10
267064.33,424.89084,393.79636,361.22144,296.94904,7.2356606,10156551,2742.8467,219.72826,205.61761,1092838.7,680.0819,258830.71,577.44934,111404.86,412.99768,296.93243,269931.67,687.1461,271655.08,65.81528,569.6296,111404.81,61.853645,10
267064.5,424.89087,393.79633,361.22144,296.94904,7.235647,10156548,2742.8464,219.7282,205.61768,1092838.4,680.08276,258830.95,577.45,111404.92,412.99765,296.93243,269931.82,687.1471,271655.56,65.73939,569.6302,111404.86,61.853725,10
267064.38,424.89084,393.79636,361.22144,296.94904,7.235659,10156547,2742.8464,219.72824,205.61763,1092838.7,680.0822,258830.7,577.44965,111404.86,412.99768,296.93243,269931.72,687.1464,271655.08,65.81538,569.6299,111404.81,61.85366,10
267064.48,424.89087,393.79633,361.22144,296.94904,7.23565,10156549,2742.8464,219.72778,205.61806,1092836.3,680.08234,258830.93,577.4496,111404.91,412.99765,296.93243,269931.8,687.1465,271655.54,65.7394,569.62976,111404.86,61.8537,10
