:START_ID(ShipKG),:END_ID(ShipKG),id,:TYPE,case_id,certainty,evidence_id,source_file,source_url,page,locator,quote,props_json
shipkg:dataset:1ceeb4cad6d8,shipkg:sensor:e56c947d4ba2,edge:001091b260b3062f,HAS_CHANNEL,,reported,ev:3341982540eaf56c,Marine_Engine_Fault_Data_v1.zip,https://zenodo.org/records/19857425,,variable_dictionary.csv:Sea Cooling Water Press.,full_name=Sea Cooling Water Press.; symbol=Pl_water2; unit=V; dtype=number; in_reference=TRUE; in_scenario_files=TRUE; category=pressure / derived pressure; note=raw voltage signal associated with LT cooling-water pump pressure; not converted to engineering pressure units,{}
shipkg:fault:2c644dcfc770,shipkg:condition:ff44ed04fc9f,edge:00d23d64eeab966b,ASSOCIATED_WITH,windcat8_port_engine_2017,probable,ev:1143f5b1ae869724,MAIB_2018_01_Windcat8_bearing_failure_fire.pdf,https://assets.publishing.service.gov.uk/government/uploads/system/uploads/attachment_data/file/683922/MAIBInvReport01_2018.pdf,9,PDF page 9,"ation systems. Therefore, it is highly unlikely that the failure was the result of incorrect component assembly or a lack of oil. It is more likely that the failure was due to a weakness in the thin-walled shell bearing itself.",{}
shipkg:case:1e6479e108d9,shipkg:fault:2c644dcfc770,edge:00e268c583920977,INVOLVES,kommandor_susan_dg1_2025,reported,ev:5f282b514e870587,MAIB_2026_10_Kommandor_Susan_generator_bearing_failure.pdf,https://www.gov.uk/maib-reports/catastrophic-engine-failure-and-subsequent-fire-on-board-the-site-investigation-vessel-kommandor-susan,5,PDF page 5,oot cause is failure of connecting rod bearing number five. The excessive wear on the other connecting rod bearings show that the most likely root cause for the bearing failure is weak bonding of the copper layer. Evidence of weak material bonding was found in several bearings (Figure 4). Figure 3: Comparison between genuine OEM (left) and CTP bottom end bearings (right) Image courtesy of Pon Power,{}
shipkg:case:d6e9f8f8ade2,shipkg:cause:29f8307f5eed,edge:0194af9f6cddb0da,INVOLVES,finlandia_seaways_me_2018,reported,ev:ed4a18d326cb49be,MAIB_2021_02_Finlandia_Seaways_connecting_rod_failure.pdf,https://www.gov.uk/maib-reports/engine-failure-and-subsequent-fire-on-ro-ro-cargo-vessel-finlandia-seaways-with-1-person-injured,9,PDF page 9,used to replace the connecting rod small end piston pin bearing bushes by the vessel manager’s maintenance support contractor had introduced stress raisers that signficantly increased the likelihood of crack initiation and fatigue failure. Other factors that contributed to the engine failure included: standards of maintenance management; lack of appreciation of the importance of following the engine manufacturer’s instructions for the removal and refitting of the,{}
shipkg:fault:a20cef558a0a,shipkg:component:2a19cfd5c18a,edge:01fc144895cef73d,AFFECTS_COMPONENT,wight_sky_me4_2018,reported,ev:45cb3bc7993a557f,MAIB_2022_04_Wight_Sky_multiple_engine_failures.pdf,https://assets.publishing.service.gov.uk/media/6267cc85e90e071690c1b679/2022-4-WightSky-Report.pdf,84,PDF page 84,y’s ME4 failed catastrophically because of an assembly error during build at Volvo Penta’s factory in Sweden. Two of the engine’s matched connecting rod big end bearing caps had been transposed during the engine assembly process. [2.3.2] 4. The transposition of the bearing caps reduced the metal-to-metal contact between surfaces of the connecting rods and their bearing caps. This would have caused fr,{}
shipkg:run:265eab3b4373,shipkg:fault:0a5da1da4336,edge:0282634add32d0ba,TESTS_FAULT,,reported,ev:19d72a1ed6647ccd,Marine_Engine_Fault_Data_v1.zip,https://zenodo.org/records/19857425,,dataset_index.csv:Injector_Nozzle/Clogged_Injector_Nozzle2_LoadProgram.csv,file_name=Injector_Nozzle/Clogged_Injector_Nozzle2_LoadProgram.csv; schema_type=scenario; scenario=Injection-valve nozzle clogging; nominal_load=load program (~40-85%); severity_or_program=two-hole plugged nozzle / load program; header_rows=3; data_rows=6791; columns=73; anomaly_state=all-anomaly (no baseline segment); notes=Anomalous operation only (no baseline segment). Compressor Filter Loss (dPf) and Turbine Back Pressure (dPex) not recorded in this run (columns present but empty).,{}
shipkg:symptom:d2a57b31e287,shipkg:action:4a27034a0842,edge:029449bcbefa2848,PROMPTS,windcat8_port_engine_2017,reported_action,ev:a14d5a0a3ae37d97,MAIB_2018_01_Windcat8_bearing_failure_fire.pdf,https://assets.publishing.service.gov.uk/government/uploads/system/uploads/attachment_data/file/683922/MAIBInvReport01_2018.pdf,11,PDF page 11,"h priority. ACTION TAKEN Windcat Workboats BV Ltd has: • Instructed crews on board vessels fitted with Volvo Penta D16 engines to stop the affected engine when a high oil temperature alarm activates, and not to restart the engine until the reason for the alarm has been determined. • Identified lessons to be learned from the accident and emergency response that will be highlighted in future crew training. • Programmed additio",{}
shipkg:run:0a0b95755e65,shipkg:condition:6fc146bc433f,edge:0307cafb7e2f681b,AT_LOAD,,reported,ev:79a139cd88957e11,Marine_Engine_Fault_Data_v1.zip,https://zenodo.org/records/19857425,,dataset_index.csv:AC_Fouling/AC_Fouling_75_Load.csv,"file_name=AC_Fouling/AC_Fouling_75_Load.csv; schema_type=scenario; scenario=Air-cooler fouling; nominal_load=75%; severity_or_program=single load condition; header_rows=3; data_rows=6354; columns=73; anomaly_state=binary (0=pre-anomaly, 1=anomaly); notes=Pre-anomaly and anomaly segments.",{}
shipkg:dataset:1ceeb4cad6d8,shipkg:sensor:e98fe7ad595f,edge:037a4d071a6529c2,HAS_CHANNEL,,reported,ev:f5da26689774f64c,Marine_Engine_Fault_Data_v1.zip,https://zenodo.org/records/19857425,,variable_dictionary.csv:Loss with cooling water,full_name=Loss with cooling water; symbol=Qrej_eng; unit=kW; dtype=number; in_reference=TRUE; in_scenario_files=TRUE; category=performance / derived,{}
shipkg:action:4f7d85454ee0,shipkg:condition:2ee58a9a8fad,edge:0454a6feb9b72426,ADDRESSES,spirit_of_discovery_pods_2023,reported_action,ev:5e9ac17b88449c65,MAIB_2026_06_Spirit_of_Discovery_propulsion_loss.pdf,https://www.gov.uk/maib-reports/loss-of-propulsion-in-heavy-weather-experienced-by-the-passenger-vessel-spirit-of-discovery-leading-to-over-100-injuries-and-one-fatality,53,PDF page 53,s: ● Created an additional seakeeping and manoeuvring decision support poster and software tool for the Spirit Class vessels that includes propeller exposure in wave heights up to 10.5m.,{}
shipkg:dataset:1ceeb4cad6d8,shipkg:sensor:0dfc0d5a19c5,edge:060a43e64259ef1e,HAS_CHANNEL,,reported,ev:faf8d804f595ba6d,Marine_Engine_Fault_Data_v1.zip,https://zenodo.org/records/19857425,,variable_dictionary.csv:Min. In-Cylinder Press. No.3,full_name=Min. In-Cylinder Press. No.3; symbol=Pmin; unit=MPa; dtype=number; in_reference=TRUE; in_scenario_files=TRUE; category=pressure / derived pressure; note=shorthand label is reused across cylinder-resolved and/or aggregate variables; use the full variable-name row during preprocessing,{}
shipkg:dataset:1ceeb4cad6d8,shipkg:sensor:54ce9804e4f4,edge:062801f83d96feec,HAS_CHANNEL,,reported,ev:84d6807ed9f68df0,Marine_Engine_Fault_Data_v1.zip,https://zenodo.org/records/19857425,,variable_dictionary.csv:Max. In-Cylinder Press. No.1,full_name=Max. In-Cylinder Press. No.1; symbol=Pmax; unit=MPa; dtype=number; in_reference=TRUE; in_scenario_files=TRUE; category=pressure / derived pressure; note=shorthand label is reused across cylinder-resolved and/or aggregate variables; use the full variable-name row during preprocessing,{}
shipkg:dataset:1ceeb4cad6d8,shipkg:sensor:427673f0da2d,edge:06d907ccfb2fafcf,HAS_CHANNEL,,reported,ev:cb384ca96e3f30da,Marine_Engine_Fault_Data_v1.zip,https://zenodo.org/records/19857425,,variable_dictionary.csv:Charge Air IC Air Temp. In,full_name=Charge Air IC Air Temp. In; symbol=T14; unit=°C; dtype=number; in_reference=TRUE; in_scenario_files=TRUE; category=temperature,{}
shipkg:dataset:710ea13e53ac,shipkg:observation:4cd2541cd04a,edge:075d99bfeb060614,HAS_CASE,,reported,ev:26b16a38271f6b21,Azimuth_Thruster_CBM_Dataset.zip,https://zenodo.org/records/20101612,,table3_lti_by_fault_type_anonymised.csv:row6,System / engine-family case=CAT 3516C azimuth unit EB 2; Fault or condition=Gear mesh anomaly; Detection/event reference=Vibration alert Month -1.0; maintenance event; Reference class=LTI_maintenance; LTI / warning (mo)=1.0; Warning (h)=150.0; Recommended CBM action=Vibration-led CBM; 125 h vibration / 500 h oil; Included in mechanical LTI summary=yes,{}
shipkg:dataset:1ceeb4cad6d8,shipkg:run:a54e4f2dfd8d,edge:081a15901d300d4e,HAS_RUN,,reported,ev:234ecd08fe047445,Marine_Engine_Fault_Data_v1.zip,https://zenodo.org/records/19857425,,dataset_index.csv:Pump_Cavitation/CW_Pump_Cavitation_85_Load.csv,"file_name=Pump_Cavitation/CW_Pump_Cavitation_85_Load.csv; schema_type=scenario; scenario=Cooling-water pump cavitation; nominal_load=85%; severity_or_program=single load condition; header_rows=3; data_rows=6263; columns=73; anomaly_state=binary (0=pre-anomaly, 1=anomaly); notes=Pre-anomaly and anomaly segments. Compressor Filter Loss (dPf) and Turbine Back Pressure (dPex) not recorded in this run (columns present but empty).",{}
shipkg:case:d6e9f8f8ade2,shipkg:equipment:aea23b9943a4,edge:08944f6f37ecd17d,HAS_EQUIPMENT,finlandia_seaways_me_2018,reported,ev:eb8d9ba0db21fede,MAIB_2021_02_Finlandia_Seaways_connecting_rod_failure.pdf,https://www.gov.uk/maib-reports/engine-failure-and-subsequent-fire-on-ro-ro-cargo-vessel-finlandia-seaways-with-1-person-injured,9,PDF page 9,"ent and Incident Investigation Division and the engine manufacturer, MAN Diesel and Turbo SE. The investigation identified that a fracture of the connecting rod small end had led to the sudden failure of the main engine. The investigation also found that the method used to replace the connecting rod small end piston pin bearing bushes by the vessel manager’s maintenance support contractor had intr",{}
shipkg:case:d6e9f8f8ade2,shipkg:system:5d1dca19fd66,edge:08f490051756c0e1,IN_SYSTEM,finlandia_seaways_me_2018,reported,ev:eb8d9ba0db21fede,MAIB_2021_02_Finlandia_Seaways_connecting_rod_failure.pdf,https://www.gov.uk/maib-reports/engine-failure-and-subsequent-fire-on-ro-ro-cargo-vessel-finlandia-seaways-with-1-person-injured,9,PDF page 9,"ent and Incident Investigation Division and the engine manufacturer, MAN Diesel and Turbo SE. The investigation identified that a fracture of the connecting rod small end had led to the sudden failure of the main engine. The investigation also found that the method used to replace the connecting rod small end piston pin bearing bushes by the vessel manager’s maintenance support contractor had intr",{}
shipkg:symptom:ccae4eb65c57,shipkg:fault:fee4df6aeb24,edge:097cdade9d0e4641,PRECEDED,wight_sky_me2_2018,reported,ev:5124f3b43ff47b3a,MAIB_2022_04_Wight_Sky_multiple_engine_failures.pdf,https://assets.publishing.service.gov.uk/media/6267cc85e90e071690c1b679/2022-4-WightSky-Report.pdf,70,PDF page 70,"ymington River. The engine was running at full speed (1800rpm) and was driving the forward VSP unit in parallel with ME1 when its ECU detected a loss of lubricating oil pressure and initiated an engine shutdown. 63 seconds later, the engine’s number four connecting rod and piston assembly was thrown out of the crankcase into the engine room. The engine had accumulated 2241 running hours and had been installed 11 months earlier as a new",{}
shipkg:dataset:1ceeb4cad6d8,shipkg:sensor:2ea813c04f69,edge:0a24bd303dcf92da,HAS_CHANNEL,,reported,ev:a7fb6cfa2c672a77,Marine_Engine_Fault_Data_v1.zip,https://zenodo.org/records/19857425,,variable_dictionary.csv:Charge Air IC Air Temp. Out,full_name=Charge Air IC Air Temp. Out; symbol=T15; unit=°C; dtype=number; in_reference=TRUE; in_scenario_files=TRUE; category=temperature,{}
shipkg:observation:0c0be039e775,shipkg:action:a153887f0b20,edge:0a4f90ffd11313dc,HAS_RECOMMENDED_ACTION,,dataset_label,ev:51f2102546185648,Azimuth_Thruster_CBM_Dataset.zip,https://zenodo.org/records/20101612,,table3_lti_by_fault_type_anonymised.csv:row12,System / engine-family case=CAT 3508B/C thruster reference; Fault or condition=Normal operation; Detection/event reference=Normal vibration and oil condition; N/A; Recommended CBM action=Standard monitoring; 500 h vibration / 500 h oil; Included in mechanical LTI summary=no,{}
shipkg:dataset:1ceeb4cad6d8,shipkg:sensor:ad2f7007e3fa,edge:0bbcabb119a25f70,HAS_CHANNEL,,reported,ev:94520316eda5367c,Marine_Engine_Fault_Data_v1.zip,https://zenodo.org/records/19857425,,variable_dictionary.csv:Total Effective Work,full_name=Total Effective Work; symbol=We_tot; unit=kW; dtype=number; in_reference=TRUE; in_scenario_files=TRUE; category=performance / derived,{}
shipkg:fault:423cd9a63be0,shipkg:consequence:4016217446bf,edge:0e92ee66dde8b3d3,LEADS_TO,kommandor_susan_dg1_2025,reported,ev:390711bc162bb6ce,MAIB_2026_10_Kommandor_Susan_generator_bearing_failure.pdf,https://www.gov.uk/maib-reports/catastrophic-engine-failure-and-subsequent-fire-on-board-the-site-investigation-vessel-kommandor-susan,1,PDF page 1,"r Susan suffered a catastrophic failure of a diesel generator engine while conducting sea trials in the Firth of Forth, Scotland. The failure resulted in an engine room fire and a complete power blackout. The crew responded promptly, extinguished the fire and mustered safely. The vessel lost propulsion and began drifting eastwards. Attempts to deploy anchors were unsuccessful because the anchor winches required electrical power t",{}
shipkg:fault:9b76a4f68834,shipkg:fault:fee4df6aeb24,edge:0f4a666fd242e2a4,LEADS_TO,wight_sky_me4_2018,reported,ev:3ca79df2a0332a1a,MAIB_2022_04_Wight_Sky_multiple_engine_failures.pdf,https://assets.publishing.service.gov.uk/media/6267cc85e90e071690c1b679/2022-4-WightSky-Report.pdf,84,PDF page 84,"igh levels of vibration, and contaminated lubricating oil might all have contributed to the event failure. [2.3.1] 3. Wight Sky’s ME4 failed catastrophically because of an assembly error during build at Volvo Penta’s factory in Sweden. Two of the engine’s matched connecting rod big end bearing caps had been transposed during the engine assembly process. [2.3.2] 4. The transposition of the bearing caps reduced the",{}
shipkg:dataset:1ceeb4cad6d8,shipkg:run:a43d97ac9f94,edge:102a13c903708c04,HAS_RUN,,reported,ev:04e94cee9be565df,Marine_Engine_Fault_Data_v1.zip,https://zenodo.org/records/19857425,,dataset_index.csv:AF_Clogging/AF_Clogging_40_Load.csv,"file_name=AF_Clogging/AF_Clogging_40_Load.csv; schema_type=scenario; scenario=Air-filter clogging (compressor); nominal_load=40%; severity_or_program=single load condition; header_rows=3; data_rows=4820; columns=73; anomaly_state=binary (0=pre-anomaly, 1=anomaly); notes=Pre-anomaly and anomaly segments.",{}
shipkg:observation:83cf859e3d48,shipkg:action:157f8a0199e8,edge:10b86056b2bc9afc,HAS_RECOMMENDED_ACTION,,dataset_label,ev:3ee08dc0eebc21a7,Azimuth_Thruster_CBM_Dataset.zip,https://zenodo.org/records/20101612,,table3_lti_by_fault_type_anonymised.csv:row8,System / engine-family case=CAT C7 shaftline reductor / CAT C7 case B; Fault or condition=Babbitt wear (Pb); Detection/event reference=Vibration alert Month -4.0; oil alert at Month -1.2; Reference class=LTI_oil; LTI / warning (mo)=2.8; Warning (h)=420.0; Recommended CBM action=Oil-confirmed mixed follow-up; 250 h vibration / 250 h oil; Included in mechanical LTI summary=yes,{}
shipkg:observation:f5d747e68b69,shipkg:action:6667f1d39b0e,edge:11a1c3a31e11dad7,HAS_RECOMMENDED_ACTION,,dataset_label,ev:596b2f398d646f0b,Azimuth_Thruster_CBM_Dataset.zip,https://zenodo.org/records/20101612,,table3_lti_by_fault_type_anonymised.csv:row1,System / engine-family case=CAT C7 shaftline reductor / CAT C7 case A; Fault or condition=Structural looseness; Detection/event reference=Vibration alert Month -3.5; operational failure/gearbox repair; Reference class=LTI_operational; LTI / warning (mo)=3.5; Warning (h)=525.0; Recommended CBM action=Vibration-only CBM; 125 h vibration interval; Included in mechanical LTI summary=yes,{}
shipkg:case:00057f56fe39,shipkg:cause:cf3cb78b47cf,edge:11e5f29a1f7dfe4f,INVOLVES,wight_sky_me_2017,reported,ev:7407bf8cf7722325,MAIB_2018_14_Wight_Sky_engine_bearing_fire.pdf,https://assets.publishing.service.gov.uk/media/5b5217c7ed915d0b81e003df/MAIBInvReport14_2018.pdf,14,PDF page 14,"am ensured the safety of the vessel, passengers and crew. • Volvo Penta’s investigation into the engine failure concluded that: ○ Debris in the engine’s oil channels was most probably responsible for initiating the failure. ○ When the shells of main bearing 5 turned, the lubrication supply to big end bearing 4 was blocked, resulting in destructive failure. • Rebuilding the engine in a clean and controlled environment and transferring it complete in",{}
shipkg:case:00057f56fe39,shipkg:fault:d047fdea9ee9,edge:11ef722062ee75f5,INVOLVES,wight_sky_me_2017,reported,ev:dcba2393344bd01c,MAIB_2018_14_Wight_Sky_engine_bearing_fire.pdf,https://assets.publishing.service.gov.uk/media/5b5217c7ed915d0b81e003df/MAIBInvReport14_2018.pdf,14,PDF page 14,"e engine’s oil channels was most probably responsible for initiating the failure. ○ When the shells of main bearing 5 turned, the lubrication supply to big end bearing 4 was blocked, resulting in destructive failure. • Rebuilding the engine in a clean and controlled environment and transferring it complete into the engine room would have reduced the likelihood of debris ingress. • The engine was not fitted w",{}
shipkg:run:a54e4f2dfd8d,shipkg:fault:e03af5ed68c1,edge:123deda463edf92b,TESTS_FAULT,,reported,ev:234ecd08fe047445,Marine_Engine_Fault_Data_v1.zip,https://zenodo.org/records/19857425,,dataset_index.csv:Pump_Cavitation/CW_Pump_Cavitation_85_Load.csv,"file_name=Pump_Cavitation/CW_Pump_Cavitation_85_Load.csv; schema_type=scenario; scenario=Cooling-water pump cavitation; nominal_load=85%; severity_or_program=single load condition; header_rows=3; data_rows=6263; columns=73; anomaly_state=binary (0=pre-anomaly, 1=anomaly); notes=Pre-anomaly and anomaly segments. Compressor Filter Loss (dPf) and Turbine Back Pressure (dPex) not recorded in this run (columns present but empty).",{}
shipkg:case:187dc871fbd5,shipkg:condition:2ee58a9a8fad,edge:12639aeeb7d3d60d,INVOLVES,spirit_of_discovery_pods_2023,reported,ev:9d2abeeb05ea44b5,MAIB_2026_06_Spirit_of_Discovery_propulsion_loss.pdf,https://www.gov.uk/maib-reports/loss-of-propulsion-in-heavy-weather-experienced-by-the-passenger-vessel-spirit-of-discovery-leading-to-over-100-injuries-and-one-fatality,42,PDF page 42,"parked at 90° to the vessel’s heading. Given the weather conditions at the time, it is almost certain that Spirit of Discovery’s pitching caused the propellers to come out of the water. This caused a sudden reduction in torque on the propulsion motor and led to a very rapid increase in the motors’ rpm. The engine alarm and monitoring system recorded that, immediately before their shutdown, the rpm of each pod’s",{}
shipkg:dataset:1ceeb4cad6d8,shipkg:sensor:851db4d72803,edge:1274fdc0acb19045,HAS_CHANNEL,,reported,ev:a642586c67899f4c,Marine_Engine_Fault_Data_v1.zip,https://zenodo.org/records/19857425,,variable_dictionary.csv:Water Brake Weight,full_name=Water Brake Weight; symbol=F; unit=kgf; dtype=number; in_reference=TRUE; in_scenario_files=TRUE; category=operating / load,{}
shipkg:case:9792cd36162e,shipkg:fault:8d2d73a67f71,edge:132a3aef440a9e86,INVOLVES,windcat8_port_engine_2017,reported,ev:921221ff746c010e,MAIB_2018_01_Windcat8_bearing_failure_fire.pdf,https://assets.publishing.service.gov.uk/government/uploads/system/uploads/attachment_data/file/683922/MAIBInvReport01_2018.pdf,1,PDF page 1,"to Windcat 8’s port main engine was caused by the failure of a piston connecting rod big end shell bearing, which resulted in the connecting rod assembly releasing and penetrating through the engine crankcase. The investigation also identified that: • A high oil temperature alarm prior to the engine failure warranted a more cautious approach to the use of the engine until a deeper technical investigation could be conducted. • The fire",{}
shipkg:run:6c075208cdc0,shipkg:fault:3a609fe447a8,edge:15dbac98a016a502,TESTS_FAULT,,reported,ev:9de953977942cbdf,Marine_Engine_Fault_Data_v1.zip,https://zenodo.org/records/19857425,,dataset_index.csv:Turbine_Degradation/Turbine_Degradation_40_Load.csv,"file_name=Turbine_Degradation/Turbine_Degradation_40_Load.csv; schema_type=scenario; scenario=Turbine degradation; nominal_load=40%; severity_or_program=single load condition; header_rows=3; data_rows=6397; columns=73; anomaly_state=binary (0=pre-anomaly, 1=anomaly); notes=Pre-anomaly and anomaly segments.",{}
shipkg:equipment:6cc9aa419de7,shipkg:component:2a19cfd5c18a,edge:1788d18b9c1165b1,HAS_COMPONENT,wight_sky_me4_2018,reported,ev:45cb3bc7993a557f,MAIB_2022_04_Wight_Sky_multiple_engine_failures.pdf,https://assets.publishing.service.gov.uk/media/6267cc85e90e071690c1b679/2022-4-WightSky-Report.pdf,84,PDF page 84,y’s ME4 failed catastrophically because of an assembly error during build at Volvo Penta’s factory in Sweden. Two of the engine’s matched connecting rod big end bearing caps had been transposed during the engine assembly process. [2.3.2] 4. The transposition of the bearing caps reduced the metal-to-metal contact between surfaces of the connecting rods and their bearing caps. This would have caused fr,{}
shipkg:case:187dc871fbd5,shipkg:system:dacba8b43ef4,edge:1900f0977ec59f80,IN_SYSTEM,spirit_of_discovery_pods_2023,reported,ev:c3429f0fc22579e1,MAIB_2026_06_Spirit_of_Discovery_propulsion_loss.pdf,https://www.gov.uk/maib-reports/loss-of-propulsion-in-heavy-weather-experienced-by-the-passenger-vessel-spirit-of-discovery-leading-to-over-100-injuries-and-one-fatality,42,PDF page 42,"e vessel’s heading. Given the weather conditions at the time, it is almost certain that Spirit of Discovery’s pitching caused the propellers to come out of the water. This caused a sudden reduction in torque on the propulsion motor and led to a very rapid increase in the motors’ rpm. The engine alarm and monitoring system recorded that, immediately before their shutdown, the rpm of each pod’s",{}
shipkg:fault:cdf116929c39,shipkg:component:160bdfff5e4e,edge:192176bf64b44fd8,AFFECTS_COMPONENT,spirit_of_discovery_pods_2023,reported,ev:818a140783772a9b,MAIB_2026_06_Spirit_of_Discovery_propulsion_loss.pdf,https://www.gov.uk/maib-reports/loss-of-propulsion-in-heavy-weather-experienced-by-the-passenger-vessel-spirit-of-discovery-leading-to-over-100-injuries-and-one-fatality,43,PDF page 43,"iple this was an entirely sensible precaution to protect the high voltage pod motor from damage. However, the low position of the bilge sensor meant that it could be activated by a relatively small amount of liquid that accumulated within the pod. Since the bilge suction probably did not extend low enough for the automatic bilge pumps to effectively pump the water out,",{}
shipkg:dataset:19e52eb49467,shipkg:fault:f343dfd71879,edge:1933ff91eaa2eec3,SHOWS_CONDITION,,simulated,ev:0bf144357db6ee2f,TSRF_main.zip,https://github.com/TS-RF/TSRF,,data/Normal.csv,Normal.csv,{}
shipkg:condition:7fb8a1a33328,shipkg:fault:cdf116929c39,edge:1a8d22464c3d1c3c,TRIGGERS,spirit_of_discovery_pods_2023,reported,ev:91f76498fecf4e21,MAIB_2026_06_Spirit_of_Discovery_propulsion_loss.pdf,https://www.gov.uk/maib-reports/loss-of-propulsion-in-heavy-weather-experienced-by-the-passenger-vessel-spirit-of-discovery-leading-to-over-100-injuries-and-one-fatality,43,PDF page 43,"cating oil. In principle this was an entirely sensible precaution to protect the high voltage pod motor from damage. However, the low position of the bilge sensor meant that it could be activated by a relatively small amount of liquid that accumulated within the pod. Since the bilge suction probably did not extend low enough for the automatic bilge pumps to effectively pump the water out, it is likely the vessel’s motion in heavy weather caused the small amoun",{}
shipkg:dataset:19e52eb49467,shipkg:fault:530d40214e1a,edge:1aca33edc46a1890,SHOWS_CONDITION,,simulated,ev:90e8ddf3d3b32d65,TSRF_main.zip,https://github.com/TS-RF/TSRF,,data/Piston-ablation.csv,Piston-ablation.csv,{}
shipkg:run:ce8ec71106fb,shipkg:condition:6fc146bc433f,edge:1ae77cc39d2c3647,AT_LOAD,,reported,ev:f6bc70bef0a65cb3,Marine_Engine_Fault_Data_v1.zip,https://zenodo.org/records/19857425,,dataset_index.csv:AF_Clogging/AF_Clogging_75_Load.csv,"file_name=AF_Clogging/AF_Clogging_75_Load.csv; schema_type=scenario; scenario=Air-filter clogging (compressor); nominal_load=75%; severity_or_program=single load condition; header_rows=3; data_rows=5918; columns=73; anomaly_state=binary (0=pre-anomaly, 1=anomaly); notes=Pre-anomaly and anomaly segments.",{}
shipkg:case:9792cd36162e,shipkg:symptom:d2a57b31e287,edge:1c226d729369d0f6,INVOLVES,windcat8_port_engine_2017,reported,ev:caaf8005d66a8fbb,MAIB_2018_01_Windcat8_bearing_failure_fire.pdf,https://assets.publishing.service.gov.uk/government/uploads/system/uploads/attachment_data/file/683922/MAIBInvReport01_2018.pdf,1,PDF page 1,in the connecting rod assembly releasing and penetrating through the engine crankcase. The investigation also identified that: • A high oil temperature alarm prior to the engine failure warranted a more cautious approach to the use of the engine until a deeper technical investigation could be conducted. • The fire resulted from the ignition of oil vapour released from the damaged crankcase and did not spread bey,{}
shipkg:fault:2c644dcfc770,shipkg:component:8052e7754d5f,edge:1c7edb137cc82c49,AFFECTS_COMPONENT,kommandor_susan_dg1_2025,reported,ev:e32631e4946436ab,MAIB_2026_10_Kommandor_Susan_generator_bearing_failure.pdf,https://www.gov.uk/maib-reports/catastrophic-engine-failure-and-subsequent-fire-on-board-the-site-investigation-vessel-kommandor-susan,5,PDF page 5,rod cap number six comes off. Pon Power’s report concluded that: With the facts gathered the most likely root cause is failure of connecting rod bearing number five. The excessive wear on the other connecting rod bearings show that the most likely root cause for the bearing failure is weak bonding of the copper layer. Evidence of weak material bonding was found in several bearings (Figure 4),{}
shipkg:observation:36b9efa16da9,shipkg:fault:74505aa1776a,edge:1d3a1552dbb0119f,SHOWS_CONDITION,,dataset_label,ev:44f19b4f5b32f488,Azimuth_Thruster_CBM_Dataset.zip,https://zenodo.org/records/20101612,,table3_lti_by_fault_type_anonymised.csv:row4,System / engine-family case=CAT 3516C coupling EB 1; Fault or condition=Coupling resonance; Detection/event reference=Vibration alert Month -2.0; maintenance event; Reference class=LTI_maintenance; LTI / warning (mo)=2.0; Warning (h)=300.0; Recommended CBM action=Vibration-led CBM; 125 h vibration / 500 h oil; Included in mechanical LTI summary=yes,{}
shipkg:dataset:1ceeb4cad6d8,shipkg:sensor:805edb9418c2,edge:1d80047b2a112d94,HAS_CHANNEL,,reported,ev:22b5a08ec87b67c2,Marine_Engine_Fault_Data_v1.zip,https://zenodo.org/records/19857425,,variable_dictionary.csv:Min. In-Cylinder Press. No.1,full_name=Min. In-Cylinder Press. No.1; symbol=Pmin; unit=MPa; dtype=number; in_reference=TRUE; in_scenario_files=TRUE; category=pressure / derived pressure; note=shorthand label is reused across cylinder-resolved and/or aggregate variables; use the full variable-name row during preprocessing,{}
shipkg:observation:fe8f810e77c8,shipkg:action:6667f1d39b0e,edge:1e82921cb7781b48,HAS_RECOMMENDED_ACTION,,dataset_label,ev:18368950cc0f6b1b,Azimuth_Thruster_CBM_Dataset.zip,https://zenodo.org/records/20101612,,table3_lti_by_fault_type_anonymised.csv:row3,System / engine-family case=CAT 3516C MPEB 3V; Fault or condition=High-harmonic impact train; Detection/event reference=Vibration alert Month -3.0; no oil sample; operational downtime event; Reference class=LTI_operational; LTI / warning (mo)=3.0; Warning (h)=450.0; Recommended CBM action=Vibration-only CBM; 125 h vibration interval; Included in mechanical LTI summary=yes,{}
shipkg:observation:f5d747e68b69,shipkg:fault:40fb093312a6,edge:1fec1859e7634a15,SHOWS_CONDITION,,dataset_label,ev:596b2f398d646f0b,Azimuth_Thruster_CBM_Dataset.zip,https://zenodo.org/records/20101612,,table3_lti_by_fault_type_anonymised.csv:row1,System / engine-family case=CAT C7 shaftline reductor / CAT C7 case A; Fault or condition=Structural looseness; Detection/event reference=Vibration alert Month -3.5; operational failure/gearbox repair; Reference class=LTI_operational; LTI / warning (mo)=3.5; Warning (h)=525.0; Recommended CBM action=Vibration-only CBM; 125 h vibration interval; Included in mechanical LTI summary=yes,{}
shipkg:observation:ec255ed61291,shipkg:fault:2fa5f2876bb5,edge:2012e39a8ebe24ff,SHOWS_CONDITION,,dataset_label,ev:5350278460986ec7,Azimuth_Thruster_CBM_Dataset.zip,https://zenodo.org/records/20101612,,table3_lti_by_fault_type_anonymised.csv:row9,System / engine-family case=CAT 3508B/C engine bearing reference; Fault or condition=Normal wear trend; Detection/event reference=Oil-led; ND (oil-led); Reference class=ND (oil-led); Recommended CBM action=Oil-led CBM; 500 h vibration / 125 h oil; Included in mechanical LTI summary=no,{}
shipkg:dataset:710ea13e53ac,shipkg:observation:c07d705f633b,edge:201dbbe3d7f97841,HAS_CASE,,reported,ev:9f5f82cce37a3aa9,Azimuth_Thruster_CBM_Dataset.zip,https://zenodo.org/records/20101612,,table3_lti_by_fault_type_anonymised.csv:row10,System / engine-family case=CAT C7 engine case A EB / CAT C7 shaftline case A; Fault or condition=Fuel dilution; Detection/event reference=Oil-dominant alert at Month -0.3; ND (oil-led); Reference class=ND (oil-led); Recommended CBM action=Oil-led CBM; 500 h vibration / 125 h oil; Included in mechanical LTI summary=no,{}
shipkg:case:9792cd36162e,shipkg:fault:2c644dcfc770,edge:215927f377f46931,INVOLVES,windcat8_port_engine_2017,reported,ev:caaf8005d66a8fbb,MAIB_2018_01_Windcat8_bearing_failure_fire.pdf,https://assets.publishing.service.gov.uk/government/uploads/system/uploads/attachment_data/file/683922/MAIBInvReport01_2018.pdf,1,PDF page 1,in the connecting rod assembly releasing and penetrating through the engine crankcase. The investigation also identified that: • A high oil temperature alarm prior to the engine failure warranted a more cautious approach to the use of the engine until a deeper technical investigation could be conducted. • The fire resulted from the ignition of oil vapour released from the damaged crankcase and did not spread bey,{}
shipkg:case:1e6479e108d9,shipkg:condition:9e0b58e70948,edge:21aa538ccb186c35,INVOLVES,kommandor_susan_dg1_2025,reported,ev:01e497b491874531,MAIB_2026_10_Kommandor_Susan_generator_bearing_failure.pdf,https://www.gov.uk/maib-reports/catastrophic-engine-failure-and-subsequent-fire-on-board-the-site-investigation-vessel-kommandor-susan,8,PDF page 8,"Caterpillar was approved on the basis that genuine parts were used. The CTP parts were designed for a standard service interval. Use of the CTP parts beyond their design life led the connecting rod bearings to fail, initiating a chain of mechanical failures that culminated in the engine failure and subsequent fire. The extended service intervals were inappropriate for these substitute components, accelerating the risk of failure. Anchoring",{}
shipkg:condition:7a0e4d2405ef,shipkg:action:9fa28e4c4571,edge:23d24efd05e23e3e,REDUCES_EFFECTIVENESS_OF,windcat8_port_engine_2017,reported,ev:e678a8a1bb3f1aec,MAIB_2018_01_Windcat8_bearing_failure_fire.pdf,https://assets.publishing.service.gov.uk/government/uploads/system/uploads/attachment_data/file/683922/MAIBInvReport01_2018.pdf,11,PDF page 11,ire resulted from the ignition of oil vapour released from the damaged crankcase and did not spread beyond the port engine. • The fixed fire-fighting system was rendered ineffective because not all the port engine space vents were closed prior to its release. • The safety of the embarked technicians was given a high priority. ACTION TAKEN Windcat Workboats BV Ltd has: • Instructed crews on board vessels fitted with Volvo Penta D16 engines to stop the affected eng,{}
shipkg:case:1e6479e108d9,shipkg:consequence:775549e4c085,edge:24678dd0c27492bb,INVOLVES,kommandor_susan_dg1_2025,reported,ev:390711bc162bb6ce,MAIB_2026_10_Kommandor_Susan_generator_bearing_failure.pdf,https://www.gov.uk/maib-reports/catastrophic-engine-failure-and-subsequent-fire-on-board-the-site-investigation-vessel-kommandor-susan,1,PDF page 1,"r Susan suffered a catastrophic failure of a diesel generator engine while conducting sea trials in the Firth of Forth, Scotland. The failure resulted in an engine room fire and a complete power blackout. The crew responded promptly, extinguished the fire and mustered safely. The vessel lost propulsion and began drifting eastwards. Attempts to deploy anchors were unsuccessful because the anchor winches required electrical power t",{}
shipkg:fault:d005e46c6652,shipkg:consequence:7de07882b364,edge:2567df4a8d750e32,WORSENS,spirit_of_discovery_pods_2023,reported,ev:a61057fac0fe1035,MAIB_2026_06_Spirit_of_Discovery_propulsion_loss.pdf,https://www.gov.uk/maib-reports/loss-of-propulsion-in-heavy-weather-experienced-by-the-passenger-vessel-spirit-of-discovery-leading-to-over-100-injuries-and-one-fatality,51,PDF page 51,"e vessel. [2.3.1] 3. The loss of control was exacerbated by the initiation of the pod’s water leakage stop sequence, which led to both pods being parked at 90° to the vessel’s heading. This caused the vessel to lose steerage, its bow to swing to port and its motion to become even more severe. [2.3.1] 4. The vessel’s propulsion control system was unable to prevent the loss of propulsion when its movement was wi",{}
shipkg:dataset:1ceeb4cad6d8,shipkg:sensor:95cb7f8b5ea4,edge:256e1a9bbcedfe9b,HAS_CHANNEL,,reported,ev:e6812da5eb9545f3,Marine_Engine_Fault_Data_v1.zip,https://zenodo.org/records/19857425,,variable_dictionary.csv:Max. In-Cylinder Press. No.2,full_name=Max. In-Cylinder Press. No.2; symbol=Pmax; unit=MPa; dtype=number; in_reference=TRUE; in_scenario_files=TRUE; category=pressure / derived pressure; note=shorthand label is reused across cylinder-resolved and/or aggregate variables; use the full variable-name row during preprocessing,{}
shipkg:dataset:1ceeb4cad6d8,shipkg:run:2c8ac4d016f4,edge:26403b326b714b90,HAS_RUN,,reported,ev:339fcaeb186a01d1,Marine_Engine_Fault_Data_v1.zip,https://zenodo.org/records/19857425,,dataset_index.csv:Reference_Data.csv,file_name=Reference_Data.csv; schema_type=reference; nominal_load=reference operating range; header_rows=3; data_rows=25302; columns=70; anomaly_state=none (baseline); notes=Baseline reference-performance file. 70-column schema (no Anomaly State; uses Time/T). Handle separately from scenario files.,{}
shipkg:dataset:1ceeb4cad6d8,shipkg:sensor:ba5f4c7a3eab,edge:2739836792a3f6c1,HAS_CHANNEL,,reported,ev:e8941bdb9ca9e23d,Marine_Engine_Fault_Data_v1.zip,https://zenodo.org/records/19857425,,variable_dictionary.csv:Exh.Gas Total Power,full_name=Exh.Gas Total Power; symbol=Qexh1; unit=kW; dtype=number; in_reference=TRUE; in_scenario_files=TRUE; category=other,{}
shipkg:dataset:1ceeb4cad6d8,shipkg:sensor:0acc03533547,edge:275d59fbfcdac99f,HAS_CHANNEL,,reported,ev:dbf929510c13652e,Marine_Engine_Fault_Data_v1.zip,https://zenodo.org/records/19857425,,variable_dictionary.csv:LO Temp. Engine In,full_name=LO Temp. Engine In; symbol=T10; unit=°C; dtype=number; in_reference=TRUE; in_scenario_files=TRUE; category=temperature,{}
shipkg:dataset:19e52eb49467,shipkg:fault:f18d7fcb0838,edge:292a1e69ac584423,SHOWS_CONDITION,,simulated,ev:186ad5dbe0802ea5,TSRF_main.zip,https://github.com/TS-RF/TSRF,,data/Head-crack.csv,Head-crack.csv,{}
shipkg:fault:c9a34bd46532,shipkg:fault:e97eee073fc6,edge:2a3c64ff89df3e30,LEADS_TO,spirit_of_discovery_pods_2023,reported,ev:755b4102fd859a55,MAIB_2026_06_Spirit_of_Discovery_propulsion_loss.pdf,https://www.gov.uk/maib-reports/loss-of-propulsion-in-heavy-weather-experienced-by-the-passenger-vessel-spirit-of-discovery-leading-to-over-100-injuries-and-one-fatality,42,PDF page 42,"y’s pitching caused the propellers to come out of the water. This caused a sudden reduction in torque on the propulsion motor and led to a very rapid increase in the motors’ rpm. The engine alarm and monitoring system recorded that, immediately before their shutdown, the rpm of each pod’s propulsion motor very rapidly increased and exceeded the preset overspeed limitation. The pod’s PCS therefore automat",{}
shipkg:case:278d7572ef08,shipkg:fault:a20cef558a0a,edge:2b009d7f31dff02d,INVOLVES,wight_sky_me4_2018,reported,ev:a4a51bca0c30f80d,MAIB_2022_04_Wight_Sky_multiple_engine_failures.pdf,https://assets.publishing.service.gov.uk/media/6267cc85e90e071690c1b679/2022-4-WightSky-Report.pdf,84,PDF page 84,"f the engine’s matched connecting rod big end bearing caps had been transposed during the engine assembly process. [2.3.2] 4. The transposition of the bearing caps reduced the metal-to-metal contact between surfaces of the connecting rods and their bearing caps. This would have caused fretting wear between the mating faces, which would have led to loosening and rapid failure of the end cap securing bolts. [2.3.2] 5. Four of",{}
shipkg:case:adf367a46f33,shipkg:condition:2d805325d843,edge:2b331df2c1fbca59,INVOLVES,wight_sky_me2_2018,reported,ev:26718cca28f9fc30,MAIB_2022_04_Wight_Sky_multiple_engine_failures.pdf,https://assets.publishing.service.gov.uk/media/6267cc85e90e071690c1b679/2022-4-WightSky-Report.pdf,84,PDF page 84,"heir housing. Poor fuel combustion, the presence of silica sand and other abrasive particles embedded in the main bearing shells, engine misalignment, high levels of vibration, and contaminated lubricating oil might all have contributed to the event failure. [2.3.1] 3. Wight Sky’s ME4 failed catastrophically because of an assembly error during build at Volvo Penta’s factory in Sweden. Two of the engine’s matched connecting rod big end bearing caps had been trans",{}
shipkg:dataset:1ceeb4cad6d8,shipkg:sensor:7e4664b82d74,edge:2b6706f568793be1,HAS_CHANNEL,,reported,ev:168ca21b8f311885,Marine_Engine_Fault_Data_v1.zip,https://zenodo.org/records/19857425,,variable_dictionary.csv:TCH LO Cooling water flow,full_name=TCH LO Cooling water flow; symbol=Qw_turb; unit=m3/h; dtype=number; in_reference=TRUE; in_scenario_files=TRUE; category=flow / fuel / air,{}
shipkg:dataset:1ceeb4cad6d8,shipkg:sensor:5007e1617236,edge:2d4ab44518b3d476,HAS_CHANNEL,,reported,ev:c31d55ce6b8d61c0,Marine_Engine_Fault_Data_v1.zip,https://zenodo.org/records/19857425,,variable_dictionary.csv:Fresh Cooling Water Press.,full_name=Fresh Cooling Water Press.; symbol=Pl_water1; unit=V; dtype=number; in_reference=TRUE; in_scenario_files=TRUE; category=pressure / derived pressure; note=raw voltage signal associated with HT cooling-water pump pressure; not converted to engineering pressure units,{}
shipkg:fault:2c644dcfc770,shipkg:fault:423cd9a63be0,edge:2d66b2b8782ccd77,LEADS_TO,kommandor_susan_dg1_2025,probable,ev:cebfc2d1ae68389d,MAIB_2026_10_Kommandor_Susan_generator_bearing_failure.pdf,https://www.gov.uk/maib-reports/catastrophic-engine-failure-and-subsequent-fire-on-board-the-site-investigation-vessel-kommandor-susan,5,PDF page 5,lts break by overload and connecting rod cap number six comes off. Pon Power’s report concluded that: With the facts gathered the most likely root cause is failure of connecting rod bearing number five. The excessive wear on the other connecting rod bearings show that the most likely root cause for the bearing failure is weak bonding of the copper layer. Evidence of weak material bonding was found in several bearings (Figure 4),{}
shipkg:dataset:1ceeb4cad6d8,shipkg:sensor:a6b570413502,edge:2dcda900a2edd521,HAS_CHANNEL,,reported,ev:b2c4a9752de11bcb,Marine_Engine_Fault_Data_v1.zip,https://zenodo.org/records/19857425,,variable_dictionary.csv:Loss with LO,full_name=Loss with LO; symbol=Qrej_lo; unit=kW; dtype=number; in_reference=TRUE; in_scenario_files=TRUE; category=performance / derived,{}
shipkg:fault:aba0717d72a0,shipkg:component:45c063af0c7c,edge:2e10fd82cbcb1ef5,AFFECTS_COMPONENT,wight_sky_me_2017,reported,ev:1637d85df75c53f0,MAIB_2018_14_Wight_Sky_engine_bearing_fire.pdf,https://assets.publishing.service.gov.uk/media/5b5217c7ed915d0b81e003df/MAIBInvReport14_2018.pdf,14,PDF page 14,"cluded that: ○ Debris in the engine’s oil channels was most probably responsible for initiating the failure. ○ When the shells of main bearing 5 turned, the lubrication supply to big end bearing 4 was blocked, resulting in destructive failure. • Rebuilding the engine in a clean and controlled environment and transferring it complete into the engine room would have reduced",{}
shipkg:dataset:710ea13e53ac,shipkg:observation:fe8f810e77c8,edge:2e9fac7b2910f282,HAS_CASE,,reported,ev:18368950cc0f6b1b,Azimuth_Thruster_CBM_Dataset.zip,https://zenodo.org/records/20101612,,table3_lti_by_fault_type_anonymised.csv:row3,System / engine-family case=CAT 3516C MPEB 3V; Fault or condition=High-harmonic impact train; Detection/event reference=Vibration alert Month -3.0; no oil sample; operational downtime event; Reference class=LTI_operational; LTI / warning (mo)=3.0; Warning (h)=450.0; Recommended CBM action=Vibration-only CBM; 125 h vibration interval; Included in mechanical LTI summary=yes,{}
shipkg:observation:c07d705f633b,shipkg:fault:2c174651a93a,edge:2efb30905f43e6ee,SHOWS_CONDITION,,dataset_label,ev:9f5f82cce37a3aa9,Azimuth_Thruster_CBM_Dataset.zip,https://zenodo.org/records/20101612,,table3_lti_by_fault_type_anonymised.csv:row10,System / engine-family case=CAT C7 engine case A EB / CAT C7 shaftline case A; Fault or condition=Fuel dilution; Detection/event reference=Oil-dominant alert at Month -0.3; ND (oil-led); Reference class=ND (oil-led); Recommended CBM action=Oil-led CBM; 500 h vibration / 125 h oil; Included in mechanical LTI summary=no,{}
shipkg:case:00057f56fe39,shipkg:condition:19ae439543bd,edge:2f2a629e62f4e00e,INVOLVES,wight_sky_me_2017,reported,ev:9094aa614ec060db,MAIB_2018_14_Wight_Sky_engine_bearing_fire.pdf,https://assets.publishing.service.gov.uk/media/5b5217c7ed915d0b81e003df/MAIBInvReport14_2018.pdf,14,PDF page 14,"ntrolled environment and transferring it complete into the engine room would have reduced the likelihood of debris ingress. • The engine was not fitted with a wear detector, so there was no means of receiving a warning before the engine failed. • The essential services switchboard aft circuit breaker had been left in manual mode, resulting in the loss of power to critical equipment, including the fixed fire-fighting system. ACTION TAKEN Wightli",{}
shipkg:run:bd1a1e06b4eb,shipkg:fault:e03af5ed68c1,edge:314f1984c1930931,TESTS_FAULT,,reported,ev:879c069ed129535a,Marine_Engine_Fault_Data_v1.zip,https://zenodo.org/records/19857425,,dataset_index.csv:Pump_Cavitation/CW_Pump_Cavitation_60_Load.csv,"file_name=Pump_Cavitation/CW_Pump_Cavitation_60_Load.csv; schema_type=scenario; scenario=Cooling-water pump cavitation; nominal_load=60%; severity_or_program=single load condition; header_rows=3; data_rows=5845; columns=73; anomaly_state=binary (0=pre-anomaly, 1=anomaly); notes=Pre-anomaly and anomaly segments. Compressor Filter Loss (dPf) and Turbine Back Pressure (dPex) not recorded in this run (columns present but empty).",{}
shipkg:dataset:1ceeb4cad6d8,shipkg:run:c2058b46e618,edge:32526435fe30bfd2,HAS_RUN,,reported,ev:4369bc44687256ab,Marine_Engine_Fault_Data_v1.zip,https://zenodo.org/records/19857425,,dataset_index.csv:AC_Fouling/AC_Fouling_85_Load.csv,"file_name=AC_Fouling/AC_Fouling_85_Load.csv; schema_type=scenario; scenario=Air-cooler fouling; nominal_load=85%; severity_or_program=single load condition; header_rows=3; data_rows=5801; columns=73; anomaly_state=binary (0=pre-anomaly, 1=anomaly); notes=Pre-anomaly and anomaly segments. Compressor Filter Loss (dPf) and Turbine Back Pressure (dPex) not recorded in this run (columns present but empty).",{}
shipkg:dataset:1ceeb4cad6d8,shipkg:sensor:fd5659daf34f,edge:333bbb6be23ee224,HAS_CHANNEL,,reported,ev:a4e5d5a35775ffd2,Marine_Engine_Fault_Data_v1.zip,https://zenodo.org/records/19857425,,variable_dictionary.csv:LO Cooling Water Temp. In,full_name=LO Cooling Water Temp. In; symbol=T12; unit=°C; dtype=number; in_reference=TRUE; in_scenario_files=TRUE; category=temperature,{}
shipkg:vessel:fa10fa0f80d3,shipkg:case:278d7572ef08,edge:3387676e26c9f1cc,HAS_CASE,wight_sky_me4_2018,reported,ev:3ca79df2a0332a1a,MAIB_2022_04_Wight_Sky_multiple_engine_failures.pdf,https://assets.publishing.service.gov.uk/media/6267cc85e90e071690c1b679/2022-4-WightSky-Report.pdf,84,PDF page 84,"igh levels of vibration, and contaminated lubricating oil might all have contributed to the event failure. [2.3.1] 3. Wight Sky’s ME4 failed catastrophically because of an assembly error during build at Volvo Penta’s factory in Sweden. Two of the engine’s matched connecting rod big end bearing caps had been transposed during the engine assembly process. [2.3.2] 4. The transposition of the bearing caps reduced the",{}
shipkg:case:187dc871fbd5,shipkg:fault:d005e46c6652,edge:3540543d2a826525,INVOLVES,spirit_of_discovery_pods_2023,reported,ev:bcc74e57d3088cc6,MAIB_2026_06_Spirit_of_Discovery_propulsion_loss.pdf,https://www.gov.uk/maib-reports/loss-of-propulsion-in-heavy-weather-experienced-by-the-passenger-vessel-spirit-of-discovery-leading-to-over-100-injuries-and-one-fatality,42,PDF page 42,"eed trips been the only issue. However, with the WLS sequence request active on both pods, when the propulsion motors tripped the pods automatically parked at 90° to Spirit of Discovery‘s heading and the vessel quickly lost speed and steerage. This left the bridge team doing their best to control the vessel’s heading using its bow thrusters. As a result, Spirit of Discovery’s bow was quick",{}
shipkg:dataset:710ea13e53ac,shipkg:source:5137a1994672,edge:356ae76177cbd32c,DOCUMENTED_BY,,reported,ev:1120bc83b6a7d3e0,Azimuth_Thruster_CBM_Dataset.zip,https://zenodo.org/records/20101612,,README.md,"Anonymised vibration, lubricant and availability dataset for tugboat propulsion systems",{}
shipkg:dataset:1ceeb4cad6d8,shipkg:sensor:75d18bcbb2d9,edge:35b4fc034e64a450,HAS_CHANNEL,,reported,ev:cf549f4c47fda6b2,Marine_Engine_Fault_Data_v1.zip,https://zenodo.org/records/19857425,,variable_dictionary.csv:Indicated Efficiency,full_name=Indicated Efficiency; symbol=Effi; unit=%; dtype=number; in_reference=TRUE; in_scenario_files=TRUE; category=performance / derived,{}
shipkg:dataset:1ceeb4cad6d8,shipkg:sensor:421ec2313d7d,edge:35c465c443d90f42,HAS_CHANNEL,,reported,ev:1fc7eecec98c89b6,Marine_Engine_Fault_Data_v1.zip,https://zenodo.org/records/19857425,,variable_dictionary.csv:Mechanical Efficiency,full_name=Mechanical Efficiency; symbol=Effn; unit=%; dtype=number; in_reference=TRUE; in_scenario_files=TRUE; category=performance / derived,{}
shipkg:dataset:1ceeb4cad6d8,shipkg:run:a4c3017972ca,edge:366e11a509d15229,HAS_RUN,,reported,ev:1f2e716415ec2a7c,Marine_Engine_Fault_Data_v1.zip,https://zenodo.org/records/19857425,,dataset_index.csv:AF_Clogging/AF_Clogging_85_Load.csv,"file_name=AF_Clogging/AF_Clogging_85_Load.csv; schema_type=scenario; scenario=Air-filter clogging (compressor); nominal_load=85%; severity_or_program=single load condition; header_rows=3; data_rows=6398; columns=73; anomaly_state=binary (0=pre-anomaly, 1=anomaly); notes=Pre-anomaly and anomaly segments.",{}
shipkg:case:278d7572ef08,shipkg:check:fa162d9e9a3f,edge:372f4d4cfd3bf6cd,INVOLVES,wight_sky_me4_2018,reported,ev:c74257f47f29e86a,MAIB_2022_04_Wight_Sky_multiple_engine_failures.pdf,https://assets.publishing.service.gov.uk/media/6267cc85e90e071690c1b679/2022-4-WightSky-Report.pdf,72,PDF page 72,"ble to determine why the technician made such a basic error. However, the engine manufacturer’s investigation identified that the serial numbers on the connecting rods and caps were not routinely checked to ensure that they matched following assembly. To mitigate the risk of similar errors, Volvo Penta introduced an improved method of identifying and matching the connecting rods into its production process. 2.4 OTHER WIGHT CLASS",{}
shipkg:dataset:1ceeb4cad6d8,shipkg:run:9969547fcdfa,edge:376720fbff4125a2,HAS_RUN,,reported,ev:7d06646b52c25b16,Marine_Engine_Fault_Data_v1.zip,https://zenodo.org/records/19857425,,dataset_index.csv:Turbine_Degradation/Turbine_Degradation_60_Load.csv,"file_name=Turbine_Degradation/Turbine_Degradation_60_Load.csv; schema_type=scenario; scenario=Turbine degradation; nominal_load=60%; severity_or_program=single load condition; header_rows=3; data_rows=4905; columns=73; anomaly_state=binary (0=pre-anomaly, 1=anomaly); notes=Pre-anomaly and anomaly segments.",{}
shipkg:dataset:6ab0788d235b,shipkg:fault:bebfb8cfc5f3,edge:3874928f0c540ca9,SHOWS_CONDITION,,simulated,ev:74d8057daa5c6f01,UCI_Naval_Propulsion_CBM.zip,https://archive.ics.uci.edu/dataset/316/condition%2Bbased%2Bmaintenance%2Bof%2Bnaval%2Bpropulsion%2Bplants,,README.txt,Frigate gas-turbine propulsion numerical simulator; compressor and turbine decay coefficients,{}
shipkg:case:1e6479e108d9,shipkg:equipment:49d861a78ba3,edge:3884973f837051d2,HAS_EQUIPMENT,kommandor_susan_dg1_2025,reported,ev:01f3913bd9c46899,MAIB_2026_10_Kommandor_Susan_generator_bearing_failure.pdf,https://www.gov.uk/maib-reports/catastrophic-engine-failure-and-subsequent-fire-on-board-the-site-investigation-vessel-kommandor-susan,1,PDF page 1,"f Forth, Scotland on 25 January 2025 SUMMARY At 1305 on 25 January 2025, the site investigation vessel Kommandor Susan suffered a catastrophic failure of a diesel generator engine while conducting sea trials in the Firth of Forth, Scotland. The failure resulted in an engine room fire and a complete power blackout. The crew responded promptly, extinguished the fire and mustered safely. The vessel lost propu",{}
shipkg:case:9792cd36162e,shipkg:consequence:775549e4c085,edge:3aa989245b5650ef,INVOLVES,windcat8_port_engine_2017,reported,ev:f55562c55772b4c1,MAIB_2018_01_Windcat8_bearing_failure_fire.pdf,https://assets.publishing.service.gov.uk/government/uploads/system/uploads/attachment_data/file/683922/MAIBInvReport01_2018.pdf,11,PDF page 11,lure warranted a more cautious approach to the use of the engine until a deeper technical investigation could be conducted. • The fire resulted from the ignition of oil vapour released from the damaged crankcase and did not spread beyond the port engine. • The fixed fire-fighting system was rendered ineffective because not all the port engine space vents were closed prior to its release. • The safety of the embarked technicians was given,{}
shipkg:action:b39684450af7,shipkg:condition:7fb8a1a33328,edge:3ce6740666ac6746,ADDRESSES,spirit_of_discovery_pods_2023,reported_action,ev:808bd8d1dd9e51f9,MAIB_2026_06_Spirit_of_Discovery_propulsion_loss.pdf,https://www.gov.uk/maib-reports/loss-of-propulsion-in-heavy-weather-experienced-by-the-passenger-vessel-spirit-of-discovery-leading-to-over-100-injuries-and-one-fatality,53,PDF page 53,e vessel’s heading. ● Increased the SISHIp eSiPODs overspeed activation point following a mechanical evaluation of the systems. ● Improved the position of the SISHIp eSiPODs bilge sensor arrangements. Meyer Werft GmbH has: ● Created an additional seakeeping and manoeuvring decision support poster and software tool for the Spirit Class vessels that includes propeller exposure in wave heights up to 10.5m.,{}
shipkg:observation:5d48f4f61abd,shipkg:fault:18191226708b,edge:3d45893b3e5f37fb,SHOWS_CONDITION,,dataset_label,ev:b935264465ef205c,Azimuth_Thruster_CBM_Dataset.zip,https://zenodo.org/records/20101612,,table3_lti_by_fault_type_anonymised.csv:row7,System / engine-family case=CAT 3516C intermediate bearing EB 4; Fault or condition=Unconfirmed bearing-related warning; Detection/event reference=Vibration alert Month -2.0; maintenance event; Reference class=LTI_maintenance; LTI / warning (mo)=2.0; Warning (h)=300.0; Recommended CBM action=Vibration-only CBM; 125 h vibration interval; Included in mechanical LTI summary=yes,{}
shipkg:run:0a0b95755e65,shipkg:fault:91dfc7218234,edge:3dd5af79ed75a435,TESTS_FAULT,,reported,ev:79a139cd88957e11,Marine_Engine_Fault_Data_v1.zip,https://zenodo.org/records/19857425,,dataset_index.csv:AC_Fouling/AC_Fouling_75_Load.csv,"file_name=AC_Fouling/AC_Fouling_75_Load.csv; schema_type=scenario; scenario=Air-cooler fouling; nominal_load=75%; severity_or_program=single load condition; header_rows=3; data_rows=6354; columns=73; anomaly_state=binary (0=pre-anomaly, 1=anomaly); notes=Pre-anomaly and anomaly segments.",{}
shipkg:run:ce8ec71106fb,shipkg:fault:0e24c2957173,edge:3f169ae7c0bee360,TESTS_FAULT,,reported,ev:f6bc70bef0a65cb3,Marine_Engine_Fault_Data_v1.zip,https://zenodo.org/records/19857425,,dataset_index.csv:AF_Clogging/AF_Clogging_75_Load.csv,"file_name=AF_Clogging/AF_Clogging_75_Load.csv; schema_type=scenario; scenario=Air-filter clogging (compressor); nominal_load=75%; severity_or_program=single load condition; header_rows=3; data_rows=5918; columns=73; anomaly_state=binary (0=pre-anomaly, 1=anomaly); notes=Pre-anomaly and anomaly segments.",{}
shipkg:case:278d7572ef08,shipkg:fault:9b76a4f68834,edge:4079815458cd42f4,INVOLVES,wight_sky_me4_2018,reported,ev:1218b476bea8d173,MAIB_2022_04_Wight_Sky_multiple_engine_failures.pdf,https://assets.publishing.service.gov.uk/media/6267cc85e90e071690c1b679/2022-4-WightSky-Report.pdf,84,PDF page 84,"ng caps reduced the metal-to-metal contact between surfaces of the connecting rods and their bearing caps. This would have caused fretting wear between the mating faces, which would have led to loosening and rapid failure of the end cap securing bolts. [2.3.2] 5. Four of the five catastrophic engine failures discussed in detail in this report failed suddenly because of a loss of lubrication supply to the engines’ crankshaft journal bearings and cr",{}
shipkg:fault:2c644dcfc770,shipkg:component:3552bc595328,edge:41c38630e54eb5b6,AFFECTS_COMPONENT,windcat8_port_engine_2017,reported,ev:ff3253f5416e42be,MAIB_2018_01_Windcat8_bearing_failure_fire.pdf,https://assets.publishing.service.gov.uk/government/uploads/system/uploads/attachment_data/file/683922/MAIBInvReport01_2018.pdf,1,PDF page 1,"es. The MAIB investigation identified that the catastrophic damage to Windcat 8’s port main engine was caused by the failure of a piston connecting rod big end shell bearing, which resulted in the connecting rod assembly releasing and penetrating through the engine crankcase. The investigation also identified that: • A high oil temperature alarm prior to the engine failure warranted a more cautious a",{}
shipkg:fault:cdf116929c39,shipkg:fault:d005e46c6652,edge:41ca30b8f935e1bc,LEADS_TO,spirit_of_discovery_pods_2023,reported,ev:bcc74e57d3088cc6,MAIB_2026_06_Spirit_of_Discovery_propulsion_loss.pdf,https://www.gov.uk/maib-reports/loss-of-propulsion-in-heavy-weather-experienced-by-the-passenger-vessel-spirit-of-discovery-leading-to-over-100-injuries-and-one-fatality,42,PDF page 42,"eed trips been the only issue. However, with the WLS sequence request active on both pods, when the propulsion motors tripped the pods automatically parked at 90° to Spirit of Discovery‘s heading and the vessel quickly lost speed and steerage. This left the bridge team doing their best to control the vessel’s heading using its bow thrusters. As a result, Spirit of Discovery’s bow was quick",{}
shipkg:equipment:563809ad0932,shipkg:component:3552bc595328,edge:42516587b10b039a,HAS_COMPONENT,windcat8_port_engine_2017,reported,ev:ff3253f5416e42be,MAIB_2018_01_Windcat8_bearing_failure_fire.pdf,https://assets.publishing.service.gov.uk/government/uploads/system/uploads/attachment_data/file/683922/MAIBInvReport01_2018.pdf,1,PDF page 1,"es. The MAIB investigation identified that the catastrophic damage to Windcat 8’s port main engine was caused by the failure of a piston connecting rod big end shell bearing, which resulted in the connecting rod assembly releasing and penetrating through the engine crankcase. The investigation also identified that: • A high oil temperature alarm prior to the engine failure warranted a more cautious a",{}
shipkg:case:00057f56fe39,shipkg:action:752d3ce3e403,edge:4329884f77eb369a,INVOLVES,wight_sky_me_2017,reported,ev:c2745665875d9964,MAIB_2018_14_Wight_Sky_engine_bearing_fire.pdf,https://assets.publishing.service.gov.uk/media/5b5217c7ed915d0b81e003df/MAIBInvReport14_2018.pdf,14,PDF page 14,"the shells of main bearing 5 turned, the lubrication supply to big end bearing 4 was blocked, resulting in destructive failure. • Rebuilding the engine in a clean and controlled environment and transferring it complete into the engine room would have reduced the likelihood of debris ingress. • The engine was not fitted with a wear detector, so there was no means of receiving a warning before the engine failed. • The",{}
shipkg:dataset:1ceeb4cad6d8,shipkg:sensor:8b403808fd55,edge:43df28ae28a3fbbf,HAS_CHANNEL,,reported,ev:01f0c4c8cc7ce048,Marine_Engine_Fault_Data_v1.zip,https://zenodo.org/records/19857425,,variable_dictionary.csv:Exh.Gas Temp. Turbine Out,full_name=Exh.Gas Temp. Turbine Out; symbol=T5; unit=°C; dtype=number; in_reference=TRUE; in_scenario_files=TRUE; category=temperature,{}
shipkg:action:642ddc0bd6c5,shipkg:cause:29f8307f5eed,edge:44e25149b87dbc84,ADDRESSES,finlandia_seaways_me_2018,derived_action,ev:c4dfa47c81f2ebb5,MAIB_2021_02_Finlandia_Seaways_connecting_rod_failure.pdf,https://www.gov.uk/maib-reports/engine-failure-and-subsequent-fire-on-ro-ro-cargo-vessel-finlandia-seaways-with-1-person-injured,56,PDF page 56,"48 recommended procedures for overhauling the connecting rod small ends had not been followed, and the small ends had been damaged during the piston pin bush removal and fitting process. The extent of the damage was clearly visible to the naked eye but was either not identified during the engine/component overhauls or was",{}
shipkg:dataset:710ea13e53ac,shipkg:observation:0c0be039e775,edge:44fec12dd8e5ffda,HAS_CASE,,reported,ev:51f2102546185648,Azimuth_Thruster_CBM_Dataset.zip,https://zenodo.org/records/20101612,,table3_lti_by_fault_type_anonymised.csv:row12,System / engine-family case=CAT 3508B/C thruster reference; Fault or condition=Normal operation; Detection/event reference=Normal vibration and oil condition; N/A; Recommended CBM action=Standard monitoring; 500 h vibration / 500 h oil; Included in mechanical LTI summary=no,{}
shipkg:fault:d047fdea9ee9,shipkg:fault:fee4df6aeb24,edge:45eb816cfdbcbdf9,LEADS_TO,wight_sky_me_2017,reported,ev:b10bdbaa38429105,MAIB_2018_14_Wight_Sky_engine_bearing_fire.pdf,https://assets.publishing.service.gov.uk/media/5b5217c7ed915d0b81e003df/MAIBInvReport14_2018.pdf,14,PDF page 14,"for initiating the failure. ○ When the shells of main bearing 5 turned, the lubrication supply to big end bearing 4 was blocked, resulting in destructive failure. • Rebuilding the engine in a clean and controlled environment and transferring it complete into the engine room would have reduced the likelihood of debris ingress. • The engine was not fitted with a wear detector, so there was",{}
shipkg:vessel:ce08d017f5c9,shipkg:case:9792cd36162e,edge:46fa980554b1dcb7,HAS_CASE,windcat8_port_engine_2017,reported,ev:4e45851ecc9eb9f4,MAIB_2018_01_Windcat8_bearing_failure_fire.pdf,https://assets.publishing.service.gov.uk/government/uploads/system/uploads/attachment_data/file/683922/MAIBInvReport01_2018.pdf,1,PDF page 1,"and no injuries. The MAIB investigation identified that the catastrophic damage to Windcat 8’s port main engine was caused by the failure of a piston connecting rod big end shell bearing, which resulted in the connecting rod assembly releasing and penetrating through the engine crankcase. The investigation also identified that: • A high oil temperature alarm prior to the engine failure warranted a more cautious a",{}
shipkg:condition:19ae439543bd,shipkg:fault:5f59e6b3ca42,edge:46fbc1fad6f5bc77,LIMITS_DETECTION_OF,wight_sky_me_2017,reported,ev:9094aa614ec060db,MAIB_2018_14_Wight_Sky_engine_bearing_fire.pdf,https://assets.publishing.service.gov.uk/media/5b5217c7ed915d0b81e003df/MAIBInvReport14_2018.pdf,14,PDF page 14,"ntrolled environment and transferring it complete into the engine room would have reduced the likelihood of debris ingress. • The engine was not fitted with a wear detector, so there was no means of receiving a warning before the engine failed. • The essential services switchboard aft circuit breaker had been left in manual mode, resulting in the loss of power to critical equipment, including the fixed fire-fighting system. ACTION TAKEN Wightli",{}
shipkg:observation:83cf859e3d48,shipkg:fault:cba0553c7db4,edge:474d7fcf6c9b1ef8,SHOWS_CONDITION,,dataset_label,ev:3ee08dc0eebc21a7,Azimuth_Thruster_CBM_Dataset.zip,https://zenodo.org/records/20101612,,table3_lti_by_fault_type_anonymised.csv:row8,System / engine-family case=CAT C7 shaftline reductor / CAT C7 case B; Fault or condition=Babbitt wear (Pb); Detection/event reference=Vibration alert Month -4.0; oil alert at Month -1.2; Reference class=LTI_oil; LTI / warning (mo)=2.8; Warning (h)=420.0; Recommended CBM action=Oil-confirmed mixed follow-up; 250 h vibration / 250 h oil; Included in mechanical LTI summary=yes,{}
shipkg:dataset:710ea13e53ac,shipkg:observation:36b9efa16da9,edge:49f7e11530350ed5,HAS_CASE,,reported,ev:44f19b4f5b32f488,Azimuth_Thruster_CBM_Dataset.zip,https://zenodo.org/records/20101612,,table3_lti_by_fault_type_anonymised.csv:row4,System / engine-family case=CAT 3516C coupling EB 1; Fault or condition=Coupling resonance; Detection/event reference=Vibration alert Month -2.0; maintenance event; Reference class=LTI_maintenance; LTI / warning (mo)=2.0; Warning (h)=300.0; Recommended CBM action=Vibration-led CBM; 125 h vibration / 500 h oil; Included in mechanical LTI summary=yes,{}
shipkg:dataset:1ceeb4cad6d8,shipkg:sensor:0d564da1d412,edge:4b7f6d0000ba8b85,HAS_CHANNEL,,reported,ev:6a459e615a3b0f50,Marine_Engine_Fault_Data_v1.zip,https://zenodo.org/records/19857425,,variable_dictionary.csv:Effective Efficiency,full_name=Effective Efficiency; symbol=Efft; unit=%; dtype=number; in_reference=TRUE; in_scenario_files=TRUE; category=performance / derived,{}
shipkg:dataset:1ceeb4cad6d8,shipkg:sensor:9103d6c847ed,edge:4be6677a2fce9cc4,HAS_CHANNEL,,reported,ev:d03c38ea8ee2eea4,Marine_Engine_Fault_Data_v1.zip,https://zenodo.org/records/19857425,,variable_dictionary.csv:Effective Work No.1,full_name=Effective Work No.1; symbol=We; unit=kW; dtype=number; in_reference=TRUE; in_scenario_files=TRUE; category=performance / derived; note=shorthand label is reused across cylinder-resolved and/or aggregate variables; use the full variable-name row during preprocessing,{}
shipkg:observation:5d48f4f61abd,shipkg:action:6667f1d39b0e,edge:4ce17dd1ba28fe38,HAS_RECOMMENDED_ACTION,,dataset_label,ev:b935264465ef205c,Azimuth_Thruster_CBM_Dataset.zip,https://zenodo.org/records/20101612,,table3_lti_by_fault_type_anonymised.csv:row7,System / engine-family case=CAT 3516C intermediate bearing EB 4; Fault or condition=Unconfirmed bearing-related warning; Detection/event reference=Vibration alert Month -2.0; maintenance event; Reference class=LTI_maintenance; LTI / warning (mo)=2.0; Warning (h)=300.0; Recommended CBM action=Vibration-only CBM; 125 h vibration interval; Included in mechanical LTI summary=yes,{}
shipkg:run:6b05eccd173f,shipkg:fault:91dfc7218234,edge:4e94809cc83cc3af,TESTS_FAULT,,reported,ev:4a59b715e39bd236,Marine_Engine_Fault_Data_v1.zip,https://zenodo.org/records/19857425,,dataset_index.csv:AC_Fouling/AC_Fouling_40_Load.csv,"file_name=AC_Fouling/AC_Fouling_40_Load.csv; schema_type=scenario; scenario=Air-cooler fouling; nominal_load=40%; severity_or_program=single load condition; header_rows=3; data_rows=4678; columns=73; anomaly_state=binary (0=pre-anomaly, 1=anomaly); notes=Pre-anomaly and anomaly segments.",{}
shipkg:run:cd33f80ecd69,shipkg:condition:103a0ae5358b,edge:4eedf3573d684193,AT_LOAD,,reported,ev:5ae484b55bc9bc82,Marine_Engine_Fault_Data_v1.zip,https://zenodo.org/records/19857425,,dataset_index.csv:Turbine_Degradation/Turbine_Degradation_85_Load.csv,"file_name=Turbine_Degradation/Turbine_Degradation_85_Load.csv; schema_type=scenario; scenario=Turbine degradation; nominal_load=85%; severity_or_program=single load condition; header_rows=3; data_rows=5289; columns=73; anomaly_state=binary (0=pre-anomaly, 1=anomaly); notes=Pre-anomaly and anomaly segments.",{}
shipkg:case:00057f56fe39,shipkg:equipment:1755b4f618f2,edge:4f987e939c176b16,HAS_EQUIPMENT,wight_sky_me_2017,reported,ev:19d0b2283f62b511,MAIB_2018_14_Wight_Sky_engine_bearing_fire.pdf,https://assets.publishing.service.gov.uk/media/5b5217c7ed915d0b81e003df/MAIBInvReport14_2018.pdf,1,PDF page 1,"examination conducted by the vessel’s engine maker, Volvo Penta UK, concluded that the most probable trigger for the failure was debris in the engine’s oil channels following rebuild. The MAIB investigation established the following: • The engine had been completely rebuilt and failed after 5½ hours of operation. • The vessel’s soft patches 1 had not been removed, necessitating the engine to be lowered piecem",{}
shipkg:fault:8d2d73a67f71,shipkg:consequence:775549e4c085,edge:4fa1a9255234d951,LEADS_TO,windcat8_port_engine_2017,reported,ev:f55562c55772b4c1,MAIB_2018_01_Windcat8_bearing_failure_fire.pdf,https://assets.publishing.service.gov.uk/government/uploads/system/uploads/attachment_data/file/683922/MAIBInvReport01_2018.pdf,11,PDF page 11,lure warranted a more cautious approach to the use of the engine until a deeper technical investigation could be conducted. • The fire resulted from the ignition of oil vapour released from the damaged crankcase and did not spread beyond the port engine. • The fixed fire-fighting system was rendered ineffective because not all the port engine space vents were closed prior to its release. • The safety of the embarked technicians was given,{}
shipkg:dataset:1ceeb4cad6d8,shipkg:run:77a7092fcc4e,edge:50217468aa7c2916,HAS_RUN,,reported,ev:70e667f09b8fc0d1,Marine_Engine_Fault_Data_v1.zip,https://zenodo.org/records/19857425,,dataset_index.csv:AC_Fouling/AC_Fouling_60_Load.csv,"file_name=AC_Fouling/AC_Fouling_60_Load.csv; schema_type=scenario; scenario=Air-cooler fouling; nominal_load=60%; severity_or_program=single load condition; header_rows=3; data_rows=6698; columns=73; anomaly_state=binary (0=pre-anomaly, 1=anomaly); notes=Pre-anomaly and anomaly segments.",{}
shipkg:run:a43d97ac9f94,shipkg:fault:0e24c2957173,edge:5044a5a20833e063,TESTS_FAULT,,reported,ev:04e94cee9be565df,Marine_Engine_Fault_Data_v1.zip,https://zenodo.org/records/19857425,,dataset_index.csv:AF_Clogging/AF_Clogging_40_Load.csv,"file_name=AF_Clogging/AF_Clogging_40_Load.csv; schema_type=scenario; scenario=Air-filter clogging (compressor); nominal_load=40%; severity_or_program=single load condition; header_rows=3; data_rows=4820; columns=73; anomaly_state=binary (0=pre-anomaly, 1=anomaly); notes=Pre-anomaly and anomaly segments.",{}
shipkg:run:a43d97ac9f94,shipkg:condition:1bf60bc6ecb7,edge:53899ce13cba2d7c,AT_LOAD,,reported,ev:04e94cee9be565df,Marine_Engine_Fault_Data_v1.zip,https://zenodo.org/records/19857425,,dataset_index.csv:AF_Clogging/AF_Clogging_40_Load.csv,"file_name=AF_Clogging/AF_Clogging_40_Load.csv; schema_type=scenario; scenario=Air-filter clogging (compressor); nominal_load=40%; severity_or_program=single load condition; header_rows=3; data_rows=4820; columns=73; anomaly_state=binary (0=pre-anomaly, 1=anomaly); notes=Pre-anomaly and anomaly segments.",{}
shipkg:action:b1b278b9bbdd,shipkg:fault:d005e46c6652,edge:553116897a245486,ADDRESSES,spirit_of_discovery_pods_2023,reported_action,ev:c7e7236b07b0d8d2,MAIB_2026_06_Spirit_of_Discovery_propulsion_loss.pdf,https://www.gov.uk/maib-reports/loss-of-propulsion-in-heavy-weather-experienced-by-the-passenger-vessel-spirit-of-discovery-leading-to-over-100-injuries-and-one-fatality,53,PDF page 53,obal GmbH & Co. KG has: ● Updated the SISHIp eSiPods software and corrected the operators’ manual. ● Updated the PCS to include a revised WLS sequence activation that allows the crew to intervene and prevent the SISHIp eSiPODs parking at 90° to the vessel’s heading. ● Increased the SISHIp eSiPODs overspeed activation point following a mechanical evaluation of the systems. ● Improved the position of the SISHIp eSiPODs bilg,{}
shipkg:observation:6bc49fd589cc,shipkg:fault:a7ebb889d098,edge:55ad11a155cf1fdb,SHOWS_CONDITION,,dataset_label,ev:2c91ce63ed55748b,Azimuth_Thruster_CBM_Dataset.zip,https://zenodo.org/records/20101612,,table3_lti_by_fault_type_anonymised.csv:row2,System / engine-family case=CAT 3516C MPEB 1V; Fault or condition=Unconfirmed bearing-related spectral anomaly; Detection/event reference=Vibration alert Month -2.5; oil alert at Month -0.8; Reference class=LTI_oil; LTI / warning (mo)=1.7; Warning (h)=255.0; Recommended CBM action=Vibration-led CBM; 125 h vibration / 500 h oil; Included in mechanical LTI summary=yes,{}
shipkg:cause:0b368a5a5869,shipkg:fault:a20cef558a0a,edge:561c285555c25a69,LEADS_TO,wight_sky_me4_2018,reported,ev:a4a51bca0c30f80d,MAIB_2022_04_Wight_Sky_multiple_engine_failures.pdf,https://assets.publishing.service.gov.uk/media/6267cc85e90e071690c1b679/2022-4-WightSky-Report.pdf,84,PDF page 84,"f the engine’s matched connecting rod big end bearing caps had been transposed during the engine assembly process. [2.3.2] 4. The transposition of the bearing caps reduced the metal-to-metal contact between surfaces of the connecting rods and their bearing caps. This would have caused fretting wear between the mating faces, which would have led to loosening and rapid failure of the end cap securing bolts. [2.3.2] 5. Four of",{}
shipkg:equipment:aea23b9943a4,shipkg:component:c3d265fa990c,edge:57dbe6924d21326b,HAS_COMPONENT,finlandia_seaways_me_2018,reported,ev:5e9210d8dbe9bf48,MAIB_2021_02_Finlandia_Seaways_connecting_rod_failure.pdf,https://www.gov.uk/maib-reports/engine-failure-and-subsequent-fire-on-ro-ro-cargo-vessel-finlandia-seaways-with-1-person-injured,9,PDF page 9,"Investigation Division and the engine manufacturer, MAN Diesel and Turbo SE. The investigation identified that a fracture of the connecting rod small end had led to the sudden failure of the main engine. The investigation also found that the method used to replace the connecting rod small end piston pin bearing bushes by the vessel manager’s maintenance support contractor had intr",{}
shipkg:dataset:1ceeb4cad6d8,shipkg:sensor:8529d7e4c296,edge:595ef591f4214968,HAS_CHANNEL,,reported,ev:40c03eeb43d8d524,Marine_Engine_Fault_Data_v1.zip,https://zenodo.org/records/19857425,,variable_dictionary.csv:Other Loss,full_name=Other Loss; symbol=Qother; unit=kW; dtype=number; in_reference=TRUE; in_scenario_files=TRUE; category=performance / derived,{}
shipkg:dataset:1ceeb4cad6d8,shipkg:sensor:5c7b83264f58,edge:5a4a453ccb62f51c,HAS_CHANNEL,,reported,ev:942baa3ea69a9e36,Marine_Engine_Fault_Data_v1.zip,https://zenodo.org/records/19857425,,variable_dictionary.csv:LO Temp. Engine Out,full_name=LO Temp. Engine Out; symbol=T11; unit=°C; dtype=number; in_reference=TRUE; in_scenario_files=TRUE; category=temperature,{}
shipkg:dataset:1ceeb4cad6d8,shipkg:sensor:1f391dbaad55,edge:5b6480e99d1e39fb,HAS_CHANNEL,,reported,ev:03eb6a301e78c0bb,Marine_Engine_Fault_Data_v1.zip,https://zenodo.org/records/19857425,,variable_dictionary.csv:Fuel transfer pump Press.,full_name=Fuel transfer pump Press.; symbol=Pl_fuel; unit=V; dtype=number; in_reference=TRUE; in_scenario_files=TRUE; category=pressure / derived pressure; note=raw voltage signal associated with fuel-side pressure; not converted to engineering pressure units,{}
shipkg:observation:fe8f810e77c8,shipkg:fault:aea71a6801b6,edge:5c374fffb81cbd81,SHOWS_CONDITION,,dataset_label,ev:18368950cc0f6b1b,Azimuth_Thruster_CBM_Dataset.zip,https://zenodo.org/records/20101612,,table3_lti_by_fault_type_anonymised.csv:row3,System / engine-family case=CAT 3516C MPEB 3V; Fault or condition=High-harmonic impact train; Detection/event reference=Vibration alert Month -3.0; no oil sample; operational downtime event; Reference class=LTI_operational; LTI / warning (mo)=3.0; Warning (h)=450.0; Recommended CBM action=Vibration-only CBM; 125 h vibration interval; Included in mechanical LTI summary=yes,{}
shipkg:case:187dc871fbd5,shipkg:equipment:710361995928,edge:5e7a6c288d988ead,HAS_EQUIPMENT,spirit_of_discovery_pods_2023,reported,ev:c3429f0fc22579e1,MAIB_2026_06_Spirit_of_Discovery_propulsion_loss.pdf,https://www.gov.uk/maib-reports/loss-of-propulsion-in-heavy-weather-experienced-by-the-passenger-vessel-spirit-of-discovery-leading-to-over-100-injuries-and-one-fatality,42,PDF page 42,"e vessel’s heading. Given the weather conditions at the time, it is almost certain that Spirit of Discovery’s pitching caused the propellers to come out of the water. This caused a sudden reduction in torque on the propulsion motor and led to a very rapid increase in the motors’ rpm. The engine alarm and monitoring system recorded that, immediately before their shutdown, the rpm of each pod’s",{}
shipkg:dataset:6ab0788d235b,shipkg:fault:9b3b274b4dbf,edge:5ee1e01da6b9555d,SHOWS_CONDITION,,simulated,ev:74d8057daa5c6f01,UCI_Naval_Propulsion_CBM.zip,https://archive.ics.uci.edu/dataset/316/condition%2Bbased%2Bmaintenance%2Bof%2Bnaval%2Bpropulsion%2Bplants,,README.txt,Frigate gas-turbine propulsion numerical simulator; compressor and turbine decay coefficients,{}
shipkg:case:187dc871fbd5,shipkg:condition:0a605c97371c,edge:5f9cae20edd98540,INVOLVES,spirit_of_discovery_pods_2023,reported,ev:9d2abeeb05ea44b5,MAIB_2026_06_Spirit_of_Discovery_propulsion_loss.pdf,https://www.gov.uk/maib-reports/loss-of-propulsion-in-heavy-weather-experienced-by-the-passenger-vessel-spirit-of-discovery-leading-to-over-100-injuries-and-one-fatality,42,PDF page 42,"parked at 90° to the vessel’s heading. Given the weather conditions at the time, it is almost certain that Spirit of Discovery’s pitching caused the propellers to come out of the water. This caused a sudden reduction in torque on the propulsion motor and led to a very rapid increase in the motors’ rpm. The engine alarm and monitoring system recorded that, immediately before their shutdown, the rpm of each pod’s",{}
shipkg:dataset:1ceeb4cad6d8,shipkg:sensor:ccfc2a47cee5,edge:5fad3b66d088751f,HAS_CHANNEL,,reported,ev:f6d35a82c4676820,Marine_Engine_Fault_Data_v1.zip,https://zenodo.org/records/19857425,,variable_dictionary.csv:Exh.Gas Temp. Turbine In,full_name=Exh.Gas Temp. Turbine In; symbol=T4; unit=°C; dtype=number; in_reference=TRUE; in_scenario_files=TRUE; category=temperature,{}
shipkg:fault:e97eee073fc6,shipkg:component:1157de5d43da,edge:5fc9dfa91d77c020,AFFECTS_COMPONENT,spirit_of_discovery_pods_2023,reported,ev:e2523ed63e0b4019,MAIB_2026_06_Spirit_of_Discovery_propulsion_loss.pdf,https://www.gov.uk/maib-reports/loss-of-propulsion-in-heavy-weather-experienced-by-the-passenger-vessel-spirit-of-discovery-leading-to-over-100-injuries-and-one-fatality,42,PDF page 42,"at Spirit of Discovery’s pitching caused the propellers to come out of the water. This caused a sudden reduction in torque on the propulsion motor and led to a very rapid increase in the motors’ rpm. The engine alarm and monitoring system recorded that, immediately before their shutdown, the rpm of each pod’s propulsion motor very rapidly increased and exceeded the preset o",{}
shipkg:case:9792cd36162e,shipkg:condition:7a0e4d2405ef,edge:6004491261f8dd90,INVOLVES,windcat8_port_engine_2017,reported,ev:e678a8a1bb3f1aec,MAIB_2018_01_Windcat8_bearing_failure_fire.pdf,https://assets.publishing.service.gov.uk/government/uploads/system/uploads/attachment_data/file/683922/MAIBInvReport01_2018.pdf,11,PDF page 11,ire resulted from the ignition of oil vapour released from the damaged crankcase and did not spread beyond the port engine. • The fixed fire-fighting system was rendered ineffective because not all the port engine space vents were closed prior to its release. • The safety of the embarked technicians was given a high priority. ACTION TAKEN Windcat Workboats BV Ltd has: • Instructed crews on board vessels fitted with Volvo Penta D16 engines to stop the affected eng,{}
shipkg:run:9690a0157fb9,shipkg:condition:8f4ca3980ed8,edge:6028ca25550d0ff9,AT_LOAD,,reported,ev:0fd78cc81d9681d2,Marine_Engine_Fault_Data_v1.zip,https://zenodo.org/records/19857425,,dataset_index.csv:Injector_Nozzle/Clogged_Injector_Nozzle1_40_60_85_Load.csv,"file_name=Injector_Nozzle/Clogged_Injector_Nozzle1_40_60_85_Load.csv; schema_type=scenario; scenario=Injection-valve nozzle clogging; nominal_load=40%, 60%, 85% (stepped); severity_or_program=one-hole plugged nozzle; header_rows=3; data_rows=6492; columns=73; anomaly_state=all-anomaly (no baseline segment); notes=Anomalous operation only (no baseline segment). Compressor Filter Loss (dPf) and Turbine Back Pressure (dPex) not recorded in this run (columns present but empty).",{}
shipkg:case:9792cd36162e,shipkg:action:4a27034a0842,edge:60450c763db70e7c,INVOLVES,windcat8_port_engine_2017,reported,ev:a14d5a0a3ae37d97,MAIB_2018_01_Windcat8_bearing_failure_fire.pdf,https://assets.publishing.service.gov.uk/government/uploads/system/uploads/attachment_data/file/683922/MAIBInvReport01_2018.pdf,11,PDF page 11,"h priority. ACTION TAKEN Windcat Workboats BV Ltd has: • Instructed crews on board vessels fitted with Volvo Penta D16 engines to stop the affected engine when a high oil temperature alarm activates, and not to restart the engine until the reason for the alarm has been determined. • Identified lessons to be learned from the accident and emergency response that will be highlighted in future crew training. • Programmed additio",{}
shipkg:run:6c075208cdc0,shipkg:condition:1bf60bc6ecb7,edge:62263a7850294b21,AT_LOAD,,reported,ev:9de953977942cbdf,Marine_Engine_Fault_Data_v1.zip,https://zenodo.org/records/19857425,,dataset_index.csv:Turbine_Degradation/Turbine_Degradation_40_Load.csv,"file_name=Turbine_Degradation/Turbine_Degradation_40_Load.csv; schema_type=scenario; scenario=Turbine degradation; nominal_load=40%; severity_or_program=single load condition; header_rows=3; data_rows=6397; columns=73; anomaly_state=binary (0=pre-anomaly, 1=anomaly); notes=Pre-anomaly and anomaly segments.",{}
shipkg:observation:4cd2541cd04a,shipkg:fault:7d0ec41f122b,edge:62b14918a4163ca2,SHOWS_CONDITION,,dataset_label,ev:26b16a38271f6b21,Azimuth_Thruster_CBM_Dataset.zip,https://zenodo.org/records/20101612,,table3_lti_by_fault_type_anonymised.csv:row6,System / engine-family case=CAT 3516C azimuth unit EB 2; Fault or condition=Gear mesh anomaly; Detection/event reference=Vibration alert Month -1.0; maintenance event; Reference class=LTI_maintenance; LTI / warning (mo)=1.0; Warning (h)=150.0; Recommended CBM action=Vibration-led CBM; 125 h vibration / 500 h oil; Included in mechanical LTI summary=yes,{}
shipkg:dataset:1ceeb4cad6d8,shipkg:run:6b05eccd173f,edge:62d57ee2f3704c0d,HAS_RUN,,reported,ev:4a59b715e39bd236,Marine_Engine_Fault_Data_v1.zip,https://zenodo.org/records/19857425,,dataset_index.csv:AC_Fouling/AC_Fouling_40_Load.csv,"file_name=AC_Fouling/AC_Fouling_40_Load.csv; schema_type=scenario; scenario=Air-cooler fouling; nominal_load=40%; severity_or_program=single load condition; header_rows=3; data_rows=4678; columns=73; anomaly_state=binary (0=pre-anomaly, 1=anomaly); notes=Pre-anomaly and anomaly segments.",{}
shipkg:case:d6e9f8f8ade2,shipkg:fault:4e2929b80b35,edge:63290134edaabcd8,INVOLVES,finlandia_seaways_me_2018,reported,ev:ed4a18d326cb49be,MAIB_2021_02_Finlandia_Seaways_connecting_rod_failure.pdf,https://www.gov.uk/maib-reports/engine-failure-and-subsequent-fire-on-ro-ro-cargo-vessel-finlandia-seaways-with-1-person-injured,9,PDF page 9,used to replace the connecting rod small end piston pin bearing bushes by the vessel manager’s maintenance support contractor had introduced stress raisers that signficantly increased the likelihood of crack initiation and fatigue failure. Other factors that contributed to the engine failure included: standards of maintenance management; lack of appreciation of the importance of following the engine manufacturer’s instructions for the removal and refitting of the,{}
shipkg:run:a4c3017972ca,shipkg:fault:0e24c2957173,edge:634131f76f12f441,TESTS_FAULT,,reported,ev:1f2e716415ec2a7c,Marine_Engine_Fault_Data_v1.zip,https://zenodo.org/records/19857425,,dataset_index.csv:AF_Clogging/AF_Clogging_85_Load.csv,"file_name=AF_Clogging/AF_Clogging_85_Load.csv; schema_type=scenario; scenario=Air-filter clogging (compressor); nominal_load=85%; severity_or_program=single load condition; header_rows=3; data_rows=6398; columns=73; anomaly_state=binary (0=pre-anomaly, 1=anomaly); notes=Pre-anomaly and anomaly segments.",{}
shipkg:dataset:1ceeb4cad6d8,shipkg:sensor:453069f73398,edge:637c1d14e0c603a6,HAS_CHANNEL,,reported,ev:8bfe43ad048fac31,Marine_Engine_Fault_Data_v1.zip,https://zenodo.org/records/19857425,,variable_dictionary.csv:LO Temp. TCH In,full_name=LO Temp. TCH In; symbol=T19; unit=°C; dtype=number; in_reference=TRUE; in_scenario_files=TRUE; category=temperature,{}
shipkg:case:278d7572ef08,shipkg:fault:fee4df6aeb24,edge:63f50ee6c2328b58,INVOLVES,wight_sky_me4_2018,reported,ev:3ca79df2a0332a1a,MAIB_2022_04_Wight_Sky_multiple_engine_failures.pdf,https://assets.publishing.service.gov.uk/media/6267cc85e90e071690c1b679/2022-4-WightSky-Report.pdf,84,PDF page 84,"igh levels of vibration, and contaminated lubricating oil might all have contributed to the event failure. [2.3.1] 3. Wight Sky’s ME4 failed catastrophically because of an assembly error during build at Volvo Penta’s factory in Sweden. Two of the engine’s matched connecting rod big end bearing caps had been transposed during the engine assembly process. [2.3.2] 4. The transposition of the bearing caps reduced the",{}
shipkg:case:1e6479e108d9,shipkg:source:159562b24735,edge:647dcdf90cfc8204,DOCUMENTED_BY,kommandor_susan_dg1_2025,reported,ev:01f3913bd9c46899,MAIB_2026_10_Kommandor_Susan_generator_bearing_failure.pdf,https://www.gov.uk/maib-reports/catastrophic-engine-failure-and-subsequent-fire-on-board-the-site-investigation-vessel-kommandor-susan,1,PDF page 1,"f Forth, Scotland on 25 January 2025 SUMMARY At 1305 on 25 January 2025, the site investigation vessel Kommandor Susan suffered a catastrophic failure of a diesel generator engine while conducting sea trials in the Firth of Forth, Scotland. The failure resulted in an engine room fire and a complete power blackout. The crew responded promptly, extinguished the fire and mustered safely. The vessel lost propu",{}
shipkg:dataset:1ceeb4cad6d8,shipkg:sensor:65ae734da9ec,edge:64948e1ebd01df51,HAS_CHANNEL,,reported,ev:400d60e3617603ce,Marine_Engine_Fault_Data_v1.zip,https://zenodo.org/records/19857425,,variable_dictionary.csv:Charge Air Press.,full_name=Charge Air Press.; symbol=Pturb; unit=kgf/cm2; dtype=number; in_reference=TRUE; in_scenario_files=TRUE; category=pressure / derived pressure,{}
shipkg:case:adf367a46f33,shipkg:source:66b61e38c53f,edge:64d0a22d1da79381,DOCUMENTED_BY,wight_sky_me2_2018,reported,ev:4846a9af2b7e6456,MAIB_2022_04_Wight_Sky_multiple_engine_failures.pdf,https://assets.publishing.service.gov.uk/media/6267cc85e90e071690c1b679/2022-4-WightSky-Report.pdf,84,PDF page 84,"S 3.1 SAFETY ISSUES DIRECTLY CONTRIBUTING TO THE ACCIDENTS THAT HAVE BEEN ADDRESSED OR RESULTED IN RECOMMENDATIONS 1. Wight Sky’s ME2 failed catastrophically due to a sudden loss of lubricating oil supply to its number five main journal bearing and number four crankpin. [2.3.1] 2. The oilway to the main journal and crankpin was blocked off when the bearing shells turned in their housing. Poor fuel combustion, the presence of silic",{}
shipkg:dataset:710ea13e53ac,shipkg:observation:5d48f4f61abd,edge:657fc4209b73ad18,HAS_CASE,,reported,ev:b935264465ef205c,Azimuth_Thruster_CBM_Dataset.zip,https://zenodo.org/records/20101612,,table3_lti_by_fault_type_anonymised.csv:row7,System / engine-family case=CAT 3516C intermediate bearing EB 4; Fault or condition=Unconfirmed bearing-related warning; Detection/event reference=Vibration alert Month -2.0; maintenance event; Reference class=LTI_maintenance; LTI / warning (mo)=2.0; Warning (h)=300.0; Recommended CBM action=Vibration-only CBM; 125 h vibration interval; Included in mechanical LTI summary=yes,{}
shipkg:case:187dc871fbd5,shipkg:fault:c9a34bd46532,edge:659bbf10be517468,INVOLVES,spirit_of_discovery_pods_2023,reported,ev:b6540313ab8acd21,MAIB_2026_06_Spirit_of_Discovery_propulsion_loss.pdf,https://www.gov.uk/maib-reports/loss-of-propulsion-in-heavy-weather-experienced-by-the-passenger-vessel-spirit-of-discovery-leading-to-over-100-injuries-and-one-fatality,42,PDF page 42,"conditions at the time, it is almost certain that Spirit of Discovery’s pitching caused the propellers to come out of the water. This caused a sudden reduction in torque on the propulsion motor and led to a very rapid increase in the motors’ rpm. The engine alarm and monitoring system recorded that, immediately before their shutdown, the rpm of each pod’s propulsion motor very rapidly increased and exceeded the preset o",{}
shipkg:action:984af3c3d6c8,shipkg:condition:6fa538170906,edge:66cbe293a1e6d6cb,ADDRESSES,kommandor_susan_dg1_2025,reported_action,ev:1b6ee0d38c733128,MAIB_2026_10_Kommandor_Susan_generator_bearing_failure.pdf,https://www.gov.uk/maib-reports/catastrophic-engine-failure-and-subsequent-fire-on-board-the-site-investigation-vessel-kommandor-susan,6,PDF page 6,"edules are only applicable for these parts. Non-Caterpillar parts used in the engine tent to have a shorter service life. [sic] • Check the use of non-Caterpillar bearings in the other engines on the vessel. If so, plan a early change of the main and connecting rod bearings. [sic] Parts approval process The approval process for a ship’s engine parts involved several steps to ensure compliance with safety and performanc",{}
shipkg:dataset:19e52eb49467,shipkg:source:29f30f85af55,edge:689bc09d8ef4cf1e,DOCUMENTED_BY,,reported,ev:ab10a0554fdf6901,TSRF_main.zip,https://github.com/TS-RF/TSRF,,README.md,Six health states in TSRF data directory; thermodynamic simulation assisted diagnosis,{}
shipkg:vessel:db8f8f17b349,shipkg:case:d6e9f8f8ade2,edge:68dbd2748e6de55c,HAS_CASE,finlandia_seaways_me_2018,reported,ev:eb8d9ba0db21fede,MAIB_2021_02_Finlandia_Seaways_connecting_rod_failure.pdf,https://www.gov.uk/maib-reports/engine-failure-and-subsequent-fire-on-ro-ro-cargo-vessel-finlandia-seaways-with-1-person-injured,9,PDF page 9,"ent and Incident Investigation Division and the engine manufacturer, MAN Diesel and Turbo SE. The investigation identified that a fracture of the connecting rod small end had led to the sudden failure of the main engine. The investigation also found that the method used to replace the connecting rod small end piston pin bearing bushes by the vessel manager’s maintenance support contractor had intr",{}
shipkg:run:265eab3b4373,shipkg:condition:8752a78e143c,edge:6985167100c8f387,AT_LOAD,,reported,ev:19d72a1ed6647ccd,Marine_Engine_Fault_Data_v1.zip,https://zenodo.org/records/19857425,,dataset_index.csv:Injector_Nozzle/Clogged_Injector_Nozzle2_LoadProgram.csv,file_name=Injector_Nozzle/Clogged_Injector_Nozzle2_LoadProgram.csv; schema_type=scenario; scenario=Injection-valve nozzle clogging; nominal_load=load program (~40-85%); severity_or_program=two-hole plugged nozzle / load program; header_rows=3; data_rows=6791; columns=73; anomaly_state=all-anomaly (no baseline segment); notes=Anomalous operation only (no baseline segment). Compressor Filter Loss (dPf) and Turbine Back Pressure (dPex) not recorded in this run (columns present but empty).,{}
shipkg:case:adf367a46f33,shipkg:check:f9cad3df2b98,edge:6a0c01b673ea0882,INVOLVES,wight_sky_me2_2018,reported,ev:d8028bdc4d93a0c8,MAIB_2022_04_Wight_Sky_multiple_engine_failures.pdf,https://assets.publishing.service.gov.uk/media/6267cc85e90e071690c1b679/2022-4-WightSky-Report.pdf,84,PDF page 84,"Opportunities to identify and diagnose engine problems early, and therefore avoid catastrophic failures, were missed because the condition of the engine lubricating oil and coolant was not closely monitored. [2.6.2] [2.6.3] 9. Some aspects of the maintenance work carried out by RKM did not meet the standards set by Volvo Penta and those expected by Wightlink. Assembly errors had been made during overhauls, basic levels of workshop c",{}
shipkg:dataset:1ceeb4cad6d8,shipkg:sensor:ae5a2be19a3b,edge:6afbc52a8d356e95,HAS_CHANNEL,,reported,ev:023a00d310521c01,Marine_Engine_Fault_Data_v1.zip,https://zenodo.org/records/19857425,,variable_dictionary.csv:Shaft Torque,full_name=Shaft Torque; symbol=Tq; unit=Nm; dtype=number; in_reference=TRUE; in_scenario_files=TRUE; category=other,{}
shipkg:dataset:1ceeb4cad6d8,shipkg:sensor:28c98806fac8,edge:6b58a4007c47e288,HAS_CHANNEL,,reported,ev:51021f36119ca0d4,Marine_Engine_Fault_Data_v1.zip,https://zenodo.org/records/19857425,,variable_dictionary.csv:Indicated Work No.2,full_name=Indicated Work No.2; symbol=Wi; unit=J; dtype=number; in_reference=TRUE; in_scenario_files=TRUE; category=performance / derived; note=shorthand label is reused across cylinder-resolved and/or aggregate variables; use the full variable-name row during preprocessing,{}
shipkg:case:1e6479e108d9,shipkg:action:984af3c3d6c8,edge:6c3befd77e6fe6f6,INVOLVES,kommandor_susan_dg1_2025,reported,ev:1b6ee0d38c733128,MAIB_2026_10_Kommandor_Susan_generator_bearing_failure.pdf,https://www.gov.uk/maib-reports/catastrophic-engine-failure-and-subsequent-fire-on-board-the-site-investigation-vessel-kommandor-susan,6,PDF page 6,"edules are only applicable for these parts. Non-Caterpillar parts used in the engine tent to have a shorter service life. [sic] • Check the use of non-Caterpillar bearings in the other engines on the vessel. If so, plan a early change of the main and connecting rod bearings. [sic] Parts approval process The approval process for a ship’s engine parts involved several steps to ensure compliance with safety and performanc",{}
shipkg:case:1e6479e108d9,shipkg:check:1c503f83ef89,edge:6d2b0bee1d6de6c7,INVOLVES,kommandor_susan_dg1_2025,reported,ev:1a0b3fbe432ab46d,MAIB_2026_10_Kommandor_Susan_generator_bearing_failure.pdf,https://www.gov.uk/maib-reports/catastrophic-engine-failure-and-subsequent-fire-on-board-the-site-investigation-vessel-kommandor-susan,8,PDF page 8,"ting priorities during the vessel’s conversion project, this resulted in Hays Ships providing minimal oversight to Holderness and no verification of authenticity for the parts used, enabling the installation of non- OEM components that later contributed to the engine failure. Similar to the lack of oversight highlighted in both the Finlandia Seaways and Finnmaster cases, the lack of structured supervision a",{}
shipkg:equipment:710361995928,shipkg:component:1157de5d43da,edge:6d7bd55a38b00562,HAS_COMPONENT,spirit_of_discovery_pods_2023,reported,ev:e2523ed63e0b4019,MAIB_2026_06_Spirit_of_Discovery_propulsion_loss.pdf,https://www.gov.uk/maib-reports/loss-of-propulsion-in-heavy-weather-experienced-by-the-passenger-vessel-spirit-of-discovery-leading-to-over-100-injuries-and-one-fatality,42,PDF page 42,"at Spirit of Discovery’s pitching caused the propellers to come out of the water. This caused a sudden reduction in torque on the propulsion motor and led to a very rapid increase in the motors’ rpm. The engine alarm and monitoring system recorded that, immediately before their shutdown, the rpm of each pod’s propulsion motor very rapidly increased and exceeded the preset o",{}
shipkg:case:1e6479e108d9,shipkg:condition:9e280aeb615b,edge:6dfe9b41b6b14146,INVOLVES,kommandor_susan_dg1_2025,reported,ev:1a0b3fbe432ab46d,MAIB_2026_10_Kommandor_Susan_generator_bearing_failure.pdf,https://www.gov.uk/maib-reports/catastrophic-engine-failure-and-subsequent-fire-on-board-the-site-investigation-vessel-kommandor-susan,8,PDF page 8,"ting priorities during the vessel’s conversion project, this resulted in Hays Ships providing minimal oversight to Holderness and no verification of authenticity for the parts used, enabling the installation of non- OEM components that later contributed to the engine failure. Similar to the lack of oversight highlighted in both the Finlandia Seaways and Finnmaster cases, the lack of structured supervision a",{}
shipkg:case:187dc871fbd5,shipkg:fault:cdf116929c39,edge:6e209903c83a94e7,INVOLVES,spirit_of_discovery_pods_2023,reported,ev:91f76498fecf4e21,MAIB_2026_06_Spirit_of_Discovery_propulsion_loss.pdf,https://www.gov.uk/maib-reports/loss-of-propulsion-in-heavy-weather-experienced-by-the-passenger-vessel-spirit-of-discovery-leading-to-over-100-injuries-and-one-fatality,43,PDF page 43,"cating oil. In principle this was an entirely sensible precaution to protect the high voltage pod motor from damage. However, the low position of the bilge sensor meant that it could be activated by a relatively small amount of liquid that accumulated within the pod. Since the bilge suction probably did not extend low enough for the automatic bilge pumps to effectively pump the water out, it is likely the vessel’s motion in heavy weather caused the small amoun",{}
shipkg:case:187dc871fbd5,shipkg:consequence:d1c468a6b34b,edge:70aa583bbf239778,INVOLVES,spirit_of_discovery_pods_2023,reported,ev:166a2a0932391029,MAIB_2026_06_Spirit_of_Discovery_propulsion_loss.pdf,https://www.gov.uk/maib-reports/loss-of-propulsion-in-heavy-weather-experienced-by-the-passenger-vessel-spirit-of-discovery-leading-to-over-100-injuries-and-one-fatality,42,PDF page 42,"ULSION 2.3.1 Initial loss of propulsion Spirit of Discovery was pitching heavily and rolling violently in 8m to 9m waves when its port pod automatically shut down, followed shortly afterwards by its starboard pod. After shutting down, each pod then automatically rotated and parked at 90° to the vessel’s heading. Given the weather conditions at the time, it is almost certain that Spirit of Discovery’s pitching caused the propellers to come",{}
shipkg:dataset:1ceeb4cad6d8,shipkg:sensor:e17885e7f77f,edge:70ec9bf53cd508a6,HAS_CHANNEL,,reported,ev:a994c6251dbff16c,Marine_Engine_Fault_Data_v1.zip,https://zenodo.org/records/19857425,,variable_dictionary.csv:Loss with TCH LO,full_name=Loss with TCH LO; symbol=Qrej_turb; unit=kW; dtype=number; in_reference=TRUE; in_scenario_files=TRUE; category=performance / derived,{}
shipkg:case:00057f56fe39,shipkg:fault:fee4df6aeb24,edge:71c93c3028f0d7ae,INVOLVES,wight_sky_me_2017,reported,ev:b10bdbaa38429105,MAIB_2018_14_Wight_Sky_engine_bearing_fire.pdf,https://assets.publishing.service.gov.uk/media/5b5217c7ed915d0b81e003df/MAIBInvReport14_2018.pdf,14,PDF page 14,"for initiating the failure. ○ When the shells of main bearing 5 turned, the lubrication supply to big end bearing 4 was blocked, resulting in destructive failure. • Rebuilding the engine in a clean and controlled environment and transferring it complete into the engine room would have reduced the likelihood of debris ingress. • The engine was not fitted with a wear detector, so there was",{}
shipkg:observation:0c0be039e775,shipkg:fault:e552cc02e03c,edge:71d804cba18cd5f9,SHOWS_CONDITION,,dataset_label,ev:51f2102546185648,Azimuth_Thruster_CBM_Dataset.zip,https://zenodo.org/records/20101612,,table3_lti_by_fault_type_anonymised.csv:row12,System / engine-family case=CAT 3508B/C thruster reference; Fault or condition=Normal operation; Detection/event reference=Normal vibration and oil condition; N/A; Recommended CBM action=Standard monitoring; 500 h vibration / 500 h oil; Included in mechanical LTI summary=no,{}
shipkg:case:9792cd36162e,shipkg:system:5d1dca19fd66,edge:72203146f77ec8eb,IN_SYSTEM,windcat8_port_engine_2017,reported,ev:4e45851ecc9eb9f4,MAIB_2018_01_Windcat8_bearing_failure_fire.pdf,https://assets.publishing.service.gov.uk/government/uploads/system/uploads/attachment_data/file/683922/MAIBInvReport01_2018.pdf,1,PDF page 1,"and no injuries. The MAIB investigation identified that the catastrophic damage to Windcat 8’s port main engine was caused by the failure of a piston connecting rod big end shell bearing, which resulted in the connecting rod assembly releasing and penetrating through the engine crankcase. The investigation also identified that: • A high oil temperature alarm prior to the engine failure warranted a more cautious a",{}
shipkg:dataset:1ceeb4cad6d8,shipkg:sensor:d07e7ed33e29,edge:7295ba48ef93039c,HAS_CHANNEL,,reported,ev:99afa4fd2c7cca53,Marine_Engine_Fault_Data_v1.zip,https://zenodo.org/records/19857425,,variable_dictionary.csv:LO Circulating Pump Press.,full_name=LO Circulating Pump Press.; symbol=Pl_lo; unit=V; dtype=number; in_reference=TRUE; in_scenario_files=TRUE; category=pressure / derived pressure; note=raw voltage signal associated with main LO pump pressure; not converted to engineering pressure units,{}
shipkg:cause:29f8307f5eed,shipkg:fault:4e2929b80b35,edge:740e9eb1e7a243da,INCREASES_RISK_OF,finlandia_seaways_me_2018,reported,ev:ed4a18d326cb49be,MAIB_2021_02_Finlandia_Seaways_connecting_rod_failure.pdf,https://www.gov.uk/maib-reports/engine-failure-and-subsequent-fire-on-ro-ro-cargo-vessel-finlandia-seaways-with-1-person-injured,9,PDF page 9,used to replace the connecting rod small end piston pin bearing bushes by the vessel manager’s maintenance support contractor had introduced stress raisers that signficantly increased the likelihood of crack initiation and fatigue failure. Other factors that contributed to the engine failure included: standards of maintenance management; lack of appreciation of the importance of following the engine manufacturer’s instructions for the removal and refitting of the,{}
shipkg:run:77a7092fcc4e,shipkg:fault:91dfc7218234,edge:740f05e54dc174ba,TESTS_FAULT,,reported,ev:70e667f09b8fc0d1,Marine_Engine_Fault_Data_v1.zip,https://zenodo.org/records/19857425,,dataset_index.csv:AC_Fouling/AC_Fouling_60_Load.csv,"file_name=AC_Fouling/AC_Fouling_60_Load.csv; schema_type=scenario; scenario=Air-cooler fouling; nominal_load=60%; severity_or_program=single load condition; header_rows=3; data_rows=6698; columns=73; anomaly_state=binary (0=pre-anomaly, 1=anomaly); notes=Pre-anomaly and anomaly segments.",{}
shipkg:dataset:1ceeb4cad6d8,shipkg:sensor:baa3a7477b53,edge:7508d061b6587515,HAS_CHANNEL,,reported,ev:ce3d007f69985f9f,Marine_Engine_Fault_Data_v1.zip,https://zenodo.org/records/19857425,,variable_dictionary.csv:Cooling Water Temp. Engine Out I,full_name=Cooling Water Temp. Engine Out I; symbol=T7; unit=°C; dtype=number; in_reference=TRUE; in_scenario_files=TRUE; category=temperature,{}
shipkg:dataset:1ceeb4cad6d8,shipkg:sensor:09fb65289e45,edge:756ee7ab786e2342,HAS_CHANNEL,,reported,ev:401af2b35a1b0e89,Marine_Engine_Fault_Data_v1.zip,https://zenodo.org/records/19857425,,variable_dictionary.csv:Loss in Charge Air IC,full_name=Loss in Charge Air IC; symbol=Qrej_air; unit=kW; dtype=number; in_reference=TRUE; in_scenario_files=TRUE; category=performance / derived,{}
shipkg:fault:2c644dcfc770,shipkg:fault:8d2d73a67f71,edge:7571a5635e421ac3,LEADS_TO,windcat8_port_engine_2017,reported,ev:921221ff746c010e,MAIB_2018_01_Windcat8_bearing_failure_fire.pdf,https://assets.publishing.service.gov.uk/government/uploads/system/uploads/attachment_data/file/683922/MAIBInvReport01_2018.pdf,1,PDF page 1,"to Windcat 8’s port main engine was caused by the failure of a piston connecting rod big end shell bearing, which resulted in the connecting rod assembly releasing and penetrating through the engine crankcase. The investigation also identified that: • A high oil temperature alarm prior to the engine failure warranted a more cautious approach to the use of the engine until a deeper technical investigation could be conducted. • The fire",{}
shipkg:check:f9cad3df2b98,shipkg:cause:8a2abf94d478,edge:75841e23b89f0d54,CHECKS,wight_sky_me2_2018,derived_action,ev:d8028bdc4d93a0c8,MAIB_2022_04_Wight_Sky_multiple_engine_failures.pdf,https://assets.publishing.service.gov.uk/media/6267cc85e90e071690c1b679/2022-4-WightSky-Report.pdf,84,PDF page 84,"Opportunities to identify and diagnose engine problems early, and therefore avoid catastrophic failures, were missed because the condition of the engine lubricating oil and coolant was not closely monitored. [2.6.2] [2.6.3] 9. Some aspects of the maintenance work carried out by RKM did not meet the standards set by Volvo Penta and those expected by Wightlink. Assembly errors had been made during overhauls, basic levels of workshop c",{}
shipkg:dataset:1ceeb4cad6d8,shipkg:run:ce8ec71106fb,edge:75da217ae54634ea,HAS_RUN,,reported,ev:f6bc70bef0a65cb3,Marine_Engine_Fault_Data_v1.zip,https://zenodo.org/records/19857425,,dataset_index.csv:AF_Clogging/AF_Clogging_75_Load.csv,"file_name=AF_Clogging/AF_Clogging_75_Load.csv; schema_type=scenario; scenario=Air-filter clogging (compressor); nominal_load=75%; severity_or_program=single load condition; header_rows=3; data_rows=5918; columns=73; anomaly_state=binary (0=pre-anomaly, 1=anomaly); notes=Pre-anomaly and anomaly segments.",{}
shipkg:fault:4e2929b80b35,shipkg:component:c3d265fa990c,edge:78663b40c46179a3,AFFECTS_COMPONENT,finlandia_seaways_me_2018,reported,ev:5e9210d8dbe9bf48,MAIB_2021_02_Finlandia_Seaways_connecting_rod_failure.pdf,https://www.gov.uk/maib-reports/engine-failure-and-subsequent-fire-on-ro-ro-cargo-vessel-finlandia-seaways-with-1-person-injured,9,PDF page 9,"Investigation Division and the engine manufacturer, MAN Diesel and Turbo SE. The investigation identified that a fracture of the connecting rod small end had led to the sudden failure of the main engine. The investigation also found that the method used to replace the connecting rod small end piston pin bearing bushes by the vessel manager’s maintenance support contractor had intr",{}
shipkg:dataset:1ceeb4cad6d8,shipkg:sensor:3a134554df66,edge:789a40efbf94f045,HAS_CHANNEL,,reported,ev:93774e70cf4f862f,Marine_Engine_Fault_Data_v1.zip,https://zenodo.org/records/19857425,,variable_dictionary.csv:TCH LO pump Press.,full_name=TCH LO pump Press.; symbol=Pl_loturb; unit=V; dtype=number; in_reference=TRUE; in_scenario_files=TRUE; category=pressure / derived pressure; note=raw voltage signal associated with turbocharger LO pump pressure; not converted to engineering pressure units,{}
shipkg:condition:a9a45fb680fd,shipkg:fault:fee4df6aeb24,edge:78eb1892f1bf4469,INCREASES_SEVERITY_OF,wight_sky_me2_2018,reported,ev:cf454850540d2ce6,MAIB_2022_04_Wight_Sky_multiple_engine_failures.pdf,https://assets.publishing.service.gov.uk/media/6267cc85e90e071690c1b679/2022-4-WightSky-Report.pdf,85,PDF page 85,"driving one VSP unit in parallel, because of the time it took the fluid couplings to declutch the shutdown engine. [2.8] 16. The inability to immediately declutch and therefore stop an engine when a shutdown signal was given significantly increased the severity of engine damage and the likelihood of explosions and fires. [2.8] 17. The long history of cavitation erosion and cylinder liner and engine block seal failures",{}
shipkg:check:1c503f83ef89,shipkg:condition:6fa538170906,edge:79cc156b4e7adb2e,CHECKS,kommandor_susan_dg1_2025,derived_action,ev:1a0b3fbe432ab46d,MAIB_2026_10_Kommandor_Susan_generator_bearing_failure.pdf,https://www.gov.uk/maib-reports/catastrophic-engine-failure-and-subsequent-fire-on-board-the-site-investigation-vessel-kommandor-susan,8,PDF page 8,"ting priorities during the vessel’s conversion project, this resulted in Hays Ships providing minimal oversight to Holderness and no verification of authenticity for the parts used, enabling the installation of non- OEM components that later contributed to the engine failure. Similar to the lack of oversight highlighted in both the Finlandia Seaways and Finnmaster cases, the lack of structured supervision a",{}
shipkg:equipment:61cd855f5970,shipkg:component:be4ab56339d8,edge:79d4c4c8f1593b12,HAS_COMPONENT,wight_sky_me2_2018,reported,ev:0b7a42308cc8b6cc,MAIB_2022_04_Wight_Sky_multiple_engine_failures.pdf,https://assets.publishing.service.gov.uk/media/6267cc85e90e071690c1b679/2022-4-WightSky-Report.pdf,84,PDF page 84,"D OR RESULTED IN RECOMMENDATIONS 1. Wight Sky’s ME2 failed catastrophically due to a sudden loss of lubricating oil supply to its number five main journal bearing and number four crankpin. [2.3.1] 2. The oilway to the main journal and crankpin was blocked off when the bearing shells turned in their housing. Poor fuel combustion, the presence of silica sand and other abrasive particles embe",{}
shipkg:dataset:19e52eb49467,shipkg:fault:825e44b518ef,edge:7a2bc0ec43b6d142,SHOWS_CONDITION,,simulated,ev:5f636d583be533fd,TSRF_main.zip,https://github.com/TS-RF/TSRF,,data/Linner-wear.csv,Linner-wear.csv,{}
shipkg:case:00057f56fe39,shipkg:condition:e21862ad051d,edge:7b9be00c22960658,INVOLVES,wight_sky_me_2017,reported,ev:d2ddab6cf68a9801,MAIB_2018_14_Wight_Sky_engine_bearing_fire.pdf,https://assets.publishing.service.gov.uk/media/5b5217c7ed915d0b81e003df/MAIBInvReport14_2018.pdf,14,PDF page 14,"s. • The engine was not fitted with a wear detector, so there was no means of receiving a warning before the engine failed. • The essential services switchboard aft circuit breaker had been left in manual mode, resulting in the loss of power to critical equipment, including the fixed fire-fighting system. ACTION TAKEN Wightlink Limited has: • Agreed with RKM that all engines will be fully assembled and load-tested prior to delivery on",{}
shipkg:symptom:601948a19d34,shipkg:cause:29f8307f5eed,edge:7b9d6bca057b15ae,INDICATES,finlandia_seaways_me_2018,reported,ev:b2ab413559094e03,MAIB_2021_02_Finlandia_Seaways_connecting_rod_failure.pdf,https://www.gov.uk/maib-reports/engine-failure-and-subsequent-fire-on-ro-ro-cargo-vessel-finlandia-seaways-with-1-person-injured,56,PDF page 56,"workshops in Klaipeda. Despite this, seven of the intact 11 small ends removed from Finlandia Seaways’ engine were found to have notch damage on the internal surfaces of their small end eyes. Three of Botnia Seaways’ small ends had similar damage and three had evidence of localised heat damage. Although the technical investigations did not identify when the damage had been done, it was clearly apparent that it had be",{}
shipkg:fault:fee4df6aeb24,shipkg:consequence:775549e4c085,edge:7c222be8825bc855,LEADS_TO,wight_sky_me_2017,reported,ev:feb3c28c6560bd03,MAIB_2018_14_Wight_Sky_engine_bearing_fire.pdf,https://assets.publishing.service.gov.uk/media/5b5217c7ed915d0b81e003df/MAIBInvReport14_2018.pdf,1,PDF page 1,"t 2133 on 12 September 2017, while approaching Yarmouth, Isle of Wight, the ro-ro passenger ferry Wight Sky (Figure 1) suffered a catastrophic failure of one of its main propulsion engines, followed by a fire. The fire was brought under control in less than 2 minutes, but the vessel’s engineer, who had been standing near the engine, suffered serious burn injuries to his hands and face. Although he was discharged from hospital 7 days l",{}
shipkg:case:187dc871fbd5,shipkg:condition:7fb8a1a33328,edge:7d59998bfaf8fb98,INVOLVES,spirit_of_discovery_pods_2023,reported,ev:91f76498fecf4e21,MAIB_2026_06_Spirit_of_Discovery_propulsion_loss.pdf,https://www.gov.uk/maib-reports/loss-of-propulsion-in-heavy-weather-experienced-by-the-passenger-vessel-spirit-of-discovery-leading-to-over-100-injuries-and-one-fatality,43,PDF page 43,"cating oil. In principle this was an entirely sensible precaution to protect the high voltage pod motor from damage. However, the low position of the bilge sensor meant that it could be activated by a relatively small amount of liquid that accumulated within the pod. Since the bilge suction probably did not extend low enough for the automatic bilge pumps to effectively pump the water out, it is likely the vessel’s motion in heavy weather caused the small amoun",{}
shipkg:case:1e6479e108d9,shipkg:system:9bf053394931,edge:7e9d424e9efc7234,IN_SYSTEM,kommandor_susan_dg1_2025,reported,ev:01f3913bd9c46899,MAIB_2026_10_Kommandor_Susan_generator_bearing_failure.pdf,https://www.gov.uk/maib-reports/catastrophic-engine-failure-and-subsequent-fire-on-board-the-site-investigation-vessel-kommandor-susan,1,PDF page 1,"f Forth, Scotland on 25 January 2025 SUMMARY At 1305 on 25 January 2025, the site investigation vessel Kommandor Susan suffered a catastrophic failure of a diesel generator engine while conducting sea trials in the Firth of Forth, Scotland. The failure resulted in an engine room fire and a complete power blackout. The crew responded promptly, extinguished the fire and mustered safely. The vessel lost propu",{}
shipkg:case:adf367a46f33,shipkg:fault:96cc1c0ff36e,edge:7f08ab11206bc8bc,INVOLVES,wight_sky_me2_2018,reported,ev:a67a93bfec361edf,MAIB_2022_04_Wight_Sky_multiple_engine_failures.pdf,https://assets.publishing.service.gov.uk/media/6267cc85e90e071690c1b679/2022-4-WightSky-Report.pdf,84,PDF page 84,"y due to a sudden loss of lubricating oil supply to its number five main journal bearing and number four crankpin. [2.3.1] 2. The oilway to the main journal and crankpin was blocked off when the bearing shells turned in their housing. Poor fuel combustion, the presence of silica sand and other abrasive particles embedded in the main bearing shells, engine misalignment, high levels of vibration, and contaminated lubricating oil might all have",{}
shipkg:condition:9e280aeb615b,shipkg:condition:6fa538170906,edge:80d60dbbffd49fa6,CONTRIBUTED_TO,kommandor_susan_dg1_2025,reported,ev:1a0b3fbe432ab46d,MAIB_2026_10_Kommandor_Susan_generator_bearing_failure.pdf,https://www.gov.uk/maib-reports/catastrophic-engine-failure-and-subsequent-fire-on-board-the-site-investigation-vessel-kommandor-susan,8,PDF page 8,"ting priorities during the vessel’s conversion project, this resulted in Hays Ships providing minimal oversight to Holderness and no verification of authenticity for the parts used, enabling the installation of non- OEM components that later contributed to the engine failure. Similar to the lack of oversight highlighted in both the Finlandia Seaways and Finnmaster cases, the lack of structured supervision a",{}
shipkg:vessel:fa10fa0f80d3,shipkg:case:00057f56fe39,edge:8187c11f67a30611,HAS_CASE,wight_sky_me_2017,reported,ev:19d0b2283f62b511,MAIB_2018_14_Wight_Sky_engine_bearing_fire.pdf,https://assets.publishing.service.gov.uk/media/5b5217c7ed915d0b81e003df/MAIBInvReport14_2018.pdf,1,PDF page 1,"examination conducted by the vessel’s engine maker, Volvo Penta UK, concluded that the most probable trigger for the failure was debris in the engine’s oil channels following rebuild. The MAIB investigation established the following: • The engine had been completely rebuilt and failed after 5½ hours of operation. • The vessel’s soft patches 1 had not been removed, necessitating the engine to be lowered piecem",{}
shipkg:dataset:1ceeb4cad6d8,shipkg:sensor:e9b442573c44,edge:822894e4ee33d35c,HAS_CHANNEL,,reported,ev:0ee3d29721b3b421,Marine_Engine_Fault_Data_v1.zip,https://zenodo.org/records/19857425,,variable_dictionary.csv:Cooling Water Temp. Engine Out III,full_name=Cooling Water Temp. Engine Out III; symbol=T9; unit=°C; dtype=number; in_reference=TRUE; in_scenario_files=TRUE; category=temperature,{}
shipkg:dataset:710ea13e53ac,shipkg:observation:abd23c68d1ce,edge:822ca9633b38e4b4,HAS_CASE,,reported,ev:8e86a0b79553a259,Azimuth_Thruster_CBM_Dataset.zip,https://zenodo.org/records/20101612,,table3_lti_by_fault_type_anonymised.csv:row5,System / engine-family case=CAT 3516C damper EB 2; Fault or condition=Mass imbalance; Detection/event reference=Vibration alert Month -1.5; maintenance event; Reference class=LTI_maintenance; LTI / warning (mo)=1.5; Warning (h)=225.0; Recommended CBM action=Vibration-led CBM; 125 h vibration / 500 h oil; Included in mechanical LTI summary=yes,{}
shipkg:run:a54e4f2dfd8d,shipkg:condition:103a0ae5358b,edge:8281fc7890092d08,AT_LOAD,,reported,ev:234ecd08fe047445,Marine_Engine_Fault_Data_v1.zip,https://zenodo.org/records/19857425,,dataset_index.csv:Pump_Cavitation/CW_Pump_Cavitation_85_Load.csv,"file_name=Pump_Cavitation/CW_Pump_Cavitation_85_Load.csv; schema_type=scenario; scenario=Cooling-water pump cavitation; nominal_load=85%; severity_or_program=single load condition; header_rows=3; data_rows=6263; columns=73; anomaly_state=binary (0=pre-anomaly, 1=anomaly); notes=Pre-anomaly and anomaly segments. Compressor Filter Loss (dPf) and Turbine Back Pressure (dPex) not recorded in this run (columns present but empty).",{}
shipkg:dataset:1ceeb4cad6d8,shipkg:source:e12fe2e83b8d,edge:82e23e98294389fd,DOCUMENTED_BY,,reported,ev:b44d9524e09bf0ac,Marine_Engine_Fault_Data_v1.zip,https://zenodo.org/records/19857425,,dataset_index.csv,MU323DGSC controlled fault scenarios; see dataset_index.csv,{}
shipkg:case:d6e9f8f8ade2,shipkg:fault:fee4df6aeb24,edge:83c25edbca1b855a,INVOLVES,finlandia_seaways_me_2018,reported,ev:53cb0d46e7e767ec,MAIB_2021_02_Finlandia_Seaways_connecting_rod_failure.pdf,https://www.gov.uk/maib-reports/engine-failure-and-subsequent-fire-on-ro-ro-cargo-vessel-finlandia-seaways-with-1-person-injured,9,PDF page 9,"ent and Incident Investigation Division and the engine manufacturer, MAN Diesel and Turbo SE. The investigation identified that a fracture of the connecting rod small end had led to the sudden failure of the main engine. The investigation also found that the method used to replace the connecting rod small end piston pin bearing bushes by the vessel manager’s maintenance support contractor had introduced stress raisers that signficantly increased",{}
shipkg:run:0024b0cf204d,shipkg:condition:df365e2b0777,edge:85078bc503bba6b0,AT_LOAD,,reported,ev:64a3e1d72c1647d2,Marine_Engine_Fault_Data_v1.zip,https://zenodo.org/records/19857425,,dataset_index.csv:AF_Clogging/AF_Clogging_60_Load.csv,"file_name=AF_Clogging/AF_Clogging_60_Load.csv; schema_type=scenario; scenario=Air-filter clogging (compressor); nominal_load=60%; severity_or_program=single load condition; header_rows=3; data_rows=6819; columns=73; anomaly_state=binary (0=pre-anomaly, 1=anomaly); notes=Pre-anomaly and anomaly segments.",{}
shipkg:run:6b05eccd173f,shipkg:condition:1bf60bc6ecb7,edge:8607e2b32381e3c7,AT_LOAD,,reported,ev:4a59b715e39bd236,Marine_Engine_Fault_Data_v1.zip,https://zenodo.org/records/19857425,,dataset_index.csv:AC_Fouling/AC_Fouling_40_Load.csv,"file_name=AC_Fouling/AC_Fouling_40_Load.csv; schema_type=scenario; scenario=Air-cooler fouling; nominal_load=40%; severity_or_program=single load condition; header_rows=3; data_rows=4678; columns=73; anomaly_state=binary (0=pre-anomaly, 1=anomaly); notes=Pre-anomaly and anomaly segments.",{}
shipkg:observation:4cd2541cd04a,shipkg:action:cc44cd1c6032,edge:87f45fa93ed0eaf7,HAS_RECOMMENDED_ACTION,,dataset_label,ev:26b16a38271f6b21,Azimuth_Thruster_CBM_Dataset.zip,https://zenodo.org/records/20101612,,table3_lti_by_fault_type_anonymised.csv:row6,System / engine-family case=CAT 3516C azimuth unit EB 2; Fault or condition=Gear mesh anomaly; Detection/event reference=Vibration alert Month -1.0; maintenance event; Reference class=LTI_maintenance; LTI / warning (mo)=1.0; Warning (h)=150.0; Recommended CBM action=Vibration-led CBM; 125 h vibration / 500 h oil; Included in mechanical LTI summary=yes,{}
shipkg:case:1e6479e108d9,shipkg:consequence:d1c468a6b34b,edge:87f629c6df27074a,INVOLVES,kommandor_susan_dg1_2025,reported,ev:96c615c53d3b0715,MAIB_2026_10_Kommandor_Susan_generator_bearing_failure.pdf,https://www.gov.uk/maib-reports/catastrophic-engine-failure-and-subsequent-fire-on-board-the-site-investigation-vessel-kommandor-susan,1,PDF page 1,"ted in an engine room fire and a complete power blackout. The crew responded promptly, extinguished the fire and mustered safely. The vessel lost propulsion and began drifting eastwards. Attempts to deploy anchors were unsuccessful because the anchor winches required electrical power to operate. Kommandor Susan was eventually returned to Leith harbour with limited propulsion restored. The investigation found tha",{}
shipkg:run:77a7092fcc4e,shipkg:condition:df365e2b0777,edge:885d4b7ffa8db622,AT_LOAD,,reported,ev:70e667f09b8fc0d1,Marine_Engine_Fault_Data_v1.zip,https://zenodo.org/records/19857425,,dataset_index.csv:AC_Fouling/AC_Fouling_60_Load.csv,"file_name=AC_Fouling/AC_Fouling_60_Load.csv; schema_type=scenario; scenario=Air-cooler fouling; nominal_load=60%; severity_or_program=single load condition; header_rows=3; data_rows=6698; columns=73; anomaly_state=binary (0=pre-anomaly, 1=anomaly); notes=Pre-anomaly and anomaly segments.",{}
shipkg:cause:cf3cb78b47cf,shipkg:fault:aba0717d72a0,edge:8891c036cde74d94,CONTRIBUTED_TO,wight_sky_me_2017,probable,ev:7407bf8cf7722325,MAIB_2018_14_Wight_Sky_engine_bearing_fire.pdf,https://assets.publishing.service.gov.uk/media/5b5217c7ed915d0b81e003df/MAIBInvReport14_2018.pdf,14,PDF page 14,"am ensured the safety of the vessel, passengers and crew. • Volvo Penta’s investigation into the engine failure concluded that: ○ Debris in the engine’s oil channels was most probably responsible for initiating the failure. ○ When the shells of main bearing 5 turned, the lubrication supply to big end bearing 4 was blocked, resulting in destructive failure. • Rebuilding the engine in a clean and controlled environment and transferring it complete in",{}
shipkg:case:278d7572ef08,shipkg:equipment:6cc9aa419de7,edge:88ab1a090195de96,HAS_EQUIPMENT,wight_sky_me4_2018,reported,ev:3ca79df2a0332a1a,MAIB_2022_04_Wight_Sky_multiple_engine_failures.pdf,https://assets.publishing.service.gov.uk/media/6267cc85e90e071690c1b679/2022-4-WightSky-Report.pdf,84,PDF page 84,"igh levels of vibration, and contaminated lubricating oil might all have contributed to the event failure. [2.3.1] 3. Wight Sky’s ME4 failed catastrophically because of an assembly error during build at Volvo Penta’s factory in Sweden. Two of the engine’s matched connecting rod big end bearing caps had been transposed during the engine assembly process. [2.3.2] 4. The transposition of the bearing caps reduced the",{}
shipkg:case:1e6479e108d9,shipkg:action:16d3373950f9,edge:89354445a36570a7,INVOLVES,kommandor_susan_dg1_2025,reported,ev:9225f4c20470527c,MAIB_2026_10_Kommandor_Susan_generator_bearing_failure.pdf,https://www.gov.uk/maib-reports/catastrophic-engine-failure-and-subsequent-fire-on-board-the-site-investigation-vessel-kommandor-susan,9,PDF page 9,"ns taken by other organisations Gardline Shipping Limited has: • Rebuilt DG1 with genuine spares, including a new engine block; • Completed major overhauls of DG2, DG3 and DG4 using genuine Caterpillar parts; • Changed the onboard anchoring procedure, highlighting that clutches must remain disengaged when the winches are not in use to ensure they remain ready for use in the event of power failure. RECOMMENDATIONS In view of the actio",{}
shipkg:case:1e6479e108d9,shipkg:cause:0c02674d6024,edge:898e34cfb1079802,INVOLVES,kommandor_susan_dg1_2025,reported,ev:5f282b514e870587,MAIB_2026_10_Kommandor_Susan_generator_bearing_failure.pdf,https://www.gov.uk/maib-reports/catastrophic-engine-failure-and-subsequent-fire-on-board-the-site-investigation-vessel-kommandor-susan,5,PDF page 5,oot cause is failure of connecting rod bearing number five. The excessive wear on the other connecting rod bearings show that the most likely root cause for the bearing failure is weak bonding of the copper layer. Evidence of weak material bonding was found in several bearings (Figure 4). Figure 3: Comparison between genuine OEM (left) and CTP bottom end bearings (right) Image courtesy of Pon Power,{}
shipkg:fault:423cd9a63be0,shipkg:consequence:775549e4c085,edge:89d80dca73169f8c,LEADS_TO,kommandor_susan_dg1_2025,reported,ev:390711bc162bb6ce,MAIB_2026_10_Kommandor_Susan_generator_bearing_failure.pdf,https://www.gov.uk/maib-reports/catastrophic-engine-failure-and-subsequent-fire-on-board-the-site-investigation-vessel-kommandor-susan,1,PDF page 1,"r Susan suffered a catastrophic failure of a diesel generator engine while conducting sea trials in the Firth of Forth, Scotland. The failure resulted in an engine room fire and a complete power blackout. The crew responded promptly, extinguished the fire and mustered safely. The vessel lost propulsion and began drifting eastwards. Attempts to deploy anchors were unsuccessful because the anchor winches required electrical power t",{}
shipkg:run:9690a0157fb9,shipkg:fault:0a5da1da4336,edge:8aa09d71bdfa2547,TESTS_FAULT,,reported,ev:0fd78cc81d9681d2,Marine_Engine_Fault_Data_v1.zip,https://zenodo.org/records/19857425,,dataset_index.csv:Injector_Nozzle/Clogged_Injector_Nozzle1_40_60_85_Load.csv,"file_name=Injector_Nozzle/Clogged_Injector_Nozzle1_40_60_85_Load.csv; schema_type=scenario; scenario=Injection-valve nozzle clogging; nominal_load=40%, 60%, 85% (stepped); severity_or_program=one-hole plugged nozzle; header_rows=3; data_rows=6492; columns=73; anomaly_state=all-anomaly (no baseline segment); notes=Anomalous operation only (no baseline segment). Compressor Filter Loss (dPf) and Turbine Back Pressure (dPex) not recorded in this run (columns present but empty).",{}
shipkg:dataset:1ceeb4cad6d8,shipkg:sensor:d9ffd75bfab4,edge:8b2de4d98a15c5a7,HAS_CHANNEL,,reported,ev:bb4c3f647e81f1d2,Marine_Engine_Fault_Data_v1.zip,https://zenodo.org/records/19857425,,variable_dictionary.csv:Engine Speed,full_name=Engine Speed; symbol=N; unit=rpm; dtype=number; in_reference=TRUE; in_scenario_files=TRUE; category=operating / load,{}
shipkg:dataset:1ceeb4cad6d8,shipkg:sensor:a99b849d2aad,edge:8e8fa2175e5d4990,HAS_CHANNEL,,reported,ev:d4f6a624b9bf3bf5,Marine_Engine_Fault_Data_v1.zip,https://zenodo.org/records/19857425,,variable_dictionary.csv:TCH Power,full_name=TCH Power; symbol=Qturb; unit=kW; dtype=number; in_reference=TRUE; in_scenario_files=TRUE; category=other,{}
shipkg:condition:9e0b58e70948,shipkg:fault:2c644dcfc770,edge:8fb3da4a6ad8dacd,CONTRIBUTED_TO,kommandor_susan_dg1_2025,reported,ev:01e497b491874531,MAIB_2026_10_Kommandor_Susan_generator_bearing_failure.pdf,https://www.gov.uk/maib-reports/catastrophic-engine-failure-and-subsequent-fire-on-board-the-site-investigation-vessel-kommandor-susan,8,PDF page 8,"Caterpillar was approved on the basis that genuine parts were used. The CTP parts were designed for a standard service interval. Use of the CTP parts beyond their design life led the connecting rod bearings to fail, initiating a chain of mechanical failures that culminated in the engine failure and subsequent fire. The extended service intervals were inappropriate for these substitute components, accelerating the risk of failure. Anchoring",{}
shipkg:dataset:1ceeb4cad6d8,shipkg:run:0a0b95755e65,edge:8fc5d9e12519404f,HAS_RUN,,reported,ev:79a139cd88957e11,Marine_Engine_Fault_Data_v1.zip,https://zenodo.org/records/19857425,,dataset_index.csv:AC_Fouling/AC_Fouling_75_Load.csv,"file_name=AC_Fouling/AC_Fouling_75_Load.csv; schema_type=scenario; scenario=Air-cooler fouling; nominal_load=75%; severity_or_program=single load condition; header_rows=3; data_rows=6354; columns=73; anomaly_state=binary (0=pre-anomaly, 1=anomaly); notes=Pre-anomaly and anomaly segments.",{}
shipkg:cause:8a2abf94d478,shipkg:fault:aba0717d72a0,edge:906419b0e1885484,MAY_CONTRIBUTE_TO,wight_sky_me2_2018,possible,ev:f586cbe874297cd1,MAIB_2022_04_Wight_Sky_multiple_engine_failures.pdf,https://assets.publishing.service.gov.uk/media/6267cc85e90e071690c1b679/2022-4-WightSky-Report.pdf,84,PDF page 84,"main journal and crankpin was blocked off when the bearing shells turned in their housing. Poor fuel combustion, the presence of silica sand and other abrasive particles embedded in the main bearing shells, engine misalignment, high levels of vibration, and contaminated lubricating oil might all have contributed to the event failure. [2.3.1] 3. Wight Sky’s ME4 failed catastrophically because of an assembly error during build at Vol",{}
shipkg:symptom:d2a57b31e287,shipkg:fault:2c644dcfc770,edge:916e961e0139fa0d,PRECEDED,windcat8_port_engine_2017,reported,ev:caaf8005d66a8fbb,MAIB_2018_01_Windcat8_bearing_failure_fire.pdf,https://assets.publishing.service.gov.uk/government/uploads/system/uploads/attachment_data/file/683922/MAIBInvReport01_2018.pdf,1,PDF page 1,in the connecting rod assembly releasing and penetrating through the engine crankcase. The investigation also identified that: • A high oil temperature alarm prior to the engine failure warranted a more cautious approach to the use of the engine until a deeper technical investigation could be conducted. • The fire resulted from the ignition of oil vapour released from the damaged crankcase and did not spread bey,{}
shipkg:action:752d3ce3e403,shipkg:cause:cf3cb78b47cf,edge:928fdefd1642c5c5,ADDRESSES,wight_sky_me_2017,reported_action,ev:c2745665875d9964,MAIB_2018_14_Wight_Sky_engine_bearing_fire.pdf,https://assets.publishing.service.gov.uk/media/5b5217c7ed915d0b81e003df/MAIBInvReport14_2018.pdf,14,PDF page 14,"the shells of main bearing 5 turned, the lubrication supply to big end bearing 4 was blocked, resulting in destructive failure. • Rebuilding the engine in a clean and controlled environment and transferring it complete into the engine room would have reduced the likelihood of debris ingress. • The engine was not fitted with a wear detector, so there was no means of receiving a warning before the engine failed. • The",{}
shipkg:fault:96cc1c0ff36e,shipkg:fault:fee4df6aeb24,edge:961d8e73eae49028,LEADS_TO,wight_sky_me2_2018,reported,ev:4846a9af2b7e6456,MAIB_2022_04_Wight_Sky_multiple_engine_failures.pdf,https://assets.publishing.service.gov.uk/media/6267cc85e90e071690c1b679/2022-4-WightSky-Report.pdf,84,PDF page 84,"S 3.1 SAFETY ISSUES DIRECTLY CONTRIBUTING TO THE ACCIDENTS THAT HAVE BEEN ADDRESSED OR RESULTED IN RECOMMENDATIONS 1. Wight Sky’s ME2 failed catastrophically due to a sudden loss of lubricating oil supply to its number five main journal bearing and number four crankpin. [2.3.1] 2. The oilway to the main journal and crankpin was blocked off when the bearing shells turned in their housing. Poor fuel combustion, the presence of silic",{}
shipkg:observation:ec255ed61291,shipkg:action:9e4b4715011c,edge:98807e8099b08cb6,HAS_RECOMMENDED_ACTION,,dataset_label,ev:5350278460986ec7,Azimuth_Thruster_CBM_Dataset.zip,https://zenodo.org/records/20101612,,table3_lti_by_fault_type_anonymised.csv:row9,System / engine-family case=CAT 3508B/C engine bearing reference; Fault or condition=Normal wear trend; Detection/event reference=Oil-led; ND (oil-led); Reference class=ND (oil-led); Recommended CBM action=Oil-led CBM; 500 h vibration / 125 h oil; Included in mechanical LTI summary=no,{}
shipkg:run:cd33f80ecd69,shipkg:fault:3a609fe447a8,edge:98bbe8fc1a7058f4,TESTS_FAULT,,reported,ev:5ae484b55bc9bc82,Marine_Engine_Fault_Data_v1.zip,https://zenodo.org/records/19857425,,dataset_index.csv:Turbine_Degradation/Turbine_Degradation_85_Load.csv,"file_name=Turbine_Degradation/Turbine_Degradation_85_Load.csv; schema_type=scenario; scenario=Turbine degradation; nominal_load=85%; severity_or_program=single load condition; header_rows=3; data_rows=5289; columns=73; anomaly_state=binary (0=pre-anomaly, 1=anomaly); notes=Pre-anomaly and anomaly segments.",{}
shipkg:case:adf367a46f33,shipkg:fault:fee4df6aeb24,edge:98c5383ab9790842,INVOLVES,wight_sky_me2_2018,reported,ev:4846a9af2b7e6456,MAIB_2022_04_Wight_Sky_multiple_engine_failures.pdf,https://assets.publishing.service.gov.uk/media/6267cc85e90e071690c1b679/2022-4-WightSky-Report.pdf,84,PDF page 84,"S 3.1 SAFETY ISSUES DIRECTLY CONTRIBUTING TO THE ACCIDENTS THAT HAVE BEEN ADDRESSED OR RESULTED IN RECOMMENDATIONS 1. Wight Sky’s ME2 failed catastrophically due to a sudden loss of lubricating oil supply to its number five main journal bearing and number four crankpin. [2.3.1] 2. The oilway to the main journal and crankpin was blocked off when the bearing shells turned in their housing. Poor fuel combustion, the presence of silic",{}
shipkg:dataset:1ceeb4cad6d8,shipkg:sensor:c6c4a9eaacca,edge:992478fc2c14e9b3,HAS_CHANNEL,,reported,ev:5e4fab320bfd07ed,Marine_Engine_Fault_Data_v1.zip,https://zenodo.org/records/19857425,,variable_dictionary.csv:Total Input Energy,full_name=Total Input Energy; symbol=Qtotal; unit=W; dtype=number; in_reference=TRUE; in_scenario_files=TRUE; category=other,{}
shipkg:dataset:1ceeb4cad6d8,shipkg:sensor:1320f5577cf0,edge:9941cbdbe1cfdf73,HAS_CHANNEL,,reported,ev:740294f08f945134,Marine_Engine_Fault_Data_v1.zip,https://zenodo.org/records/19857425,,variable_dictionary.csv:Exh.Gas Vol. Flow (From Engine Speed),full_name=Exh.Gas Vol. Flow (From Engine Speed); symbol=qexh; unit=NL/min; dtype=number; in_reference=TRUE; in_scenario_files=TRUE; category=flow / fuel / air,{}
shipkg:case:00057f56fe39,shipkg:consequence:bcd3a732b87d,edge:9b4b0272e8704850,INVOLVES,wight_sky_me_2017,reported,ev:d2ddab6cf68a9801,MAIB_2018_14_Wight_Sky_engine_bearing_fire.pdf,https://assets.publishing.service.gov.uk/media/5b5217c7ed915d0b81e003df/MAIBInvReport14_2018.pdf,14,PDF page 14,"s. • The engine was not fitted with a wear detector, so there was no means of receiving a warning before the engine failed. • The essential services switchboard aft circuit breaker had been left in manual mode, resulting in the loss of power to critical equipment, including the fixed fire-fighting system. ACTION TAKEN Wightlink Limited has: • Agreed with RKM that all engines will be fully assembled and load-tested prior to delivery on",{}
shipkg:dataset:710ea13e53ac,shipkg:observation:59f88fb7c81e,edge:9e58c904e378fd8f,HAS_CASE,,reported,ev:d61287b84a7d06e2,Azimuth_Thruster_CBM_Dataset.zip,https://zenodo.org/records/20101612,,table3_lti_by_fault_type_anonymised.csv:row11,System / engine-family case=CAT C7 engine case A BB / CAT C7 shaftline case A; Fault or condition=Additive depletion; Detection/event reference=Oil-led alert at Month -1.0; ND (oil-led); Reference class=ND (oil-led); Recommended CBM action=Oil-led CBM; 500 h vibration / 125 h oil; Included in mechanical LTI summary=no,{}
shipkg:dataset:1ceeb4cad6d8,shipkg:sensor:aef67aa11eac,edge:9e959d93a91dfe5c,HAS_CHANNEL,,reported,ev:45a436ad6dfdc32b,Marine_Engine_Fault_Data_v1.zip,https://zenodo.org/records/19857425,,variable_dictionary.csv:Charge Air IC Cooling Water Temp. In,full_name=Charge Air IC Cooling Water Temp. In; symbol=T16; unit=°C; dtype=number; in_reference=TRUE; in_scenario_files=TRUE; category=temperature,{}
shipkg:condition:2d805325d843,shipkg:fault:aba0717d72a0,edge:9f7a4ae4b1796cdb,MAY_CONTRIBUTE_TO,wight_sky_me2_2018,possible,ev:26718cca28f9fc30,MAIB_2022_04_Wight_Sky_multiple_engine_failures.pdf,https://assets.publishing.service.gov.uk/media/6267cc85e90e071690c1b679/2022-4-WightSky-Report.pdf,84,PDF page 84,"heir housing. Poor fuel combustion, the presence of silica sand and other abrasive particles embedded in the main bearing shells, engine misalignment, high levels of vibration, and contaminated lubricating oil might all have contributed to the event failure. [2.3.1] 3. Wight Sky’s ME4 failed catastrophically because of an assembly error during build at Volvo Penta’s factory in Sweden. Two of the engine’s matched connecting rod big end bearing caps had been trans",{}
shipkg:condition:2ee58a9a8fad,shipkg:fault:c9a34bd46532,edge:9fabc8d3664d53d0,LEADS_TO,spirit_of_discovery_pods_2023,reported,ev:b6540313ab8acd21,MAIB_2026_06_Spirit_of_Discovery_propulsion_loss.pdf,https://www.gov.uk/maib-reports/loss-of-propulsion-in-heavy-weather-experienced-by-the-passenger-vessel-spirit-of-discovery-leading-to-over-100-injuries-and-one-fatality,42,PDF page 42,"conditions at the time, it is almost certain that Spirit of Discovery’s pitching caused the propellers to come out of the water. This caused a sudden reduction in torque on the propulsion motor and led to a very rapid increase in the motors’ rpm. The engine alarm and monitoring system recorded that, immediately before their shutdown, the rpm of each pod’s propulsion motor very rapidly increased and exceeded the preset o",{}
shipkg:case:00057f56fe39,shipkg:fault:5f59e6b3ca42,edge:9fd3b3bba35df042,INVOLVES,wight_sky_me_2017,reported,ev:9094aa614ec060db,MAIB_2018_14_Wight_Sky_engine_bearing_fire.pdf,https://assets.publishing.service.gov.uk/media/5b5217c7ed915d0b81e003df/MAIBInvReport14_2018.pdf,14,PDF page 14,"ntrolled environment and transferring it complete into the engine room would have reduced the likelihood of debris ingress. • The engine was not fitted with a wear detector, so there was no means of receiving a warning before the engine failed. • The essential services switchboard aft circuit breaker had been left in manual mode, resulting in the loss of power to critical equipment, including the fixed fire-fighting system. ACTION TAKEN Wightli",{}
shipkg:fault:a20cef558a0a,shipkg:fault:9b76a4f68834,edge:a2e2e760f4405d47,LEADS_TO,wight_sky_me4_2018,reported,ev:1218b476bea8d173,MAIB_2022_04_Wight_Sky_multiple_engine_failures.pdf,https://assets.publishing.service.gov.uk/media/6267cc85e90e071690c1b679/2022-4-WightSky-Report.pdf,84,PDF page 84,"ng caps reduced the metal-to-metal contact between surfaces of the connecting rods and their bearing caps. This would have caused fretting wear between the mating faces, which would have led to loosening and rapid failure of the end cap securing bolts. [2.3.2] 5. Four of the five catastrophic engine failures discussed in detail in this report failed suddenly because of a loss of lubrication supply to the engines’ crankshaft journal bearings and cr",{}
shipkg:case:187dc871fbd5,shipkg:action:4f7d85454ee0,edge:a32459f38be8571e,INVOLVES,spirit_of_discovery_pods_2023,reported,ev:5e9ac17b88449c65,MAIB_2026_06_Spirit_of_Discovery_propulsion_loss.pdf,https://www.gov.uk/maib-reports/loss-of-propulsion-in-heavy-weather-experienced-by-the-passenger-vessel-spirit-of-discovery-leading-to-over-100-injuries-and-one-fatality,53,PDF page 53,s: ● Created an additional seakeeping and manoeuvring decision support poster and software tool for the Spirit Class vessels that includes propeller exposure in wave heights up to 10.5m.,{}
shipkg:fault:aba0717d72a0,shipkg:fault:d047fdea9ee9,edge:a3e2a6f635c06758,LEADS_TO,wight_sky_me_2017,reported,ev:dcba2393344bd01c,MAIB_2018_14_Wight_Sky_engine_bearing_fire.pdf,https://assets.publishing.service.gov.uk/media/5b5217c7ed915d0b81e003df/MAIBInvReport14_2018.pdf,14,PDF page 14,"e engine’s oil channels was most probably responsible for initiating the failure. ○ When the shells of main bearing 5 turned, the lubrication supply to big end bearing 4 was blocked, resulting in destructive failure. • Rebuilding the engine in a clean and controlled environment and transferring it complete into the engine room would have reduced the likelihood of debris ingress. • The engine was not fitted w",{}
shipkg:observation:6bc49fd589cc,shipkg:action:cc44cd1c6032,edge:a434c932c85b6a89,HAS_RECOMMENDED_ACTION,,dataset_label,ev:2c91ce63ed55748b,Azimuth_Thruster_CBM_Dataset.zip,https://zenodo.org/records/20101612,,table3_lti_by_fault_type_anonymised.csv:row2,System / engine-family case=CAT 3516C MPEB 1V; Fault or condition=Unconfirmed bearing-related spectral anomaly; Detection/event reference=Vibration alert Month -2.5; oil alert at Month -0.8; Reference class=LTI_oil; LTI / warning (mo)=1.7; Warning (h)=255.0; Recommended CBM action=Vibration-led CBM; 125 h vibration / 500 h oil; Included in mechanical LTI summary=yes,{}
shipkg:case:1e6479e108d9,shipkg:condition:6fa538170906,edge:a4b835efae9cbcac,INVOLVES,kommandor_susan_dg1_2025,reported,ev:1a0b3fbe432ab46d,MAIB_2026_10_Kommandor_Susan_generator_bearing_failure.pdf,https://www.gov.uk/maib-reports/catastrophic-engine-failure-and-subsequent-fire-on-board-the-site-investigation-vessel-kommandor-susan,8,PDF page 8,"ting priorities during the vessel’s conversion project, this resulted in Hays Ships providing minimal oversight to Holderness and no verification of authenticity for the parts used, enabling the installation of non- OEM components that later contributed to the engine failure. Similar to the lack of oversight highlighted in both the Finlandia Seaways and Finnmaster cases, the lack of structured supervision a",{}
shipkg:case:187dc871fbd5,shipkg:fault:e97eee073fc6,edge:a4cdf2d395f09c13,INVOLVES,spirit_of_discovery_pods_2023,reported,ev:755b4102fd859a55,MAIB_2026_06_Spirit_of_Discovery_propulsion_loss.pdf,https://www.gov.uk/maib-reports/loss-of-propulsion-in-heavy-weather-experienced-by-the-passenger-vessel-spirit-of-discovery-leading-to-over-100-injuries-and-one-fatality,42,PDF page 42,"y’s pitching caused the propellers to come out of the water. This caused a sudden reduction in torque on the propulsion motor and led to a very rapid increase in the motors’ rpm. The engine alarm and monitoring system recorded that, immediately before their shutdown, the rpm of each pod’s propulsion motor very rapidly increased and exceeded the preset overspeed limitation. The pod’s PCS therefore automat",{}
shipkg:fault:e97eee073fc6,shipkg:fault:c830e7992f26,edge:a5a324438d9fb4aa,TRIGGERS,spirit_of_discovery_pods_2023,reported,ev:5d3cde311b090a6a,MAIB_2026_06_Spirit_of_Discovery_propulsion_loss.pdf,https://www.gov.uk/maib-reports/loss-of-propulsion-in-heavy-weather-experienced-by-the-passenger-vessel-spirit-of-discovery-leading-to-over-100-injuries-and-one-fatality,42,PDF page 42,e rpm of each pod’s propulsion motor very rapidly increased and exceeded the preset overspeed limitation. The pod’s PCS therefore automatically tripped the power to its motor to prevent it being damaged. Spirit of Discovery’s engineers could likely have quickly reset the port and starboard motors and restored the vessel’s propulsion had the propulsion motor overspeed trips been the only issue. However,{}
shipkg:case:00057f56fe39,shipkg:fault:aba0717d72a0,edge:a6ff3d7bef862430,INVOLVES,wight_sky_me_2017,reported,ev:7407bf8cf7722325,MAIB_2018_14_Wight_Sky_engine_bearing_fire.pdf,https://assets.publishing.service.gov.uk/media/5b5217c7ed915d0b81e003df/MAIBInvReport14_2018.pdf,14,PDF page 14,"am ensured the safety of the vessel, passengers and crew. • Volvo Penta’s investigation into the engine failure concluded that: ○ Debris in the engine’s oil channels was most probably responsible for initiating the failure. ○ When the shells of main bearing 5 turned, the lubrication supply to big end bearing 4 was blocked, resulting in destructive failure. • Rebuilding the engine in a clean and controlled environment and transferring it complete in",{}
shipkg:observation:c07d705f633b,shipkg:action:9e4b4715011c,edge:a7e00e91b645017a,HAS_RECOMMENDED_ACTION,,dataset_label,ev:9f5f82cce37a3aa9,Azimuth_Thruster_CBM_Dataset.zip,https://zenodo.org/records/20101612,,table3_lti_by_fault_type_anonymised.csv:row10,System / engine-family case=CAT C7 engine case A EB / CAT C7 shaftline case A; Fault or condition=Fuel dilution; Detection/event reference=Oil-dominant alert at Month -0.3; ND (oil-led); Reference class=ND (oil-led); Recommended CBM action=Oil-led CBM; 500 h vibration / 125 h oil; Included in mechanical LTI summary=no,{}
shipkg:consequence:4016217446bf,shipkg:consequence:d1c468a6b34b,edge:a840667b53ddaf5c,LEADS_TO,kommandor_susan_dg1_2025,reported,ev:96c615c53d3b0715,MAIB_2026_10_Kommandor_Susan_generator_bearing_failure.pdf,https://www.gov.uk/maib-reports/catastrophic-engine-failure-and-subsequent-fire-on-board-the-site-investigation-vessel-kommandor-susan,1,PDF page 1,"ted in an engine room fire and a complete power blackout. The crew responded promptly, extinguished the fire and mustered safely. The vessel lost propulsion and began drifting eastwards. Attempts to deploy anchors were unsuccessful because the anchor winches required electrical power to operate. Kommandor Susan was eventually returned to Leith harbour with limited propulsion restored. The investigation found tha",{}
shipkg:run:a4c3017972ca,shipkg:condition:103a0ae5358b,edge:a918c8c57b76ba09,AT_LOAD,,reported,ev:1f2e716415ec2a7c,Marine_Engine_Fault_Data_v1.zip,https://zenodo.org/records/19857425,,dataset_index.csv:AF_Clogging/AF_Clogging_85_Load.csv,"file_name=AF_Clogging/AF_Clogging_85_Load.csv; schema_type=scenario; scenario=Air-filter clogging (compressor); nominal_load=85%; severity_or_program=single load condition; header_rows=3; data_rows=6398; columns=73; anomaly_state=binary (0=pre-anomaly, 1=anomaly); notes=Pre-anomaly and anomaly segments.",{}
shipkg:dataset:1ceeb4cad6d8,shipkg:sensor:615199ab193b,edge:a937bf8f2b2c652c,HAS_CHANNEL,,reported,ev:0cf3e7afa3cd10e1,Marine_Engine_Fault_Data_v1.zip,https://zenodo.org/records/19857425,,variable_dictionary.csv:LO Cooling Water Temp. Out,full_name=LO Cooling Water Temp. Out; symbol=T13; unit=°C; dtype=number; in_reference=TRUE; in_scenario_files=TRUE; category=temperature,{}
shipkg:dataset:1ceeb4cad6d8,shipkg:sensor:482eb47f8513,edge:a95ad793386ee8d9,HAS_CHANNEL,,reported,ev:c9d838c8d843eeee,Marine_Engine_Fault_Data_v1.zip,https://zenodo.org/records/19857425,,variable_dictionary.csv:Shaft Power,full_name=Shaft Power; symbol=Ws; unit=kW; dtype=number; in_reference=TRUE; in_scenario_files=TRUE; category=other,{}
shipkg:consequence:4016217446bf,shipkg:consequence:4f46c84c0d64,edge:a9fa64e6e5b6251f,LEADS_TO,kommandor_susan_dg1_2025,reported,ev:0ec8d60206b6b9cf,MAIB_2026_10_Kommandor_Susan_generator_bearing_failure.pdf,https://www.gov.uk/maib-reports/catastrophic-engine-failure-and-subsequent-fire-on-board-the-site-investigation-vessel-kommandor-susan,1,PDF page 1,ustered safely. The vessel lost propulsion and began drifting eastwards. Attempts to deploy anchors were unsuccessful because the anchor winches required electrical power to operate. Kommandor Susan was eventually returned to Leith harbour with limited propulsion restored. The investigation found that the engine failure was caused by premature wear of bearings fitted during a major overhaul in 2019. These co,{}
shipkg:observation:abd23c68d1ce,shipkg:fault:688b83bd7c8b,edge:aa824603cc492268,SHOWS_CONDITION,,dataset_label,ev:8e86a0b79553a259,Azimuth_Thruster_CBM_Dataset.zip,https://zenodo.org/records/20101612,,table3_lti_by_fault_type_anonymised.csv:row5,System / engine-family case=CAT 3516C damper EB 2; Fault or condition=Mass imbalance; Detection/event reference=Vibration alert Month -1.5; maintenance event; Reference class=LTI_maintenance; LTI / warning (mo)=1.5; Warning (h)=225.0; Recommended CBM action=Vibration-led CBM; 125 h vibration / 500 h oil; Included in mechanical LTI summary=yes,{}
shipkg:dataset:1ceeb4cad6d8,shipkg:sensor:e47b10fa62e0,edge:aae2c66f15b8b768,HAS_CHANNEL,,reported,ev:e79a186ddb29e3e0,Marine_Engine_Fault_Data_v1.zip,https://zenodo.org/records/19857425,,variable_dictionary.csv:Compressor Filter Loss,"full_name=Compressor Filter Loss; symbol=dPf; unit=Pa; dtype=number; in_reference=TRUE; in_scenario_files=TRUE; category=pressure / derived pressure; note=Present in all scenario files for schema uniformity; recorded values in 10 of 15 scenario files. Empty (not recorded) in: AC_Fouling_85_Load.csv, Clogged_Injector_Nozzle1_40_60_85_Load.csv, Clogged_Injector_Nozzle2_LoadProgram.csv, CW_Pump_Cavitation_60_Load.csv, CW_Pump_Cavitation_85_Load.csv.",{}
shipkg:fault:fee4df6aeb24,shipkg:consequence:775549e4c085,edge:ab3cbed2a2a61e2c,LEADS_TO,finlandia_seaways_me_2018,reported,ev:471026a1392177a8,MAIB_2021_02_Finlandia_Seaways_connecting_rod_failure.pdf,https://www.gov.uk/maib-reports/engine-failure-and-subsequent-fire-on-ro-ro-cargo-vessel-finlandia-seaways-with-1-person-injured,9,PDF page 9,"1 SYNOPSIS At 2003 on 16 April 2018, the Lithuanian registered ro-ro cargo vessel Finlandia Seaways suffered a catastrophic main engine failure that caused serious structural damage to the engine and a fire in the engine room. The vessel’s third engineer, who was on duty in the engine room at the time, suffered serious smoke-related lung, kidney and eye injuries during his escape. Finlandia Seaways was 11nm east of Lowestoft on a re",{}
shipkg:case:00057f56fe39,shipkg:source:21d1480ba4a6,edge:ac6908ec9f47ee7b,DOCUMENTED_BY,wight_sky_me_2017,reported,ev:19d0b2283f62b511,MAIB_2018_14_Wight_Sky_engine_bearing_fire.pdf,https://assets.publishing.service.gov.uk/media/5b5217c7ed915d0b81e003df/MAIBInvReport14_2018.pdf,1,PDF page 1,"examination conducted by the vessel’s engine maker, Volvo Penta UK, concluded that the most probable trigger for the failure was debris in the engine’s oil channels following rebuild. The MAIB investigation established the following: • The engine had been completely rebuilt and failed after 5½ hours of operation. • The vessel’s soft patches 1 had not been removed, necessitating the engine to be lowered piecem",{}
shipkg:equipment:49d861a78ba3,shipkg:component:8052e7754d5f,edge:ae255bc80cc879b8,HAS_COMPONENT,kommandor_susan_dg1_2025,reported,ev:e32631e4946436ab,MAIB_2026_10_Kommandor_Susan_generator_bearing_failure.pdf,https://www.gov.uk/maib-reports/catastrophic-engine-failure-and-subsequent-fire-on-board-the-site-investigation-vessel-kommandor-susan,5,PDF page 5,rod cap number six comes off. Pon Power’s report concluded that: With the facts gathered the most likely root cause is failure of connecting rod bearing number five. The excessive wear on the other connecting rod bearings show that the most likely root cause for the bearing failure is weak bonding of the copper layer. Evidence of weak material bonding was found in several bearings (Figure 4),{}
shipkg:fault:c830e7992f26,shipkg:consequence:d1c468a6b34b,edge:b00142198fe385e9,LEADS_TO,spirit_of_discovery_pods_2023,reported,ev:166a2a0932391029,MAIB_2026_06_Spirit_of_Discovery_propulsion_loss.pdf,https://www.gov.uk/maib-reports/loss-of-propulsion-in-heavy-weather-experienced-by-the-passenger-vessel-spirit-of-discovery-leading-to-over-100-injuries-and-one-fatality,42,PDF page 42,"ULSION 2.3.1 Initial loss of propulsion Spirit of Discovery was pitching heavily and rolling violently in 8m to 9m waves when its port pod automatically shut down, followed shortly afterwards by its starboard pod. After shutting down, each pod then automatically rotated and parked at 90° to the vessel’s heading. Given the weather conditions at the time, it is almost certain that Spirit of Discovery’s pitching caused the propellers to come",{}
shipkg:vessel:fa10fa0f80d3,shipkg:case:adf367a46f33,edge:b0a7b8cd30d6fc97,HAS_CASE,wight_sky_me2_2018,reported,ev:4846a9af2b7e6456,MAIB_2022_04_Wight_Sky_multiple_engine_failures.pdf,https://assets.publishing.service.gov.uk/media/6267cc85e90e071690c1b679/2022-4-WightSky-Report.pdf,84,PDF page 84,"S 3.1 SAFETY ISSUES DIRECTLY CONTRIBUTING TO THE ACCIDENTS THAT HAVE BEEN ADDRESSED OR RESULTED IN RECOMMENDATIONS 1. Wight Sky’s ME2 failed catastrophically due to a sudden loss of lubricating oil supply to its number five main journal bearing and number four crankpin. [2.3.1] 2. The oilway to the main journal and crankpin was blocked off when the bearing shells turned in their housing. Poor fuel combustion, the presence of silic",{}
shipkg:case:00057f56fe39,shipkg:consequence:775549e4c085,edge:b15cee873e9d5efd,INVOLVES,wight_sky_me_2017,reported,ev:feb3c28c6560bd03,MAIB_2018_14_Wight_Sky_engine_bearing_fire.pdf,https://assets.publishing.service.gov.uk/media/5b5217c7ed915d0b81e003df/MAIBInvReport14_2018.pdf,1,PDF page 1,"t 2133 on 12 September 2017, while approaching Yarmouth, Isle of Wight, the ro-ro passenger ferry Wight Sky (Figure 1) suffered a catastrophic failure of one of its main propulsion engines, followed by a fire. The fire was brought under control in less than 2 minutes, but the vessel’s engineer, who had been standing near the engine, suffered serious burn injuries to his hands and face. Although he was discharged from hospital 7 days l",{}
shipkg:case:adf367a46f33,shipkg:fault:aba0717d72a0,edge:b1e927b793b4c3b4,INVOLVES,wight_sky_me2_2018,reported,ev:a67a93bfec361edf,MAIB_2022_04_Wight_Sky_multiple_engine_failures.pdf,https://assets.publishing.service.gov.uk/media/6267cc85e90e071690c1b679/2022-4-WightSky-Report.pdf,84,PDF page 84,"y due to a sudden loss of lubricating oil supply to its number five main journal bearing and number four crankpin. [2.3.1] 2. The oilway to the main journal and crankpin was blocked off when the bearing shells turned in their housing. Poor fuel combustion, the presence of silica sand and other abrasive particles embedded in the main bearing shells, engine misalignment, high levels of vibration, and contaminated lubricating oil might all have",{}
shipkg:dataset:1ceeb4cad6d8,shipkg:sensor:b3a6d5f659a8,edge:b25a5cf32c96c74f,HAS_CHANNEL,,reported,ev:f03b684739fae393,Marine_Engine_Fault_Data_v1.zip,https://zenodo.org/records/19857425,,variable_dictionary.csv:Indicated Work No.1,full_name=Indicated Work No.1; symbol=Wi; unit=J; dtype=number; in_reference=TRUE; in_scenario_files=TRUE; category=performance / derived; note=shorthand label is reused across cylinder-resolved and/or aggregate variables; use the full variable-name row during preprocessing,{}
shipkg:condition:0a605c97371c,shipkg:condition:2ee58a9a8fad,edge:b27d395dd7a1eec9,LEADS_TO,spirit_of_discovery_pods_2023,reported,ev:9d2abeeb05ea44b5,MAIB_2026_06_Spirit_of_Discovery_propulsion_loss.pdf,https://www.gov.uk/maib-reports/loss-of-propulsion-in-heavy-weather-experienced-by-the-passenger-vessel-spirit-of-discovery-leading-to-over-100-injuries-and-one-fatality,42,PDF page 42,"parked at 90° to the vessel’s heading. Given the weather conditions at the time, it is almost certain that Spirit of Discovery’s pitching caused the propellers to come out of the water. This caused a sudden reduction in torque on the propulsion motor and led to a very rapid increase in the motors’ rpm. The engine alarm and monitoring system recorded that, immediately before their shutdown, the rpm of each pod’s",{}
shipkg:dataset:1ceeb4cad6d8,shipkg:sensor:7b9d6be3e1e7,edge:b3e43455b3218549,HAS_CHANNEL,,reported,ev:fab039e22fe38b80,Marine_Engine_Fault_Data_v1.zip,https://zenodo.org/records/19857425,,variable_dictionary.csv:Charge Air IC Cooling Water Temp. Out,full_name=Charge Air IC Cooling Water Temp. Out; symbol=T17; unit=°C; dtype=number; in_reference=TRUE; in_scenario_files=TRUE; category=temperature,{}
shipkg:run:c2058b46e618,shipkg:fault:91dfc7218234,edge:b55b6cc776deffeb,TESTS_FAULT,,reported,ev:4369bc44687256ab,Marine_Engine_Fault_Data_v1.zip,https://zenodo.org/records/19857425,,dataset_index.csv:AC_Fouling/AC_Fouling_85_Load.csv,"file_name=AC_Fouling/AC_Fouling_85_Load.csv; schema_type=scenario; scenario=Air-cooler fouling; nominal_load=85%; severity_or_program=single load condition; header_rows=3; data_rows=5801; columns=73; anomaly_state=binary (0=pre-anomaly, 1=anomaly); notes=Pre-anomaly and anomaly segments. Compressor Filter Loss (dPf) and Turbine Back Pressure (dPex) not recorded in this run (columns present but empty).",{}
shipkg:run:9969547fcdfa,shipkg:fault:3a609fe447a8,edge:b5b9a8f6a11c57df,TESTS_FAULT,,reported,ev:7d06646b52c25b16,Marine_Engine_Fault_Data_v1.zip,https://zenodo.org/records/19857425,,dataset_index.csv:Turbine_Degradation/Turbine_Degradation_60_Load.csv,"file_name=Turbine_Degradation/Turbine_Degradation_60_Load.csv; schema_type=scenario; scenario=Turbine degradation; nominal_load=60%; severity_or_program=single load condition; header_rows=3; data_rows=4905; columns=73; anomaly_state=binary (0=pre-anomaly, 1=anomaly); notes=Pre-anomaly and anomaly segments.",{}
shipkg:case:d6e9f8f8ade2,shipkg:check:313a552b87bf,edge:b6118df8e96d8f9a,INVOLVES,finlandia_seaways_me_2018,reported,ev:33782f93bde6d8a1,MAIB_2021_02_Finlandia_Seaways_connecting_rod_failure.pdf,https://www.gov.uk/maib-reports/engine-failure-and-subsequent-fire-on-ro-ro-cargo-vessel-finlandia-seaways-with-1-person-injured,56,PDF page 56,"d a competent fitter to undertake the specific task of removing the piston pin bushes at its workshops in Klaipeda. Despite this, seven of the intact 11 small ends removed from Finlandia Seaways’ engine were found to have notch damage on the internal surfaces of their small end eyes. Three of Botnia Seaways’ small ends had similar damage and three had evidence of localised heat damage. Although the technical investigations did not identify when the damage had",{}
shipkg:dataset:1ceeb4cad6d8,shipkg:run:9690a0157fb9,edge:b675bb7c1f4fc2de,HAS_RUN,,reported,ev:0fd78cc81d9681d2,Marine_Engine_Fault_Data_v1.zip,https://zenodo.org/records/19857425,,dataset_index.csv:Injector_Nozzle/Clogged_Injector_Nozzle1_40_60_85_Load.csv,"file_name=Injector_Nozzle/Clogged_Injector_Nozzle1_40_60_85_Load.csv; schema_type=scenario; scenario=Injection-valve nozzle clogging; nominal_load=40%, 60%, 85% (stepped); severity_or_program=one-hole plugged nozzle; header_rows=3; data_rows=6492; columns=73; anomaly_state=all-anomaly (no baseline segment); notes=Anomalous operation only (no baseline segment). Compressor Filter Loss (dPf) and Turbine Back Pressure (dPex) not recorded in this run (columns present but empty).",{}
shipkg:vessel:5466bfcfc864,shipkg:case:187dc871fbd5,edge:b6bc3f8a3d0ccec3,HAS_CASE,spirit_of_discovery_pods_2023,reported,ev:c3429f0fc22579e1,MAIB_2026_06_Spirit_of_Discovery_propulsion_loss.pdf,https://www.gov.uk/maib-reports/loss-of-propulsion-in-heavy-weather-experienced-by-the-passenger-vessel-spirit-of-discovery-leading-to-over-100-injuries-and-one-fatality,42,PDF page 42,"e vessel’s heading. Given the weather conditions at the time, it is almost certain that Spirit of Discovery’s pitching caused the propellers to come out of the water. This caused a sudden reduction in torque on the propulsion motor and led to a very rapid increase in the motors’ rpm. The engine alarm and monitoring system recorded that, immediately before their shutdown, the rpm of each pod’s",{}
shipkg:observation:59f88fb7c81e,shipkg:action:9e4b4715011c,edge:b823f509dcdde6a0,HAS_RECOMMENDED_ACTION,,dataset_label,ev:d61287b84a7d06e2,Azimuth_Thruster_CBM_Dataset.zip,https://zenodo.org/records/20101612,,table3_lti_by_fault_type_anonymised.csv:row11,System / engine-family case=CAT C7 engine case A BB / CAT C7 shaftline case A; Fault or condition=Additive depletion; Detection/event reference=Oil-led alert at Month -1.0; ND (oil-led); Reference class=ND (oil-led); Recommended CBM action=Oil-led CBM; 500 h vibration / 125 h oil; Included in mechanical LTI summary=no,{}
shipkg:case:d6e9f8f8ade2,shipkg:symptom:601948a19d34,edge:b87ce74b0276fc85,INVOLVES,finlandia_seaways_me_2018,reported,ev:b2ab413559094e03,MAIB_2021_02_Finlandia_Seaways_connecting_rod_failure.pdf,https://www.gov.uk/maib-reports/engine-failure-and-subsequent-fire-on-ro-ro-cargo-vessel-finlandia-seaways-with-1-person-injured,56,PDF page 56,"workshops in Klaipeda. Despite this, seven of the intact 11 small ends removed from Finlandia Seaways’ engine were found to have notch damage on the internal surfaces of their small end eyes. Three of Botnia Seaways’ small ends had similar damage and three had evidence of localised heat damage. Although the technical investigations did not identify when the damage had been done, it was clearly apparent that it had be",{}
shipkg:case:adf367a46f33,shipkg:condition:a9a45fb680fd,edge:b985df217b70c920,INVOLVES,wight_sky_me2_2018,reported,ev:cf454850540d2ce6,MAIB_2022_04_Wight_Sky_multiple_engine_failures.pdf,https://assets.publishing.service.gov.uk/media/6267cc85e90e071690c1b679/2022-4-WightSky-Report.pdf,85,PDF page 85,"driving one VSP unit in parallel, because of the time it took the fluid couplings to declutch the shutdown engine. [2.8] 16. The inability to immediately declutch and therefore stop an engine when a shutdown signal was given significantly increased the severity of engine damage and the likelihood of explosions and fires. [2.8] 17. The long history of cavitation erosion and cylinder liner and engine block seal failures",{}
shipkg:case:278d7572ef08,shipkg:system:5d1dca19fd66,edge:bc128c07c9354ca4,IN_SYSTEM,wight_sky_me4_2018,reported,ev:3ca79df2a0332a1a,MAIB_2022_04_Wight_Sky_multiple_engine_failures.pdf,https://assets.publishing.service.gov.uk/media/6267cc85e90e071690c1b679/2022-4-WightSky-Report.pdf,84,PDF page 84,"igh levels of vibration, and contaminated lubricating oil might all have contributed to the event failure. [2.3.1] 3. Wight Sky’s ME4 failed catastrophically because of an assembly error during build at Volvo Penta’s factory in Sweden. Two of the engine’s matched connecting rod big end bearing caps had been transposed during the engine assembly process. [2.3.2] 4. The transposition of the bearing caps reduced the",{}
shipkg:dataset:1ceeb4cad6d8,shipkg:run:cd33f80ecd69,edge:bc42dd4b0e37d4eb,HAS_RUN,,reported,ev:5ae484b55bc9bc82,Marine_Engine_Fault_Data_v1.zip,https://zenodo.org/records/19857425,,dataset_index.csv:Turbine_Degradation/Turbine_Degradation_85_Load.csv,"file_name=Turbine_Degradation/Turbine_Degradation_85_Load.csv; schema_type=scenario; scenario=Turbine degradation; nominal_load=85%; severity_or_program=single load condition; header_rows=3; data_rows=5289; columns=73; anomaly_state=binary (0=pre-anomaly, 1=anomaly); notes=Pre-anomaly and anomaly segments.",{}
shipkg:dataset:710ea13e53ac,shipkg:observation:ec255ed61291,edge:bebf0efb0d77f9ae,HAS_CASE,,reported,ev:5350278460986ec7,Azimuth_Thruster_CBM_Dataset.zip,https://zenodo.org/records/20101612,,table3_lti_by_fault_type_anonymised.csv:row9,System / engine-family case=CAT 3508B/C engine bearing reference; Fault or condition=Normal wear trend; Detection/event reference=Oil-led; ND (oil-led); Reference class=ND (oil-led); Recommended CBM action=Oil-led CBM; 500 h vibration / 125 h oil; Included in mechanical LTI summary=no,{}
shipkg:dataset:1ceeb4cad6d8,shipkg:sensor:67bfe0a5f170,edge:bec7be1e9700a814,HAS_CHANNEL,,reported,ev:cc6982ba7e64d2a0,Marine_Engine_Fault_Data_v1.zip,https://zenodo.org/records/19857425,,variable_dictionary.csv:Effective Work No.3,full_name=Effective Work No.3; symbol=We; unit=kW; dtype=number; in_reference=TRUE; in_scenario_files=TRUE; category=performance / derived; note=shorthand label is reused across cylinder-resolved and/or aggregate variables; use the full variable-name row during preprocessing,{}
shipkg:check:fa162d9e9a3f,shipkg:cause:0b368a5a5869,edge:bf07e6903aa4cc76,CHECKS,wight_sky_me4_2018,derived_action,ev:c74257f47f29e86a,MAIB_2022_04_Wight_Sky_multiple_engine_failures.pdf,https://assets.publishing.service.gov.uk/media/6267cc85e90e071690c1b679/2022-4-WightSky-Report.pdf,72,PDF page 72,"ble to determine why the technician made such a basic error. However, the engine manufacturer’s investigation identified that the serial numbers on the connecting rods and caps were not routinely checked to ensure that they matched following assembly. To mitigate the risk of similar errors, Volvo Penta introduced an improved method of identifying and matching the connecting rods into its production process. 2.4 OTHER WIGHT CLASS",{}
shipkg:case:adf367a46f33,shipkg:equipment:61cd855f5970,edge:bfb0d14c4ff5888e,HAS_EQUIPMENT,wight_sky_me2_2018,reported,ev:4846a9af2b7e6456,MAIB_2022_04_Wight_Sky_multiple_engine_failures.pdf,https://assets.publishing.service.gov.uk/media/6267cc85e90e071690c1b679/2022-4-WightSky-Report.pdf,84,PDF page 84,"S 3.1 SAFETY ISSUES DIRECTLY CONTRIBUTING TO THE ACCIDENTS THAT HAVE BEEN ADDRESSED OR RESULTED IN RECOMMENDATIONS 1. Wight Sky’s ME2 failed catastrophically due to a sudden loss of lubricating oil supply to its number five main journal bearing and number four crankpin. [2.3.1] 2. The oilway to the main journal and crankpin was blocked off when the bearing shells turned in their housing. Poor fuel combustion, the presence of silic",{}
shipkg:dataset:1ceeb4cad6d8,shipkg:sensor:ba1e69ac58df,edge:c1e0fa7428533bc5,HAS_CHANNEL,,reported,ev:9d4c4111f91d89e1,Marine_Engine_Fault_Data_v1.zip,https://zenodo.org/records/19857425,,variable_dictionary.csv:Total Indicated work,full_name=Total Indicated work; symbol=Wi_tot; unit=J; dtype=number; in_reference=TRUE; in_scenario_files=TRUE; category=performance / derived,{}
shipkg:dataset:1ceeb4cad6d8,shipkg:sensor:2392435fe4ac,edge:c62ebf3c80e160a0,HAS_CHANNEL,,reported,ev:72d13ccbc4af64a2,Marine_Engine_Fault_Data_v1.zip,https://zenodo.org/records/19857425,,variable_dictionary.csv:LO Temp. TCH Out,full_name=LO Temp. TCH Out; symbol=T20; unit=°C; dtype=number; in_reference=TRUE; in_scenario_files=TRUE; category=temperature,{}
shipkg:case:d6e9f8f8ade2,shipkg:action:642ddc0bd6c5,edge:c7203100f1a0ed3b,INVOLVES,finlandia_seaways_me_2018,reported,ev:c4dfa47c81f2ebb5,MAIB_2021_02_Finlandia_Seaways_connecting_rod_failure.pdf,https://www.gov.uk/maib-reports/engine-failure-and-subsequent-fire-on-ro-ro-cargo-vessel-finlandia-seaways-with-1-person-injured,56,PDF page 56,"48 recommended procedures for overhauling the connecting rod small ends had not been followed, and the small ends had been damaged during the piston pin bush removal and fitting process. The extent of the damage was clearly visible to the naked eye but was either not identified during the engine/component overhauls or was",{}
shipkg:case:9792cd36162e,shipkg:condition:ff44ed04fc9f,edge:c738aa985d178c94,INVOLVES,windcat8_port_engine_2017,reported,ev:1143f5b1ae869724,MAIB_2018_01_Windcat8_bearing_failure_fire.pdf,https://assets.publishing.service.gov.uk/government/uploads/system/uploads/attachment_data/file/683922/MAIBInvReport01_2018.pdf,9,PDF page 9,"ation systems. Therefore, it is highly unlikely that the failure was the result of incorrect component assembly or a lack of oil. It is more likely that the failure was due to a weakness in the thin-walled shell bearing itself.",{}
shipkg:case:9792cd36162e,shipkg:action:9fa28e4c4571,edge:c73b68793ef21e47,INVOLVES,windcat8_port_engine_2017,reported,ev:e678a8a1bb3f1aec,MAIB_2018_01_Windcat8_bearing_failure_fire.pdf,https://assets.publishing.service.gov.uk/government/uploads/system/uploads/attachment_data/file/683922/MAIBInvReport01_2018.pdf,11,PDF page 11,ire resulted from the ignition of oil vapour released from the damaged crankcase and did not spread beyond the port engine. • The fixed fire-fighting system was rendered ineffective because not all the port engine space vents were closed prior to its release. • The safety of the embarked technicians was given a high priority. ACTION TAKEN Windcat Workboats BV Ltd has: • Instructed crews on board vessels fitted with Volvo Penta D16 engines to stop the affected eng,{}
shipkg:dataset:1ceeb4cad6d8,shipkg:run:265eab3b4373,edge:c7489feb424fc12e,HAS_RUN,,reported,ev:19d72a1ed6647ccd,Marine_Engine_Fault_Data_v1.zip,https://zenodo.org/records/19857425,,dataset_index.csv:Injector_Nozzle/Clogged_Injector_Nozzle2_LoadProgram.csv,file_name=Injector_Nozzle/Clogged_Injector_Nozzle2_LoadProgram.csv; schema_type=scenario; scenario=Injection-valve nozzle clogging; nominal_load=load program (~40-85%); severity_or_program=two-hole plugged nozzle / load program; header_rows=3; data_rows=6791; columns=73; anomaly_state=all-anomaly (no baseline segment); notes=Anomalous operation only (no baseline segment). Compressor Filter Loss (dPf) and Turbine Back Pressure (dPex) not recorded in this run (columns present but empty).,{}
shipkg:fault:4e2929b80b35,shipkg:fault:fee4df6aeb24,edge:c89e9a0773956752,LEADS_TO,finlandia_seaways_me_2018,reported,ev:53cb0d46e7e767ec,MAIB_2021_02_Finlandia_Seaways_connecting_rod_failure.pdf,https://www.gov.uk/maib-reports/engine-failure-and-subsequent-fire-on-ro-ro-cargo-vessel-finlandia-seaways-with-1-person-injured,9,PDF page 9,"ent and Incident Investigation Division and the engine manufacturer, MAN Diesel and Turbo SE. The investigation identified that a fracture of the connecting rod small end had led to the sudden failure of the main engine. The investigation also found that the method used to replace the connecting rod small end piston pin bearing bushes by the vessel manager’s maintenance support contractor had introduced stress raisers that signficantly increased",{}
shipkg:fault:aba0717d72a0,shipkg:component:be4ab56339d8,edge:c92d57e440182816,AFFECTS_COMPONENT,wight_sky_me2_2018,reported,ev:0b7a42308cc8b6cc,MAIB_2022_04_Wight_Sky_multiple_engine_failures.pdf,https://assets.publishing.service.gov.uk/media/6267cc85e90e071690c1b679/2022-4-WightSky-Report.pdf,84,PDF page 84,"D OR RESULTED IN RECOMMENDATIONS 1. Wight Sky’s ME2 failed catastrophically due to a sudden loss of lubricating oil supply to its number five main journal bearing and number four crankpin. [2.3.1] 2. The oilway to the main journal and crankpin was blocked off when the bearing shells turned in their housing. Poor fuel combustion, the presence of silica sand and other abrasive particles embe",{}
shipkg:case:00057f56fe39,shipkg:system:5d1dca19fd66,edge:cb7ed140bf8fa929,IN_SYSTEM,wight_sky_me_2017,reported,ev:19d0b2283f62b511,MAIB_2018_14_Wight_Sky_engine_bearing_fire.pdf,https://assets.publishing.service.gov.uk/media/5b5217c7ed915d0b81e003df/MAIBInvReport14_2018.pdf,1,PDF page 1,"examination conducted by the vessel’s engine maker, Volvo Penta UK, concluded that the most probable trigger for the failure was debris in the engine’s oil channels following rebuild. The MAIB investigation established the following: • The engine had been completely rebuilt and failed after 5½ hours of operation. • The vessel’s soft patches 1 had not been removed, necessitating the engine to be lowered piecem",{}
shipkg:dataset:1ceeb4cad6d8,shipkg:sensor:5acc3a404383,edge:cb9aa280fead0205,HAS_CHANNEL,,reported,ev:dec41aa5e554ca31,Marine_Engine_Fault_Data_v1.zip,https://zenodo.org/records/19857425,,variable_dictionary.csv:Fuel Injector Cooling Oil Press.,full_name=Fuel Injector Cooling Oil Press.; symbol=Pl_valve; unit=V; dtype=number; in_reference=TRUE; in_scenario_files=TRUE; category=pressure / derived pressure,{}
shipkg:case:278d7572ef08,shipkg:cause:0b368a5a5869,edge:cccd4ad38e79c3fa,INVOLVES,wight_sky_me4_2018,reported,ev:a4a51bca0c30f80d,MAIB_2022_04_Wight_Sky_multiple_engine_failures.pdf,https://assets.publishing.service.gov.uk/media/6267cc85e90e071690c1b679/2022-4-WightSky-Report.pdf,84,PDF page 84,"f the engine’s matched connecting rod big end bearing caps had been transposed during the engine assembly process. [2.3.2] 4. The transposition of the bearing caps reduced the metal-to-metal contact between surfaces of the connecting rods and their bearing caps. This would have caused fretting wear between the mating faces, which would have led to loosening and rapid failure of the end cap securing bolts. [2.3.2] 5. Four of",{}
shipkg:observation:36b9efa16da9,shipkg:action:cc44cd1c6032,edge:ccd6112a8f27fefe,HAS_RECOMMENDED_ACTION,,dataset_label,ev:44f19b4f5b32f488,Azimuth_Thruster_CBM_Dataset.zip,https://zenodo.org/records/20101612,,table3_lti_by_fault_type_anonymised.csv:row4,System / engine-family case=CAT 3516C coupling EB 1; Fault or condition=Coupling resonance; Detection/event reference=Vibration alert Month -2.0; maintenance event; Reference class=LTI_maintenance; LTI / warning (mo)=2.0; Warning (h)=300.0; Recommended CBM action=Vibration-led CBM; 125 h vibration / 500 h oil; Included in mechanical LTI summary=yes,{}
shipkg:case:187dc871fbd5,shipkg:source:d52922af3fc9,edge:cd4443bced5710fe,DOCUMENTED_BY,spirit_of_discovery_pods_2023,reported,ev:c3429f0fc22579e1,MAIB_2026_06_Spirit_of_Discovery_propulsion_loss.pdf,https://www.gov.uk/maib-reports/loss-of-propulsion-in-heavy-weather-experienced-by-the-passenger-vessel-spirit-of-discovery-leading-to-over-100-injuries-and-one-fatality,42,PDF page 42,"e vessel’s heading. Given the weather conditions at the time, it is almost certain that Spirit of Discovery’s pitching caused the propellers to come out of the water. This caused a sudden reduction in torque on the propulsion motor and led to a very rapid increase in the motors’ rpm. The engine alarm and monitoring system recorded that, immediately before their shutdown, the rpm of each pod’s",{}
shipkg:case:9792cd36162e,shipkg:equipment:563809ad0932,edge:ce93f8439e66ac3c,HAS_EQUIPMENT,windcat8_port_engine_2017,reported,ev:4e45851ecc9eb9f4,MAIB_2018_01_Windcat8_bearing_failure_fire.pdf,https://assets.publishing.service.gov.uk/government/uploads/system/uploads/attachment_data/file/683922/MAIBInvReport01_2018.pdf,1,PDF page 1,"and no injuries. The MAIB investigation identified that the catastrophic damage to Windcat 8’s port main engine was caused by the failure of a piston connecting rod big end shell bearing, which resulted in the connecting rod assembly releasing and penetrating through the engine crankcase. The investigation also identified that: • A high oil temperature alarm prior to the engine failure warranted a more cautious a",{}
shipkg:dataset:1ceeb4cad6d8,shipkg:sensor:5f5652f7036e,edge:cf347cc5c62a9275,HAS_CHANNEL,,reported,ev:09d27f6992891305,Marine_Engine_Fault_Data_v1.zip,https://zenodo.org/records/19857425,,variable_dictionary.csv:LO Cooling water flow,full_name=LO Cooling water flow; symbol=Qw_lo; unit=m3/h; dtype=number; in_reference=TRUE; in_scenario_files=TRUE; category=flow / fuel / air,{}
shipkg:dataset:1ceeb4cad6d8,shipkg:sensor:e94fb52827fa,edge:cf8088fbc0fe6263,HAS_CHANNEL,,reported,ev:0f8c03d1dccfd00e,Marine_Engine_Fault_Data_v1.zip,https://zenodo.org/records/19857425,,variable_dictionary.csv:Turbine Back Pressure,"full_name=Turbine Back Pressure; symbol=dPex; unit=Pa; dtype=number; in_reference=FALSE; in_scenario_files=TRUE; category=pressure / derived pressure; note=Present in all scenario files for schema uniformity; recorded values in 10 of 15 scenario files. Empty (not recorded) in: AC_Fouling_85_Load.csv, Clogged_Injector_Nozzle1_40_60_85_Load.csv, Clogged_Injector_Nozzle2_LoadProgram.csv, CW_Pump_Cavitation_60_Load.csv, CW_Pump_Cavitation_85_Load.csv.",{}
shipkg:case:187dc871fbd5,shipkg:action:b39684450af7,edge:cf91d9f25181f963,INVOLVES,spirit_of_discovery_pods_2023,reported,ev:808bd8d1dd9e51f9,MAIB_2026_06_Spirit_of_Discovery_propulsion_loss.pdf,https://www.gov.uk/maib-reports/loss-of-propulsion-in-heavy-weather-experienced-by-the-passenger-vessel-spirit-of-discovery-leading-to-over-100-injuries-and-one-fatality,53,PDF page 53,e vessel’s heading. ● Increased the SISHIp eSiPODs overspeed activation point following a mechanical evaluation of the systems. ● Improved the position of the SISHIp eSiPODs bilge sensor arrangements. Meyer Werft GmbH has: ● Created an additional seakeeping and manoeuvring decision support poster and software tool for the Spirit Class vessels that includes propeller exposure in wave heights up to 10.5m.,{}
shipkg:action:16d3373950f9,shipkg:condition:6fa538170906,edge:d18a92975542579a,ADDRESSES,kommandor_susan_dg1_2025,reported_action,ev:9225f4c20470527c,MAIB_2026_10_Kommandor_Susan_generator_bearing_failure.pdf,https://www.gov.uk/maib-reports/catastrophic-engine-failure-and-subsequent-fire-on-board-the-site-investigation-vessel-kommandor-susan,9,PDF page 9,"ns taken by other organisations Gardline Shipping Limited has: • Rebuilt DG1 with genuine spares, including a new engine block; • Completed major overhauls of DG2, DG3 and DG4 using genuine Caterpillar parts; • Changed the onboard anchoring procedure, highlighting that clutches must remain disengaged when the winches are not in use to ensure they remain ready for use in the event of power failure. RECOMMENDATIONS In view of the actio",{}
shipkg:dataset:1ceeb4cad6d8,shipkg:sensor:6cf5ec25b81a,edge:d2cf7e7328f9b943,HAS_CHANNEL,,reported,ev:88f82746a258e58a,Marine_Engine_Fault_Data_v1.zip,https://zenodo.org/records/19857425,,variable_dictionary.csv:No.3 Exh.Gas Temp.,full_name=No.3 Exh.Gas Temp.; symbol=T3; unit=°C; dtype=number; in_reference=TRUE; in_scenario_files=TRUE; category=temperature,{}
shipkg:case:1e6479e108d9,shipkg:consequence:4f46c84c0d64,edge:d2f632d6c0fb6506,INVOLVES,kommandor_susan_dg1_2025,reported,ev:0ec8d60206b6b9cf,MAIB_2026_10_Kommandor_Susan_generator_bearing_failure.pdf,https://www.gov.uk/maib-reports/catastrophic-engine-failure-and-subsequent-fire-on-board-the-site-investigation-vessel-kommandor-susan,1,PDF page 1,ustered safely. The vessel lost propulsion and began drifting eastwards. Attempts to deploy anchors were unsuccessful because the anchor winches required electrical power to operate. Kommandor Susan was eventually returned to Leith harbour with limited propulsion restored. The investigation found that the engine failure was caused by premature wear of bearings fitted during a major overhaul in 2019. These co,{}
shipkg:case:adf367a46f33,shipkg:symptom:ccae4eb65c57,edge:d34cfe896e4d0cec,INVOLVES,wight_sky_me2_2018,reported,ev:5124f3b43ff47b3a,MAIB_2022_04_Wight_Sky_multiple_engine_failures.pdf,https://assets.publishing.service.gov.uk/media/6267cc85e90e071690c1b679/2022-4-WightSky-Report.pdf,70,PDF page 70,"ymington River. The engine was running at full speed (1800rpm) and was driving the forward VSP unit in parallel with ME1 when its ECU detected a loss of lubricating oil pressure and initiated an engine shutdown. 63 seconds later, the engine’s number four connecting rod and piston assembly was thrown out of the crankcase into the engine room. The engine had accumulated 2241 running hours and had been installed 11 months earlier as a new",{}
shipkg:fault:aba0717d72a0,shipkg:fault:96cc1c0ff36e,edge:d49bfb0e69feaca9,LEADS_TO,wight_sky_me2_2018,reported,ev:a67a93bfec361edf,MAIB_2022_04_Wight_Sky_multiple_engine_failures.pdf,https://assets.publishing.service.gov.uk/media/6267cc85e90e071690c1b679/2022-4-WightSky-Report.pdf,84,PDF page 84,"y due to a sudden loss of lubricating oil supply to its number five main journal bearing and number four crankpin. [2.3.1] 2. The oilway to the main journal and crankpin was blocked off when the bearing shells turned in their housing. Poor fuel combustion, the presence of silica sand and other abrasive particles embedded in the main bearing shells, engine misalignment, high levels of vibration, and contaminated lubricating oil might all have",{}
shipkg:dataset:1ceeb4cad6d8,shipkg:sensor:a4ce7901d117,edge:d550d8d987cbc2ed,HAS_CHANNEL,,reported,ev:3329024780d2fb48,Marine_Engine_Fault_Data_v1.zip,https://zenodo.org/records/19857425,,variable_dictionary.csv:Mechanical Loss,full_name=Mechanical Loss; symbol=Wm; unit=kW; dtype=number; in_reference=TRUE; in_scenario_files=TRUE; category=performance / derived,{}
shipkg:dataset:1ceeb4cad6d8,shipkg:sensor:17bbed611e22,edge:d5c1fd3be2416952,HAS_CHANNEL,,reported,ev:2387afdf814fcf9c,Marine_Engine_Fault_Data_v1.zip,https://zenodo.org/records/19857425,,variable_dictionary.csv:Total Heat Loss in Heat Exchangers,full_name=Total Heat Loss in Heat Exchangers; symbol=Qrej; unit=kW; dtype=number; in_reference=TRUE; in_scenario_files=TRUE; category=performance / derived,{}
shipkg:condition:e21862ad051d,shipkg:consequence:bcd3a732b87d,edge:d5e855bff1694f60,LEADS_TO,wight_sky_me_2017,reported,ev:d2ddab6cf68a9801,MAIB_2018_14_Wight_Sky_engine_bearing_fire.pdf,https://assets.publishing.service.gov.uk/media/5b5217c7ed915d0b81e003df/MAIBInvReport14_2018.pdf,14,PDF page 14,"s. • The engine was not fitted with a wear detector, so there was no means of receiving a warning before the engine failed. • The essential services switchboard aft circuit breaker had been left in manual mode, resulting in the loss of power to critical equipment, including the fixed fire-fighting system. ACTION TAKEN Wightlink Limited has: • Agreed with RKM that all engines will be fully assembled and load-tested prior to delivery on",{}
shipkg:observation:abd23c68d1ce,shipkg:action:cc44cd1c6032,edge:d62e07c551845238,HAS_RECOMMENDED_ACTION,,dataset_label,ev:8e86a0b79553a259,Azimuth_Thruster_CBM_Dataset.zip,https://zenodo.org/records/20101612,,table3_lti_by_fault_type_anonymised.csv:row5,System / engine-family case=CAT 3516C damper EB 2; Fault or condition=Mass imbalance; Detection/event reference=Vibration alert Month -1.5; maintenance event; Reference class=LTI_maintenance; LTI / warning (mo)=1.5; Warning (h)=225.0; Recommended CBM action=Vibration-led CBM; 125 h vibration / 500 h oil; Included in mechanical LTI summary=yes,{}
shipkg:dataset:1ceeb4cad6d8,shipkg:sensor:870baabfbca3,edge:d633bdf82e73e82e,HAS_CHANNEL,,reported,ev:766b43663daf2a75,Marine_Engine_Fault_Data_v1.zip,https://zenodo.org/records/19857425,,variable_dictionary.csv:Fuel Temp.,full_name=Fuel Temp.; symbol=T18; unit=°C; dtype=number; in_reference=TRUE; in_scenario_files=TRUE; category=temperature,{}
shipkg:case:9792cd36162e,shipkg:source:af4bce0c23cd,edge:d74ebf20cc5e3892,DOCUMENTED_BY,windcat8_port_engine_2017,reported,ev:4e45851ecc9eb9f4,MAIB_2018_01_Windcat8_bearing_failure_fire.pdf,https://assets.publishing.service.gov.uk/government/uploads/system/uploads/attachment_data/file/683922/MAIBInvReport01_2018.pdf,1,PDF page 1,"and no injuries. The MAIB investigation identified that the catastrophic damage to Windcat 8’s port main engine was caused by the failure of a piston connecting rod big end shell bearing, which resulted in the connecting rod assembly releasing and penetrating through the engine crankcase. The investigation also identified that: • A high oil temperature alarm prior to the engine failure warranted a more cautious a",{}
shipkg:case:1e6479e108d9,shipkg:fault:423cd9a63be0,edge:d7a2187500e9acc9,INVOLVES,kommandor_susan_dg1_2025,reported,ev:cebfc2d1ae68389d,MAIB_2026_10_Kommandor_Susan_generator_bearing_failure.pdf,https://www.gov.uk/maib-reports/catastrophic-engine-failure-and-subsequent-fire-on-board-the-site-investigation-vessel-kommandor-susan,5,PDF page 5,lts break by overload and connecting rod cap number six comes off. Pon Power’s report concluded that: With the facts gathered the most likely root cause is failure of connecting rod bearing number five. The excessive wear on the other connecting rod bearings show that the most likely root cause for the bearing failure is weak bonding of the copper layer. Evidence of weak material bonding was found in several bearings (Figure 4),{}
shipkg:dataset:710ea13e53ac,shipkg:observation:83cf859e3d48,edge:d7a5a80824d95559,HAS_CASE,,reported,ev:3ee08dc0eebc21a7,Azimuth_Thruster_CBM_Dataset.zip,https://zenodo.org/records/20101612,,table3_lti_by_fault_type_anonymised.csv:row8,System / engine-family case=CAT C7 shaftline reductor / CAT C7 case B; Fault or condition=Babbitt wear (Pb); Detection/event reference=Vibration alert Month -4.0; oil alert at Month -1.2; Reference class=LTI_oil; LTI / warning (mo)=2.8; Warning (h)=420.0; Recommended CBM action=Oil-confirmed mixed follow-up; 250 h vibration / 250 h oil; Included in mechanical LTI summary=yes,{}
shipkg:dataset:1ceeb4cad6d8,shipkg:sensor:b7131de34c68,edge:d7df018213d853f6,HAS_CHANNEL,,reported,ev:9500742595c79664,Marine_Engine_Fault_Data_v1.zip,https://zenodo.org/records/19857425,,variable_dictionary.csv:Min. In-Cylinder Press. No.2,full_name=Min. In-Cylinder Press. No.2; symbol=Pmin; unit=MPa; dtype=number; in_reference=TRUE; in_scenario_files=TRUE; category=pressure / derived pressure; note=shorthand label is reused across cylinder-resolved and/or aggregate variables; use the full variable-name row during preprocessing,{}
shipkg:dataset:6ab0788d235b,shipkg:source:23fd7f407fe4,edge:d8c026f85cad1492,DOCUMENTED_BY,,reported,ev:74d8057daa5c6f01,UCI_Naval_Propulsion_CBM.zip,https://archive.ics.uci.edu/dataset/316/condition%2Bbased%2Bmaintenance%2Bof%2Bnaval%2Bpropulsion%2Bplants,,README.txt,Frigate gas-turbine propulsion numerical simulator; compressor and turbine decay coefficients,{}
shipkg:run:2c8ac4d016f4,shipkg:condition:0f0bb607da60,edge:db0088fe22e7b9d8,AT_LOAD,,reported,ev:339fcaeb186a01d1,Marine_Engine_Fault_Data_v1.zip,https://zenodo.org/records/19857425,,dataset_index.csv:Reference_Data.csv,file_name=Reference_Data.csv; schema_type=reference; nominal_load=reference operating range; header_rows=3; data_rows=25302; columns=70; anomaly_state=none (baseline); notes=Baseline reference-performance file. 70-column schema (no Anomaly State; uses Time/T). Handle separately from scenario files.,{}
shipkg:vessel:2ee30864aa2d,shipkg:case:1e6479e108d9,edge:dbb7fc5be3025318,HAS_CASE,kommandor_susan_dg1_2025,reported,ev:01f3913bd9c46899,MAIB_2026_10_Kommandor_Susan_generator_bearing_failure.pdf,https://www.gov.uk/maib-reports/catastrophic-engine-failure-and-subsequent-fire-on-board-the-site-investigation-vessel-kommandor-susan,1,PDF page 1,"f Forth, Scotland on 25 January 2025 SUMMARY At 1305 on 25 January 2025, the site investigation vessel Kommandor Susan suffered a catastrophic failure of a diesel generator engine while conducting sea trials in the Firth of Forth, Scotland. The failure resulted in an engine room fire and a complete power blackout. The crew responded promptly, extinguished the fire and mustered safely. The vessel lost propu",{}
shipkg:dataset:1ceeb4cad6d8,shipkg:run:0024b0cf204d,edge:dea8c1a697e532a0,HAS_RUN,,reported,ev:64a3e1d72c1647d2,Marine_Engine_Fault_Data_v1.zip,https://zenodo.org/records/19857425,,dataset_index.csv:AF_Clogging/AF_Clogging_60_Load.csv,"file_name=AF_Clogging/AF_Clogging_60_Load.csv; schema_type=scenario; scenario=Air-filter clogging (compressor); nominal_load=60%; severity_or_program=single load condition; header_rows=3; data_rows=6819; columns=73; anomaly_state=binary (0=pre-anomaly, 1=anomaly); notes=Pre-anomaly and anomaly segments.",{}
shipkg:dataset:710ea13e53ac,shipkg:observation:6bc49fd589cc,edge:df2a656e57b6a266,HAS_CASE,,reported,ev:2c91ce63ed55748b,Azimuth_Thruster_CBM_Dataset.zip,https://zenodo.org/records/20101612,,table3_lti_by_fault_type_anonymised.csv:row2,System / engine-family case=CAT 3516C MPEB 1V; Fault or condition=Unconfirmed bearing-related spectral anomaly; Detection/event reference=Vibration alert Month -2.5; oil alert at Month -0.8; Reference class=LTI_oil; LTI / warning (mo)=1.7; Warning (h)=255.0; Recommended CBM action=Vibration-led CBM; 125 h vibration / 500 h oil; Included in mechanical LTI summary=yes,{}
shipkg:dataset:1ceeb4cad6d8,shipkg:sensor:8ad66c87b433,edge:e0284dc52b13fab4,HAS_CHANNEL,,reported,ev:fdaddc4825b4b458,Marine_Engine_Fault_Data_v1.zip,https://zenodo.org/records/19857425,,variable_dictionary.csv:No.2 Exh.Gas Temp.,full_name=No.2 Exh.Gas Temp.; symbol=T2; unit=°C; dtype=number; in_reference=TRUE; in_scenario_files=TRUE; category=temperature,{}
shipkg:dataset:1ceeb4cad6d8,shipkg:sensor:8ab013653446,edge:e0b43824fecda57c,HAS_CHANNEL,,reported,ev:e404f4ecf4526f44,Marine_Engine_Fault_Data_v1.zip,https://zenodo.org/records/19857425,,variable_dictionary.csv:Engine Cooling water flow,full_name=Engine Cooling water flow; symbol=Qw_eng; unit=m3/h; dtype=number; in_reference=TRUE; in_scenario_files=TRUE; category=flow / fuel / air,{}
shipkg:run:9969547fcdfa,shipkg:condition:df365e2b0777,edge:e1dbbf16bba0de0d,AT_LOAD,,reported,ev:7d06646b52c25b16,Marine_Engine_Fault_Data_v1.zip,https://zenodo.org/records/19857425,,dataset_index.csv:Turbine_Degradation/Turbine_Degradation_60_Load.csv,"file_name=Turbine_Degradation/Turbine_Degradation_60_Load.csv; schema_type=scenario; scenario=Turbine degradation; nominal_load=60%; severity_or_program=single load condition; header_rows=3; data_rows=4905; columns=73; anomaly_state=binary (0=pre-anomaly, 1=anomaly); notes=Pre-anomaly and anomaly segments.",{}
shipkg:dataset:1ceeb4cad6d8,shipkg:sensor:9785e5456d03,edge:e2129d57449bdc1b,HAS_CHANNEL,,reported,ev:76e4e727d9b7b527,Marine_Engine_Fault_Data_v1.zip,https://zenodo.org/records/19857425,,variable_dictionary.csv:Fuel Flow,full_name=Fuel Flow; symbol=Qfuel; unit=m3/h; dtype=number; in_reference=TRUE; in_scenario_files=TRUE; category=flow / fuel / air,{}
shipkg:case:278d7572ef08,shipkg:source:66b61e38c53f,edge:e372613b572c153f,DOCUMENTED_BY,wight_sky_me4_2018,reported,ev:3ca79df2a0332a1a,MAIB_2022_04_Wight_Sky_multiple_engine_failures.pdf,https://assets.publishing.service.gov.uk/media/6267cc85e90e071690c1b679/2022-4-WightSky-Report.pdf,84,PDF page 84,"igh levels of vibration, and contaminated lubricating oil might all have contributed to the event failure. [2.3.1] 3. Wight Sky’s ME4 failed catastrophically because of an assembly error during build at Volvo Penta’s factory in Sweden. Two of the engine’s matched connecting rod big end bearing caps had been transposed during the engine assembly process. [2.3.2] 4. The transposition of the bearing caps reduced the",{}
shipkg:equipment:1755b4f618f2,shipkg:component:45c063af0c7c,edge:e3e5a53f0f25b5db,HAS_COMPONENT,wight_sky_me_2017,reported,ev:1637d85df75c53f0,MAIB_2018_14_Wight_Sky_engine_bearing_fire.pdf,https://assets.publishing.service.gov.uk/media/5b5217c7ed915d0b81e003df/MAIBInvReport14_2018.pdf,14,PDF page 14,"cluded that: ○ Debris in the engine’s oil channels was most probably responsible for initiating the failure. ○ When the shells of main bearing 5 turned, the lubrication supply to big end bearing 4 was blocked, resulting in destructive failure. • Rebuilding the engine in a clean and controlled environment and transferring it complete into the engine room would have reduced",{}
shipkg:dataset:1ceeb4cad6d8,shipkg:sensor:270638670931,edge:e4eaac50a4ee8002,HAS_CHANNEL,,reported,ev:e83aa95b02c47022,Marine_Engine_Fault_Data_v1.zip,https://zenodo.org/records/19857425,,variable_dictionary.csv:Max. In-Cylinder Press. No.3,full_name=Max. In-Cylinder Press. No.3; symbol=Pmax; unit=MPa; dtype=number; in_reference=TRUE; in_scenario_files=TRUE; category=pressure / derived pressure; note=shorthand label is reused across cylinder-resolved and/or aggregate variables; use the full variable-name row during preprocessing,{}
shipkg:equipment:710361995928,shipkg:component:160bdfff5e4e,edge:e55aa08dc1ef25d1,HAS_COMPONENT,spirit_of_discovery_pods_2023,reported,ev:818a140783772a9b,MAIB_2026_06_Spirit_of_Discovery_propulsion_loss.pdf,https://www.gov.uk/maib-reports/loss-of-propulsion-in-heavy-weather-experienced-by-the-passenger-vessel-spirit-of-discovery-leading-to-over-100-injuries-and-one-fatality,43,PDF page 43,"iple this was an entirely sensible precaution to protect the high voltage pod motor from damage. However, the low position of the bilge sensor meant that it could be activated by a relatively small amount of liquid that accumulated within the pod. Since the bilge suction probably did not extend low enough for the automatic bilge pumps to effectively pump the water out,",{}
shipkg:dataset:1ceeb4cad6d8,shipkg:sensor:7675b8a8bef8,edge:e6111625394e9a53,HAS_CHANNEL,,reported,ev:3356e199bb43f210,Marine_Engine_Fault_Data_v1.zip,https://zenodo.org/records/19857425,,variable_dictionary.csv:Cooling Water Temp. Engine In,full_name=Cooling Water Temp. Engine In; symbol=T6; unit=°C; dtype=number; in_reference=TRUE; in_scenario_files=TRUE; category=temperature,{}
shipkg:case:d6e9f8f8ade2,shipkg:consequence:775549e4c085,edge:e6221cf6d8ff0c74,INVOLVES,finlandia_seaways_me_2018,reported,ev:471026a1392177a8,MAIB_2021_02_Finlandia_Seaways_connecting_rod_failure.pdf,https://www.gov.uk/maib-reports/engine-failure-and-subsequent-fire-on-ro-ro-cargo-vessel-finlandia-seaways-with-1-person-injured,9,PDF page 9,"1 SYNOPSIS At 2003 on 16 April 2018, the Lithuanian registered ro-ro cargo vessel Finlandia Seaways suffered a catastrophic main engine failure that caused serious structural damage to the engine and a fire in the engine room. The vessel’s third engineer, who was on duty in the engine room at the time, suffered serious smoke-related lung, kidney and eye injuries during his escape. Finlandia Seaways was 11nm east of Lowestoft on a re",{}
shipkg:dataset:1ceeb4cad6d8,shipkg:sensor:0c9767837a0e,edge:e7103e2d26ceb062,HAS_CHANNEL,,reported,ev:c217155b6979c5d2,Marine_Engine_Fault_Data_v1.zip,https://zenodo.org/records/19857425,,variable_dictionary.csv:Engine room Temp.,full_name=Engine room Temp.; symbol=T22; unit=°C; dtype=number; in_reference=TRUE; in_scenario_files=TRUE; category=temperature,{}
shipkg:dataset:19e52eb49467,shipkg:fault:323fee48e778,edge:e77fbbaaae4588fe,SHOWS_CONDITION,,simulated,ev:8b5ccc7bfc9235d4,TSRF_main.zip,https://github.com/TS-RF/TSRF,,data/Ring-adhesion.csv,Ring-adhesion.csv,{}
shipkg:observation:59f88fb7c81e,shipkg:fault:911e598cd781,edge:e8b49fbfdae596c8,SHOWS_CONDITION,,dataset_label,ev:d61287b84a7d06e2,Azimuth_Thruster_CBM_Dataset.zip,https://zenodo.org/records/20101612,,table3_lti_by_fault_type_anonymised.csv:row11,System / engine-family case=CAT C7 engine case A BB / CAT C7 shaftline case A; Fault or condition=Additive depletion; Detection/event reference=Oil-led alert at Month -1.0; ND (oil-led); Reference class=ND (oil-led); Recommended CBM action=Oil-led CBM; 500 h vibration / 125 h oil; Included in mechanical LTI summary=no,{}
shipkg:dataset:1ceeb4cad6d8,shipkg:run:bd1a1e06b4eb,edge:e8c8577267a9233d,HAS_RUN,,reported,ev:879c069ed129535a,Marine_Engine_Fault_Data_v1.zip,https://zenodo.org/records/19857425,,dataset_index.csv:Pump_Cavitation/CW_Pump_Cavitation_60_Load.csv,"file_name=Pump_Cavitation/CW_Pump_Cavitation_60_Load.csv; schema_type=scenario; scenario=Cooling-water pump cavitation; nominal_load=60%; severity_or_program=single load condition; header_rows=3; data_rows=5845; columns=73; anomaly_state=binary (0=pre-anomaly, 1=anomaly); notes=Pre-anomaly and anomaly segments. Compressor Filter Loss (dPf) and Turbine Back Pressure (dPex) not recorded in this run (columns present but empty).",{}
shipkg:run:0024b0cf204d,shipkg:fault:0e24c2957173,edge:e8fb5d6d9da903c6,TESTS_FAULT,,reported,ev:64a3e1d72c1647d2,Marine_Engine_Fault_Data_v1.zip,https://zenodo.org/records/19857425,,dataset_index.csv:AF_Clogging/AF_Clogging_60_Load.csv,"file_name=AF_Clogging/AF_Clogging_60_Load.csv; schema_type=scenario; scenario=Air-filter clogging (compressor); nominal_load=60%; severity_or_program=single load condition; header_rows=3; data_rows=6819; columns=73; anomaly_state=binary (0=pre-anomaly, 1=anomaly); notes=Pre-anomaly and anomaly segments.",{}
shipkg:dataset:1ceeb4cad6d8,shipkg:sensor:2c5d17b46b26,edge:ea13b5c72413de93,HAS_CHANNEL,,reported,ev:9f20c51ce9a64e85,Marine_Engine_Fault_Data_v1.zip,https://zenodo.org/records/19857425,,variable_dictionary.csv:Cooling Water Temp. Engine Out II,full_name=Cooling Water Temp. Engine Out II; symbol=T8; unit=°C; dtype=number; in_reference=TRUE; in_scenario_files=TRUE; category=temperature,{}
shipkg:dataset:19e52eb49467,shipkg:fault:ebfac27b4d41,edge:ea408031a5706e10,SHOWS_CONDITION,,simulated,ev:a50b62c3875a33d5,TSRF_main.zip,https://github.com/TS-RF/TSRF,,data/Ring-wear.csv,Ring-wear.csv,{}
shipkg:dataset:1ceeb4cad6d8,shipkg:sensor:34c1108e4156,edge:eb9820d2f30f30f4,HAS_CHANNEL,,reported,ev:f04d1f439a274c32,Marine_Engine_Fault_Data_v1.zip,https://zenodo.org/records/19857425,,variable_dictionary.csv:Indicated Work No.3,full_name=Indicated Work No.3; symbol=Wi; unit=J; dtype=number; in_reference=TRUE; in_scenario_files=TRUE; category=performance / derived; note=shorthand label is reused across cylinder-resolved and/or aggregate variables; use the full variable-name row during preprocessing,{}
shipkg:dataset:710ea13e53ac,shipkg:observation:f5d747e68b69,edge:ec32b6f345cc361f,HAS_CASE,,reported,ev:596b2f398d646f0b,Azimuth_Thruster_CBM_Dataset.zip,https://zenodo.org/records/20101612,,table3_lti_by_fault_type_anonymised.csv:row1,System / engine-family case=CAT C7 shaftline reductor / CAT C7 case A; Fault or condition=Structural looseness; Detection/event reference=Vibration alert Month -3.5; operational failure/gearbox repair; Reference class=LTI_operational; LTI / warning (mo)=3.5; Warning (h)=525.0; Recommended CBM action=Vibration-only CBM; 125 h vibration interval; Included in mechanical LTI summary=yes,{}
shipkg:case:187dc871fbd5,shipkg:action:b1b278b9bbdd,edge:ec34500d561a3beb,INVOLVES,spirit_of_discovery_pods_2023,reported,ev:c7e7236b07b0d8d2,MAIB_2026_06_Spirit_of_Discovery_propulsion_loss.pdf,https://www.gov.uk/maib-reports/loss-of-propulsion-in-heavy-weather-experienced-by-the-passenger-vessel-spirit-of-discovery-leading-to-over-100-injuries-and-one-fatality,53,PDF page 53,obal GmbH & Co. KG has: ● Updated the SISHIp eSiPods software and corrected the operators’ manual. ● Updated the PCS to include a revised WLS sequence activation that allows the crew to intervene and prevent the SISHIp eSiPODs parking at 90° to the vessel’s heading. ● Increased the SISHIp eSiPODs overspeed activation point following a mechanical evaluation of the systems. ● Improved the position of the SISHIp eSiPODs bilg,{}
shipkg:dataset:1ceeb4cad6d8,shipkg:run:6c075208cdc0,edge:ec95dc1fa6992435,HAS_RUN,,reported,ev:9de953977942cbdf,Marine_Engine_Fault_Data_v1.zip,https://zenodo.org/records/19857425,,dataset_index.csv:Turbine_Degradation/Turbine_Degradation_40_Load.csv,"file_name=Turbine_Degradation/Turbine_Degradation_40_Load.csv; schema_type=scenario; scenario=Turbine degradation; nominal_load=40%; severity_or_program=single load condition; header_rows=3; data_rows=6397; columns=73; anomaly_state=binary (0=pre-anomaly, 1=anomaly); notes=Pre-anomaly and anomaly segments.",{}
shipkg:case:1e6479e108d9,shipkg:consequence:4016217446bf,edge:ecd21828868f7b9d,INVOLVES,kommandor_susan_dg1_2025,reported,ev:390711bc162bb6ce,MAIB_2026_10_Kommandor_Susan_generator_bearing_failure.pdf,https://www.gov.uk/maib-reports/catastrophic-engine-failure-and-subsequent-fire-on-board-the-site-investigation-vessel-kommandor-susan,1,PDF page 1,"r Susan suffered a catastrophic failure of a diesel generator engine while conducting sea trials in the Firth of Forth, Scotland. The failure resulted in an engine room fire and a complete power blackout. The crew responded promptly, extinguished the fire and mustered safely. The vessel lost propulsion and began drifting eastwards. Attempts to deploy anchors were unsuccessful because the anchor winches required electrical power t",{}
shipkg:dataset:1ceeb4cad6d8,shipkg:sensor:31faff89b311,edge:ede40320c4ce187a,HAS_CHANNEL,,reported,ev:572a54544e373533,Marine_Engine_Fault_Data_v1.zip,https://zenodo.org/records/19857425,,variable_dictionary.csv:Fuel Oil Temp. Flow meter In,full_name=Fuel Oil Temp. Flow meter In; symbol=T21; unit=°C; dtype=number; in_reference=TRUE; in_scenario_files=TRUE; category=temperature,{}
shipkg:case:187dc871fbd5,shipkg:fault:c830e7992f26,edge:ee29e9d5aa94c5ec,INVOLVES,spirit_of_discovery_pods_2023,reported,ev:5d3cde311b090a6a,MAIB_2026_06_Spirit_of_Discovery_propulsion_loss.pdf,https://www.gov.uk/maib-reports/loss-of-propulsion-in-heavy-weather-experienced-by-the-passenger-vessel-spirit-of-discovery-leading-to-over-100-injuries-and-one-fatality,42,PDF page 42,e rpm of each pod’s propulsion motor very rapidly increased and exceeded the preset overspeed limitation. The pod’s PCS therefore automatically tripped the power to its motor to prevent it being damaged. Spirit of Discovery’s engineers could likely have quickly reset the port and starboard motors and restored the vessel’s propulsion had the propulsion motor overspeed trips been the only issue. However,{}
shipkg:dataset:1ceeb4cad6d8,shipkg:sensor:872567f0bd88,edge:eedeeafafedb05b6,HAS_CHANNEL,,reported,ev:0df6fda26336ffc4,Marine_Engine_Fault_Data_v1.zip,https://zenodo.org/records/19857425,,variable_dictionary.csv:Effective Work No.2,full_name=Effective Work No.2; symbol=We; unit=kW; dtype=number; in_reference=TRUE; in_scenario_files=TRUE; category=performance / derived; note=shorthand label is reused across cylinder-resolved and/or aggregate variables; use the full variable-name row during preprocessing,{}
shipkg:run:c2058b46e618,shipkg:condition:103a0ae5358b,edge:f019e5835fab2c46,AT_LOAD,,reported,ev:4369bc44687256ab,Marine_Engine_Fault_Data_v1.zip,https://zenodo.org/records/19857425,,dataset_index.csv:AC_Fouling/AC_Fouling_85_Load.csv,"file_name=AC_Fouling/AC_Fouling_85_Load.csv; schema_type=scenario; scenario=Air-cooler fouling; nominal_load=85%; severity_or_program=single load condition; header_rows=3; data_rows=5801; columns=73; anomaly_state=binary (0=pre-anomaly, 1=anomaly); notes=Pre-anomaly and anomaly segments. Compressor Filter Loss (dPf) and Turbine Back Pressure (dPex) not recorded in this run (columns present but empty).",{}
shipkg:run:bd1a1e06b4eb,shipkg:condition:df365e2b0777,edge:f1e601e66751d624,AT_LOAD,,reported,ev:879c069ed129535a,Marine_Engine_Fault_Data_v1.zip,https://zenodo.org/records/19857425,,dataset_index.csv:Pump_Cavitation/CW_Pump_Cavitation_60_Load.csv,"file_name=Pump_Cavitation/CW_Pump_Cavitation_60_Load.csv; schema_type=scenario; scenario=Cooling-water pump cavitation; nominal_load=60%; severity_or_program=single load condition; header_rows=3; data_rows=5845; columns=73; anomaly_state=binary (0=pre-anomaly, 1=anomaly); notes=Pre-anomaly and anomaly segments. Compressor Filter Loss (dPf) and Turbine Back Pressure (dPex) not recorded in this run (columns present but empty).",{}
shipkg:dataset:1ceeb4cad6d8,shipkg:sensor:366f77564e58,edge:f331bb2d23d88bfe,HAS_CHANNEL,,reported,ev:1fe44331fadb665a,Marine_Engine_Fault_Data_v1.zip,https://zenodo.org/records/19857425,,variable_dictionary.csv:No.1 Exh.Gas Temp.,full_name=No.1 Exh.Gas Temp.; symbol=T1; unit=°C; dtype=number; in_reference=TRUE; in_scenario_files=TRUE; category=temperature,{}
shipkg:case:adf367a46f33,shipkg:cause:8a2abf94d478,edge:f666dae6f01177ac,INVOLVES,wight_sky_me2_2018,reported,ev:f586cbe874297cd1,MAIB_2022_04_Wight_Sky_multiple_engine_failures.pdf,https://assets.publishing.service.gov.uk/media/6267cc85e90e071690c1b679/2022-4-WightSky-Report.pdf,84,PDF page 84,"main journal and crankpin was blocked off when the bearing shells turned in their housing. Poor fuel combustion, the presence of silica sand and other abrasive particles embedded in the main bearing shells, engine misalignment, high levels of vibration, and contaminated lubricating oil might all have contributed to the event failure. [2.3.1] 3. Wight Sky’s ME4 failed catastrophically because of an assembly error during build at Vol",{}
shipkg:case:d6e9f8f8ade2,shipkg:source:a4b58f363149,edge:f7d3c136149f9f3e,DOCUMENTED_BY,finlandia_seaways_me_2018,reported,ev:eb8d9ba0db21fede,MAIB_2021_02_Finlandia_Seaways_connecting_rod_failure.pdf,https://www.gov.uk/maib-reports/engine-failure-and-subsequent-fire-on-ro-ro-cargo-vessel-finlandia-seaways-with-1-person-injured,9,PDF page 9,"ent and Incident Investigation Division and the engine manufacturer, MAN Diesel and Turbo SE. The investigation identified that a fracture of the connecting rod small end had led to the sudden failure of the main engine. The investigation also found that the method used to replace the connecting rod small end piston pin bearing bushes by the vessel manager’s maintenance support contractor had intr",{}
shipkg:case:187dc871fbd5,shipkg:consequence:7de07882b364,edge:f7f3e6ed5fcb1562,INVOLVES,spirit_of_discovery_pods_2023,reported,ev:a61057fac0fe1035,MAIB_2026_06_Spirit_of_Discovery_propulsion_loss.pdf,https://www.gov.uk/maib-reports/loss-of-propulsion-in-heavy-weather-experienced-by-the-passenger-vessel-spirit-of-discovery-leading-to-over-100-injuries-and-one-fatality,51,PDF page 51,"e vessel. [2.3.1] 3. The loss of control was exacerbated by the initiation of the pod’s water leakage stop sequence, which led to both pods being parked at 90° to the vessel’s heading. This caused the vessel to lose steerage, its bow to swing to port and its motion to become even more severe. [2.3.1] 4. The vessel’s propulsion control system was unable to prevent the loss of propulsion when its movement was wi",{}
shipkg:check:313a552b87bf,shipkg:cause:29f8307f5eed,edge:f88ba84487c8e409,CHECKS,finlandia_seaways_me_2018,derived_action,ev:33782f93bde6d8a1,MAIB_2021_02_Finlandia_Seaways_connecting_rod_failure.pdf,https://www.gov.uk/maib-reports/engine-failure-and-subsequent-fire-on-ro-ro-cargo-vessel-finlandia-seaways-with-1-person-injured,56,PDF page 56,"d a competent fitter to undertake the specific task of removing the piston pin bushes at its workshops in Klaipeda. Despite this, seven of the intact 11 small ends removed from Finlandia Seaways’ engine were found to have notch damage on the internal surfaces of their small end eyes. Three of Botnia Seaways’ small ends had similar damage and three had evidence of localised heat damage. Although the technical investigations did not identify when the damage had",{}
shipkg:cause:0c02674d6024,shipkg:fault:2c644dcfc770,edge:f91e30b569a1ffe4,CONTRIBUTED_TO,kommandor_susan_dg1_2025,probable,ev:5f282b514e870587,MAIB_2026_10_Kommandor_Susan_generator_bearing_failure.pdf,https://www.gov.uk/maib-reports/catastrophic-engine-failure-and-subsequent-fire-on-board-the-site-investigation-vessel-kommandor-susan,5,PDF page 5,oot cause is failure of connecting rod bearing number five. The excessive wear on the other connecting rod bearings show that the most likely root cause for the bearing failure is weak bonding of the copper layer. Evidence of weak material bonding was found in several bearings (Figure 4). Figure 3: Comparison between genuine OEM (left) and CTP bottom end bearings (right) Image courtesy of Pon Power,{}
shipkg:dataset:1ceeb4cad6d8,shipkg:sensor:173be47ae689,edge:fb34bd4df3c583e0,HAS_CHANNEL,,reported,ev:9adb71d01088504c,Marine_Engine_Fault_Data_v1.zip,https://zenodo.org/records/19857425,,variable_dictionary.csv:Exh. Gas Mass Flow,full_name=Exh. Gas Mass Flow; symbol=Mexh; unit=kg/s; dtype=number; in_reference=TRUE; in_scenario_files=TRUE; category=flow / fuel / air,{}
shipkg:case:adf367a46f33,shipkg:system:5d1dca19fd66,edge:fd4ddfffcf5bc874,IN_SYSTEM,wight_sky_me2_2018,reported,ev:4846a9af2b7e6456,MAIB_2022_04_Wight_Sky_multiple_engine_failures.pdf,https://assets.publishing.service.gov.uk/media/6267cc85e90e071690c1b679/2022-4-WightSky-Report.pdf,84,PDF page 84,"S 3.1 SAFETY ISSUES DIRECTLY CONTRIBUTING TO THE ACCIDENTS THAT HAVE BEEN ADDRESSED OR RESULTED IN RECOMMENDATIONS 1. Wight Sky’s ME2 failed catastrophically due to a sudden loss of lubricating oil supply to its number five main journal bearing and number four crankpin. [2.3.1] 2. The oilway to the main journal and crankpin was blocked off when the bearing shells turned in their housing. Poor fuel combustion, the presence of silic",{}
shipkg:dataset:1ceeb4cad6d8,shipkg:sensor:0d9978f872ad,edge:fe049a757fc3bcaa,HAS_CHANNEL,,reported,ev:80918215733870aa,Marine_Engine_Fault_Data_v1.zip,https://zenodo.org/records/19857425,,variable_dictionary.csv:Exh.Gas Power,full_name=Exh.Gas Power; symbol=Qexh2; unit=kW; dtype=number; in_reference=TRUE; in_scenario_files=TRUE; category=other,{}
shipkg:dataset:1ceeb4cad6d8,shipkg:sensor:5c1900646ca4,edge:fe7d4eb6c9fdf2b2,HAS_CHANNEL,,reported,ev:300d98a15fc95cf3,Marine_Engine_Fault_Data_v1.zip,https://zenodo.org/records/19857425,,variable_dictionary.csv:Charge Air IC Cooling water flow,full_name=Charge Air IC Cooling water flow; symbol=Qw_air; unit=m3/h; dtype=number; in_reference=TRUE; in_scenario_files=TRUE; category=flow / fuel / air,{}
