起点节点,起点类型,起点主要属性,关系名称,终点节点,终点类型,终点主要属性,关系性质,证据性质,所属案例或知识单元,来源文件,来源位置,来源链接,起点ID,关系代码,终点ID,关系ID,证据ID,图谱版本
主机无法继续运行,故障,故障层级：具体故障或事件,导致,失去推进,后果,,因果类,报告明确记载,事故案例：滑油滤芯漏装与主机抱轴,MAIB_2013_Safety_Digest_lubrication_bearing_cases.pdf,物理第21页；PDF page 21,https://assets.publishing.service.gov.uk/government/uploads/system/uploads/attachment_data/file/876748/2013-SD2-MAIBSafetyDigest.pdf,shipkg:fault:4865d7c855d8,LEADS_TO,shipkg:consequence:d1c468a6b34b,edge:4482b776ade00dbc,ev:893e7a7822c901f6,4.3
主机海水冷却管疑似失效,故障,故障层级：具体故障或事件,影响部件,主机海水冷却管,部件,,非因果（归属、分类、检查或建议等）,报告明确记载,事故案例：海水冷却管疑似失效与沉没,MAIB_2016_Safety_Digest_generator_oil_fire.pdf,物理第60页；PDF page 60,https://assets.publishing.service.gov.uk/media/5e81e5d2d3bf7f13416961fa/2016-SD1-MAIBSafetyDigest.pdf,shipkg:fault:72c71c94ca13,AFFECTS_COMPONENT,shipkg:component:a53bfe23945e,edge:59c4a68230fbe396,ev:e235f3eb9480640d,4.3
主机海水冷却管疑似失效,故障,故障层级：具体故障或事件,归属系统,冷却与海水系统,系统,系统层级：功能系统,非因果（归属、分类、检查或建议等）,研究者分类（非因果结论）,,MAIB_2016_Safety_Digest_generator_oil_fire.pdf,物理第60页；PDF page 60,https://assets.publishing.service.gov.uk/media/5e81e5d2d3bf7f13416961fa/2016-SD1-MAIBSafetyDigest.pdf,shipkg:fault:72c71c94ca13,BELONGS_TO_SYSTEM,shipkg:subsystem:512427f592b7,edge:4f6d750ca8f3a804,ev:e235f3eb9480640d,4.3
主机海水冷却管疑似失效,故障,故障层级：具体故障或事件,很可能导致,机舱进水,后果,,因果类,很可能,事故案例：海水冷却管疑似失效与沉没,MAIB_2016_Safety_Digest_generator_oil_fire.pdf,物理第60页；PDF page 60,https://assets.publishing.service.gov.uk/media/5e81e5d2d3bf7f13416961fa/2016-SD1-MAIBSafetyDigest.pdf,shipkg:fault:72c71c94ca13,LEADS_TO,shipkg:consequence:81fff36694d8,edge:099f38915e5b1a9c,ev:e235f3eb9480640d,4.3
主机灾难性失效,故障,故障层级：具体故障或事件,导致,机舱火灾,后果,,因果类,报告明确记载,事故案例：主机重装后轴承失效与火灾,MAIB_2018_14_Wight_Sky_engine_bearing_fire.pdf,物理第1页；PDF page 1,https://assets.publishing.service.gov.uk/media/5b5217c7ed915d0b81e003df/MAIBInvReport14_2018.pdf,shipkg:fault:fee4df6aeb24,LEADS_TO,shipkg:consequence:775549e4c085,edge:7c222be8825bc855,ev:feb3c28c6560bd03,4.3
主机灾难性失效,故障,故障层级：具体故障或事件,导致,机舱火灾,后果,,因果类,报告明确记载,事故案例：主机连杆小端疲劳断裂,MAIB_2021_02_Finlandia_Seaways_connecting_rod_failure.pdf,物理第9页；PDF page 9,https://www.gov.uk/maib-reports/engine-failure-and-subsequent-fire-on-ro-ro-cargo-vessel-finlandia-seaways-with-1-person-injured,shipkg:fault:fee4df6aeb24,LEADS_TO,shipkg:consequence:775549e4c085,edge:ab3cbed2a2a61e2c,ev:471026a1392177a8,4.3
主机离合器脱开,故障,故障层级：具体故障或事件,影响部件,主机离合器,部件,,非因果（归属、分类、检查或建议等）,报告明确记载,事故案例：控制空气不足与离合器脱开,MAIB_2013_Safety_Digest_lubrication_bearing_cases.pdf,物理第14页；PDF page 14,https://assets.publishing.service.gov.uk/government/uploads/system/uploads/attachment_data/file/876748/2013-SD2-MAIBSafetyDigest.pdf,shipkg:fault:4cb7be531584,AFFECTS_COMPONENT,shipkg:component:6f0aead2b5a6,edge:5b39376c40628993,ev:4f930aa49cf38734,4.3
主机离合器脱开,故障,故障层级：具体故障或事件,归属系统,传动与推进系统,系统,系统层级：功能系统,非因果（归属、分类、检查或建议等）,研究者分类（非因果结论）,,MAIB_2013_Safety_Digest_lubrication_bearing_cases.pdf,物理第14页；PDF page 14,https://assets.publishing.service.gov.uk/government/uploads/system/uploads/attachment_data/file/876748/2013-SD2-MAIBSafetyDigest.pdf,shipkg:fault:4cb7be531584,BELONGS_TO_SYSTEM,shipkg:subsystem:5e357a568055,edge:7e970cae72ca3bfa,ev:4f930aa49cf38734,4.3
主机离合器脱开,故障,故障层级：具体故障或事件,导致,靠泊推进制动能力丧失,后果,,因果类,报告明确记载,事故案例：控制空气不足与离合器脱开,MAIB_2013_Safety_Digest_lubrication_bearing_cases.pdf,物理第15页；PDF page 15,https://assets.publishing.service.gov.uk/government/uploads/system/uploads/attachment_data/file/876748/2013-SD2-MAIBSafetyDigest.pdf,shipkg:fault:4cb7be531584,LEADS_TO,shipkg:consequence:c5047807b300,edge:66050a54d6f46dab,ev:16e773b397fb6388,4.3
主轴承咬死,故障,故障层级：具体故障或事件,影响部件,曲轴主轴承,部件,,非因果（归属、分类、检查或建议等）,报告明确记载,事故案例：滑油滤芯漏装与主机抱轴,MAIB_2013_Safety_Digest_lubrication_bearing_cases.pdf,物理第21页；PDF page 21,https://assets.publishing.service.gov.uk/government/uploads/system/uploads/attachment_data/file/876748/2013-SD2-MAIBSafetyDigest.pdf,shipkg:fault:ce4fe75e21d8,AFFECTS_COMPONENT,shipkg:component:67b7bcd7344e,edge:e08960eb7eecab46,ev:df67722cb172233f,4.3
主轴承咬死,故障,故障层级：具体故障或事件,归属系统,润滑与轴承系统,系统,系统层级：功能系统,非因果（归属、分类、检查或建议等）,研究者分类（非因果结论）,,MAIB_2013_Safety_Digest_lubrication_bearing_cases.pdf,物理第21页；PDF page 21,https://assets.publishing.service.gov.uk/government/uploads/system/uploads/attachment_data/file/876748/2013-SD2-MAIBSafetyDigest.pdf,shipkg:fault:ce4fe75e21d8,BELONGS_TO_SYSTEM,shipkg:subsystem:d08eaf16cc46,edge:a00df66932c3b4a0,ev:f82c24711a999936,4.3
主轴承咬死,故障,故障层级：具体故障或事件,归入故障类别,烧瓦与轴承咬死,故障,故障层级：故障类别；知识层级：参考；耦合领域：热-机；适用范围：主机滑动轴承；烧瓦是检索用的工程统称，不能把全部轴瓦疲劳、瓦片转位或轴承失效直接标成已证实烧瓦。；语义类别：参考故障类别；数据性质：参考知识,非因果（归属、分类、检查或建议等）,研究者分类（非因果结论）,knowledge:bearing_seizure,MAN_SL2013_569_bearing_wear_monitoring.pdf,物理第2页；PDF page 2,https://www.man-es.com/docs/default-source/service-letters/sl2013-569.pdf,shipkg:fault:ce4fe75e21d8,INSTANCE_OF,shipkg:faulttype:3353dce7f4ad,edge:d3ce04da2aa38ab5,ev:0523deba67297b7c,4.3
主轴承咬死,故障,故障层级：具体故障或事件,导致,主机无法继续运行,故障,故障层级：具体故障或事件,因果类,报告明确记载,事故案例：滑油滤芯漏装与主机抱轴,MAIB_2013_Safety_Digest_lubrication_bearing_cases.pdf,物理第21页；PDF page 21,https://assets.publishing.service.gov.uk/government/uploads/system/uploads/attachment_data/file/876748/2013-SD2-MAIBSafetyDigest.pdf,shipkg:fault:ce4fe75e21d8,LEADS_TO,shipkg:fault:4865d7c855d8,edge:f6980acf5b577143,ev:76540dbe3ce4a2dc,4.3
主轴承咬死,故障,故障层级：具体故障或事件,导致,曲轴与机座需大修,后果,,因果类,厂家一般机理/指导（须核对机型）,knowledge:bearing_seizure,MAN_SL2013_569_bearing_wear_monitoring.pdf,物理第2页；PDF page 2,https://www.man-es.com/docs/default-source/service-letters/sl2013-569.pdf,shipkg:fault:ce4fe75e21d8,LEADS_TO,shipkg:consequence:0d26b4ebcffb,edge:88e048fbad4564a1,ev:7598b98aa07fcb83,4.3
主轴承瓦片转位,故障,故障层级：具体故障或事件,影响部件,ME2 5号主轴承,部件,,非因果（归属、分类、检查或建议等）,报告明确记载,事故案例：ME2主轴承断油失效,MAIB_2022_04_Wight_Sky_multiple_engine_failures.pdf,物理第84页；PDF page 84,https://assets.publishing.service.gov.uk/media/6267cc85e90e071690c1b679/2022-4-WightSky-Report.pdf,shipkg:fault:aba0717d72a0,AFFECTS_COMPONENT,shipkg:component:be4ab56339d8,edge:c92d57e440182816,ev:0b7a42308cc8b6cc,4.3
主轴承瓦片转位,故障,故障层级：具体故障或事件,影响部件,故障主机5号主轴承,部件,,非因果（归属、分类、检查或建议等）,报告明确记载,事故案例：主机重装后轴承失效与火灾,MAIB_2018_14_Wight_Sky_engine_bearing_fire.pdf,物理第14页；PDF page 14,https://assets.publishing.service.gov.uk/media/5b5217c7ed915d0b81e003df/MAIBInvReport14_2018.pdf,shipkg:fault:aba0717d72a0,AFFECTS_COMPONENT,shipkg:component:45c063af0c7c,edge:2e10fd82cbcb1ef5,ev:1637d85df75c53f0,4.3
主轴承瓦片转位,故障,故障层级：具体故障或事件,归属系统,润滑与轴承系统,系统,系统层级：功能系统,非因果（归属、分类、检查或建议等）,研究者分类（非因果结论）,,MAIB_2013_Safety_Digest_lubrication_bearing_cases.pdf,物理第21页；PDF page 21,https://assets.publishing.service.gov.uk/government/uploads/system/uploads/attachment_data/file/876748/2013-SD2-MAIBSafetyDigest.pdf,shipkg:fault:aba0717d72a0,BELONGS_TO_SYSTEM,shipkg:subsystem:d08eaf16cc46,edge:de02a35079302b7d,ev:09940c64e5709cec,4.3
主轴承瓦片转位,故障,故障层级：具体故障或事件,导致,曲轴主轴承与曲柄销断油,故障,故障层级：具体故障或事件,因果类,报告明确记载,事故案例：ME2主轴承断油失效,MAIB_2022_04_Wight_Sky_multiple_engine_failures.pdf,物理第84页；PDF page 84,https://assets.publishing.service.gov.uk/media/6267cc85e90e071690c1b679/2022-4-WightSky-Report.pdf,shipkg:fault:aba0717d72a0,LEADS_TO,shipkg:fault:96cc1c0ff36e,edge:d49bfb0e69feaca9,ev:a67a93bfec361edf,4.3
主轴承瓦片转位,故障,故障层级：具体故障或事件,导致,油道堵塞,故障,故障层级：具体故障或事件,因果类,报告明确记载,事故案例：滑油滤芯漏装与主机抱轴,MAIB_2013_Safety_Digest_lubrication_bearing_cases.pdf,物理第21页；PDF page 21,https://assets.publishing.service.gov.uk/government/uploads/system/uploads/attachment_data/file/876748/2013-SD2-MAIBSafetyDigest.pdf,shipkg:fault:aba0717d72a0,LEADS_TO,shipkg:fault:8969204ea965,edge:f822c98b6b4fd479,ev:09940c64e5709cec,4.3
主轴承瓦片转位,故障,故障层级：具体故障或事件,导致,连杆大端轴承断油,故障,故障层级：具体故障或事件,因果类,报告明确记载,事故案例：主机重装后轴承失效与火灾,MAIB_2018_14_Wight_Sky_engine_bearing_fire.pdf,物理第14页；PDF page 14,https://assets.publishing.service.gov.uk/media/5b5217c7ed915d0b81e003df/MAIBInvReport14_2018.pdf,shipkg:fault:aba0717d72a0,LEADS_TO,shipkg:fault:d047fdea9ee9,edge:a3e2a6f635c06758,ev:dcba2393344bd01c,4.3
二号压缩机排气阀损坏,故障,故障层级：具体故障或事件,影响部件,二号压缩机排气阀,部件,,非因果（归属、分类、检查或建议等）,报告明确记载,事故案例：控制空气不足与离合器脱开,MAIB_2013_Safety_Digest_lubrication_bearing_cases.pdf,物理第15页；PDF page 15,https://assets.publishing.service.gov.uk/government/uploads/system/uploads/attachment_data/file/876748/2013-SD2-MAIBSafetyDigest.pdf,shipkg:fault:40958d8dddba,AFFECTS_COMPONENT,shipkg:component:0dcadce61c82,edge:096efa24a969e938,ev:9c5f7101c8442b54,4.3
二号压缩机排气阀损坏,故障,故障层级：具体故障或事件,归属系统,燃油与进排气系统,系统,系统层级：功能系统,非因果（归属、分类、检查或建议等）,研究者分类（非因果结论）,,MAIB_2013_Safety_Digest_lubrication_bearing_cases.pdf,物理第15页；PDF page 15,https://assets.publishing.service.gov.uk/government/uploads/system/uploads/attachment_data/file/876748/2013-SD2-MAIBSafetyDigest.pdf,shipkg:fault:40958d8dddba,BELONGS_TO_SYSTEM,shipkg:subsystem:52e7560c8465,edge:8450033baf33e125,ev:9c5f7101c8442b54,4.3
二号压缩机排气阀损坏,故障,故障层级：具体故障或事件,促成,两台压缩机供气不足,工况与状态,,因果类,报告明确记载,事故案例：控制空气不足与离合器脱开,MAIB_2013_Safety_Digest_lubrication_bearing_cases.pdf,物理第15页；PDF page 15,https://assets.publishing.service.gov.uk/government/uploads/system/uploads/attachment_data/file/876748/2013-SD2-MAIBSafetyDigest.pdf,shipkg:fault:40958d8dddba,CONTRIBUTED_TO,shipkg:condition:ed8375f7583f,edge:37ba783e68d5a5a2,ev:c0ffd1edc9aa8938,4.3
全部推进电机停机,故障,故障层级：具体故障或事件,归属系统,传动与推进系统,系统,系统层级：功能系统,非因果（归属、分类、检查或建议等）,研究者分类（非因果结论）,,MAIB_2011_28_Queen_Mary_2_harmonic_filter_failure.pdf,物理第13页；PDF page 13,https://assets.digital.cabinet-office.gov.uk/media/547c6fa6ed915d4c10000031/QM2Report.pdf,shipkg:fault:7d56f05dfb4b,BELONGS_TO_SYSTEM,shipkg:subsystem:5e357a568055,edge:e6fc20b5afd7b37d,ev:f4ea99f2d07cb7c1,4.3
全部推进电机停机,故障,故障层级：具体故障或事件,归属系统,电力与控制系统,系统,系统层级：功能系统,非因果（归属、分类、检查或建议等）,研究者分类（非因果结论）,,MAIB_2011_28_Queen_Mary_2_harmonic_filter_failure.pdf,物理第13页；PDF page 13,https://assets.digital.cabinet-office.gov.uk/media/547c6fa6ed915d4c10000031/QM2Report.pdf,shipkg:fault:7d56f05dfb4b,BELONGS_TO_SYSTEM,shipkg:subsystem:4539c38d0a84,edge:c7669cd06e67bc96,ev:f4ea99f2d07cb7c1,4.3
全部推进电机停机,故障,故障层级：具体故障或事件,导致,失去推进,后果,,因果类,报告明确记载,事故案例：谐波滤波电容失效与全船失电,MAIB_2011_28_Queen_Mary_2_harmonic_filter_failure.pdf,物理第13页；PDF page 13,https://assets.digital.cabinet-office.gov.uk/media/547c6fa6ed915d4c10000031/QM2Report.pdf,shipkg:fault:7d56f05dfb4b,LEADS_TO,shipkg:consequence:d1c468a6b34b,edge:dc2be68ce73454a4,ev:c1d3874bb4a2345c,4.3
冷却回路汽蚀,故障,故障层级：故障类别；知识层级：参考；耦合领域：热-机；适用范围：扫气空气冷却器水侧；该证据描述低流量局部沸腾及管路汽蚀，不等同于已证明所有冷却泵汽蚀由此引起。；语义类别：参考故障类别；数据性质：参考知识,来源于,MAN efficiency improvements main engine auxiliary systems,资料来源,来源层级：资料级,非因果（归属、分类、检查或建议等）,报告明确记载,knowledge:cooling_cavitation,MAN_main_engine_auxiliary_efficiency.pdf,物理第11页；PDF page 11,https://www.man-es.com/docs/default-source/document-sync/efficiency-improvements-main-engine-auxiliary-systems-eng.pdf,shipkg:faulttype:f8ea1aa17718,DOCUMENTED_BY,shipkg:source:69975c6f70a5,edge:5c93417a0cc6f093,ev:2d4645410e75d447,4.3
冷却回路汽蚀,故障,故障层级：故障类别；知识层级：参考；耦合领域：热-机；适用范围：扫气空气冷却器水侧；该证据描述低流量局部沸腾及管路汽蚀，不等同于已证明所有冷却泵汽蚀由此引起。；语义类别：参考故障类别；数据性质：参考知识,涉及工况与状态,冷却器水侧局部沸腾,工况与状态,,非因果（归属、分类、检查或建议等）,研究者分类（非因果结论）,knowledge:cooling_cavitation,MAN_main_engine_auxiliary_efficiency.pdf,物理第11页；PDF page 11,https://www.man-es.com/docs/default-source/document-sync/efficiency-improvements-main-engine-auxiliary-systems-eng.pdf,shipkg:faulttype:f8ea1aa17718,INVOLVES,shipkg:condition:654fd1d6ce35,edge:d6019c5d96f67955,ev:2d4645410e75d447,4.3
冷却回路汽蚀,故障,故障层级：故障类别；知识层级：参考；耦合领域：热-机；适用范围：扫气空气冷却器水侧；该证据描述低流量局部沸腾及管路汽蚀，不等同于已证明所有冷却泵汽蚀由此引起。；语义类别：参考故障类别；数据性质：参考知识,涉及故障,冷却水管路汽蚀,故障,故障层级：具体故障或事件,非因果（归属、分类、检查或建议等）,研究者分类（非因果结论）,knowledge:cooling_cavitation,MAN_main_engine_auxiliary_efficiency.pdf,物理第11页；PDF page 11,https://www.man-es.com/docs/default-source/document-sync/efficiency-improvements-main-engine-auxiliary-systems-eng.pdf,shipkg:faulttype:f8ea1aa17718,INVOLVES,shipkg:fault:0ad9453d012b,edge:55324e3c0f114933,ev:fbe07737c9447c24,4.3
冷却回路汽蚀,故障,故障层级：故障类别；知识层级：参考；耦合领域：热-机；适用范围：扫气空气冷却器水侧；该证据描述低流量局部沸腾及管路汽蚀，不等同于已证明所有冷却泵汽蚀由此引起。；语义类别：参考故障类别；数据性质：参考知识,涉及工况与状态,扫气空气冷却器水流量过低,工况与状态,,非因果（归属、分类、检查或建议等）,研究者分类（非因果结论）,knowledge:cooling_cavitation,MAN_main_engine_auxiliary_efficiency.pdf,物理第11页；PDF page 11,https://www.man-es.com/docs/default-source/document-sync/efficiency-improvements-main-engine-auxiliary-systems-eng.pdf,shipkg:faulttype:f8ea1aa17718,INVOLVES,shipkg:condition:0abf74811b34,edge:669531f0d11140ad,ev:2d4645410e75d447,4.3
冷却回路汽蚀,故障,故障层级：故障类别；知识层级：参考；耦合领域：热-机；适用范围：扫气空气冷却器水侧；该证据描述低流量局部沸腾及管路汽蚀，不等同于已证明所有冷却泵汽蚀由此引起。；语义类别：参考故障类别；数据性质：参考知识,涉及症状,扫气空气温度升高,症状,,非因果（归属、分类、检查或建议等）,研究者分类（非因果结论）,knowledge:cooling_cavitation,MAN_main_engine_auxiliary_efficiency.pdf,物理第11页；PDF page 11,https://www.man-es.com/docs/default-source/document-sync/efficiency-improvements-main-engine-auxiliary-systems-eng.pdf,shipkg:faulttype:f8ea1aa17718,INVOLVES,shipkg:symptom:986db6816df4,edge:fae55111f22503c3,ev:9b96e30fbe8114af,4.3
冷却回路汽蚀,故障,故障层级：故障类别；知识层级：参考；耦合领域：热-机；适用范围：扫气空气冷却器水侧；该证据描述低流量局部沸腾及管路汽蚀，不等同于已证明所有冷却泵汽蚀由此引起。；语义类别：参考故障类别；数据性质：参考知识,涉及检查方法,检查扫气冷却器流量及水侧状态,检查方法,,非因果（归属、分类、检查或建议等）,研究者分类（非因果结论）,knowledge:cooling_cavitation,MAN_main_engine_auxiliary_efficiency.pdf,物理第11页；PDF page 11,https://www.man-es.com/docs/default-source/document-sync/efficiency-improvements-main-engine-auxiliary-systems-eng.pdf,shipkg:faulttype:f8ea1aa17718,INVOLVES,shipkg:check:7015063ef15d,edge:250daa18db4d1b2d,ev:a4b9b5883574eb17,4.3
冷却回路汽蚀,故障,故障层级：故障类别；知识层级：参考；耦合领域：热-机；适用范围：扫气空气冷却器水侧；该证据描述低流量局部沸腾及管路汽蚀，不等同于已证明所有冷却泵汽蚀由此引起。；语义类别：参考故障类别；数据性质：参考知识,涉及故障,气缸磨损增加,故障,故障层级：具体故障或事件,非因果（归属、分类、检查或建议等）,研究者分类（非因果结论）,knowledge:cooling_cavitation,MAN_main_engine_auxiliary_efficiency.pdf,物理第11页；PDF page 11,https://www.man-es.com/docs/default-source/document-sync/efficiency-improvements-main-engine-auxiliary-systems-eng.pdf,shipkg:faulttype:f8ea1aa17718,INVOLVES,shipkg:fault:6e677eff9bb9,edge:3b9ad0d4ceb80585,ev:cac3b1da7944aa5a,4.3
冷却回路汽蚀,故障,故障层级：故障类别；知识层级：参考；耦合领域：热-机；适用范围：扫气空气冷却器水侧；该证据描述低流量局部沸腾及管路汽蚀，不等同于已证明所有冷却泵汽蚀由此引起。；语义类别：参考故障类别；数据性质：参考知识,涉及运维措施,维持厂家要求的扫气冷却器水流量,运维措施,,非因果（归属、分类、检查或建议等）,研究者分类（非因果结论）,knowledge:cooling_cavitation,MAN_main_engine_auxiliary_efficiency.pdf,物理第11页；PDF page 11,https://www.man-es.com/docs/default-source/document-sync/efficiency-improvements-main-engine-auxiliary-systems-eng.pdf,shipkg:faulttype:f8ea1aa17718,INVOLVES,shipkg:action:b12de133c87b,edge:1536e7dbec11efc9,ev:a4b9b5883574eb17,4.3
冷却回路汽蚀,故障,故障层级：故障类别；知识层级：参考；耦合领域：热-机；适用范围：扫气空气冷却器水侧；该证据描述低流量局部沸腾及管路汽蚀，不等同于已证明所有冷却泵汽蚀由此引起。；语义类别：参考故障类别；数据性质：参考知识,涉及系统,冷却与海水系统,系统,系统层级：功能系统,非因果（归属、分类、检查或建议等）,研究者分类（非因果结论）,knowledge:cooling_cavitation,MAN_main_engine_auxiliary_efficiency.pdf,物理第11页；PDF page 11,https://www.man-es.com/docs/default-source/document-sync/efficiency-improvements-main-engine-auxiliary-systems-eng.pdf,shipkg:faulttype:f8ea1aa17718,IN_SYSTEM,shipkg:subsystem:512427f592b7,edge:b7bf394e390710c8,ev:2d4645410e75d447,4.3
冷却回路汽蚀,故障,故障层级：故障类别；知识层级：参考；耦合领域：热-机；适用范围：扫气空气冷却器水侧；该证据描述低流量局部沸腾及管路汽蚀，不等同于已证明所有冷却泵汽蚀由此引起。；语义类别：参考故障类别；数据性质：参考知识,涉及系统,燃油与进排气系统,系统,系统层级：功能系统,非因果（归属、分类、检查或建议等）,研究者分类（非因果结论）,knowledge:cooling_cavitation,MAN_main_engine_auxiliary_efficiency.pdf,物理第11页；PDF page 11,https://www.man-es.com/docs/default-source/document-sync/efficiency-improvements-main-engine-auxiliary-systems-eng.pdf,shipkg:faulttype:f8ea1aa17718,IN_SYSTEM,shipkg:subsystem:52e7560c8465,edge:ddf470f0ec05af00,ev:2d4645410e75d447,4.3
冷却水泵吸空,故障,来源可靠性层级：二次语料；专家核验状态：待核验；故障层级：事件/状态；知识层级：二次中文语料知识；适用范围：文中共享中央淡水冷却回路；须核对本船空压机冷却器与副机回路连接,语料记载·导致,副机冷却水供给中断,工况与状态,来源可靠性层级：二次语料；专家核验状态：待核验；知识层级：二次中文语料知识；适用范围：文中共享中央淡水冷却回路；须核对本船空压机冷却器与副机回路连接,因果类,中文二次语料记载（原文核对，待专家确认）,corpus:3fc204fbafaf,marine_diesel_RAG_corpus_All_data.zip,test/船机帮一起副机冷却水失压停车故障的处理和原因分析.md:normalized_chars=1324:1348,https://zenodo.org/records/20258638,shipkg:fault:1270ab231522,LEADS_TO,shipkg:condition:c6be2b8a4cc5,edge:1a0379184e0b1f25,ev:5a20d40e7fad62d8,4.3
冷却水泵汽蚀,故障,故障层级：具体故障或事件,归属系统,冷却与海水系统,系统,系统层级：功能系统,非因果（归属、分类、检查或建议等）,研究者分类（非因果结论）,,Marine_Engine_Fault_Data_v1.zip,dataset_index.csv:Pump_Cavitation/CW_Pump_Cavitation_85_Load.csv,https://zenodo.org/records/19857425,shipkg:fault:e03af5ed68c1,BELONGS_TO_SYSTEM,shipkg:subsystem:512427f592b7,edge:9e3094523470666b,ev:234ecd08fe047445,4.3
冷却水管路汽蚀,故障,故障层级：具体故障或事件,归属系统,冷却与海水系统,系统,系统层级：功能系统,非因果（归属、分类、检查或建议等）,研究者分类（非因果结论）,,MAN_main_engine_auxiliary_efficiency.pdf,物理第11页；PDF page 11,https://www.man-es.com/docs/default-source/document-sync/efficiency-improvements-main-engine-auxiliary-systems-eng.pdf,shipkg:fault:0ad9453d012b,BELONGS_TO_SYSTEM,shipkg:subsystem:512427f592b7,edge:d99cd37d10a0b2ca,ev:fbe07737c9447c24,4.3
冷却水管路汽蚀,故障,故障层级：具体故障或事件,归入故障类别,冷却回路汽蚀,故障,故障层级：故障类别；知识层级：参考；耦合领域：热-机；适用范围：扫气空气冷却器水侧；该证据描述低流量局部沸腾及管路汽蚀，不等同于已证明所有冷却泵汽蚀由此引起。；语义类别：参考故障类别；数据性质：参考知识,非因果（归属、分类、检查或建议等）,研究者分类（非因果结论）,knowledge:cooling_cavitation,MAN_main_engine_auxiliary_efficiency.pdf,物理第11页；PDF page 11,https://www.man-es.com/docs/default-source/document-sync/efficiency-improvements-main-engine-auxiliary-systems-eng.pdf,shipkg:fault:0ad9453d012b,INSTANCE_OF,shipkg:faulttype:f8ea1aa17718,edge:f723bbcf2a7901a6,ev:fbe07737c9447c24,4.3
冷却水通道堵塞与热过载,故障,故障层级：故障类别；知识层级：参考；耦合领域：热-机；适用范围：MAN四冲程柴油机闭式淡水冷却；水质要求与添加剂须按具体机型手册确认。；语义类别：参考故障类别；数据性质：参考知识,来源于,MAN SL2016-623 cooling water treatment and periodical testing,资料来源,来源层级：资料级,非因果（归属、分类、检查或建议等）,报告明确记载,knowledge:coolant_blockage,MAN_SL2016_623_cooling_water.pdf,物理第2页；PDF page 2,https://www.man-es.com/docs/default-source/service-letters/sl2016-623.pdf,shipkg:faulttype:660e09f63773,DOCUMENTED_BY,shipkg:source:2be14752326a,edge:ec20706ed9eea2ce,ev:1ac13d5b81e13593,4.3
冷却水通道堵塞与热过载,故障,故障层级：故障类别；知识层级：参考；耦合领域：热-机；适用范围：MAN四冲程柴油机闭式淡水冷却；水质要求与添加剂须按具体机型手册确认。；语义类别：参考故障类别；数据性质：参考知识,涉及原因,冷却水水质或处理不当,原因,,非因果（归属、分类、检查或建议等）,研究者分类（非因果结论）,knowledge:coolant_blockage,MAN_SL2016_623_cooling_water.pdf,物理第2页；PDF page 2,https://www.man-es.com/docs/default-source/service-letters/sl2016-623.pdf,shipkg:faulttype:660e09f63773,INVOLVES,shipkg:cause:c5d7e29b6c94,edge:de5a862c5f6875ee,ev:1ac13d5b81e13593,4.3
冷却水通道堵塞与热过载,故障,故障层级：故障类别；知识层级：参考；耦合领域：热-机；适用范围：MAN四冲程柴油机闭式淡水冷却；水质要求与添加剂须按具体机型手册确认。；语义类别：参考故障类别；数据性质：参考知识,涉及故障,冷却水通道结垢堵塞,故障,故障层级：具体故障或事件,非因果（归属、分类、检查或建议等）,研究者分类（非因果结论）,knowledge:coolant_blockage,MAN_SL2016_623_cooling_water.pdf,物理第2页；PDF page 2,https://www.man-es.com/docs/default-source/service-letters/sl2016-623.pdf,shipkg:faulttype:660e09f63773,INVOLVES,shipkg:fault:0b115c0dd100,edge:11b27f2c7d4f531d,ev:1ac13d5b81e13593,4.3
冷却水通道堵塞与热过载,故障,故障层级：故障类别；知识层级：参考；耦合领域：热-机；适用范围：MAN四冲程柴油机闭式淡水冷却；水质要求与添加剂须按具体机型手册确认。；语义类别：参考故障类别；数据性质：参考知识,涉及运维措施,按本机手册处理冷却水并定期送检,运维措施,,非因果（归属、分类、检查或建议等）,研究者分类（非因果结论）,knowledge:coolant_blockage,MAN_SL2016_623_cooling_water.pdf,物理第3页；PDF page 3,https://www.man-es.com/docs/default-source/service-letters/sl2016-623.pdf,shipkg:faulttype:660e09f63773,INVOLVES,shipkg:action:6234e02eed7e,edge:dbe48f5f44bca2f9,ev:63871ec3ef77a2d6,4.3
冷却水通道堵塞与热过载,故障,故障层级：故障类别；知识层级：参考；耦合领域：热-机；适用范围：MAN四冲程柴油机闭式淡水冷却；水质要求与添加剂须按具体机型手册确认。；语义类别：参考故障类别；数据性质：参考知识,涉及工况与状态,换热能力降低,工况与状态,,非因果（归属、分类、检查或建议等）,研究者分类（非因果结论）,knowledge:coolant_blockage,MAN_SL2016_623_cooling_water.pdf,物理第2页；PDF page 2,https://www.man-es.com/docs/default-source/service-letters/sl2016-623.pdf,shipkg:faulttype:660e09f63773,INVOLVES,shipkg:condition:88ba505ebf5b,edge:993b77e83376eba6,ev:5e17a921acb00b63,4.3
冷却水通道堵塞与热过载,故障,故障层级：故障类别；知识层级：参考；耦合领域：热-机；适用范围：MAN四冲程柴油机闭式淡水冷却；水质要求与添加剂须按具体机型手册确认。；语义类别：参考故障类别；数据性质：参考知识,涉及故障,排气阀座开裂泄漏,故障,故障层级：具体故障或事件,非因果（归属、分类、检查或建议等）,研究者分类（非因果结论）,knowledge:coolant_blockage,MAN_SL2016_623_cooling_water.pdf,物理第2页；PDF page 2,https://www.man-es.com/docs/default-source/service-letters/sl2016-623.pdf,shipkg:faulttype:660e09f63773,INVOLVES,shipkg:fault:1ff35faef80c,edge:407989b69ef9c36d,ev:4cdcbf4e0a149c7e,4.3
冷却水通道堵塞与热过载,故障,故障层级：故障类别；知识层级：参考；耦合领域：热-机；适用范围：MAN四冲程柴油机闭式淡水冷却；水质要求与添加剂须按具体机型手册确认。；语义类别：参考故障类别；数据性质：参考知识,涉及检查方法,检测冷却水硬度和抑制剂浓度,检查方法,,非因果（归属、分类、检查或建议等）,研究者分类（非因果结论）,knowledge:coolant_blockage,MAN_SL2016_623_cooling_water.pdf,物理第3页；PDF page 3,https://www.man-es.com/docs/default-source/service-letters/sl2016-623.pdf,shipkg:faulttype:660e09f63773,INVOLVES,shipkg:check:e53578d74732,edge:52613af2df3efb73,ev:9282652d0f980004,4.3
冷却水通道堵塞与热过载,故障,故障层级：故障类别；知识层级：参考；耦合领域：热-机；适用范围：MAN四冲程柴油机闭式淡水冷却；水质要求与添加剂须按具体机型手册确认。；语义类别：参考故障类别；数据性质：参考知识,涉及故障,被冷却部件热过载,故障,故障层级：具体故障或事件,非因果（归属、分类、检查或建议等）,研究者分类（非因果结论）,knowledge:coolant_blockage,MAN_SL2016_623_cooling_water.pdf,物理第2页；PDF page 2,https://www.man-es.com/docs/default-source/service-letters/sl2016-623.pdf,shipkg:faulttype:660e09f63773,INVOLVES,shipkg:fault:41a15c8ffad7,edge:e3a5c848013e8ca2,ev:0aa614f9faf8b6fd,4.3
冷却水通道堵塞与热过载,故障,故障层级：故障类别；知识层级：参考；耦合领域：热-机；适用范围：MAN四冲程柴油机闭式淡水冷却；水质要求与添加剂须按具体机型手册确认。；语义类别：参考故障类别；数据性质：参考知识,涉及系统,冷却与海水系统,系统,系统层级：功能系统,非因果（归属、分类、检查或建议等）,研究者分类（非因果结论）,knowledge:coolant_blockage,MAN_SL2016_623_cooling_water.pdf,物理第2页；PDF page 2,https://www.man-es.com/docs/default-source/service-letters/sl2016-623.pdf,shipkg:faulttype:660e09f63773,IN_SYSTEM,shipkg:subsystem:512427f592b7,edge:38c71a0af58e42b5,ev:1ac13d5b81e13593,4.3
冷却水通道堵塞与热过载,故障,故障层级：故障类别；知识层级：参考；耦合领域：热-机；适用范围：MAN四冲程柴油机闭式淡水冷却；水质要求与添加剂须按具体机型手册确认。；语义类别：参考故障类别；数据性质：参考知识,涉及系统,燃油与进排气系统,系统,系统层级：功能系统,非因果（归属、分类、检查或建议等）,研究者分类（非因果结论）,knowledge:coolant_blockage,MAN_SL2016_623_cooling_water.pdf,物理第2页；PDF page 2,https://www.man-es.com/docs/default-source/service-letters/sl2016-623.pdf,shipkg:faulttype:660e09f63773,IN_SYSTEM,shipkg:subsystem:52e7560c8465,edge:8c87932d5803d6a3,ev:1ac13d5b81e13593,4.3
冷却水通道结垢堵塞,故障,故障层级：具体故障或事件,归属系统,冷却与海水系统,系统,系统层级：功能系统,非因果（归属、分类、检查或建议等）,研究者分类（非因果结论）,,MAN_SL2016_623_cooling_water.pdf,物理第2页；PDF page 2,https://www.man-es.com/docs/default-source/service-letters/sl2016-623.pdf,shipkg:fault:0b115c0dd100,BELONGS_TO_SYSTEM,shipkg:subsystem:512427f592b7,edge:462c7f8c20d8b0af,ev:1ac13d5b81e13593,4.3
冷却水通道结垢堵塞,故障,故障层级：具体故障或事件,归入故障类别,冷却水通道堵塞与热过载,故障,故障层级：故障类别；知识层级：参考；耦合领域：热-机；适用范围：MAN四冲程柴油机闭式淡水冷却；水质要求与添加剂须按具体机型手册确认。；语义类别：参考故障类别；数据性质：参考知识,非因果（归属、分类、检查或建议等）,研究者分类（非因果结论）,knowledge:coolant_blockage,MAN_SL2016_623_cooling_water.pdf,物理第2页；PDF page 2,https://www.man-es.com/docs/default-source/service-letters/sl2016-623.pdf,shipkg:fault:0b115c0dd100,INSTANCE_OF,shipkg:faulttype:660e09f63773,edge:2456f1de9ee8e68e,ev:1ac13d5b81e13593,4.3
冷却水通道结垢堵塞,故障,故障层级：具体故障或事件,导致,换热能力降低,工况与状态,,因果类,厂家一般机理/指导（须核对机型）,knowledge:coolant_blockage,MAN_SL2016_623_cooling_water.pdf,物理第2页；PDF page 2,https://www.man-es.com/docs/default-source/service-letters/sl2016-623.pdf,shipkg:fault:0b115c0dd100,LEADS_TO,shipkg:condition:88ba505ebf5b,edge:334bf86681a182cc,ev:5e17a921acb00b63,4.3
压力滑油喷漏,故障,故障层级：具体故障或事件,归属系统,润滑与轴承系统,系统,系统层级：功能系统,非因果（归属、分类、检查或建议等）,研究者分类（非因果结论）,,MAIB_2016_Safety_Digest_generator_oil_fire.pdf,物理第26页；PDF page 26,https://assets.publishing.service.gov.uk/media/5e81e5d2d3bf7f13416961fa/2016-SD1-MAIBSafetyDigest.pdf,shipkg:fault:d26785dacafa,BELONGS_TO_SYSTEM,shipkg:subsystem:d08eaf16cc46,edge:05f1ae2e0881bbcf,ev:05847d350f09dacc,4.3
压力滑油喷漏,故障,故障层级：具体故障或事件,导致,滑油喷雾接触高温排气护罩,故障,故障层级：具体故障或事件,因果类,报告明确记载,事故案例：发电机滑油泵堵头松脱火灾,MAIB_2016_Safety_Digest_generator_oil_fire.pdf,物理第26页；PDF page 26,https://assets.publishing.service.gov.uk/media/5e81e5d2d3bf7f13416961fa/2016-SD1-MAIBSafetyDigest.pdf,shipkg:fault:d26785dacafa,LEADS_TO,shipkg:fault:5bc176965c58,edge:f322909ce717c0d3,ev:a36fbb3ebb9e478c,4.3
压力燃油泄漏,故障,故障层级：具体故障或事件,归属系统,燃油与进排气系统,系统,系统层级：功能系统,非因果（归属、分类、检查或建议等）,研究者分类（非因果结论）,,MAIB_2024_20_Stena_Europe_fuel_spray_fire.pdf,物理第29页；PDF page 29,https://assets.publishing.service.gov.uk/media/6756db0ba63e1781efb87793/2024-20-StenaEurope.pdf,shipkg:fault:3349e319bedc,BELONGS_TO_SYSTEM,shipkg:subsystem:52e7560c8465,edge:0f1ff5fa49494e9b,ev:2d2994aad520a17a,4.3
压力燃油泄漏,故障,故障层级：具体故障或事件,导致,燃油喷向裸露高温排气歧管,故障,故障层级：具体故障或事件,因果类,报告明确记载,事故案例：燃油法兰松动与主机火灾,MAIB_2024_20_Stena_Europe_fuel_spray_fire.pdf,物理第29页；PDF page 29,https://assets.publishing.service.gov.uk/media/6756db0ba63e1781efb87793/2024-20-StenaEurope.pdf,shipkg:fault:3349e319bedc,LEADS_TO,shipkg:fault:256ba55c5fb2,edge:2bb6eae6a44bbf06,ev:2d2994aad520a17a,4.3
压气机空气滤清器堵塞,故障,故障层级：具体故障或事件,归属系统,燃油与进排气系统,系统,系统层级：功能系统,非因果（归属、分类、检查或建议等）,研究者分类（非因果结论）,,Marine_Engine_Fault_Data_v1.zip,dataset_index.csv:AF_Clogging/AF_Clogging_75_Load.csv,https://zenodo.org/records/19857425,shipkg:fault:0e24c2957173,BELONGS_TO_SYSTEM,shipkg:subsystem:52e7560c8465,edge:79b53f73ea93fe6f,ev:f6bc70bef0a65cb3,4.3
压缩机下端轴承过热失效,故障,故障层级：具体故障或事件,归属系统,润滑与轴承系统,系统,系统层级：功能系统,非因果（归属、分类、检查或建议等）,研究者分类（非因果结论）,,MAIB_2013_Safety_Digest_lubrication_bearing_cases.pdf,物理第15页；PDF page 15,https://assets.publishing.service.gov.uk/government/uploads/system/uploads/attachment_data/file/876748/2013-SD2-MAIBSafetyDigest.pdf,shipkg:fault:ccbff4c4e10b,BELONGS_TO_SYSTEM,shipkg:subsystem:d08eaf16cc46,edge:a941c4a0c1aceb1f,ev:c0ffd1edc9aa8938,4.3
压缩机下端轴承过热失效,故障,故障层级：具体故障或事件,促成,两台压缩机供气不足,工况与状态,,因果类,报告明确记载,事故案例：控制空气不足与离合器脱开,MAIB_2013_Safety_Digest_lubrication_bearing_cases.pdf,物理第15页；PDF page 15,https://assets.publishing.service.gov.uk/government/uploads/system/uploads/attachment_data/file/876748/2013-SD2-MAIBSafetyDigest.pdf,shipkg:fault:ccbff4c4e10b,CONTRIBUTED_TO,shipkg:condition:ed8375f7583f,edge:896cf06f4f90c08a,ev:c0ffd1edc9aa8938,4.3
压缩机滑油排出管脱开,故障,故障层级：具体故障或事件,影响部件,压缩机润滑油排出管,部件,,非因果（归属、分类、检查或建议等）,报告明确记载,事故案例：控制空气不足与离合器脱开,MAIB_2013_Safety_Digest_lubrication_bearing_cases.pdf,物理第14页；PDF page 14,https://assets.publishing.service.gov.uk/government/uploads/system/uploads/attachment_data/file/876748/2013-SD2-MAIBSafetyDigest.pdf,shipkg:fault:2ac2de665aa1,AFFECTS_COMPONENT,shipkg:component:960fe73dbb4b,edge:602eace28bff4b46,ev:8e948de9b710ce4f,4.3
压缩机滑油排出管脱开,故障,故障层级：具体故障或事件,归属系统,润滑与轴承系统,系统,系统层级：功能系统,非因果（归属、分类、检查或建议等）,研究者分类（非因果结论）,,MAIB_2013_Safety_Digest_lubrication_bearing_cases.pdf,物理第14页；PDF page 14,https://assets.publishing.service.gov.uk/government/uploads/system/uploads/attachment_data/file/876748/2013-SD2-MAIBSafetyDigest.pdf,shipkg:fault:2ac2de665aa1,BELONGS_TO_SYSTEM,shipkg:subsystem:d08eaf16cc46,edge:9765f6108f870d1a,ev:8e948de9b710ce4f,4.3
压缩机滑油排出管脱开,故障,故障层级：具体故障或事件,促成,压缩机下端轴承过热失效,故障,故障层级：具体故障或事件,因果类,报告明确记载,事故案例：控制空气不足与离合器脱开,MAIB_2013_Safety_Digest_lubrication_bearing_cases.pdf,物理第14页；PDF page 14,https://assets.publishing.service.gov.uk/government/uploads/system/uploads/attachment_data/file/876748/2013-SD2-MAIBSafetyDigest.pdf,shipkg:fault:2ac2de665aa1,CONTRIBUTED_TO,shipkg:fault:ccbff4c4e10b,edge:b1ecac9cff5b11cd,ev:5bedf556e2401880,4.3
发电机滚动轴承磨损失效,故障,故障层级：具体故障或事件,归属系统,润滑与轴承系统,系统,系统层级：功能系统,非因果（归属、分类、检查或建议等）,研究者分类（非因果结论）,,STAMFORD_AGN076_alternator_bearings.pdf,物理第4页；PDF page 4,https://www.stamford-avk.com/sites/stamfordavk/files/2024-04/AGN076_C.pdf,shipkg:fault:ad105e83a5af,BELONGS_TO_SYSTEM,shipkg:subsystem:d08eaf16cc46,edge:a827c6a1ad0fea3b,ev:65e2c4b3facd8c2b,4.3
发电机滚动轴承磨损失效,故障,故障层级：具体故障或事件,归属系统,电力与控制系统,系统,系统层级：功能系统,非因果（归属、分类、检查或建议等）,研究者分类（非因果结论）,,STAMFORD_AGN076_alternator_bearings.pdf,物理第4页；PDF page 4,https://www.stamford-avk.com/sites/stamfordavk/files/2024-04/AGN076_C.pdf,shipkg:fault:ad105e83a5af,BELONGS_TO_SYSTEM,shipkg:subsystem:4539c38d0a84,edge:80992d00ee9429f8,ev:65e2c4b3facd8c2b,4.3
发电机滚动轴承磨损失效,故障,故障层级：具体故障或事件,归入故障类别,发电机轴承机械磨损,故障,故障层级：故障类别；知识层级：参考；耦合领域：热-机-电；适用范围：有滚动轴承的发电机或轴带发电机构型；滚动轴承与主机滑动轴瓦的失效机理不得混用。；语义类别：参考故障类别；数据性质：参考知识,非因果（归属、分类、检查或建议等）,研究者分类（非因果结论）,knowledge:generator_bearing_wear,STAMFORD_AGN076_alternator_bearings.pdf,物理第4页；PDF page 4,https://www.stamford-avk.com/sites/stamfordavk/files/2024-04/AGN076_C.pdf,shipkg:fault:ad105e83a5af,INSTANCE_OF,shipkg:faulttype:bff048b48ff1,edge:554fb67487d5e1d1,ev:65e2c4b3facd8c2b,4.3
发电机短路或非同期并机,故障,故障层级：具体故障或事件,归属系统,电力与控制系统,系统,系统层级：功能系统,非因果（归属、分类、检查或建议等）,研究者分类（非因果结论）,,STAMFORD_AGN035_fault_protection.pdf,物理第5页；PDF page 5,https://www.stamford-avk.com/sites/stamfordavk/files/AGNs/AGN-035_B-Overload-and-Fault-Protection.pdf,shipkg:fault:216400f082cf,BELONGS_TO_SYSTEM,shipkg:subsystem:4539c38d0a84,edge:8112e4563f715062,ev:5cf0da035bedd926,4.3
发电机短路或非同期并机,故障,故障层级：具体故障或事件,导致,联轴器瞬态转矩冲击,工况与状态,,因果类,厂家一般机理/指导（须核对机型）,knowledge:shaft_torsional,STAMFORD_AGN035_fault_protection.pdf,物理第5页；PDF page 5,https://www.stamford-avk.com/sites/stamfordavk/files/AGNs/AGN-035_B-Overload-and-Fault-Protection.pdf,shipkg:fault:216400f082cf,LEADS_TO,shipkg:condition:1500802ee98b,edge:eefedd80cdcdbdd0,ev:5cf0da035bedd926,4.3
发电机绕组绝缘劣化,故障,故障层级：故障类别；知识层级：参考；耦合领域：热-电；适用范围：STAMFORD/AvK发电机；检测与干燥作业须停电隔离，由合格人员依本机手册执行，本文不提供通用阈值或操作命令。；语义类别：参考故障类别；数据性质：参考知识,来源于,STAMFORD AGN035 overload fault protection and transient coupling torque,资料来源,来源层级：资料级,非因果（归属、分类、检查或建议等）,报告明确记载,knowledge:winding_insulation,STAMFORD_AGN035_fault_protection.pdf,物理第2页；PDF page 2,https://www.stamford-avk.com/sites/stamfordavk/files/AGNs/AGN-035_B-Overload-and-Fault-Protection.pdf,shipkg:faulttype:40cb53a64e31,DOCUMENTED_BY,shipkg:source:16ac71ef07c6,edge:6d32d97d110466c3,ev:454c2c34e07b2395,4.3
发电机绕组绝缘劣化,故障,故障层级：故障类别；知识层级：参考；耦合领域：热-电；适用范围：STAMFORD/AvK发电机；检测与干燥作业须停电隔离，由合格人员依本机手册执行，本文不提供通用阈值或操作命令。；语义类别：参考故障类别；数据性质：参考知识,来源于,STAMFORD AGN040 winding insulation system,资料来源,来源层级：资料级,非因果（归属、分类、检查或建议等）,报告明确记载,knowledge:winding_insulation,STAMFORD_AGN040_winding_insulation.pdf,物理第6页；PDF page 6,https://www.stamford-avk.com/sites/stamfordavk/files/AGNs/AGN-040_E-Winding-Insulation-System.pdf,shipkg:faulttype:40cb53a64e31,DOCUMENTED_BY,shipkg:source:9a1bbc4cf78c,edge:1c1aad52f1743530,ev:31bd0a2dcc933aac,4.3
发电机绕组绝缘劣化,故障,故障层级：故障类别；知识层级：参考；耦合领域：热-电；适用范围：STAMFORD/AvK发电机；检测与干燥作业须停电隔离，由合格人员依本机手册执行，本文不提供通用阈值或操作命令。；语义类别：参考故障类别；数据性质：参考知识,涉及故障,发电机绕组绝缘电阻降低,故障,故障层级：具体故障或事件,非因果（归属、分类、检查或建议等）,研究者分类（非因果结论）,knowledge:winding_insulation,STAMFORD_AGN040_winding_insulation.pdf,物理第6页；PDF page 6,https://www.stamford-avk.com/sites/stamfordavk/files/AGNs/AGN-040_E-Winding-Insulation-System.pdf,shipkg:faulttype:40cb53a64e31,INVOLVES,shipkg:fault:f09e1be695a7,edge:9371a20d59d38286,ev:31bd0a2dcc933aac,4.3
发电机绕组绝缘劣化,故障,故障层级：故障类别；知识层级：参考；耦合领域：热-电；适用范围：STAMFORD/AvK发电机；检测与干燥作业须停电隔离，由合格人员依本机手册执行，本文不提供通用阈值或操作命令。；语义类别：参考故障类别；数据性质：参考知识,涉及故障,发电机绝缘热劣化,故障,故障层级：具体故障或事件,非因果（归属、分类、检查或建议等）,研究者分类（非因果结论）,knowledge:winding_insulation,STAMFORD_AGN035_fault_protection.pdf,物理第2页；PDF page 2,https://www.stamford-avk.com/sites/stamfordavk/files/AGNs/AGN-035_B-Overload-and-Fault-Protection.pdf,shipkg:faulttype:40cb53a64e31,INVOLVES,shipkg:fault:8b8846e83caf,edge:f4e393236cdd2029,ev:454c2c34e07b2395,4.3
发电机绕组绝缘劣化,故障,故障层级：故障类别；知识层级：参考；耦合领域：热-电；适用范围：STAMFORD/AvK发电机；检测与干燥作业须停电隔离，由合格人员依本机手册执行，本文不提供通用阈值或操作命令。；语义类别：参考故障类别；数据性质：参考知识,涉及运维措施,按本机手册处理潮湿污染并验证绝缘,运维措施,,非因果（归属、分类、检查或建议等）,研究者分类（非因果结论）,knowledge:winding_insulation,STAMFORD_AGN040_winding_insulation.pdf,物理第6页；PDF page 6,https://www.stamford-avk.com/sites/stamfordavk/files/AGNs/AGN-040_E-Winding-Insulation-System.pdf,shipkg:faulttype:40cb53a64e31,INVOLVES,shipkg:action:1487f0a35cfe,edge:8523597eb0f25833,ev:245f0a658820c70a,4.3
发电机绕组绝缘劣化,故障,故障层级：故障类别；知识层级：参考；耦合领域：热-电；适用范围：STAMFORD/AvK发电机；检测与干燥作业须停电隔离，由合格人员依本机手册执行，本文不提供通用阈值或操作命令。；语义类别：参考故障类别；数据性质：参考知识,涉及工况与状态,故障电流切除超出热损伤时间范围,工况与状态,,非因果（归属、分类、检查或建议等）,研究者分类（非因果结论）,knowledge:winding_insulation,STAMFORD_AGN035_fault_protection.pdf,物理第2页；PDF page 2,https://www.stamford-avk.com/sites/stamfordavk/files/AGNs/AGN-035_B-Overload-and-Fault-Protection.pdf,shipkg:faulttype:40cb53a64e31,INVOLVES,shipkg:condition:5cabdd7ce44c,edge:630031f30cf9312a,ev:454c2c34e07b2395,4.3
发电机绕组绝缘劣化,故障,故障层级：故障类别；知识层级：参考；耦合领域：热-电；适用范围：STAMFORD/AvK发电机；检测与干燥作业须停电隔离，由合格人员依本机手册执行，本文不提供通用阈值或操作命令。；语义类别：参考故障类别；数据性质：参考知识,涉及工况与状态,绕组表面潮湿或污染,工况与状态,,非因果（归属、分类、检查或建议等）,研究者分类（非因果结论）,knowledge:winding_insulation,STAMFORD_AGN040_winding_insulation.pdf,物理第6页；PDF page 6,https://www.stamford-avk.com/sites/stamfordavk/files/AGNs/AGN-040_E-Winding-Insulation-System.pdf,shipkg:faulttype:40cb53a64e31,INVOLVES,shipkg:condition:06d3b90c2d7b,edge:0fac0de4ede4d3e0,ev:31bd0a2dcc933aac,4.3
发电机绕组绝缘劣化,故障,故障层级：故障类别；知识层级：参考；耦合领域：热-电；适用范围：STAMFORD/AvK发电机；检测与干燥作业须停电隔离，由合格人员依本机手册执行，本文不提供通用阈值或操作命令。；语义类别：参考故障类别；数据性质：参考知识,涉及检查方法,隔离后由合格人员检测绝缘电阻与极化指数,检查方法,,非因果（归属、分类、检查或建议等）,研究者分类（非因果结论）,knowledge:winding_insulation,STAMFORD_AGN040_winding_insulation.pdf,物理第6页；PDF page 6,https://www.stamford-avk.com/sites/stamfordavk/files/AGNs/AGN-040_E-Winding-Insulation-System.pdf,shipkg:faulttype:40cb53a64e31,INVOLVES,shipkg:check:e3171f6b59e1,edge:f1537cdb6f539138,ev:0e3fac9dc3cdbd8f,4.3
发电机绕组绝缘劣化,故障,故障层级：故障类别；知识层级：参考；耦合领域：热-电；适用范围：STAMFORD/AvK发电机；检测与干燥作业须停电隔离，由合格人员依本机手册执行，本文不提供通用阈值或操作命令。；语义类别：参考故障类别；数据性质：参考知识,涉及系统,冷却与海水系统,系统,系统层级：功能系统,非因果（归属、分类、检查或建议等）,研究者分类（非因果结论）,knowledge:winding_insulation,STAMFORD_AGN040_winding_insulation.pdf,物理第6页；PDF page 6,https://www.stamford-avk.com/sites/stamfordavk/files/AGNs/AGN-040_E-Winding-Insulation-System.pdf,shipkg:faulttype:40cb53a64e31,IN_SYSTEM,shipkg:subsystem:512427f592b7,edge:a5d0bf2917b2a861,ev:31bd0a2dcc933aac,4.3
发电机绕组绝缘劣化,故障,故障层级：故障类别；知识层级：参考；耦合领域：热-电；适用范围：STAMFORD/AvK发电机；检测与干燥作业须停电隔离，由合格人员依本机手册执行，本文不提供通用阈值或操作命令。；语义类别：参考故障类别；数据性质：参考知识,涉及系统,电力与控制系统,系统,系统层级：功能系统,非因果（归属、分类、检查或建议等）,研究者分类（非因果结论）,knowledge:winding_insulation,STAMFORD_AGN040_winding_insulation.pdf,物理第6页；PDF page 6,https://www.stamford-avk.com/sites/stamfordavk/files/AGNs/AGN-040_E-Winding-Insulation-System.pdf,shipkg:faulttype:40cb53a64e31,IN_SYSTEM,shipkg:subsystem:4539c38d0a84,edge:8130d986a0df2efa,ev:31bd0a2dcc933aac,4.3
发电机绕组绝缘电阻降低,故障,故障层级：具体故障或事件,归属系统,电力与控制系统,系统,系统层级：功能系统,非因果（归属、分类、检查或建议等）,研究者分类（非因果结论）,,STAMFORD_AGN040_winding_insulation.pdf,物理第6页；PDF page 6,https://www.stamford-avk.com/sites/stamfordavk/files/AGNs/AGN-040_E-Winding-Insulation-System.pdf,shipkg:fault:f09e1be695a7,BELONGS_TO_SYSTEM,shipkg:subsystem:4539c38d0a84,edge:83c4e6bc7e6f6225,ev:31bd0a2dcc933aac,4.3
发电机绕组绝缘电阻降低,故障,故障层级：具体故障或事件,归入故障类别,发电机绕组绝缘劣化,故障,故障层级：故障类别；知识层级：参考；耦合领域：热-电；适用范围：STAMFORD/AvK发电机；检测与干燥作业须停电隔离，由合格人员依本机手册执行，本文不提供通用阈值或操作命令。；语义类别：参考故障类别；数据性质：参考知识,非因果（归属、分类、检查或建议等）,研究者分类（非因果结论）,knowledge:winding_insulation,STAMFORD_AGN040_winding_insulation.pdf,物理第6页；PDF page 6,https://www.stamford-avk.com/sites/stamfordavk/files/AGNs/AGN-040_E-Winding-Insulation-System.pdf,shipkg:fault:f09e1be695a7,INSTANCE_OF,shipkg:faulttype:40cb53a64e31,edge:a933310b041781d7,ev:31bd0a2dcc933aac,4.3
发电机绝缘热劣化,故障,故障层级：具体故障或事件,归属系统,电力与控制系统,系统,系统层级：功能系统,非因果（归属、分类、检查或建议等）,研究者分类（非因果结论）,,STAMFORD_AGN035_fault_protection.pdf,物理第2页；PDF page 2,https://www.stamford-avk.com/sites/stamfordavk/files/AGNs/AGN-035_B-Overload-and-Fault-Protection.pdf,shipkg:fault:8b8846e83caf,BELONGS_TO_SYSTEM,shipkg:subsystem:4539c38d0a84,edge:83ca751fe68c2c5a,ev:454c2c34e07b2395,4.3
发电机轴承机械磨损,故障,故障层级：故障类别；知识层级：参考；耦合领域：热-机-电；适用范围：有滚动轴承的发电机或轴带发电机构型；滚动轴承与主机滑动轴瓦的失效机理不得混用。；语义类别：参考故障类别；数据性质：参考知识,来源于,STAMFORD AGN039 marine shaft generators,资料来源,来源层级：资料级,非因果（归属、分类、检查或建议等）,报告明确记载,knowledge:generator_bearing_wear,STAMFORD_AGN039_marine_shaft_generators.pdf,物理第2页；PDF page 2,https://www.stamford-avk.com/sites/stamfordavk/files/AGNs/AGN-039_C-Marine-Shaft-Generators.pdf,shipkg:faulttype:bff048b48ff1,DOCUMENTED_BY,shipkg:source:44dc69861c93,edge:f8a997fd212eac55,ev:e409b2a83322445c,4.3
发电机轴承机械磨损,故障,故障层级：故障类别；知识层级：参考；耦合领域：热-机-电；适用范围：有滚动轴承的发电机或轴带发电机构型；滚动轴承与主机滑动轴瓦的失效机理不得混用。；语义类别：参考故障类别；数据性质：参考知识,来源于,STAMFORD AGN076 alternator bearings,资料来源,来源层级：资料级,非因果（归属、分类、检查或建议等）,报告明确记载,knowledge:generator_bearing_wear,STAMFORD_AGN076_alternator_bearings.pdf,物理第4页；PDF page 4,https://www.stamford-avk.com/sites/stamfordavk/files/2024-04/AGN076_C.pdf,shipkg:faulttype:bff048b48ff1,DOCUMENTED_BY,shipkg:source:58a84c78e5b9,edge:d0b56d0752ecd999,ev:65e2c4b3facd8c2b,4.3
发电机轴承机械磨损,故障,故障层级：故障类别；知识层级：参考；耦合领域：热-机-电；适用范围：有滚动轴承的发电机或轴带发电机构型；滚动轴承与主机滑动轴瓦的失效机理不得混用。；语义类别：参考故障类别；数据性质：参考知识,涉及故障,发电机滚动轴承磨损失效,故障,故障层级：具体故障或事件,非因果（归属、分类、检查或建议等）,研究者分类（非因果结论）,knowledge:generator_bearing_wear,STAMFORD_AGN076_alternator_bearings.pdf,物理第4页；PDF page 4,https://www.stamford-avk.com/sites/stamfordavk/files/2024-04/AGN076_C.pdf,shipkg:faulttype:bff048b48ff1,INVOLVES,shipkg:fault:ad105e83a5af,edge:8f6c13b709c0fd51,ev:65e2c4b3facd8c2b,4.3
发电机轴承机械磨损,故障,故障层级：故障类别；知识层级：参考；耦合领域：热-机-电；适用范围：有滚动轴承的发电机或轴带发电机构型；滚动轴承与主机滑动轴瓦的失效机理不得混用。；语义类别：参考故障类别；数据性质：参考知识,涉及运维措施,按机型维护计划补脂并复核联轴器重量,运维措施,,非因果（归属、分类、检查或建议等）,研究者分类（非因果结论）,knowledge:generator_bearing_wear,STAMFORD_AGN039_marine_shaft_generators.pdf,物理第2页；PDF page 2,https://www.stamford-avk.com/sites/stamfordavk/files/AGNs/AGN-039_C-Marine-Shaft-Generators.pdf,shipkg:faulttype:bff048b48ff1,INVOLVES,shipkg:action:feb3b27e10a6,edge:4f0f4202cd5f432d,ev:e409b2a83322445c,4.3
发电机轴承机械磨损,故障,故障层级：故障类别；知识层级：参考；耦合领域：热-机-电；适用范围：有滚动轴承的发电机或轴带发电机构型；滚动轴承与主机滑动轴瓦的失效机理不得混用。；语义类别：参考故障类别；数据性质：参考知识,涉及检查方法,按轴承型式核查润滑及对中,检查方法,,非因果（归属、分类、检查或建议等）,研究者分类（非因果结论）,knowledge:generator_bearing_wear,STAMFORD_AGN076_alternator_bearings.pdf,物理第4页；PDF page 4,https://www.stamford-avk.com/sites/stamfordavk/files/2024-04/AGN076_C.pdf,shipkg:faulttype:bff048b48ff1,INVOLVES,shipkg:check:168aa4cf65c8,edge:0026d17f8758374e,ev:65e2c4b3facd8c2b,4.3
发电机轴承机械磨损,故障,故障层级：故障类别；知识层级：参考；耦合领域：热-机-电；适用范围：有滚动轴承的发电机或轴带发电机构型；滚动轴承与主机滑动轴瓦的失效机理不得混用。；语义类别：参考故障类别；数据性质：参考知识,涉及工况与状态,轴向振动引起轴承座微动,工况与状态,,非因果（归属、分类、检查或建议等）,研究者分类（非因果结论）,knowledge:generator_bearing_wear,STAMFORD_AGN076_alternator_bearings.pdf,物理第4页；PDF page 4,https://www.stamford-avk.com/sites/stamfordavk/files/2024-04/AGN076_C.pdf,shipkg:faulttype:bff048b48ff1,INVOLVES,shipkg:condition:4e433b14487c,edge:a9a29b5decafa8ba,ev:0bd224f4476f3548,4.3
发电机轴承机械磨损,故障,故障层级：故障类别；知识层级：参考；耦合领域：热-机-电；适用范围：有滚动轴承的发电机或轴带发电机构型；滚动轴承与主机滑动轴瓦的失效机理不得混用。；语义类别：参考故障类别；数据性质：参考知识,涉及工况与状态,轴承润滑脂不足或对中不良,工况与状态,,非因果（归属、分类、检查或建议等）,研究者分类（非因果结论）,knowledge:generator_bearing_wear,STAMFORD_AGN076_alternator_bearings.pdf,物理第4页；PDF page 4,https://www.stamford-avk.com/sites/stamfordavk/files/2024-04/AGN076_C.pdf,shipkg:faulttype:bff048b48ff1,INVOLVES,shipkg:condition:5b302d0da57d,edge:e03688be7f2b579a,ev:65e2c4b3facd8c2b,4.3
发电机轴承机械磨损,故障,故障层级：故障类别；知识层级：参考；耦合领域：热-机-电；适用范围：有滚动轴承的发电机或轴带发电机构型；滚动轴承与主机滑动轴瓦的失效机理不得混用。；语义类别：参考故障类别；数据性质：参考知识,涉及系统,传动与推进系统,系统,系统层级：功能系统,非因果（归属、分类、检查或建议等）,研究者分类（非因果结论）,knowledge:generator_bearing_wear,STAMFORD_AGN076_alternator_bearings.pdf,物理第4页；PDF page 4,https://www.stamford-avk.com/sites/stamfordavk/files/2024-04/AGN076_C.pdf,shipkg:faulttype:bff048b48ff1,IN_SYSTEM,shipkg:subsystem:5e357a568055,edge:0161f5694aa52822,ev:65e2c4b3facd8c2b,4.3
发电机轴承机械磨损,故障,故障层级：故障类别；知识层级：参考；耦合领域：热-机-电；适用范围：有滚动轴承的发电机或轴带发电机构型；滚动轴承与主机滑动轴瓦的失效机理不得混用。；语义类别：参考故障类别；数据性质：参考知识,涉及系统,润滑与轴承系统,系统,系统层级：功能系统,非因果（归属、分类、检查或建议等）,研究者分类（非因果结论）,knowledge:generator_bearing_wear,STAMFORD_AGN076_alternator_bearings.pdf,物理第4页；PDF page 4,https://www.stamford-avk.com/sites/stamfordavk/files/2024-04/AGN076_C.pdf,shipkg:faulttype:bff048b48ff1,IN_SYSTEM,shipkg:subsystem:d08eaf16cc46,edge:e681969faddd3784,ev:65e2c4b3facd8c2b,4.3
发电机轴承机械磨损,故障,故障层级：故障类别；知识层级：参考；耦合领域：热-机-电；适用范围：有滚动轴承的发电机或轴带发电机构型；滚动轴承与主机滑动轴瓦的失效机理不得混用。；语义类别：参考故障类别；数据性质：参考知识,涉及系统,电力与控制系统,系统,系统层级：功能系统,非因果（归属、分类、检查或建议等）,研究者分类（非因果结论）,knowledge:generator_bearing_wear,STAMFORD_AGN076_alternator_bearings.pdf,物理第4页；PDF page 4,https://www.stamford-avk.com/sites/stamfordavk/files/2024-04/AGN076_C.pdf,shipkg:faulttype:bff048b48ff1,IN_SYSTEM,shipkg:subsystem:4539c38d0a84,edge:6d4af11b4be9e1e2,ev:65e2c4b3facd8c2b,4.3
可调螺距桨倒车响应迟缓,故障,故障层级：具体故障或事件,影响部件,可调螺距桨反馈控制器,部件,,非因果（归属、分类、检查或建议等）,报告明确记载,事故案例：可调螺距桨倒车响应迟缓与码头碰撞,MAIB_2016_Safety_Digest_generator_oil_fire.pdf,物理第29页；PDF page 29,https://assets.publishing.service.gov.uk/media/5e81e5d2d3bf7f13416961fa/2016-SD1-MAIBSafetyDigest.pdf,shipkg:fault:fce2f501a499,AFFECTS_COMPONENT,shipkg:component:3295e52dd075,edge:9f193d4cada42c87,ev:dc67d8904baddd49,4.3
可调螺距桨倒车响应迟缓,故障,故障层级：具体故障或事件,导致,船艏撞击码头,后果,,因果类,报告明确记载,事故案例：可调螺距桨倒车响应迟缓与码头碰撞,MAIB_2016_Safety_Digest_generator_oil_fire.pdf,物理第29页；PDF page 29,https://assets.publishing.service.gov.uk/media/5e81e5d2d3bf7f13416961fa/2016-SD1-MAIBSafetyDigest.pdf,shipkg:fault:fce2f501a499,LEADS_TO,shipkg:consequence:2597a77f75b3,edge:63455525414a8808,ev:de42c2cda585b232,4.3
可调螺距桨回油法兰破裂,故障,故障层级：具体故障或事件,影响部件,回油法兰,部件,,非因果（归属、分类、检查或建议等）,报告明确记载,事故案例：液压背压阀卡滞与火灾,MAIB_2015_22_Pride_of_Canterbury_CPP_hydraulic_fire.pdf,物理第29页；PDF page 29,https://assets.digital.cabinet-office.gov.uk/media/563092daed915d566d000002/MAIBInvReport-22_2015.pdf,shipkg:fault:dd6aba2caf5a,AFFECTS_COMPONENT,shipkg:component:ed0a2ad1e065,edge:b2a661a026da52ad,ev:504217846ee2ac5f,4.3
可调螺距桨回油法兰破裂,故障,故障层级：具体故障或事件,导致,液压油喷向高温排气管,故障,故障层级：具体故障或事件,因果类,报告明确记载,事故案例：液压背压阀卡滞与火灾,MAIB_2015_22_Pride_of_Canterbury_CPP_hydraulic_fire.pdf,物理第29页；PDF page 29,https://assets.digital.cabinet-office.gov.uk/media/563092daed915d566d000002/MAIBInvReport-22_2015.pdf,shipkg:fault:dd6aba2caf5a,LEADS_TO,shipkg:fault:562580f2bf5a,edge:f1855f0334a94c6a,ev:b1d5068e305409aa,4.3
可调螺距桨执行器联轴器松脱,故障,故障层级：具体故障或事件,归属系统,传动与推进系统,系统,系统层级：功能系统,非因果（归属、分类、检查或建议等）,研究者分类（非因果结论）,,MAIB_2017_20_Hebrides_CPP_coupling.pdf,物理第30页；PDF page 30,https://assets.publishing.service.gov.uk/media/59b7ab1c40f0b61231e71a54/MAIBInvReport20_2017.pdf,shipkg:fault:7c36cc5888d4,BELONGS_TO_SYSTEM,shipkg:subsystem:5e357a568055,edge:011d8ea9c97433cc,ev:56138ddb26a2655e,4.3
可调螺距桨执行器联轴器松脱,故障,故障层级：具体故障或事件,归入故障类别,联轴器故障,故障,故障层级：故障类别；知识层级：参考；耦合领域：机-电；适用范围：实际证据是Hebrides的CPP执行器小型爪式联轴器，不是主推进轴联轴器断裂；主轴断裂根因不可由此推断。；语义类别：参考故障类别；数据性质：参考知识,非因果（归属、分类、检查或建议等）,研究者分类（非因果结论）,knowledge:coupling_failure,MAIB_2017_20_Hebrides_CPP_coupling.pdf,物理第35页；PDF page 35,https://assets.publishing.service.gov.uk/media/59b7ab1c40f0b61231e71a54/MAIBInvReport20_2017.pdf,shipkg:fault:7c36cc5888d4,INSTANCE_OF,shipkg:faulttype:12275851bbd1,edge:fb3714370d60b45b,ev:d3e64cd30311c1bb,4.3
可调螺距桨执行器联轴器松脱,故障,故障层级：具体故障或事件,导致,可调螺距桨执行器运动传递失效,故障,故障层级：具体故障或事件,因果类,报告明确记载,knowledge:coupling_failure,MAIB_2017_20_Hebrides_CPP_coupling.pdf,物理第30页；PDF page 30,https://assets.publishing.service.gov.uk/media/59b7ab1c40f0b61231e71a54/MAIBInvReport20_2017.pdf,shipkg:fault:7c36cc5888d4,LEADS_TO,shipkg:fault:7386c69bc1ea,edge:49ffbdd71fca320e,ev:56138ddb26a2655e,4.3
可调螺距桨执行器运动传递失效,故障,故障层级：具体故障或事件,导致,驾驶台丧失左舷螺距控制,故障,故障层级：具体故障或事件,因果类,报告明确记载,knowledge:coupling_failure,MAIB_2017_20_Hebrides_CPP_coupling.pdf,物理第30页；PDF page 30,https://assets.publishing.service.gov.uk/media/59b7ab1c40f0b61231e71a54/MAIBInvReport20_2017.pdf,shipkg:fault:7386c69bc1ea,LEADS_TO,shipkg:fault:675217222811,edge:18bcdfce6810c31b,ev:2cdda8701b9f350e,4.3
可调螺距桨系统超压,故障,故障层级：具体故障或事件,影响部件,螺距控制油路,部件,,非因果（归属、分类、检查或建议等）,报告明确记载,事故案例：液压背压阀卡滞与火灾,MAIB_2015_22_Pride_of_Canterbury_CPP_hydraulic_fire.pdf,物理第29页；PDF page 29,https://assets.digital.cabinet-office.gov.uk/media/563092daed915d566d000002/MAIBInvReport-22_2015.pdf,shipkg:fault:ae4a492efe41,AFFECTS_COMPONENT,shipkg:component:d16e663b1271,edge:4992dedca65165a2,ev:470e8782d7a79377,4.3
可调螺距桨系统超压,故障,故障层级：具体故障或事件,导致,可调螺距桨回油法兰破裂,故障,故障层级：具体故障或事件,因果类,报告明确记载,事故案例：液压背压阀卡滞与火灾,MAIB_2015_22_Pride_of_Canterbury_CPP_hydraulic_fire.pdf,物理第29页；PDF page 29,https://assets.digital.cabinet-office.gov.uk/media/563092daed915d566d000002/MAIBInvReport-22_2015.pdf,shipkg:fault:ae4a492efe41,LEADS_TO,shipkg:fault:dd6aba2caf5a,edge:758bddbadcad8848,ev:9cb1e1609e478a6f,4.3
可调螺距桨背压阀磨损卡滞,故障,故障层级：具体故障或事件,影响部件,背压阀PSV3,部件,,非因果（归属、分类、检查或建议等）,报告明确记载,事故案例：液压背压阀卡滞与火灾,MAIB_2015_22_Pride_of_Canterbury_CPP_hydraulic_fire.pdf,物理第27页；PDF page 27,https://assets.digital.cabinet-office.gov.uk/media/563092daed915d566d000002/MAIBInvReport-22_2015.pdf,shipkg:fault:1e5a23a200ad,AFFECTS_COMPONENT,shipkg:component:fd37cf4aeb64,edge:73f0fbdb8432f014,ev:cd6c3c8ec42fee37,4.3
可调螺距桨背压阀磨损卡滞,故障,故障层级：具体故障或事件,导致,可调螺距桨系统超压,故障,故障层级：具体故障或事件,因果类,报告明确记载,事故案例：液压背压阀卡滞与火灾,MAIB_2015_22_Pride_of_Canterbury_CPP_hydraulic_fire.pdf,物理第29页；PDF page 29,https://assets.digital.cabinet-office.gov.uk/media/563092daed915d566d000002/MAIBInvReport-22_2015.pdf,shipkg:fault:1e5a23a200ad,LEADS_TO,shipkg:fault:ae4a492efe41,edge:6dffccd015790a4e,ev:fbf6ef7897c61557,4.3
右舷螺距保持前进,故障,故障层级：具体故障或事件,影响部件,右舷可调螺距桨,部件,,非因果（归属、分类、检查或建议等）,报告明确记载,事故案例：误选可调螺距桨备用模式与泊位碰撞,MAIB_2016_Safety_Digest_generator_oil_fire.pdf,物理第20页；PDF page 20,https://assets.publishing.service.gov.uk/media/5e81e5d2d3bf7f13416961fa/2016-SD1-MAIBSafetyDigest.pdf,shipkg:fault:c44e6c4545bf,AFFECTS_COMPONENT,shipkg:component:282dcd34a768,edge:9bf92f367d2100f8,ev:a33dab8e3476ce99,4.3
右舷螺距保持前进,故障,故障层级：具体故障或事件,归属系统,传动与推进系统,系统,系统层级：功能系统,非因果（归属、分类、检查或建议等）,研究者分类（非因果结论）,,MAIB_2016_Safety_Digest_generator_oil_fire.pdf,物理第20页；PDF page 20,https://assets.publishing.service.gov.uk/media/5e81e5d2d3bf7f13416961fa/2016-SD1-MAIBSafetyDigest.pdf,shipkg:fault:c44e6c4545bf,BELONGS_TO_SYSTEM,shipkg:subsystem:5e357a568055,edge:c0837486a9c5f2c7,ev:a33dab8e3476ce99,4.3
右舷螺距保持前进,故障,故障层级：具体故障或事件,导致,船舶撞击跳板与泊位,后果,,因果类,报告明确记载,事故案例：误选可调螺距桨备用模式与泊位碰撞,MAIB_2016_Safety_Digest_generator_oil_fire.pdf,物理第19页；PDF page 19,https://assets.publishing.service.gov.uk/media/5e81e5d2d3bf7f13416961fa/2016-SD1-MAIBSafetyDigest.pdf,shipkg:fault:c44e6c4545bf,LEADS_TO,shipkg:consequence:5c4ffe048cb7,edge:dd0ca1362eba18ee,ev:a2b206da94882af3,4.3
吊舱转至90度停放,故障,故障层级：具体故障或事件；语义类别：保护动作事件,加重后果,失去操纵能力,后果,,因果类,报告明确记载,事故案例：大风浪中吊舱推进丧失,MAIB_2026_06_Spirit_of_Discovery_propulsion_loss.pdf,物理第51页；PDF page 51,https://www.gov.uk/maib-reports/loss-of-propulsion-in-heavy-weather-experienced-by-the-passenger-vessel-spirit-of-discovery-leading-to-over-100-injuries-and-one-fatality,shipkg:fault:d005e46c6652,WORSENS,shipkg:consequence:7de07882b364,edge:2567df4a8d750e32,ev:a61057fac0fe1035,4.3
喷油器喷嘴堵塞,故障,故障层级：具体故障或事件,归属系统,燃油与进排气系统,系统,系统层级：功能系统,非因果（归属、分类、检查或建议等）,研究者分类（非因果结论）,,Marine_Engine_Fault_Data_v1.zip,dataset_index.csv:Injector_Nozzle/Clogged_Injector_Nozzle2_LoadProgram.csv,https://zenodo.org/records/19857425,shipkg:fault:0a5da1da4336,BELONGS_TO_SYSTEM,shipkg:subsystem:52e7560c8465,edge:008aa258d569a844,ev:19d72a1ed6647ccd,4.3
喷油器壳体密封锥面裂纹,故障,来源可靠性层级：二次语料；专家核验状态：待核验；故障层级：事件/状态；知识层级：二次中文语料知识；适用范围：MAN B&W 5S60ME-C7；不可套用具体装配尺寸、压力或紧固参数到其他机型,语料记载·导致,高温燃气进入低压回油,工况与状态,来源可靠性层级：二次语料；专家核验状态：待核验；知识层级：二次中文语料知识；适用范围：MAN B&W 5S60ME-C7；不可套用具体装配尺寸、压力或紧固参数到其他机型,因果类,中文二次语料记载（原文核对，待专家确认）,corpus:52b5fd5582ce,marine_diesel_RAG_corpus_All_data.zip,test/船机帮5S60ME船用柴油机喷油器故障分析与对策.md:normalized_chars=1796:1849,https://zenodo.org/records/20258638,shipkg:fault:3a4dcd0905d0,CAUSES,shipkg:condition:77b5ca08736f,edge:cf2f814e2edbbc32,ev:84eae7025d813fa6,4.3
喷油器针阀过热卡死,故障,来源可靠性层级：二次语料；专家核验状态：待核验；故障层级：事件/状态；知识层级：二次中文语料知识；适用范围：MAN B&W 5S60ME-C7；不可套用具体装配尺寸、压力或紧固参数到其他机型,语料记载·导致,单缸排气温度降低,症状,来源可靠性层级：二次语料；专家核验状态：待核验；知识层级：二次中文语料知识；适用范围：MAN B&W 5S60ME-C7；不可套用具体装配尺寸、压力或紧固参数到其他机型,因果类,中文二次语料记载（原文核对，待专家确认）,corpus:52b5fd5582ce,marine_diesel_RAG_corpus_All_data.zip,test/船机帮5S60ME船用柴油机喷油器故障分析与对策.md:normalized_chars=1897:1940,https://zenodo.org/records/20258638,shipkg:fault:9952999321ed,LEADS_TO,shipkg:symptom:d27e0dff0004,edge:25f8e00b01bc1964,ev:9e99f9796f615fc6,4.3
在线滑油滤器缺少滤芯,故障,故障层级：具体故障或事件,影响部件,双联滑油滤器,部件,,非因果（归属、分类、检查或建议等）,报告明确记载,事故案例：滑油滤芯漏装与主机抱轴,MAIB_2013_Safety_Digest_lubrication_bearing_cases.pdf,物理第21页；PDF page 21,https://assets.publishing.service.gov.uk/government/uploads/system/uploads/attachment_data/file/876748/2013-SD2-MAIBSafetyDigest.pdf,shipkg:fault:58d32c38d0ac,AFFECTS_COMPONENT,shipkg:component:784cd78efb12,edge:a310428762de6253,ev:b10e854dd960072c,4.3
在线滑油滤器缺少滤芯,故障,故障层级：具体故障或事件,归属系统,润滑与轴承系统,系统,系统层级：功能系统,非因果（归属、分类、检查或建议等）,研究者分类（非因果结论）,,MAIB_2013_Safety_Digest_lubrication_bearing_cases.pdf,物理第21页；PDF page 21,https://assets.publishing.service.gov.uk/government/uploads/system/uploads/attachment_data/file/876748/2013-SD2-MAIBSafetyDigest.pdf,shipkg:fault:58d32c38d0ac,BELONGS_TO_SYSTEM,shipkg:subsystem:d08eaf16cc46,edge:977acc2c1a469b20,ev:7d233ab71e7cf2a1,4.3
在线滑油滤器缺少滤芯,故障,故障层级：具体故障或事件,导致,润滑油系统污染,工况与状态,,因果类,报告明确记载,事故案例：滑油滤芯漏装与主机抱轴,MAIB_2013_Safety_Digest_lubrication_bearing_cases.pdf,物理第21页；PDF page 21,https://assets.publishing.service.gov.uk/government/uploads/system/uploads/attachment_data/file/876748/2013-SD2-MAIBSafetyDigest.pdf,shipkg:fault:58d32c38d0ac,LEADS_TO,shipkg:condition:32eb7154ffd7,edge:dfc4450402c39f9e,ev:7d233ab71e7cf2a1,4.3
增压器涡轮退化（柴油机试验）,故障,故障层级：具体故障或事件；语义类别：性能退化,归属系统,燃油与进排气系统,系统,系统层级：功能系统,非因果（归属、分类、检查或建议等）,研究者分类（非因果结论）,,Marine_Engine_Fault_Data_v1.zip,dataset_index.csv:Turbine_Degradation/Turbine_Degradation_40_Load.csv,https://zenodo.org/records/19857425,shipkg:fault:3a609fe447a8,BELONGS_TO_SYSTEM,shipkg:subsystem:52e7560c8465,edge:2c8577ffddcd1522,ev:9de953977942cbdf,4.3
增压空气冷却器污损,故障,故障层级：具体故障或事件,归属系统,冷却与海水系统,系统,系统层级：功能系统,非因果（归属、分类、检查或建议等）,研究者分类（非因果结论）,,Marine_Engine_Fault_Data_v1.zip,dataset_index.csv:AC_Fouling/AC_Fouling_75_Load.csv,https://zenodo.org/records/19857425,shipkg:fault:91dfc7218234,BELONGS_TO_SYSTEM,shipkg:subsystem:512427f592b7,edge:ab74838432351b24,ev:79a139cd88957e11,4.3
增压空气冷却器污损,故障,故障层级：具体故障或事件,归属系统,燃油与进排气系统,系统,系统层级：功能系统,非因果（归属、分类、检查或建议等）,研究者分类（非因果结论）,,Marine_Engine_Fault_Data_v1.zip,dataset_index.csv:AC_Fouling/AC_Fouling_75_Load.csv,https://zenodo.org/records/19857425,shipkg:fault:91dfc7218234,BELONGS_TO_SYSTEM,shipkg:subsystem:52e7560c8465,edge:46018d75bce8d007,ev:79a139cd88957e11,4.3
应急供电无法启动便携泵,故障,故障层级：具体故障或事件,影响部件,便携电动排水泵,部件,,非因果（归属、分类、检查或建议等）,报告明确记载,事故案例：压载泵检修隔离失效与机舱进水,MAIB_2016_Safety_Digest_generator_oil_fire.pdf,物理第40页；PDF page 40,https://assets.publishing.service.gov.uk/media/5e81e5d2d3bf7f13416961fa/2016-SD1-MAIBSafetyDigest.pdf,shipkg:fault:15fa82225a89,AFFECTS_COMPONENT,shipkg:component:28a67e535633,edge:db41a9ebd79d7f4d,ev:a815947a42cdaece,4.3
扭振减振器失效,故障,故障层级：故障类别；知识层级：参考；耦合领域：热-机；适用范围：MAN L16/24、L21/31、L27/38等通函列明机型；不得推广其维护周期到其它机型。；语义类别：参考故障类别；数据性质：参考知识,来源于,MAN SL2017-654 crankshaft torsional vibration damper,资料来源,来源层级：资料级,非因果（归属、分类、检查或建议等）,报告明确记载,knowledge:damper_failure,MAN_SL2017_654_torsional_damper.pdf,物理第1页；PDF page 1,https://www.man-es.com/docs/default-source/service-letters/sl2017-654.pdf,shipkg:faulttype:8a35cec932af,DOCUMENTED_BY,shipkg:source:40e44500f25e,edge:f76de38e7d57e6dc,ev:71b1d838f3e59389,4.3
扭振减振器失效,故障,故障层级：故障类别；知识层级：参考；耦合领域：热-机；适用范围：MAN L16/24、L21/31、L27/38等通函列明机型；不得推广其维护周期到其它机型。；语义类别：参考故障类别；数据性质：参考知识,涉及症状,减振器异响或机组振动变化,症状,,非因果（归属、分类、检查或建议等）,研究者分类（非因果结论）,knowledge:damper_failure,MAN_SL2017_654_torsional_damper.pdf,物理第1页；PDF page 1,https://www.man-es.com/docs/default-source/service-letters/sl2017-654.pdf,shipkg:faulttype:8a35cec932af,INVOLVES,shipkg:symptom:0164170e49d6,edge:dcc4bfb0d8c4d346,ev:2204971987d93cb0,4.3
扭振减振器失效,故障,故障层级：故障类别；知识层级：参考；耦合领域：热-机；适用范围：MAN L16/24、L21/31、L27/38等通函列明机型；不得推广其维护周期到其它机型。；语义类别：参考故障类别；数据性质：参考知识,涉及工况与状态,减振器滑油供给不足或含水污染,工况与状态,,非因果（归属、分类、检查或建议等）,研究者分类（非因果结论）,knowledge:damper_failure,MAN_SL2017_654_torsional_damper.pdf,物理第1页；PDF page 1,https://www.man-es.com/docs/default-source/service-letters/sl2017-654.pdf,shipkg:faulttype:8a35cec932af,INVOLVES,shipkg:condition:20591bbadf85,edge:14a533788398ee65,ev:71b1d838f3e59389,4.3
扭振减振器失效,故障,故障层级：故障类别；知识层级：参考；耦合领域：热-机；适用范围：MAN L16/24、L21/31、L27/38等通函列明机型；不得推广其维护周期到其它机型。；语义类别：参考故障类别；数据性质：参考知识,涉及工况与状态,发动机超速或缸内液击,工况与状态,,非因果（归属、分类、检查或建议等）,研究者分类（非因果结论）,knowledge:damper_failure,MAN_SL2017_654_torsional_damper.pdf,物理第1页；PDF page 1,https://www.man-es.com/docs/default-source/service-letters/sl2017-654.pdf,shipkg:faulttype:8a35cec932af,INVOLVES,shipkg:condition:212a684d37a2,edge:f7e2453fe0a220b2,ev:66303eda9ce85d8c,4.3
扭振减振器失效,故障,故障层级：故障类别；知识层级：参考；耦合领域：热-机；适用范围：MAN L16/24、L21/31、L27/38等通函列明机型；不得推广其维护周期到其它机型。；语义类别：参考故障类别；数据性质：参考知识,涉及故障,曲轴扭振减振器失效,故障,故障层级：具体故障或事件,非因果（归属、分类、检查或建议等）,研究者分类（非因果结论）,knowledge:damper_failure,MAN_SL2017_654_torsional_damper.pdf,物理第1页；PDF page 1,https://www.man-es.com/docs/default-source/service-letters/sl2017-654.pdf,shipkg:faulttype:8a35cec932af,INVOLVES,shipkg:fault:655f841ec7d0,edge:f08a562db82c3f55,ev:71b1d838f3e59389,4.3
扭振减振器失效,故障,故障层级：故障类别；知识层级：参考；耦合领域：热-机；适用范围：MAN L16/24、L21/31、L27/38等通函列明机型；不得推广其维护周期到其它机型。；语义类别：参考故障类别；数据性质：参考知识,涉及检查方法,检查减振器异响与振动趋势,检查方法,,非因果（归属、分类、检查或建议等）,研究者分类（非因果结论）,knowledge:damper_failure,MAN_SL2017_654_torsional_damper.pdf,物理第1页；PDF page 1,https://www.man-es.com/docs/default-source/service-letters/sl2017-654.pdf,shipkg:faulttype:8a35cec932af,INVOLVES,shipkg:check:d57ef9f67880,edge:ccce652866418bbf,ev:5cc0a7e2e1c99766,4.3
扭振减振器失效,故障,故障层级：故障类别；知识层级：参考；耦合领域：热-机；适用范围：MAN L16/24、L21/31、L27/38等通函列明机型；不得推广其维护周期到其它机型。；语义类别：参考故障类别；数据性质：参考知识,涉及运维措施,确认减振器故障后按厂家程序更换,运维措施,,非因果（归属、分类、检查或建议等）,研究者分类（非因果结论）,knowledge:damper_failure,MAN_SL2017_654_torsional_damper.pdf,物理第1页；PDF page 1,https://www.man-es.com/docs/default-source/service-letters/sl2017-654.pdf,shipkg:faulttype:8a35cec932af,INVOLVES,shipkg:action:9b0a2bc57f23,edge:0217b36a9ad5309a,ev:222a60daefcc64e4,4.3
扭振减振器失效,故障,故障层级：故障类别；知识层级：参考；耦合领域：热-机；适用范围：MAN L16/24、L21/31、L27/38等通函列明机型；不得推广其维护周期到其它机型。；语义类别：参考故障类别；数据性质：参考知识,涉及系统,传动与推进系统,系统,系统层级：功能系统,非因果（归属、分类、检查或建议等）,研究者分类（非因果结论）,knowledge:damper_failure,MAN_SL2017_654_torsional_damper.pdf,物理第1页；PDF page 1,https://www.man-es.com/docs/default-source/service-letters/sl2017-654.pdf,shipkg:faulttype:8a35cec932af,IN_SYSTEM,shipkg:subsystem:5e357a568055,edge:81b01a91c8c6d199,ev:71b1d838f3e59389,4.3
扭振减振器失效,故障,故障层级：故障类别；知识层级：参考；耦合领域：热-机；适用范围：MAN L16/24、L21/31、L27/38等通函列明机型；不得推广其维护周期到其它机型。；语义类别：参考故障类别；数据性质：参考知识,涉及系统,润滑与轴承系统,系统,系统层级：功能系统,非因果（归属、分类、检查或建议等）,研究者分类（非因果结论）,knowledge:damper_failure,MAN_SL2017_654_torsional_damper.pdf,物理第1页；PDF page 1,https://www.man-es.com/docs/default-source/service-letters/sl2017-654.pdf,shipkg:faulttype:8a35cec932af,IN_SYSTEM,shipkg:subsystem:d08eaf16cc46,edge:17e7a6ef674e91d1,ev:71b1d838f3e59389,4.3
拉缸,故障,故障层级：故障类别；知识层级：参考；耦合领域：热-机；适用范围：MAN B&W两冲程柴油机缸套/活塞环；2016通函用于机理，润滑油选择须查2023通函及本机手册。不能把活塞咬死一概等同于已证实拉缸。；语义类别：参考故障类别；数据性质：参考知识,来源于,MAN SL2016-633 hard-coated piston rings and liner scuffing,资料来源,来源层级：资料级,非因果（归属、分类、检查或建议等）,报告明确记载,knowledge:liner_scuffing,MAN_SL2016_633_piston_rings_scuffing.pdf,物理第2页；PDF page 2,https://www.man-es.com/docs/default-source/service-letters/sl2016-633.pdf,shipkg:faulttype:ce7933999459,DOCUMENTED_BY,shipkg:source:7626c51c28c7,edge:37ba033752949cfd,ev:ec47f7f58361e500,4.3
拉缸,故障,故障层级：故障类别；知识层级：参考；耦合领域：热-机；适用范围：MAN B&W两冲程柴油机缸套/活塞环；2016通函用于机理，润滑油选择须查2023通函及本机手册。不能把活塞咬死一概等同于已证实拉缸。；语义类别：参考故障类别；数据性质：参考知识,来源于,MAN SL2019-685 condition-based overhaul of cermet piston rings,资料来源,来源层级：资料级,非因果（归属、分类、检查或建议等）,报告明确记载,knowledge:liner_scuffing,MAN_SL2019_685_ring_coating_wear.pdf,物理第2页；PDF page 2,https://www.man-es.com/docs/default-source/service-letters/sl2019-685.pdf,shipkg:faulttype:ce7933999459,DOCUMENTED_BY,shipkg:source:0056c595f709,edge:9159896ca77865c1,ev:2caee49788bf31ab,4.3
拉缸,故障,故障层级：故障类别；知识层级：参考；耦合领域：热-机；适用范围：MAN B&W两冲程柴油机缸套/活塞环；2016通函用于机理，润滑油选择须查2023通函及本机手册。不能把活塞咬死一概等同于已证实拉缸。；语义类别：参考故障类别；数据性质：参考知识,来源于,MAN SL2023-737 cylinder lubrication update,资料来源,来源层级：资料级,非因果（归属、分类、检查或建议等）,报告明确记载,knowledge:liner_scuffing,MAN_SL2023_737_cylinder_lubrication.pdf,物理第1页；PDF page 1,https://www.man-es.com/docs/default-source/service-letters/sl2023-737.pdf,shipkg:faulttype:ce7933999459,DOCUMENTED_BY,shipkg:source:fcf534e86baa,edge:61654b215d2764fa,ev:76ff74dc44b9f086,4.3
拉缸,故障,故障层级：故障类别；知识层级：参考；耦合领域：热-机；适用范围：MAN B&W两冲程柴油机缸套/活塞环；2016通函用于机理，润滑油选择须查2023通函及本机手册。不能把活塞咬死一概等同于已证实拉缸。；语义类别：参考故障类别；数据性质：参考知识,涉及症状,扫气泄放油铁含量升高,症状,,非因果（归属、分类、检查或建议等）,研究者分类（非因果结论）,knowledge:liner_scuffing,MAN_SL2019_685_ring_coating_wear.pdf,物理第2页；PDF page 2,https://www.man-es.com/docs/default-source/service-letters/sl2019-685.pdf,shipkg:faulttype:ce7933999459,INVOLVES,shipkg:symptom:f944832200f3,edge:5c0d926482f44a39,ev:2caee49788bf31ab,4.3
拉缸,故障,故障层级：故障类别；知识层级：参考；耦合领域：热-机；适用范围：MAN B&W两冲程柴油机缸套/活塞环；2016通函用于机理，润滑油选择须查2023通函及本机手册。不能把活塞咬死一概等同于已证实拉缸。；语义类别：参考故障类别；数据性质：参考知识,涉及运维措施,按厂家程序及时降负荷并核查气缸润滑,运维措施,,非因果（归属、分类、检查或建议等）,研究者分类（非因果结论）,knowledge:liner_scuffing,MAN_SL2016_633_piston_rings_scuffing.pdf,物理第2页；PDF page 2,https://www.man-es.com/docs/default-source/service-letters/sl2016-633.pdf,shipkg:faulttype:ce7933999459,INVOLVES,shipkg:action:41ba1c42b3a5,edge:aeea1db0747cafe7,ev:3a5709969bdeb786,4.3
拉缸,故障,故障层级：故障类别；知识层级：参考；耦合领域：热-机；适用范围：MAN B&W两冲程柴油机缸套/活塞环；2016通函用于机理，润滑油选择须查2023通函及本机手册。不能把活塞咬死一概等同于已证实拉缸。；语义类别：参考故障类别；数据性质：参考知识,涉及运维措施,按机型与燃料选择气缸油并检查缸况,运维措施,,非因果（归属、分类、检查或建议等）,研究者分类（非因果结论）,knowledge:liner_scuffing,MAN_SL2023_737_cylinder_lubrication.pdf,物理第1页；PDF page 1,https://www.man-es.com/docs/default-source/service-letters/sl2023-737.pdf,shipkg:faulttype:ce7933999459,INVOLVES,shipkg:action:130ca8701fd4,edge:d5ec33f74bbb1e7c,ev:76ff74dc44b9f086,4.3
拉缸,故障,故障层级：故障类别；知识层级：参考；耦合领域：热-机；适用范围：MAN B&W两冲程柴油机缸套/活塞环；2016通函用于机理，润滑油选择须查2023通函及本机手册。不能把活塞咬死一概等同于已证实拉缸。；语义类别：参考故障类别；数据性质：参考知识,涉及检查方法,检查缸套表面与活塞环状态,检查方法,,非因果（归属、分类、检查或建议等）,研究者分类（非因果结论）,knowledge:liner_scuffing,MAN_SL2016_633_piston_rings_scuffing.pdf,物理第3页；PDF page 3,https://www.man-es.com/docs/default-source/service-letters/sl2016-633.pdf,shipkg:faulttype:ce7933999459,INVOLVES,shipkg:check:78fb4dfb3734,edge:2545959e01cfe463,ev:da388522df310fbc,4.3
拉缸,故障,故障层级：故障类别；知识层级：参考；耦合领域：热-机；适用范围：MAN B&W两冲程柴油机缸套/活塞环；2016通函用于机理，润滑油选择须查2023通函及本机手册。不能把活塞咬死一概等同于已证实拉缸。；语义类别：参考故障类别；数据性质：参考知识,涉及故障,活塞环与缸套磨损,故障,故障层级：具体故障或事件,非因果（归属、分类、检查或建议等）,研究者分类（非因果结论）,knowledge:liner_scuffing,MAN_SL2019_685_ring_coating_wear.pdf,物理第2页；PDF page 2,https://www.man-es.com/docs/default-source/service-letters/sl2019-685.pdf,shipkg:faulttype:ce7933999459,INVOLVES,shipkg:fault:0134b2c4ef20,edge:3e0b4b995a0fefd9,ev:2caee49788bf31ab,4.3
拉缸,故障,故障层级：故障类别；知识层级：参考；耦合领域：热-机；适用范围：MAN B&W两冲程柴油机缸套/活塞环；2016通函用于机理，润滑油选择须查2023通函及本机手册。不能把活塞咬死一概等同于已证实拉缸。；语义类别：参考故障类别；数据性质：参考知识,涉及工况与状态,缸套油膜难以维持,工况与状态,,非因果（归属、分类、检查或建议等）,研究者分类（非因果结论）,knowledge:liner_scuffing,MAN_SL2016_633_piston_rings_scuffing.pdf,物理第2页；PDF page 2,https://www.man-es.com/docs/default-source/service-letters/sl2016-633.pdf,shipkg:faulttype:ce7933999459,INVOLVES,shipkg:condition:9b800c18cd13,edge:dd82911076f43af3,ev:ec47f7f58361e500,4.3
拉缸,故障,故障层级：故障类别；知识层级：参考；耦合领域：热-机；适用范围：MAN B&W两冲程柴油机缸套/活塞环；2016通函用于机理，润滑油选择须查2023通函及本机手册。不能把活塞咬死一概等同于已证实拉缸。；语义类别：参考故障类别；数据性质：参考知识,涉及工况与状态,缸套表面抛光或涂抹,工况与状态,,非因果（归属、分类、检查或建议等）,研究者分类（非因果结论）,knowledge:liner_scuffing,MAN_SL2016_633_piston_rings_scuffing.pdf,物理第2页；PDF page 2,https://www.man-es.com/docs/default-source/service-letters/sl2016-633.pdf,shipkg:faulttype:ce7933999459,INVOLVES,shipkg:condition:ee040110dad4,edge:14cf68cd3afe643d,ev:ec47f7f58361e500,4.3
拉缸,故障,故障层级：故障类别；知识层级：参考；耦合领域：热-机；适用范围：MAN B&W两冲程柴油机缸套/活塞环；2016通函用于机理，润滑油选择须查2023通函及本机手册。不能把活塞咬死一概等同于已证实拉缸。；语义类别：参考故障类别；数据性质：参考知识,涉及工况与状态,缸套表面硬化需修复,工况与状态,,非因果（归属、分类、检查或建议等）,研究者分类（非因果结论）,knowledge:liner_scuffing,MAN_SL2016_633_piston_rings_scuffing.pdf,物理第2页；PDF page 2,https://www.man-es.com/docs/default-source/service-letters/sl2016-633.pdf,shipkg:faulttype:ce7933999459,INVOLVES,shipkg:condition:9dd79587307a,edge:72e1196f9d79cbee,ev:e7c05a5721cf177a,4.3
拉缸,故障,故障层级：故障类别；知识层级：参考；耦合领域：热-机；适用范围：MAN B&W两冲程柴油机缸套/活塞环；2016通函用于机理，润滑油选择须查2023通函及本机手册。不能把活塞咬死一概等同于已证实拉缸。；语义类别：参考故障类别；数据性质：参考知识,涉及故障,缸套黏着拉伤,故障,故障层级：具体故障或事件,非因果（归属、分类、检查或建议等）,研究者分类（非因果结论）,knowledge:liner_scuffing,MAN_SL2016_633_piston_rings_scuffing.pdf,物理第2页；PDF page 2,https://www.man-es.com/docs/default-source/service-letters/sl2016-633.pdf,shipkg:faulttype:ce7933999459,INVOLVES,shipkg:fault:2c6822dc16f4,edge:39d6a1b7977bb326,ev:5fd90f16f36a665e,4.3
拉缸,故障,故障层级：故障类别；知识层级：参考；耦合领域：热-机；适用范围：MAN B&W两冲程柴油机缸套/活塞环；2016通函用于机理，润滑油选择须查2023通函及本机手册。不能把活塞咬死一概等同于已证实拉缸。；语义类别：参考故障类别；数据性质：参考知识,涉及系统,润滑与轴承系统,系统,系统层级：功能系统,非因果（归属、分类、检查或建议等）,研究者分类（非因果结论）,knowledge:liner_scuffing,MAN_SL2016_633_piston_rings_scuffing.pdf,物理第2页；PDF page 2,https://www.man-es.com/docs/default-source/service-letters/sl2016-633.pdf,shipkg:faulttype:ce7933999459,IN_SYSTEM,shipkg:subsystem:d08eaf16cc46,edge:ea2c70d8df227d3e,ev:ec47f7f58361e500,4.3
拉缸,故障,故障层级：故障类别；知识层级：参考；耦合领域：热-机；适用范围：MAN B&W两冲程柴油机缸套/活塞环；2016通函用于机理，润滑油选择须查2023通函及本机手册。不能把活塞咬死一概等同于已证实拉缸。；语义类别：参考故障类别；数据性质：参考知识,涉及系统,燃油与进排气系统,系统,系统层级：功能系统,非因果（归属、分类、检查或建议等）,研究者分类（非因果结论）,knowledge:liner_scuffing,MAN_SL2016_633_piston_rings_scuffing.pdf,物理第2页；PDF page 2,https://www.man-es.com/docs/default-source/service-letters/sl2016-633.pdf,shipkg:faulttype:ce7933999459,IN_SYSTEM,shipkg:subsystem:52e7560c8465,edge:33a067cb7a4b6b1d,ev:ec47f7f58361e500,4.3
排气管未恢复保温,故障,故障层级：具体故障或事件,影响部件,相邻机组排气保温,部件,,非因果（归属、分类、检查或建议等）,报告明确记载,事故案例：发电机滑油泵堵头松脱火灾,MAIB_2016_Safety_Digest_generator_oil_fire.pdf,物理第26页；PDF page 26,https://assets.publishing.service.gov.uk/media/5e81e5d2d3bf7f13416961fa/2016-SD1-MAIBSafetyDigest.pdf,shipkg:fault:020786dc9fd0,AFFECTS_COMPONENT,shipkg:component:864e3371e086,edge:c69be45f369aa908,ev:e9d71048b791d31a,4.3
排气管未恢复保温,故障,故障层级：具体故障或事件,归属系统,燃油与进排气系统,系统,系统层级：功能系统,非因果（归属、分类、检查或建议等）,研究者分类（非因果结论）,,MAIB_2016_Safety_Digest_generator_oil_fire.pdf,物理第26页；PDF page 26,https://assets.publishing.service.gov.uk/media/5e81e5d2d3bf7f13416961fa/2016-SD1-MAIBSafetyDigest.pdf,shipkg:fault:020786dc9fd0,BELONGS_TO_SYSTEM,shipkg:subsystem:52e7560c8465,edge:354ecab6d22d6b9f,ev:e9d71048b791d31a,4.3
排气管未恢复保温,故障,故障层级：具体故障或事件,导致,排气护罩存在高温表面,工况与状态,,因果类,报告明确记载,事故案例：发电机滑油泵堵头松脱火灾,MAIB_2016_Safety_Digest_generator_oil_fire.pdf,物理第28页；PDF page 28,https://assets.publishing.service.gov.uk/media/5e81e5d2d3bf7f13416961fa/2016-SD1-MAIBSafetyDigest.pdf,shipkg:fault:020786dc9fd0,LEADS_TO,shipkg:condition:52a5771f68ca,edge:6fcfa6500192af8c,ev:59a2040fb754c1d5,4.3
排气阀座开裂泄漏,故障,故障层级：具体故障或事件,归属系统,燃油与进排气系统,系统,系统层级：功能系统,非因果（归属、分类、检查或建议等）,研究者分类（非因果结论）,,MAN_SL2016_623_cooling_water.pdf,物理第2页；PDF page 2,https://www.man-es.com/docs/default-source/service-letters/sl2016-623.pdf,shipkg:fault:1ff35faef80c,BELONGS_TO_SYSTEM,shipkg:subsystem:52e7560c8465,edge:95c4ffc27f14cfdb,ev:4cdcbf4e0a149c7e,4.3
控制空气压力不足,故障,故障层级：具体故障或事件,归属系统,电力与控制系统,系统,系统层级：功能系统,非因果（归属、分类、检查或建议等）,研究者分类（非因果结论）,,MAIB_2013_Safety_Digest_lubrication_bearing_cases.pdf,物理第15页；PDF page 15,https://assets.publishing.service.gov.uk/government/uploads/system/uploads/attachment_data/file/876748/2013-SD2-MAIBSafetyDigest.pdf,shipkg:fault:b6b2c9f08149,BELONGS_TO_SYSTEM,shipkg:subsystem:4539c38d0a84,edge:8753f846c0d1bdaa,ev:0f3029c8ff2b1f75,4.3
控制空气压力不足,故障,故障层级：具体故障或事件,导致,主机离合器脱开,故障,故障层级：具体故障或事件,因果类,报告明确记载,事故案例：控制空气不足与离合器脱开,MAIB_2013_Safety_Digest_lubrication_bearing_cases.pdf,物理第14页；PDF page 14,https://assets.publishing.service.gov.uk/government/uploads/system/uploads/attachment_data/file/876748/2013-SD2-MAIBSafetyDigest.pdf,shipkg:fault:b6b2c9f08149,LEADS_TO,shipkg:fault:4cb7be531584,edge:631a892829438f4d,ev:88a04930502bf0c9,4.3
推进电机保护跳闸,故障,故障层级：具体故障或事件；语义类别：保护动作事件,归属系统,传动与推进系统,系统,系统层级：功能系统,非因果（归属、分类、检查或建议等）,研究者分类（非因果结论）,,MAIB_2026_06_Spirit_of_Discovery_propulsion_loss.pdf,物理第42页；PDF page 42,https://www.gov.uk/maib-reports/loss-of-propulsion-in-heavy-weather-experienced-by-the-passenger-vessel-spirit-of-discovery-leading-to-over-100-injuries-and-one-fatality,shipkg:fault:c830e7992f26,BELONGS_TO_SYSTEM,shipkg:subsystem:5e357a568055,edge:7d854c28045dd27b,ev:5d3cde311b090a6a,4.3
推进电机保护跳闸,故障,故障层级：具体故障或事件；语义类别：保护动作事件,归属系统,电力与控制系统,系统,系统层级：功能系统,非因果（归属、分类、检查或建议等）,研究者分类（非因果结论）,,MAIB_2026_06_Spirit_of_Discovery_propulsion_loss.pdf,物理第42页；PDF page 42,https://www.gov.uk/maib-reports/loss-of-propulsion-in-heavy-weather-experienced-by-the-passenger-vessel-spirit-of-discovery-leading-to-over-100-injuries-and-one-fatality,shipkg:fault:c830e7992f26,BELONGS_TO_SYSTEM,shipkg:subsystem:4539c38d0a84,edge:9376bd1a073fe759,ev:5d3cde311b090a6a,4.3
推进电机保护跳闸,故障,故障层级：具体故障或事件；语义类别：保护动作事件,导致,失去推进,后果,,因果类,报告明确记载,事故案例：大风浪中吊舱推进丧失,MAIB_2026_06_Spirit_of_Discovery_propulsion_loss.pdf,物理第42页；PDF page 42,https://www.gov.uk/maib-reports/loss-of-propulsion-in-heavy-weather-experienced-by-the-passenger-vessel-spirit-of-discovery-leading-to-over-100-injuries-and-one-fatality,shipkg:fault:c830e7992f26,LEADS_TO,shipkg:consequence:d1c468a6b34b,edge:b00142198fe385e9,ev:166a2a0932391029,4.3
推进电机扭矩骤降,故障,故障层级：具体故障或事件,归属系统,传动与推进系统,系统,系统层级：功能系统,非因果（归属、分类、检查或建议等）,研究者分类（非因果结论）,,MAIB_2026_06_Spirit_of_Discovery_propulsion_loss.pdf,物理第42页；PDF page 42,https://www.gov.uk/maib-reports/loss-of-propulsion-in-heavy-weather-experienced-by-the-passenger-vessel-spirit-of-discovery-leading-to-over-100-injuries-and-one-fatality,shipkg:fault:c9a34bd46532,BELONGS_TO_SYSTEM,shipkg:subsystem:5e357a568055,edge:7160c42a9037688c,ev:755b4102fd859a55,4.3
推进电机扭矩骤降,故障,故障层级：具体故障或事件,归属系统,电力与控制系统,系统,系统层级：功能系统,非因果（归属、分类、检查或建议等）,研究者分类（非因果结论）,,MAIB_2026_06_Spirit_of_Discovery_propulsion_loss.pdf,物理第42页；PDF page 42,https://www.gov.uk/maib-reports/loss-of-propulsion-in-heavy-weather-experienced-by-the-passenger-vessel-spirit-of-discovery-leading-to-over-100-injuries-and-one-fatality,shipkg:fault:c9a34bd46532,BELONGS_TO_SYSTEM,shipkg:subsystem:4539c38d0a84,edge:954e34ca7be3ab66,ev:755b4102fd859a55,4.3
推进电机扭矩骤降,故障,故障层级：具体故障或事件,导致,推进电机超速,故障,故障层级：具体故障或事件,因果类,报告明确记载,事故案例：大风浪中吊舱推进丧失,MAIB_2026_06_Spirit_of_Discovery_propulsion_loss.pdf,物理第42页；PDF page 42,https://www.gov.uk/maib-reports/loss-of-propulsion-in-heavy-weather-experienced-by-the-passenger-vessel-spirit-of-discovery-leading-to-over-100-injuries-and-one-fatality,shipkg:fault:c9a34bd46532,LEADS_TO,shipkg:fault:e97eee073fc6,edge:2a3c64ff89df3e30,ev:755b4102fd859a55,4.3
推进电机超速,故障,故障层级：具体故障或事件,影响部件,吊舱推进电机,部件,,非因果（归属、分类、检查或建议等）,报告明确记载,事故案例：大风浪中吊舱推进丧失,MAIB_2026_06_Spirit_of_Discovery_propulsion_loss.pdf,物理第42页；PDF page 42,https://www.gov.uk/maib-reports/loss-of-propulsion-in-heavy-weather-experienced-by-the-passenger-vessel-spirit-of-discovery-leading-to-over-100-injuries-and-one-fatality,shipkg:fault:e97eee073fc6,AFFECTS_COMPONENT,shipkg:component:1157de5d43da,edge:5fc9dfa91d77c020,ev:e2523ed63e0b4019,4.3
推进电机超速,故障,故障层级：具体故障或事件,归属系统,传动与推进系统,系统,系统层级：功能系统,非因果（归属、分类、检查或建议等）,研究者分类（非因果结论）,,MAIB_2026_06_Spirit_of_Discovery_propulsion_loss.pdf,物理第42页；PDF page 42,https://www.gov.uk/maib-reports/loss-of-propulsion-in-heavy-weather-experienced-by-the-passenger-vessel-spirit-of-discovery-leading-to-over-100-injuries-and-one-fatality,shipkg:fault:e97eee073fc6,BELONGS_TO_SYSTEM,shipkg:subsystem:5e357a568055,edge:4607e458d4d9c2b9,ev:755b4102fd859a55,4.3
推进电机超速,故障,故障层级：具体故障或事件,归属系统,电力与控制系统,系统,系统层级：功能系统,非因果（归属、分类、检查或建议等）,研究者分类（非因果结论）,,MAIB_2026_06_Spirit_of_Discovery_propulsion_loss.pdf,物理第42页；PDF page 42,https://www.gov.uk/maib-reports/loss-of-propulsion-in-heavy-weather-experienced-by-the-passenger-vessel-spirit-of-discovery-leading-to-over-100-injuries-and-one-fatality,shipkg:fault:e97eee073fc6,BELONGS_TO_SYSTEM,shipkg:subsystem:4539c38d0a84,edge:d7b369af0d270178,ev:755b4102fd859a55,4.3
推进电机超速,故障,故障层级：具体故障或事件,触发,推进电机保护跳闸,故障,故障层级：具体故障或事件；语义类别：保护动作事件,因果类,报告明确记载,事故案例：大风浪中吊舱推进丧失,MAIB_2026_06_Spirit_of_Discovery_propulsion_loss.pdf,物理第42页；PDF page 42,https://www.gov.uk/maib-reports/loss-of-propulsion-in-heavy-weather-experienced-by-the-passenger-vessel-spirit-of-discovery-leading-to-over-100-injuries-and-one-fatality,shipkg:fault:e97eee073fc6,TRIGGERS,shipkg:fault:c830e7992f26,edge:a5a324438d9fb4aa,ev:5d3cde311b090a6a,4.3
曲轴主轴承与曲柄销断油,故障,故障层级：具体故障或事件,归属系统,润滑与轴承系统,系统,系统层级：功能系统,非因果（归属、分类、检查或建议等）,研究者分类（非因果结论）,,MAIB_2022_04_Wight_Sky_multiple_engine_failures.pdf,物理第84页；PDF page 84,https://assets.publishing.service.gov.uk/media/6267cc85e90e071690c1b679/2022-4-WightSky-Report.pdf,shipkg:fault:96cc1c0ff36e,BELONGS_TO_SYSTEM,shipkg:subsystem:d08eaf16cc46,edge:1da9d7a549c5330c,ev:a67a93bfec361edf,4.3
曲轴主轴承与曲柄销断油,故障,故障层级：具体故障或事件,导致,主机灾难性失效,故障,故障层级：具体故障或事件,因果类,报告明确记载,事故案例：ME2主轴承断油失效,MAIB_2022_04_Wight_Sky_multiple_engine_failures.pdf,物理第84页；PDF page 84,https://assets.publishing.service.gov.uk/media/6267cc85e90e071690c1b679/2022-4-WightSky-Report.pdf,shipkg:fault:96cc1c0ff36e,LEADS_TO,shipkg:fault:fee4df6aeb24,edge:961d8e73eae49028,ev:4846a9af2b7e6456,4.3
曲轴扭振减振器失效,故障,故障层级：具体故障或事件,归入故障类别,扭振减振器失效,故障,故障层级：故障类别；知识层级：参考；耦合领域：热-机；适用范围：MAN L16/24、L21/31、L27/38等通函列明机型；不得推广其维护周期到其它机型。；语义类别：参考故障类别；数据性质：参考知识,非因果（归属、分类、检查或建议等）,研究者分类（非因果结论）,knowledge:damper_failure,MAN_SL2017_654_torsional_damper.pdf,物理第1页；PDF page 1,https://www.man-es.com/docs/default-source/service-letters/sl2017-654.pdf,shipkg:fault:655f841ec7d0,INSTANCE_OF,shipkg:faulttype:8a35cec932af,edge:4d3dc3490377ae2b,ev:71b1d838f3e59389,4.3
曲轴箱被连杆击穿,故障,故障层级：具体故障或事件,归属系统,润滑与轴承系统,系统,系统层级：功能系统,非因果（归属、分类、检查或建议等）,研究者分类（非因果结论）,,MAIB_2018_01_Windcat8_bearing_failure_fire.pdf,物理第1页；PDF page 1,https://assets.publishing.service.gov.uk/government/uploads/system/uploads/attachment_data/file/683922/MAIBInvReport01_2018.pdf,shipkg:fault:8d2d73a67f71,BELONGS_TO_SYSTEM,shipkg:subsystem:d08eaf16cc46,edge:42cb6bd8b9be7157,ev:921221ff746c010e,4.3
曲轴箱被连杆击穿,故障,故障层级：具体故障或事件,导致,机舱火灾,后果,,因果类,报告明确记载,事故案例：左舷主机轴瓦失效与火灾,MAIB_2018_01_Windcat8_bearing_failure_fire.pdf,物理第11页；PDF page 11,https://assets.publishing.service.gov.uk/government/uploads/system/uploads/attachment_data/file/683922/MAIBInvReport01_2018.pdf,shipkg:fault:8d2d73a67f71,LEADS_TO,shipkg:consequence:775549e4c085,edge:4fa1a9255234d951,ev:f55562c55772b4c1,4.3
柴油发电机灾难性失效,故障,故障层级：具体故障或事件,归属系统,电力与控制系统,系统,系统层级：功能系统,非因果（归属、分类、检查或建议等）,研究者分类（非因果结论）,,MAIB_2026_10_Kommandor_Susan_generator_bearing_failure.pdf,物理第1页；PDF page 1,https://www.gov.uk/maib-reports/catastrophic-engine-failure-and-subsequent-fire-on-board-the-site-investigation-vessel-kommandor-susan,shipkg:fault:423cd9a63be0,BELONGS_TO_SYSTEM,shipkg:subsystem:4539c38d0a84,edge:cb3ddfe52bf5880e,ev:390711bc162bb6ce,4.3
柴油发电机灾难性失效,故障,故障层级：具体故障或事件,导致,全船失电,后果,,因果类,报告明确记载,事故案例：DG1发电机故障与失电,MAIB_2026_10_Kommandor_Susan_generator_bearing_failure.pdf,物理第1页；PDF page 1,https://www.gov.uk/maib-reports/catastrophic-engine-failure-and-subsequent-fire-on-board-the-site-investigation-vessel-kommandor-susan,shipkg:fault:423cd9a63be0,LEADS_TO,shipkg:consequence:4016217446bf,edge:0e92ee66dde8b3d3,ev:390711bc162bb6ce,4.3
柴油发电机灾难性失效,故障,故障层级：具体故障或事件,导致,机舱火灾,后果,,因果类,报告明确记载,事故案例：DG1发电机故障与失电,MAIB_2026_10_Kommandor_Susan_generator_bearing_failure.pdf,物理第1页；PDF page 1,https://www.gov.uk/maib-reports/catastrophic-engine-failure-and-subsequent-fire-on-board-the-site-investigation-vessel-kommandor-susan,shipkg:fault:423cd9a63be0,LEADS_TO,shipkg:consequence:775549e4c085,edge:89d80dca73169f8c,ev:390711bc162bb6ce,4.3
气缸盖裂纹,故障,故障层级：具体故障或事件；数据性质：热力仿真,来源于,Thermodynamic simulation-assisted random forest,资料来源,来源层级：资料级,非因果（归属、分类、检查或建议等）,仿真状态,,TSRF_main.zip,data/Head-crack.csv,https://github.com/TS-RF/TSRF,shipkg:fault:f18d7fcb0838,DOCUMENTED_BY,shipkg:source:29f30f85af55,edge:292a1e69ac584423,ev:186ad5dbe0802ea5,4.3
油抹布接触高温排气歧管,故障,故障层级：具体故障或事件,影响部件,排气歧管,部件,,非因果（归属、分类、检查或建议等）,报告明确记载,事故案例：油抹布落至排气歧管起火,MAIB_2013_Safety_Digest_lubrication_bearing_cases.pdf,物理第41页；PDF page 41,https://assets.publishing.service.gov.uk/government/uploads/system/uploads/attachment_data/file/876748/2013-SD2-MAIBSafetyDigest.pdf,shipkg:fault:b7f3d0b1bf24,AFFECTS_COMPONENT,shipkg:component:828d4178b93f,edge:73983c5041ea7c30,ev:1abb50030379f9ee,4.3
油抹布接触高温排气歧管,故障,故障层级：具体故障或事件,归属系统,燃油与进排气系统,系统,系统层级：功能系统,非因果（归属、分类、检查或建议等）,研究者分类（非因果结论）,,MAIB_2013_Safety_Digest_lubrication_bearing_cases.pdf,物理第41页；PDF page 41,https://assets.publishing.service.gov.uk/government/uploads/system/uploads/attachment_data/file/876748/2013-SD2-MAIBSafetyDigest.pdf,shipkg:fault:b7f3d0b1bf24,BELONGS_TO_SYSTEM,shipkg:subsystem:52e7560c8465,edge:43e0087fb0999020,ev:c6b798ec4934dc08,4.3
油抹布接触高温排气歧管,故障,故障层级：具体故障或事件,导致,机舱火灾,后果,,因果类,报告明确记载,事故案例：油抹布落至排气歧管起火,MAIB_2013_Safety_Digest_lubrication_bearing_cases.pdf,物理第41页；PDF page 41,https://assets.publishing.service.gov.uk/government/uploads/system/uploads/attachment_data/file/876748/2013-SD2-MAIBSafetyDigest.pdf,shipkg:fault:b7f3d0b1bf24,LEADS_TO,shipkg:consequence:775549e4c085,edge:9ccb002c26da0bad,ev:1abb50030379f9ee,4.3
油道堵塞,故障,故障层级：具体故障或事件,归属系统,润滑与轴承系统,系统,系统层级：功能系统,非因果（归属、分类、检查或建议等）,研究者分类（非因果结论）,,MAIB_2013_Safety_Digest_lubrication_bearing_cases.pdf,物理第21页；PDF page 21,https://assets.publishing.service.gov.uk/government/uploads/system/uploads/attachment_data/file/876748/2013-SD2-MAIBSafetyDigest.pdf,shipkg:fault:8969204ea965,BELONGS_TO_SYSTEM,shipkg:subsystem:d08eaf16cc46,edge:08612a8344f50120,ev:09940c64e5709cec,4.3
油道堵塞,故障,故障层级：具体故障或事件,导致,轴承与活塞断油过热,故障,故障层级：具体故障或事件,因果类,报告明确记载,事故案例：滑油滤芯漏装与主机抱轴,MAIB_2013_Safety_Digest_lubrication_bearing_cases.pdf,物理第21页；PDF page 21,https://assets.publishing.service.gov.uk/government/uploads/system/uploads/attachment_data/file/876748/2013-SD2-MAIBSafetyDigest.pdf,shipkg:fault:8969204ea965,LEADS_TO,shipkg:fault:401ffd7724bc,edge:ed7bbec95e1a060d,ev:0fb80ad604213aad,4.3
活塞冷却喷嘴板堵塞,故障,来源可靠性层级：二次语料；专家核验状态：待核验；故障层级：事件/状态；知识层级：二次中文语料知识；适用范围：MAN K9SZ52/105B/BL活塞水冷机型，不能推广到油冷活塞,语料记载·导致,活塞顶部冷却水量不足,工况与状态,来源可靠性层级：二次语料；专家核验状态：待核验；知识层级：二次中文语料知识；适用范围：MAN K9SZ52/105B/BL活塞水冷机型，不能推广到油冷活塞,因果类,中文二次语料记载（原文核对，待专家确认）,corpus:12ef93cebbe6,marine_diesel_RAG_corpus_All_data.zip,val/船机帮MANKSZ型柴油机活塞冷却系统故障分析.md:normalized_chars=1772:1822,https://zenodo.org/records/20258638,shipkg:fault:ae2f9abe8a1b,CAUSES,shipkg:condition:e80f40bef095,edge:2ee5f1663b600052,ev:42eae0adf1cf8624,4.3
活塞咬死,故障,故障层级：具体故障或事件,影响部件,活塞与缸套,部件,,非因果（归属、分类、检查或建议等）,报告明确记载,事故案例：滑油滤芯漏装与主机抱轴,MAIB_2013_Safety_Digest_lubrication_bearing_cases.pdf,物理第21页；PDF page 21,https://assets.publishing.service.gov.uk/government/uploads/system/uploads/attachment_data/file/876748/2013-SD2-MAIBSafetyDigest.pdf,shipkg:fault:6ade8daa881a,AFFECTS_COMPONENT,shipkg:component:1333df9ac9f2,edge:beabaef04fb923c1,ev:82256a9ee8fd56dd,4.3
活塞烧蚀,故障,故障层级：具体故障或事件；数据性质：热力仿真,来源于,Thermodynamic simulation-assisted random forest,资料来源,来源层级：资料级,非因果（归属、分类、检查或建议等）,仿真状态,,TSRF_main.zip,data/Piston-ablation.csv,https://github.com/TS-RF/TSRF,shipkg:fault:530d40214e1a,DOCUMENTED_BY,shipkg:source:29f30f85af55,edge:1aca33edc46a1890,ev:90e8ddf3d3b32d65,4.3
活塞环磨损,故障,故障层级：具体故障或事件；数据性质：热力仿真,归属系统,润滑与轴承系统,系统,系统层级：功能系统,非因果（归属、分类、检查或建议等）,研究者分类（非因果结论）,,TSRF_main.zip,data/Ring-wear.csv,https://github.com/TS-RF/TSRF,shipkg:fault:ebfac27b4d41,BELONGS_TO_SYSTEM,shipkg:subsystem:d08eaf16cc46,edge:8e968f12aadfc671,ev:a50b62c3875a33d5,4.3
活塞环磨损,故障,故障层级：具体故障或事件；数据性质：热力仿真,来源于,Thermodynamic simulation-assisted random forest,资料来源,来源层级：资料级,非因果（归属、分类、检查或建议等）,仿真状态,,TSRF_main.zip,data/Ring-wear.csv,https://github.com/TS-RF/TSRF,shipkg:fault:ebfac27b4d41,DOCUMENTED_BY,shipkg:source:29f30f85af55,edge:ea408031a5706e10,ev:a50b62c3875a33d5,4.3
活塞环黏着,故障,故障层级：具体故障或事件；数据性质：热力仿真,归属系统,润滑与轴承系统,系统,系统层级：功能系统,非因果（归属、分类、检查或建议等）,研究者分类（非因果结论）,,TSRF_main.zip,data/Ring-adhesion.csv,https://github.com/TS-RF/TSRF,shipkg:fault:323fee48e778,BELONGS_TO_SYSTEM,shipkg:subsystem:d08eaf16cc46,edge:f5554490157ed0c6,ev:8b5ccc7bfc9235d4,4.3
活塞环黏着,故障,故障层级：具体故障或事件；数据性质：热力仿真,来源于,Thermodynamic simulation-assisted random forest,资料来源,来源层级：资料级,非因果（归属、分类、检查或建议等）,仿真状态,,TSRF_main.zip,data/Ring-adhesion.csv,https://github.com/TS-RF/TSRF,shipkg:fault:323fee48e778,DOCUMENTED_BY,shipkg:source:29f30f85af55,edge:e77fbbaaae4588fe,ev:8b5ccc7bfc9235d4,4.3
海水经泵进口管大量流入,故障,故障层级：具体故障或事件,归属系统,冷却与海水系统,系统,系统层级：功能系统,非因果（归属、分类、检查或建议等）,研究者分类（非因果结论）,,MAIB_2016_Safety_Digest_generator_oil_fire.pdf,物理第41页；PDF page 41,https://assets.publishing.service.gov.uk/media/5e81e5d2d3bf7f13416961fa/2016-SD1-MAIBSafetyDigest.pdf,shipkg:fault:86ef7d39fd57,BELONGS_TO_SYSTEM,shipkg:subsystem:512427f592b7,edge:20fc4c75223be3e1,ev:5192357e40ea3dd4,4.3
海水经泵进口管大量流入,故障,故障层级：具体故障或事件,导致,机舱进水,后果,,因果类,报告明确记载,事故案例：压载泵检修隔离失效与机舱进水,MAIB_2016_Safety_Digest_generator_oil_fire.pdf,物理第40页；PDF page 40,https://assets.publishing.service.gov.uk/media/5e81e5d2d3bf7f13416961fa/2016-SD1-MAIBSafetyDigest.pdf,shipkg:fault:86ef7d39fd57,LEADS_TO,shipkg:consequence:81fff36694d8,edge:833c59f7f1aa2824,ev:a7f4aefea80b44c7,4.3
海水进口阀被淹无法接近,故障,故障层级：具体故障或事件,归属系统,冷却与海水系统,系统,系统层级：功能系统,非因果（归属、分类、检查或建议等）,研究者分类（非因果结论）,,MAIB_2016_Safety_Digest_generator_oil_fire.pdf,物理第59页；PDF page 59,https://assets.publishing.service.gov.uk/media/5e81e5d2d3bf7f13416961fa/2016-SD1-MAIBSafetyDigest.pdf,shipkg:fault:511d6ce8c125,BELONGS_TO_SYSTEM,shipkg:subsystem:512427f592b7,edge:bd389e5f7d6e77d1,ev:8bf90883ea90543a,4.3
海水隔离阀执行器缺陷,故障,故障层级：具体故障或事件,归属系统,冷却与海水系统,系统,系统层级：功能系统,非因果（归属、分类、检查或建议等）,研究者分类（非因果结论）,,MAIB_2016_Safety_Digest_generator_oil_fire.pdf,物理第41页；PDF page 41,https://assets.publishing.service.gov.uk/media/5e81e5d2d3bf7f13416961fa/2016-SD1-MAIBSafetyDigest.pdf,shipkg:fault:db9b4536b139,BELONGS_TO_SYSTEM,shipkg:subsystem:512427f592b7,edge:02ca32e45e6ed203,ev:e8101941c0ddc6d2,4.3
海水隔离阀执行器缺陷,故障,故障层级：具体故障或事件,导致,海水隔离阀未完全关闭,故障,故障层级：具体故障或事件,因果类,报告明确记载,事故案例：压载泵检修隔离失效与机舱进水,MAIB_2016_Safety_Digest_generator_oil_fire.pdf,物理第41页；PDF page 41,https://assets.publishing.service.gov.uk/media/5e81e5d2d3bf7f13416961fa/2016-SD1-MAIBSafetyDigest.pdf,shipkg:fault:db9b4536b139,LEADS_TO,shipkg:fault:c1ffab11185c,edge:dfb62382120183ff,ev:e8101941c0ddc6d2,4.3
海水隔离阀未完全关闭,故障,故障层级：具体故障或事件,影响部件,海水隔离阀执行器,部件,,非因果（归属、分类、检查或建议等）,报告明确记载,事故案例：压载泵检修隔离失效与机舱进水,MAIB_2016_Safety_Digest_generator_oil_fire.pdf,物理第41页；PDF page 41,https://assets.publishing.service.gov.uk/media/5e81e5d2d3bf7f13416961fa/2016-SD1-MAIBSafetyDigest.pdf,shipkg:fault:c1ffab11185c,AFFECTS_COMPONENT,shipkg:component:5fbf5f22d00c,edge:c9a8accfa0a99686,ev:2180f44fb45d636d,4.3
海水隔离阀未完全关闭,故障,故障层级：具体故障或事件,归属系统,冷却与海水系统,系统,系统层级：功能系统,非因果（归属、分类、检查或建议等）,研究者分类（非因果结论）,,MAIB_2016_Safety_Digest_generator_oil_fire.pdf,物理第41页；PDF page 41,https://assets.publishing.service.gov.uk/media/5e81e5d2d3bf7f13416961fa/2016-SD1-MAIBSafetyDigest.pdf,shipkg:fault:c1ffab11185c,BELONGS_TO_SYSTEM,shipkg:subsystem:512427f592b7,edge:42872f3d3e1a78fd,ev:5192357e40ea3dd4,4.3
海水隔离阀未完全关闭,故障,故障层级：具体故障或事件,促成,海水经泵进口管大量流入,故障,故障层级：具体故障或事件,因果类,报告明确记载,事故案例：压载泵检修隔离失效与机舱进水,MAIB_2016_Safety_Digest_generator_oil_fire.pdf,物理第41页；PDF page 41,https://assets.publishing.service.gov.uk/media/5e81e5d2d3bf7f13416961fa/2016-SD1-MAIBSafetyDigest.pdf,shipkg:fault:c1ffab11185c,CONTRIBUTED_TO,shipkg:fault:86ef7d39fd57,edge:006a785db589c4f8,ev:5192357e40ea3dd4,4.3
液压油喷向高温排气管,故障,故障层级：具体故障或事件,归属系统,润滑与轴承系统,系统,系统层级：功能系统,非因果（归属、分类、检查或建议等）,研究者分类（非因果结论）,,MAIB_2015_22_Pride_of_Canterbury_CPP_hydraulic_fire.pdf,物理第29页；PDF page 29,https://assets.digital.cabinet-office.gov.uk/media/563092daed915d566d000002/MAIBInvReport-22_2015.pdf,shipkg:fault:562580f2bf5a,BELONGS_TO_SYSTEM,shipkg:subsystem:d08eaf16cc46,edge:f369442f930591a9,ev:45f3ae7b802f6792,4.3
液压油喷向高温排气管,故障,故障层级：具体故障或事件,归属系统,燃油与进排气系统,系统,系统层级：功能系统,非因果（归属、分类、检查或建议等）,研究者分类（非因果结论）,,MAIB_2015_22_Pride_of_Canterbury_CPP_hydraulic_fire.pdf,物理第29页；PDF page 29,https://assets.digital.cabinet-office.gov.uk/media/563092daed915d566d000002/MAIBInvReport-22_2015.pdf,shipkg:fault:562580f2bf5a,BELONGS_TO_SYSTEM,shipkg:subsystem:52e7560c8465,edge:c704966fd7702c2f,ev:45f3ae7b802f6792,4.3
液压油喷向高温排气管,故障,故障层级：具体故障或事件,导致,机舱火灾,后果,,因果类,报告明确记载,事故案例：液压背压阀卡滞与火灾,MAIB_2015_22_Pride_of_Canterbury_CPP_hydraulic_fire.pdf,物理第29页；PDF page 29,https://assets.digital.cabinet-office.gov.uk/media/563092daed915d566d000002/MAIBInvReport-22_2015.pdf,shipkg:fault:562580f2bf5a,LEADS_TO,shipkg:consequence:775549e4c085,edge:033974c90eb04867,ev:45f3ae7b802f6792,4.3
滑油喷雾接触高温排气护罩,故障,故障层级：具体故障或事件,归属系统,润滑与轴承系统,系统,系统层级：功能系统,非因果（归属、分类、检查或建议等）,研究者分类（非因果结论）,,MAIB_2016_Safety_Digest_generator_oil_fire.pdf,物理第26页；PDF page 26,https://assets.publishing.service.gov.uk/media/5e81e5d2d3bf7f13416961fa/2016-SD1-MAIBSafetyDigest.pdf,shipkg:fault:5bc176965c58,BELONGS_TO_SYSTEM,shipkg:subsystem:d08eaf16cc46,edge:10d8f96aa55a9e20,ev:2937d3b0bfe9d29f,4.3
滑油喷雾接触高温排气护罩,故障,故障层级：具体故障或事件,归属系统,燃油与进排气系统,系统,系统层级：功能系统,非因果（归属、分类、检查或建议等）,研究者分类（非因果结论）,,MAIB_2016_Safety_Digest_generator_oil_fire.pdf,物理第26页；PDF page 26,https://assets.publishing.service.gov.uk/media/5e81e5d2d3bf7f13416961fa/2016-SD1-MAIBSafetyDigest.pdf,shipkg:fault:5bc176965c58,BELONGS_TO_SYSTEM,shipkg:subsystem:52e7560c8465,edge:69093b708616a9b8,ev:2937d3b0bfe9d29f,4.3
滑油喷雾接触高温排气护罩,故障,故障层级：具体故障或事件,导致,机舱火灾,后果,,因果类,报告明确记载,事故案例：发电机滑油泵堵头松脱火灾,MAIB_2016_Safety_Digest_generator_oil_fire.pdf,物理第26页；PDF page 26,https://assets.publishing.service.gov.uk/media/5e81e5d2d3bf7f13416961fa/2016-SD1-MAIBSafetyDigest.pdf,shipkg:fault:5bc176965c58,LEADS_TO,shipkg:consequence:775549e4c085,edge:4ab21227b3efce20,ev:2937d3b0bfe9d29f,4.3
滑油泵堵头振松,故障,故障层级：具体故障或事件,影响部件,滑油泵堵头,部件,,非因果（归属、分类、检查或建议等）,报告明确记载,事故案例：发电机滑油泵堵头松脱火灾,MAIB_2016_Safety_Digest_generator_oil_fire.pdf,物理第26页；PDF page 26,https://assets.publishing.service.gov.uk/media/5e81e5d2d3bf7f13416961fa/2016-SD1-MAIBSafetyDigest.pdf,shipkg:fault:f2f9d4b10a0b,AFFECTS_COMPONENT,shipkg:component:4d8f23e8a303,edge:703e5ecaa2681b88,ev:3749ce726e3d4dcc,4.3
滑油泵堵头振松,故障,故障层级：具体故障或事件,归属系统,润滑与轴承系统,系统,系统层级：功能系统,非因果（归属、分类、检查或建议等）,研究者分类（非因果结论）,,MAIB_2016_Safety_Digest_generator_oil_fire.pdf,物理第26页；PDF page 26,https://assets.publishing.service.gov.uk/media/5e81e5d2d3bf7f13416961fa/2016-SD1-MAIBSafetyDigest.pdf,shipkg:fault:f2f9d4b10a0b,BELONGS_TO_SYSTEM,shipkg:subsystem:d08eaf16cc46,edge:74bf120886032883,ev:4925b6b6f40f4c21,4.3
滑油泵堵头振松,故障,故障层级：具体故障或事件,导致,压力滑油喷漏,故障,故障层级：具体故障或事件,因果类,报告明确记载,事故案例：发电机滑油泵堵头松脱火灾,MAIB_2016_Safety_Digest_generator_oil_fire.pdf,物理第26页；PDF page 26,https://assets.publishing.service.gov.uk/media/5e81e5d2d3bf7f13416961fa/2016-SD1-MAIBSafetyDigest.pdf,shipkg:fault:f2f9d4b10a0b,LEADS_TO,shipkg:fault:d26785dacafa,edge:e5efb78e70023527,ev:fc2a120321a8291a,4.3
滑油滤清器与油道堵塞,故障,来源可靠性层级：二次语料；专家核验状态：待核验；故障层级：事件/状态；知识层级：二次中文语料知识；适用范围：二次转载文章，船舶/原始报告身份未核实；不计入正式事故案例,语料记载·导致,轴承滑油供给不足,工况与状态,来源可靠性层级：二次语料；专家核验状态：待核验；知识层级：二次中文语料知识；适用范围：二次转载文章，船舶/原始报告身份未核实；不计入正式事故案例,因果类,中文二次语料记载（原文核对，待专家确认）,corpus:a4dd6412481f,marine_diesel_RAG_corpus_All_data.zip,train/油品课堂第六讲某船使用假冒润滑油导致主机烧瓦事故案例.md:normalized_chars=833:855,https://zenodo.org/records/20258638,shipkg:fault:85aa68cd2748,LEADS_TO,shipkg:condition:74557e033406,edge:be357e1893326987,ev:2e3e9d1a590644e2,4.3
烧瓦与轴承咬死,故障,故障层级：故障类别；知识层级：参考；耦合领域：热-机；适用范围：主机滑动轴承；烧瓦是检索用的工程统称，不能把全部轴瓦疲劳、瓦片转位或轴承失效直接标成已证实烧瓦。；语义类别：参考故障类别；数据性质：参考知识,来源于,MAN SL2013-569 bearing wear monitoring and bearing seizure,资料来源,来源层级：资料级,非因果（归属、分类、检查或建议等）,报告明确记载,knowledge:bearing_seizure,MAN_SL2013_569_bearing_wear_monitoring.pdf,物理第2页；PDF page 2,https://www.man-es.com/docs/default-source/service-letters/sl2013-569.pdf,shipkg:faulttype:3353dce7f4ad,DOCUMENTED_BY,shipkg:source:fab13c43338c,edge:2aef9bd93e08fc74,ev:0523deba67297b7c,4.3
烧瓦与轴承咬死,故障,故障层级：故障类别；知识层级：参考；耦合领域：热-机；适用范围：主机滑动轴承；烧瓦是检索用的工程统称，不能把全部轴瓦疲劳、瓦片转位或轴承失效直接标成已证实烧瓦。；语义类别：参考故障类别；数据性质：参考知识,涉及故障,主轴承咬死,故障,故障层级：具体故障或事件,非因果（归属、分类、检查或建议等）,研究者分类（非因果结论）,knowledge:bearing_seizure,MAN_SL2013_569_bearing_wear_monitoring.pdf,物理第2页；PDF page 2,https://www.man-es.com/docs/default-source/service-letters/sl2013-569.pdf,shipkg:faulttype:3353dce7f4ad,INVOLVES,shipkg:fault:ce4fe75e21d8,edge:0638cbb99140f864,ev:0523deba67297b7c,4.3
烧瓦与轴承咬死,故障,故障层级：故障类别；知识层级：参考；耦合领域：热-机；适用范围：主机滑动轴承；烧瓦是检索用的工程统称，不能把全部轴瓦疲劳、瓦片转位或轴承失效直接标成已证实烧瓦。；语义类别：参考故障类别；数据性质：参考知识,涉及运维措施,响应轴承磨损报警并按安全程序降负荷,运维措施,,非因果（归属、分类、检查或建议等）,研究者分类（非因果结论）,knowledge:bearing_seizure,MAN_SL2013_569_bearing_wear_monitoring.pdf,物理第2页；PDF page 2,https://www.man-es.com/docs/default-source/service-letters/sl2013-569.pdf,shipkg:faulttype:3353dce7f4ad,INVOLVES,shipkg:action:e96de4e3b16c,edge:cb021a6095b947d3,ev:b4983f0aef368bd8,4.3
烧瓦与轴承咬死,故障,故障层级：故障类别；知识层级：参考；耦合领域：热-机；适用范围：主机滑动轴承；烧瓦是检索用的工程统称，不能把全部轴瓦疲劳、瓦片转位或轴承失效直接标成已证实烧瓦。；语义类别：参考故障类别；数据性质：参考知识,涉及原因,异物经滑油进入主轴承,原因,,非因果（归属、分类、检查或建议等）,研究者分类（非因果结论）,knowledge:bearing_seizure,MAN_SL2013_569_bearing_wear_monitoring.pdf,物理第2页；PDF page 2,https://www.man-es.com/docs/default-source/service-letters/sl2013-569.pdf,shipkg:faulttype:3353dce7f4ad,INVOLVES,shipkg:cause:7009e2343511,edge:ed0db675da67eb16,ev:0523deba67297b7c,4.3
烧瓦与轴承咬死,故障,故障层级：故障类别；知识层级：参考；耦合领域：热-机；适用范围：主机滑动轴承；烧瓦是检索用的工程统称，不能把全部轴瓦疲劳、瓦片转位或轴承失效直接标成已证实烧瓦。；语义类别：参考故障类别；数据性质：参考知识,涉及后果,曲轴与机座需大修,后果,,非因果（归属、分类、检查或建议等）,研究者分类（非因果结论）,knowledge:bearing_seizure,MAN_SL2013_569_bearing_wear_monitoring.pdf,物理第2页；PDF page 2,https://www.man-es.com/docs/default-source/service-letters/sl2013-569.pdf,shipkg:faulttype:3353dce7f4ad,INVOLVES,shipkg:consequence:0d26b4ebcffb,edge:c221e0c04eac453c,ev:7598b98aa07fcb83,4.3
烧瓦与轴承咬死,故障,故障层级：故障类别；知识层级：参考；耦合领域：热-机；适用范围：主机滑动轴承；烧瓦是检索用的工程统称，不能把全部轴瓦疲劳、瓦片转位或轴承失效直接标成已证实烧瓦。；语义类别：参考故障类别；数据性质：参考知识,涉及工况与状态,未响应轴承磨损报警与减速请求,工况与状态,,非因果（归属、分类、检查或建议等）,研究者分类（非因果结论）,knowledge:bearing_seizure,MAN_SL2013_569_bearing_wear_monitoring.pdf,物理第2页；PDF page 2,https://www.man-es.com/docs/default-source/service-letters/sl2013-569.pdf,shipkg:faulttype:3353dce7f4ad,INVOLVES,shipkg:condition:ef7365f4e337,edge:fc8aac60ddb0a728,ev:a6b5f4147115c639,4.3
烧瓦与轴承咬死,故障,故障层级：故障类别；知识层级：参考；耦合领域：热-机；适用范围：主机滑动轴承；烧瓦是检索用的工程统称，不能把全部轴瓦疲劳、瓦片转位或轴承失效直接标成已证实烧瓦。；语义类别：参考故障类别；数据性质：参考知识,涉及检查方法,核验轴承磨损监测快速磨损功能,检查方法,,非因果（归属、分类、检查或建议等）,研究者分类（非因果结论）,knowledge:bearing_seizure,MAN_SL2013_569_bearing_wear_monitoring.pdf,物理第4页；PDF page 4,https://www.man-es.com/docs/default-source/service-letters/sl2013-569.pdf,shipkg:faulttype:3353dce7f4ad,INVOLVES,shipkg:check:cf70a74f2d91,edge:638158499a61e934,ev:561c84866e09149d,4.3
烧瓦与轴承咬死,故障,故障层级：故障类别；知识层级：参考；耦合领域：热-机；适用范围：主机滑动轴承；烧瓦是检索用的工程统称，不能把全部轴瓦疲劳、瓦片转位或轴承失效直接标成已证实烧瓦。；语义类别：参考故障类别；数据性质：参考知识,涉及症状,油雾探测器反复报警,症状,,非因果（归属、分类、检查或建议等）,研究者分类（非因果结论）,knowledge:bearing_seizure,MAN_SL2013_569_bearing_wear_monitoring.pdf,物理第2页；PDF page 2,https://www.man-es.com/docs/default-source/service-letters/sl2013-569.pdf,shipkg:faulttype:3353dce7f4ad,INVOLVES,shipkg:symptom:ea2cdd59ea5c,edge:bc165837532e5910,ev:06bb917f36e1db67,4.3
烧瓦与轴承咬死,故障,故障层级：故障类别；知识层级：参考；耦合领域：热-机；适用范围：主机滑动轴承；烧瓦是检索用的工程统称，不能把全部轴瓦疲劳、瓦片转位或轴承失效直接标成已证实烧瓦。；语义类别：参考故障类别；数据性质：参考知识,涉及系统,润滑与轴承系统,系统,系统层级：功能系统,非因果（归属、分类、检查或建议等）,研究者分类（非因果结论）,knowledge:bearing_seizure,MAN_SL2013_569_bearing_wear_monitoring.pdf,物理第2页；PDF page 2,https://www.man-es.com/docs/default-source/service-letters/sl2013-569.pdf,shipkg:faulttype:3353dce7f4ad,IN_SYSTEM,shipkg:subsystem:d08eaf16cc46,edge:5d7a14186bd99b41,ev:0523deba67297b7c,4.3
燃油喷向裸露高温排气歧管,故障,故障层级：具体故障或事件,影响部件,ME3排气歧管,部件,,非因果（归属、分类、检查或建议等）,报告明确记载,事故案例：燃油法兰松动与主机火灾,MAIB_2024_20_Stena_Europe_fuel_spray_fire.pdf,物理第29页；PDF page 29,https://assets.publishing.service.gov.uk/media/6756db0ba63e1781efb87793/2024-20-StenaEurope.pdf,shipkg:fault:256ba55c5fb2,AFFECTS_COMPONENT,shipkg:component:a85d6cb18c5c,edge:c86afda0091fbc18,ev:2d2994aad520a17a,4.3
燃油喷向裸露高温排气歧管,故障,故障层级：具体故障或事件,归属系统,燃油与进排气系统,系统,系统层级：功能系统,非因果（归属、分类、检查或建议等）,研究者分类（非因果结论）,,MAIB_2024_20_Stena_Europe_fuel_spray_fire.pdf,物理第29页；PDF page 29,https://assets.publishing.service.gov.uk/media/6756db0ba63e1781efb87793/2024-20-StenaEurope.pdf,shipkg:fault:256ba55c5fb2,BELONGS_TO_SYSTEM,shipkg:subsystem:52e7560c8465,edge:8fb7bd6c2a5c3fee,ev:2d2994aad520a17a,4.3
燃油喷向裸露高温排气歧管,故障,故障层级：具体故障或事件,导致,机舱火灾,后果,,因果类,报告明确记载,事故案例：燃油法兰松动与主机火灾,MAIB_2024_20_Stena_Europe_fuel_spray_fire.pdf,物理第7页；PDF page 7,https://assets.publishing.service.gov.uk/media/6756db0ba63e1781efb87793/2024-20-StenaEurope.pdf,shipkg:fault:256ba55c5fb2,LEADS_TO,shipkg:consequence:775549e4c085,edge:5c1e6de9385c0810,ev:b0b9daf02ad1af6f,4.3
燃油法兰螺钉松动,故障,故障层级：具体故障或事件,影响部件,ME3燃油双螺钉法兰,部件,,非因果（归属、分类、检查或建议等）,报告明确记载,事故案例：燃油法兰松动与主机火灾,MAIB_2024_20_Stena_Europe_fuel_spray_fire.pdf,物理第29页；PDF page 29,https://assets.publishing.service.gov.uk/media/6756db0ba63e1781efb87793/2024-20-StenaEurope.pdf,shipkg:fault:7b886d9d51c3,AFFECTS_COMPONENT,shipkg:component:e0a03cf176fe,edge:bc74a4ad474e6f70,ev:861eb8fbe47cd585,4.3
燃油法兰螺钉松动,故障,故障层级：具体故障或事件,归属系统,燃油与进排气系统,系统,系统层级：功能系统,非因果（归属、分类、检查或建议等）,研究者分类（非因果结论）,,MAIB_2024_20_Stena_Europe_fuel_spray_fire.pdf,物理第29页；PDF page 29,https://assets.publishing.service.gov.uk/media/6756db0ba63e1781efb87793/2024-20-StenaEurope.pdf,shipkg:fault:7b886d9d51c3,BELONGS_TO_SYSTEM,shipkg:subsystem:52e7560c8465,edge:5d817dfc42beb4e4,ev:38b5d9eb759b1681,4.3
燃油法兰螺钉松动,故障,故障层级：具体故障或事件,导致,压力燃油泄漏,故障,故障层级：具体故障或事件,因果类,报告明确记载,事故案例：燃油法兰松动与主机火灾,MAIB_2024_20_Stena_Europe_fuel_spray_fire.pdf,物理第29页；PDF page 29,https://assets.publishing.service.gov.uk/media/6756db0ba63e1781efb87793/2024-20-StenaEurope.pdf,shipkg:fault:7b886d9d51c3,LEADS_TO,shipkg:fault:3349e319bedc,edge:520a28c95116afda,ev:38b5d9eb759b1681,4.3
电容内压升高与壳体破裂,故障,故障层级：具体故障或事件,归属系统,电力与控制系统,系统,系统层级：功能系统,非因果（归属、分类、检查或建议等）,研究者分类（非因果结论）,,MAIB_2011_28_Queen_Mary_2_harmonic_filter_failure.pdf,物理第13页；PDF page 13,https://assets.digital.cabinet-office.gov.uk/media/547c6fa6ed915d4c10000031/QM2Report.pdf,shipkg:fault:c8fa85d36573,BELONGS_TO_SYSTEM,shipkg:subsystem:4539c38d0a84,edge:ff2bc2e691b752a6,ev:f17ab4bbdcec2bfc,4.3
电容内压升高与壳体破裂,故障,故障层级：具体故障或事件,导致,谐波滤波器爆炸,后果,,因果类,报告明确记载,事故案例：谐波滤波电容失效与全船失电,MAIB_2011_28_Queen_Mary_2_harmonic_filter_failure.pdf,物理第13页；PDF page 13,https://assets.digital.cabinet-office.gov.uk/media/547c6fa6ed915d4c10000031/QM2Report.pdf,shipkg:fault:c8fa85d36573,LEADS_TO,shipkg:consequence:fc1835efb5ca,edge:5b67e69e6ebd2a46,ev:f17ab4bbdcec2bfc,4.3
电容内部电弧与介质汽化,故障,故障层级：具体故障或事件,归属系统,电力与控制系统,系统,系统层级：功能系统,非因果（归属、分类、检查或建议等）,研究者分类（非因果结论）,,MAIB_2011_28_Queen_Mary_2_harmonic_filter_failure.pdf,物理第13页；PDF page 13,https://assets.digital.cabinet-office.gov.uk/media/547c6fa6ed915d4c10000031/QM2Report.pdf,shipkg:fault:73da5c52ce5d,BELONGS_TO_SYSTEM,shipkg:subsystem:4539c38d0a84,edge:afd37535d3e74b2b,ev:a0ea937863e1a2df,4.3
电容内部电弧与介质汽化,故障,故障层级：具体故障或事件,导致,电容内压升高与壳体破裂,故障,故障层级：具体故障或事件,因果类,报告明确记载,事故案例：谐波滤波电容失效与全船失电,MAIB_2011_28_Queen_Mary_2_harmonic_filter_failure.pdf,物理第13页；PDF page 13,https://assets.digital.cabinet-office.gov.uk/media/547c6fa6ed915d4c10000031/QM2Report.pdf,shipkg:fault:73da5c52ce5d,LEADS_TO,shipkg:fault:c8fa85d36573,edge:f45e0d237e7a3e57,ev:90e6711ec8bfcb6f,4.3
电机与发电机轴承电蚀,故障,故障层级：故障类别；知识层级：参考；耦合领域：电-机；适用范围：具有闭合轴电流路径的旋转电机；轴承绝缘和接地刷方案按厂家/机型确定，不能假定全部STAMFORD机型都需要绝缘轴承。；语义类别：参考故障类别；数据性质：参考知识,来源于,STAMFORD AGN033 shaft bearing currents,资料来源,来源层级：资料级,非因果（归属、分类、检查或建议等）,报告明确记载,knowledge:bearing_electrical_erosion,STAMFORD_AGN033_bearing_currents.pdf,物理第1页；PDF page 1,https://www.stamford-avk.com/sites/stamfordavk/files/AGNs/AGN-033_C-Shaft-Bearing-Currents.pdf,shipkg:faulttype:6dbd0d51366c,DOCUMENTED_BY,shipkg:source:6fd630a82457,edge:e5596c271b57687f,ev:9eb024fc4137b406,4.3
电机与发电机轴承电蚀,故障,故障层级：故障类别；知识层级：参考；耦合领域：电-机；适用范围：具有闭合轴电流路径的旋转电机；轴承绝缘和接地刷方案按厂家/机型确定，不能假定全部STAMFORD机型都需要绝缘轴承。；语义类别：参考故障类别；数据性质：参考知识,涉及运维措施,按适用机型维护接地刷与绝缘轴承,运维措施,,非因果（归属、分类、检查或建议等）,研究者分类（非因果结论）,knowledge:bearing_electrical_erosion,STAMFORD_AGN033_bearing_currents.pdf,物理第3页；PDF page 3,https://www.stamford-avk.com/sites/stamfordavk/files/AGNs/AGN-033_C-Shaft-Bearing-Currents.pdf,shipkg:faulttype:6dbd0d51366c,INVOLVES,shipkg:action:9444999ad903,edge:ac1e56ea13c88f93,ev:8552d0e3f49eb3e2,4.3
电机与发电机轴承电蚀,故障,故障层级：故障类别；知识层级：参考；耦合领域：电-机；适用范围：具有闭合轴电流路径的旋转电机；轴承绝缘和接地刷方案按厂家/机型确定，不能假定全部STAMFORD机型都需要绝缘轴承。；语义类别：参考故障类别；数据性质：参考知识,涉及检查方法,核查轴电压电流与轴承接地绝缘方案,检查方法,,非因果（归属、分类、检查或建议等）,研究者分类（非因果结论）,knowledge:bearing_electrical_erosion,STAMFORD_AGN033_bearing_currents.pdf,物理第3页；PDF page 3,https://www.stamford-avk.com/sites/stamfordavk/files/AGNs/AGN-033_C-Shaft-Bearing-Currents.pdf,shipkg:faulttype:6dbd0d51366c,INVOLVES,shipkg:check:c0dd4b8aa6a3,edge:aa34a71289e4b926,ev:ac86437a65d64581,4.3
电机与发电机轴承电蚀,故障,故障层级：故障类别；知识层级：参考；耦合领域：电-机；适用范围：具有闭合轴电流路径的旋转电机；轴承绝缘和接地刷方案按厂家/机型确定，不能假定全部STAMFORD机型都需要绝缘轴承。；语义类别：参考故障类别；数据性质：参考知识,涉及工况与状态,电机磁场不对称产生轴电压,工况与状态,,非因果（归属、分类、检查或建议等）,研究者分类（非因果结论）,knowledge:bearing_electrical_erosion,STAMFORD_AGN033_bearing_currents.pdf,物理第1页；PDF page 1,https://www.stamford-avk.com/sites/stamfordavk/files/AGNs/AGN-033_C-Shaft-Bearing-Currents.pdf,shipkg:faulttype:6dbd0d51366c,INVOLVES,shipkg:condition:e3641dbad50c,edge:d516e4cdcfdb094e,ev:9eb024fc4137b406,4.3
电机与发电机轴承电蚀,故障,故障层级：故障类别；知识层级：参考；耦合领域：电-机；适用范围：具有闭合轴电流路径的旋转电机；轴承绝缘和接地刷方案按厂家/机型确定，不能假定全部STAMFORD机型都需要绝缘轴承。；语义类别：参考故障类别；数据性质：参考知识,涉及故障,轴承电蚀,故障,故障层级：具体故障或事件,非因果（归属、分类、检查或建议等）,研究者分类（非因果结论）,knowledge:bearing_electrical_erosion,STAMFORD_AGN033_bearing_currents.pdf,物理第1页；PDF page 1,https://www.stamford-avk.com/sites/stamfordavk/files/AGNs/AGN-033_C-Shaft-Bearing-Currents.pdf,shipkg:faulttype:6dbd0d51366c,INVOLVES,shipkg:fault:7dd3cdd4fe58,edge:fbc1bc6eae5124a5,ev:0f7534e3f93d98e3,4.3
电机与发电机轴承电蚀,故障,故障层级：故障类别；知识层级：参考；耦合领域：电-机；适用范围：具有闭合轴电流路径的旋转电机；轴承绝缘和接地刷方案按厂家/机型确定，不能假定全部STAMFORD机型都需要绝缘轴承。；语义类别：参考故障类别；数据性质：参考知识,涉及工况与状态,轴电流通过滚动轴承,工况与状态,,非因果（归属、分类、检查或建议等）,研究者分类（非因果结论）,knowledge:bearing_electrical_erosion,STAMFORD_AGN033_bearing_currents.pdf,物理第1页；PDF page 1,https://www.stamford-avk.com/sites/stamfordavk/files/AGNs/AGN-033_C-Shaft-Bearing-Currents.pdf,shipkg:faulttype:6dbd0d51366c,INVOLVES,shipkg:condition:3516d66bca42,edge:17b9e2683d9eda01,ev:9eb024fc4137b406,4.3
电机与发电机轴承电蚀,故障,故障层级：故障类别；知识层级：参考；耦合领域：电-机；适用范围：具有闭合轴电流路径的旋转电机；轴承绝缘和接地刷方案按厂家/机型确定，不能假定全部STAMFORD机型都需要绝缘轴承。；语义类别：参考故障类别；数据性质：参考知识,涉及系统,润滑与轴承系统,系统,系统层级：功能系统,非因果（归属、分类、检查或建议等）,研究者分类（非因果结论）,knowledge:bearing_electrical_erosion,STAMFORD_AGN033_bearing_currents.pdf,物理第1页；PDF page 1,https://www.stamford-avk.com/sites/stamfordavk/files/AGNs/AGN-033_C-Shaft-Bearing-Currents.pdf,shipkg:faulttype:6dbd0d51366c,IN_SYSTEM,shipkg:subsystem:d08eaf16cc46,edge:386190211bd04886,ev:9eb024fc4137b406,4.3
电机与发电机轴承电蚀,故障,故障层级：故障类别；知识层级：参考；耦合领域：电-机；适用范围：具有闭合轴电流路径的旋转电机；轴承绝缘和接地刷方案按厂家/机型确定，不能假定全部STAMFORD机型都需要绝缘轴承。；语义类别：参考故障类别；数据性质：参考知识,涉及系统,电力与控制系统,系统,系统层级：功能系统,非因果（归属、分类、检查或建议等）,研究者分类（非因果结论）,knowledge:bearing_electrical_erosion,STAMFORD_AGN033_bearing_currents.pdf,物理第1页；PDF page 1,https://www.stamford-avk.com/sites/stamfordavk/files/AGNs/AGN-033_C-Shaft-Bearing-Currents.pdf,shipkg:faulttype:6dbd0d51366c,IN_SYSTEM,shipkg:subsystem:4539c38d0a84,edge:bb9010c7f013b8b8,ev:9eb024fc4137b406,4.3
电流不平衡保护失效,故障,故障层级：具体故障或事件,影响部件,电流不平衡互感器,部件,,非因果（归属、分类、检查或建议等）,报告明确记载,事故案例：谐波滤波电容失效与全船失电,MAIB_2011_28_Queen_Mary_2_harmonic_filter_failure.pdf,物理第64页；PDF page 64,https://assets.digital.cabinet-office.gov.uk/media/547c6fa6ed915d4c10000031/QM2Report.pdf,shipkg:fault:b2aa91be158b,AFFECTS_COMPONENT,shipkg:component:29dfcfe886de,edge:be3809f5644484fb,ev:800bdca6cdc9fb5d,4.3
电流不平衡保护失效,故障,故障层级：具体故障或事件,归属系统,电力与控制系统,系统,系统层级：功能系统,非因果（归属、分类、检查或建议等）,研究者分类（非因果结论）,,MAIB_2011_28_Queen_Mary_2_harmonic_filter_failure.pdf,物理第64页；PDF page 64,https://assets.digital.cabinet-office.gov.uk/media/547c6fa6ed915d4c10000031/QM2Report.pdf,shipkg:fault:b2aa91be158b,BELONGS_TO_SYSTEM,shipkg:subsystem:4539c38d0a84,edge:17e9a04f09929cc9,ev:3bea0430b472030b,4.3
电流不平衡保护失效,故障,故障层级：具体故障或事件,妨碍发现,谐波滤波电容退化,故障,故障层级：具体故障或事件；语义类别：性能退化,非因果（归属、分类、检查或建议等）,报告明确记载,事故案例：谐波滤波电容失效与全船失电,MAIB_2011_28_Queen_Mary_2_harmonic_filter_failure.pdf,物理第64页；PDF page 64,https://assets.digital.cabinet-office.gov.uk/media/547c6fa6ed915d4c10000031/QM2Report.pdf,shipkg:fault:b2aa91be158b,LIMITS_DETECTION_OF,shipkg:fault:5737f3610967,edge:f08fa036f145759a,ev:ab39293c5f3260fc,4.3
盘车安全联锁失效,故障,故障层级：具体故障或事件,影响部件,盘车安全联锁,部件,,非因果（归属、分类、检查或建议等）,报告明确记载,事故案例：盘车联锁失效与启动损坏,MAIB_2013_Safety_Digest_lubrication_bearing_cases.pdf,物理第16页；PDF page 16,https://assets.publishing.service.gov.uk/government/uploads/system/uploads/attachment_data/file/876748/2013-SD2-MAIBSafetyDigest.pdf,shipkg:fault:8027eb707475,AFFECTS_COMPONENT,shipkg:component:6432d2482f06,edge:80cfc3d350b9d643,ev:157ede421b19ee3a,4.3
盘车安全联锁失效,故障,故障层级：具体故障或事件,归属系统,传动与推进系统,系统,系统层级：功能系统,非因果（归属、分类、检查或建议等）,研究者分类（非因果结论）,,MAIB_2013_Safety_Digest_lubrication_bearing_cases.pdf,物理第16页；PDF page 16,https://assets.publishing.service.gov.uk/government/uploads/system/uploads/attachment_data/file/876748/2013-SD2-MAIBSafetyDigest.pdf,shipkg:fault:8027eb707475,BELONGS_TO_SYSTEM,shipkg:subsystem:5e357a568055,edge:dbe9a176be30a55b,ev:157ede421b19ee3a,4.3
盘车安全联锁失效,故障,故障层级：具体故障或事件,归属系统,电力与控制系统,系统,系统层级：功能系统,非因果（归属、分类、检查或建议等）,研究者分类（非因果结论）,,MAIB_2013_Safety_Digest_lubrication_bearing_cases.pdf,物理第16页；PDF page 16,https://assets.publishing.service.gov.uk/government/uploads/system/uploads/attachment_data/file/876748/2013-SD2-MAIBSafetyDigest.pdf,shipkg:fault:8027eb707475,BELONGS_TO_SYSTEM,shipkg:subsystem:4539c38d0a84,edge:cecbd6c43807af5b,ev:157ede421b19ee3a,4.3
盘车安全联锁失效,故障,故障层级：具体故障或事件,促成,盘车机构未脱开启动,故障,故障层级：具体故障或事件,因果类,报告明确记载,事故案例：盘车联锁失效与启动损坏,MAIB_2013_Safety_Digest_lubrication_bearing_cases.pdf,物理第16页；PDF page 16,https://assets.publishing.service.gov.uk/government/uploads/system/uploads/attachment_data/file/876748/2013-SD2-MAIBSafetyDigest.pdf,shipkg:fault:8027eb707475,CONTRIBUTED_TO,shipkg:fault:439f73a406a0,edge:b72140166c9b6e90,ev:157ede421b19ee3a,4.3
盘车机构未脱开启动,故障,故障层级：具体故障或事件,影响部件,盘车机构,部件,,非因果（归属、分类、检查或建议等）,报告明确记载,事故案例：盘车联锁失效与启动损坏,MAIB_2013_Safety_Digest_lubrication_bearing_cases.pdf,物理第16页；PDF page 16,https://assets.publishing.service.gov.uk/government/uploads/system/uploads/attachment_data/file/876748/2013-SD2-MAIBSafetyDigest.pdf,shipkg:fault:439f73a406a0,AFFECTS_COMPONENT,shipkg:component:46d84bd3b794,edge:1b6014b7d03ff82b,ev:f4e14e047a77ffb2,4.3
盘车机构未脱开启动,故障,故障层级：具体故障或事件,归属系统,传动与推进系统,系统,系统层级：功能系统,非因果（归属、分类、检查或建议等）,研究者分类（非因果结论）,,MAIB_2013_Safety_Digest_lubrication_bearing_cases.pdf,物理第16页；PDF page 16,https://assets.publishing.service.gov.uk/government/uploads/system/uploads/attachment_data/file/876748/2013-SD2-MAIBSafetyDigest.pdf,shipkg:fault:439f73a406a0,BELONGS_TO_SYSTEM,shipkg:subsystem:5e357a568055,edge:4d0d6acc4fb9e522,ev:85dce6df90ffbd20,4.3
盘车机构未脱开启动,故障,故障层级：具体故障或事件,导致,盘车轴与齿轮损坏,故障,故障层级：具体故障或事件,因果类,报告明确记载,事故案例：盘车联锁失效与启动损坏,MAIB_2013_Safety_Digest_lubrication_bearing_cases.pdf,物理第16页；PDF page 16,https://assets.publishing.service.gov.uk/government/uploads/system/uploads/attachment_data/file/876748/2013-SD2-MAIBSafetyDigest.pdf,shipkg:fault:439f73a406a0,LEADS_TO,shipkg:fault:1a73f1a1e185,edge:a81b23e750118cd9,ev:543d0b7392fa5ff2,4.3
盘车轴与齿轮损坏,故障,故障层级：具体故障或事件,归属系统,传动与推进系统,系统,系统层级：功能系统,非因果（归属、分类、检查或建议等）,研究者分类（非因果结论）,,MAIB_2013_Safety_Digest_lubrication_bearing_cases.pdf,物理第16页；PDF page 16,https://assets.publishing.service.gov.uk/government/uploads/system/uploads/attachment_data/file/876748/2013-SD2-MAIBSafetyDigest.pdf,shipkg:fault:1a73f1a1e185,BELONGS_TO_SYSTEM,shipkg:subsystem:5e357a568055,edge:1bc77c83895d7e3d,ev:1f80efa15bdc4c0e,4.3
盘车轴与齿轮损坏,故障,故障层级：具体故障或事件,归属系统,润滑与轴承系统,系统,系统层级：功能系统,非因果（归属、分类、检查或建议等）,研究者分类（非因果结论）,,MAIB_2013_Safety_Digest_lubrication_bearing_cases.pdf,物理第16页；PDF page 16,https://assets.publishing.service.gov.uk/government/uploads/system/uploads/attachment_data/file/876748/2013-SD2-MAIBSafetyDigest.pdf,shipkg:fault:1a73f1a1e185,BELONGS_TO_SYSTEM,shipkg:subsystem:d08eaf16cc46,edge:0efccc104bc9881e,ev:1f80efa15bdc4c0e,4.3
盘车轴与齿轮损坏,故障,故障层级：具体故障或事件,导致,船舶停航一个月,后果,,因果类,报告明确记载,事故案例：盘车联锁失效与启动损坏,MAIB_2013_Safety_Digest_lubrication_bearing_cases.pdf,物理第16页；PDF page 16,https://assets.publishing.service.gov.uk/government/uploads/system/uploads/attachment_data/file/876748/2013-SD2-MAIBSafetyDigest.pdf,shipkg:fault:1a73f1a1e185,LEADS_TO,shipkg:consequence:2cba0fdbf1dd,edge:1ecb8c266da0f796,ev:1f80efa15bdc4c0e,4.3
空压机高压冷却器渗漏,故障,来源可靠性层级：二次语料；专家核验状态：待核验；故障层级：事件/状态；知识层级：二次中文语料知识；适用范围：文中共享中央淡水冷却回路；须核对本船空压机冷却器与副机回路连接,语料记载·可能促成,压力空气进入共享冷却淡水回路,工况与状态,来源可靠性层级：二次语料；专家核验状态：待核验；知识层级：二次中文语料知识；适用范围：文中共享中央淡水冷却回路；须核对本船空压机冷却器与副机回路连接,因果类,中文二次语料记载（原文核对，待专家确认）,corpus:3fc204fbafaf,marine_diesel_RAG_corpus_All_data.zip,test/船机帮一起副机冷却水失压停车故障的处理和原因分析.md:normalized_chars=2638:2657,https://zenodo.org/records/20258638,shipkg:fault:2dae085915ff,MAY_CONTRIBUTE_TO,shipkg:condition:e79d7284b565,edge:dc3b1371dec5e0f0,ev:ee063184a950352f,4.3
缸套磨损,故障,故障层级：具体故障或事件；数据性质：热力仿真,归属系统,润滑与轴承系统,系统,系统层级：功能系统,非因果（归属、分类、检查或建议等）,研究者分类（非因果结论）,,TSRF_main.zip,data/Linner-wear.csv,https://github.com/TS-RF/TSRF,shipkg:fault:825e44b518ef,BELONGS_TO_SYSTEM,shipkg:subsystem:d08eaf16cc46,edge:22a4c1d018d4162f,ev:5f636d583be533fd,4.3
缸套磨损,故障,故障层级：具体故障或事件；数据性质：热力仿真,来源于,Thermodynamic simulation-assisted random forest,资料来源,来源层级：资料级,非因果（归属、分类、检查或建议等）,仿真状态,,TSRF_main.zip,data/Linner-wear.csv,https://github.com/TS-RF/TSRF,shipkg:fault:825e44b518ef,DOCUMENTED_BY,shipkg:source:29f30f85af55,edge:7a2bc0ec43b6d142,ev:5f636d583be533fd,4.3
缸套黏着拉伤,故障,故障层级：具体故障或事件,归入故障类别,拉缸,故障,故障层级：故障类别；知识层级：参考；耦合领域：热-机；适用范围：MAN B&W两冲程柴油机缸套/活塞环；2016通函用于机理，润滑油选择须查2023通函及本机手册。不能把活塞咬死一概等同于已证实拉缸。；语义类别：参考故障类别；数据性质：参考知识,非因果（归属、分类、检查或建议等）,研究者分类（非因果结论）,knowledge:liner_scuffing,MAN_SL2016_633_piston_rings_scuffing.pdf,物理第2页；PDF page 2,https://www.man-es.com/docs/default-source/service-letters/sl2016-633.pdf,shipkg:fault:2c6822dc16f4,INSTANCE_OF,shipkg:faulttype:ce7933999459,edge:c5e2335b46334594,ev:5fd90f16f36a665e,4.3
缸套黏着拉伤,故障,故障层级：具体故障或事件,导致,缸套表面硬化需修复,工况与状态,,因果类,厂家一般机理/指导（须核对机型）,knowledge:liner_scuffing,MAN_SL2016_633_piston_rings_scuffing.pdf,物理第2页；PDF page 2,https://www.man-es.com/docs/default-source/service-letters/sl2016-633.pdf,shipkg:fault:2c6822dc16f4,LEADS_TO,shipkg:condition:9dd79587307a,edge:321c0ccbe27aa769,ev:e7c05a5721cf177a,4.3
联轴器故障,故障,故障层级：故障类别；知识层级：参考；耦合领域：机-电；适用范围：实际证据是Hebrides的CPP执行器小型爪式联轴器，不是主推进轴联轴器断裂；主轴断裂根因不可由此推断。；语义类别：参考故障类别；数据性质：参考知识,来源于,MAIB Hebrides CPP actuator coupling failure,资料来源,来源层级：资料级,非因果（归属、分类、检查或建议等）,报告明确记载,knowledge:coupling_failure,MAIB_2017_20_Hebrides_CPP_coupling.pdf,物理第35页；PDF page 35,https://assets.publishing.service.gov.uk/media/59b7ab1c40f0b61231e71a54/MAIBInvReport20_2017.pdf,shipkg:faulttype:12275851bbd1,DOCUMENTED_BY,shipkg:source:94adb0d6c252,edge:c023b976da8f777f,ev:d3e64cd30311c1bb,4.3
联轴器故障,故障,故障层级：故障类别；知识层级：参考；耦合领域：机-电；适用范围：实际证据是Hebrides的CPP执行器小型爪式联轴器，不是主推进轴联轴器断裂；主轴断裂根因不可由此推断。；语义类别：参考故障类别；数据性质：参考知识,涉及故障,可调螺距桨执行器联轴器松脱,故障,故障层级：具体故障或事件,非因果（归属、分类、检查或建议等）,研究者分类（非因果结论）,knowledge:coupling_failure,MAIB_2017_20_Hebrides_CPP_coupling.pdf,物理第35页；PDF page 35,https://assets.publishing.service.gov.uk/media/59b7ab1c40f0b61231e71a54/MAIBInvReport20_2017.pdf,shipkg:faulttype:12275851bbd1,INVOLVES,shipkg:fault:7c36cc5888d4,edge:5cf486a771805663,ev:d3e64cd30311c1bb,4.3
联轴器故障,故障,故障层级：故障类别；知识层级：参考；耦合领域：机-电；适用范围：实际证据是Hebrides的CPP执行器小型爪式联轴器，不是主推进轴联轴器断裂；主轴断裂根因不可由此推断。；语义类别：参考故障类别；数据性质：参考知识,涉及故障,可调螺距桨执行器运动传递失效,故障,故障层级：具体故障或事件,非因果（归属、分类、检查或建议等）,研究者分类（非因果结论）,knowledge:coupling_failure,MAIB_2017_20_Hebrides_CPP_coupling.pdf,物理第30页；PDF page 30,https://assets.publishing.service.gov.uk/media/59b7ab1c40f0b61231e71a54/MAIBInvReport20_2017.pdf,shipkg:faulttype:12275851bbd1,INVOLVES,shipkg:fault:7386c69bc1ea,edge:2922e209ba44a55f,ev:56138ddb26a2655e,4.3
联轴器故障,故障,故障层级：故障类别；知识层级：参考；耦合领域：机-电；适用范围：实际证据是Hebrides的CPP执行器小型爪式联轴器，不是主推进轴联轴器断裂；主轴断裂根因不可由此推断。；语义类别：参考故障类别；数据性质：参考知识,涉及检查方法,按OEM要求检查执行器联轴器紧固完整性,检查方法,,非因果（归属、分类、检查或建议等）,研究者分类（非因果结论）,knowledge:coupling_failure,MAIB_2017_20_Hebrides_CPP_coupling.pdf,物理第36页；PDF page 36,https://assets.publishing.service.gov.uk/media/59b7ab1c40f0b61231e71a54/MAIBInvReport20_2017.pdf,shipkg:faulttype:12275851bbd1,INVOLVES,shipkg:check:61f2da350e19,edge:2f74f8761bde5300,ev:6312cf968733db1b,4.3
联轴器故障,故障,故障层级：故障类别；知识层级：参考；耦合领域：机-电；适用范围：实际证据是Hebrides的CPP执行器小型爪式联轴器，不是主推进轴联轴器断裂；主轴断裂根因不可由此推断。；语义类别：参考故障类别；数据性质：参考知识,涉及运维措施,按原厂服务程序维护可调螺距桨执行器,运维措施,,非因果（归属、分类、检查或建议等）,研究者分类（非因果结论）,knowledge:coupling_failure,MAIB_2017_20_Hebrides_CPP_coupling.pdf,物理第36页；PDF page 36,https://assets.publishing.service.gov.uk/media/59b7ab1c40f0b61231e71a54/MAIBInvReport20_2017.pdf,shipkg:faulttype:12275851bbd1,INVOLVES,shipkg:action:2cd7b4f4bdb0,edge:6496872e1022a1e2,ev:de520bd4ed098df8,4.3
联轴器故障,故障,故障层级：故障类别；知识层级：参考；耦合领域：机-电；适用范围：实际证据是Hebrides的CPP执行器小型爪式联轴器，不是主推进轴联轴器断裂；主轴断裂根因不可由此推断。；语义类别：参考故障类别；数据性质：参考知识,涉及原因,联轴器紧定螺钉缺少锁固措施,原因,,非因果（归属、分类、检查或建议等）,研究者分类（非因果结论）,knowledge:coupling_failure,MAIB_2017_20_Hebrides_CPP_coupling.pdf,物理第35页；PDF page 35,https://assets.publishing.service.gov.uk/media/59b7ab1c40f0b61231e71a54/MAIBInvReport20_2017.pdf,shipkg:faulttype:12275851bbd1,INVOLVES,shipkg:cause:9b5341f924b9,edge:631fd40455f0979a,ev:d3e64cd30311c1bb,4.3
联轴器故障,故障,故障层级：故障类别；知识层级：参考；耦合领域：机-电；适用范围：实际证据是Hebrides的CPP执行器小型爪式联轴器，不是主推进轴联轴器断裂；主轴断裂根因不可由此推断。；语义类别：参考故障类别；数据性质：参考知识,涉及故障,驾驶台丧失左舷螺距控制,故障,故障层级：具体故障或事件,非因果（归属、分类、检查或建议等）,研究者分类（非因果结论）,knowledge:coupling_failure,MAIB_2017_20_Hebrides_CPP_coupling.pdf,物理第30页；PDF page 30,https://assets.publishing.service.gov.uk/media/59b7ab1c40f0b61231e71a54/MAIBInvReport20_2017.pdf,shipkg:faulttype:12275851bbd1,INVOLVES,shipkg:fault:675217222811,edge:47065ca9543bdbba,ev:2cdda8701b9f350e,4.3
联轴器故障,故障,故障层级：故障类别；知识层级：参考；耦合领域：机-电；适用范围：实际证据是Hebrides的CPP执行器小型爪式联轴器，不是主推进轴联轴器断裂；主轴断裂根因不可由此推断。；语义类别：参考故障类别；数据性质：参考知识,涉及系统,传动与推进系统,系统,系统层级：功能系统,非因果（归属、分类、检查或建议等）,研究者分类（非因果结论）,knowledge:coupling_failure,MAIB_2017_20_Hebrides_CPP_coupling.pdf,物理第35页；PDF page 35,https://assets.publishing.service.gov.uk/media/59b7ab1c40f0b61231e71a54/MAIBInvReport20_2017.pdf,shipkg:faulttype:12275851bbd1,IN_SYSTEM,shipkg:subsystem:5e357a568055,edge:28b886f51745046b,ev:d3e64cd30311c1bb,4.3
联轴器故障,故障,故障层级：故障类别；知识层级：参考；耦合领域：机-电；适用范围：实际证据是Hebrides的CPP执行器小型爪式联轴器，不是主推进轴联轴器断裂；主轴断裂根因不可由此推断。；语义类别：参考故障类别；数据性质：参考知识,涉及系统,电力与控制系统,系统,系统层级：功能系统,非因果（归属、分类、检查或建议等）,研究者分类（非因果结论）,knowledge:coupling_failure,MAIB_2017_20_Hebrides_CPP_coupling.pdf,物理第35页；PDF page 35,https://assets.publishing.service.gov.uk/media/59b7ab1c40f0b61231e71a54/MAIBInvReport20_2017.pdf,shipkg:faulttype:12275851bbd1,IN_SYSTEM,shipkg:subsystem:4539c38d0a84,edge:8f3f73c1c7b12d73,ev:d3e64cd30311c1bb,4.3
船舶电网电压频率振荡,故障,故障层级：具体故障或事件,归属系统,电力与控制系统,系统,系统层级：功能系统,非因果（归属、分类、检查或建议等）,研究者分类（非因果结论）,,Frontiers_2021_marine_converter_oscillations.pdf,物理第2页；PDF page 2,https://www.frontiersin.org/journals/energy-research/articles/10.3389/fenrg.2020.529756/pdf,shipkg:fault:4de4eeb54341,BELONGS_TO_SYSTEM,shipkg:subsystem:4539c38d0a84,edge:bfe824ef46628149,ev:d85a741773e8f8b9,4.3
船舶电网电压频率振荡,故障,故障层级：具体故障或事件,归入故障类别,船舶电网耦合振荡,故障,故障层级：故障类别；知识层级：参考；耦合领域：机-电；适用范围：2021论文三类船舶的实测电网信号，含轴带发电化学品船；不是所有振荡都超限。DP船风浪影响主要作用于基波与频率，不能一概说风浪显著放大所有谐波。；语义类别：参考故障类别；数据性质：参考知识,非因果（归属、分类、检查或建议等）,研究者分类（非因果结论）,knowledge:electrical_oscillation,Frontiers_2021_marine_converter_oscillations.pdf,物理第2页；PDF page 2,https://www.frontiersin.org/journals/energy-research/articles/10.3389/fenrg.2020.529756/pdf,shipkg:fault:4de4eeb54341,INSTANCE_OF,shipkg:faulttype:796439daaa03,edge:74d164bef7c37e77,ev:d85a741773e8f8b9,4.3
船舶电网电压频率振荡,故障,故障层级：具体故障或事件,可能促成,电机轴振动与绝缘热应力增加,后果,,因果类,厂家一般机理/指导（须核对机型）,knowledge:electrical_oscillation,Frontiers_2021_marine_converter_oscillations.pdf,物理第1页；PDF page 1,https://www.frontiersin.org/journals/energy-research/articles/10.3389/fenrg.2020.529756/pdf,shipkg:fault:4de4eeb54341,MAY_CONTRIBUTE_TO,shipkg:consequence:f285f6c5b4a4,edge:3525910e48ef80d7,ev:852d00c244f5135b,4.3
船舶电网耦合振荡,故障,故障层级：故障类别；知识层级：参考；耦合领域：机-电；适用范围：2021论文三类船舶的实测电网信号，含轴带发电化学品船；不是所有振荡都超限。DP船风浪影响主要作用于基波与频率，不能一概说风浪显著放大所有谐波。；语义类别：参考故障类别；数据性质：参考知识,来源于,Comparative Case Study on Oscillatory Behavior in Power Systems of Marine Vessels With High Power Converters,资料来源,来源层级：资料级,非因果（归属、分类、检查或建议等）,报告明确记载,knowledge:electrical_oscillation,Frontiers_2021_marine_converter_oscillations.pdf,物理第2页；PDF page 2,https://www.frontiersin.org/journals/energy-research/articles/10.3389/fenrg.2020.529756/pdf,shipkg:faulttype:796439daaa03,DOCUMENTED_BY,shipkg:source:7324d064f158,edge:98fb9fbc153a5a5b,ev:d85a741773e8f8b9,4.3
船舶电网耦合振荡,故障,故障层级：故障类别；知识层级：参考；耦合领域：机-电；适用范围：2021论文三类船舶的实测电网信号，含轴带发电化学品船；不是所有振荡都超限。DP船风浪影响主要作用于基波与频率，不能一概说风浪显著放大所有谐波。；语义类别：参考故障类别；数据性质：参考知识,涉及工况与状态,DP船风浪纵摇横摇,工况与状态,,非因果（归属、分类、检查或建议等）,研究者分类（非因果结论）,knowledge:electrical_oscillation,Frontiers_2021_marine_converter_oscillations.pdf,物理第6页；PDF page 6,https://www.frontiersin.org/journals/energy-research/articles/10.3389/fenrg.2020.529756/pdf,shipkg:faulttype:796439daaa03,INVOLVES,shipkg:condition:50dc70737e5d,edge:5977da23d9b25eaa,ev:17d803145e66029c,4.3
船舶电网耦合振荡,故障,故障层级：故障类别；知识层级：参考；耦合领域：机-电；适用范围：2021论文三类船舶的实测电网信号，含轴带发电化学品船；不是所有振荡都超限。DP船风浪影响主要作用于基波与频率，不能一概说风浪显著放大所有谐波。；语义类别：参考故障类别；数据性质：参考知识,涉及检查方法,分析瞬时频率基波及谐波的调制特征,检查方法,,非因果（归属、分类、检查或建议等）,研究者分类（非因果结论）,knowledge:electrical_oscillation,Frontiers_2021_marine_converter_oscillations.pdf,物理第1页；PDF page 1,https://www.frontiersin.org/journals/energy-research/articles/10.3389/fenrg.2020.529756/pdf,shipkg:faulttype:796439daaa03,INVOLVES,shipkg:check:3e5bf3f8ece1,edge:16dc5b835e383d0c,ev:172a7fb8c0a27ceb,4.3
船舶电网耦合振荡,故障,故障层级：故障类别；知识层级：参考；耦合领域：机-电；适用范围：2021论文三类船舶的实测电网信号，含轴带发电化学品船；不是所有振荡都超限。DP船风浪影响主要作用于基波与频率，不能一概说风浪显著放大所有谐波。；语义类别：参考故障类别；数据性质：参考知识,涉及工况与状态,原动机转矩脉动与负载波动,工况与状态,,非因果（归属、分类、检查或建议等）,研究者分类（非因果结论）,knowledge:electrical_oscillation,Frontiers_2021_marine_converter_oscillations.pdf,物理第2页；PDF page 2,https://www.frontiersin.org/journals/energy-research/articles/10.3389/fenrg.2020.529756/pdf,shipkg:faulttype:796439daaa03,INVOLVES,shipkg:condition:86fd7df9de11,edge:8aa74ee8ecd9a617,ev:d85a741773e8f8b9,4.3
船舶电网耦合振荡,故障,故障层级：故障类别；知识层级：参考；耦合领域：机-电；适用范围：2021论文三类船舶的实测电网信号，含轴带发电化学品船；不是所有振荡都超限。DP船风浪影响主要作用于基波与频率，不能一概说风浪显著放大所有谐波。；语义类别：参考故障类别；数据性质：参考知识,涉及检查方法,用电压相轨迹辅助识别振荡且保留局限,检查方法,,非因果（归属、分类、检查或建议等）,研究者分类（非因果结论）,knowledge:electrical_oscillation,Frontiers_2021_marine_converter_oscillations.pdf,物理第12页；PDF page 12,https://www.frontiersin.org/journals/energy-research/articles/10.3389/fenrg.2020.529756/pdf,shipkg:faulttype:796439daaa03,INVOLVES,shipkg:check:4999713b2123,edge:d7a0292bd6013425,ev:10373ed4022e576f,4.3
船舶电网耦合振荡,故障,故障层级：故障类别；知识层级：参考；耦合领域：机-电；适用范围：2021论文三类船舶的实测电网信号，含轴带发电化学品船；不是所有振荡都超限。DP船风浪影响主要作用于基波与频率，不能一概说风浪显著放大所有谐波。；语义类别：参考故障类别；数据性质：参考知识,涉及后果,电机轴振动与绝缘热应力增加,后果,,非因果（归属、分类、检查或建议等）,研究者分类（非因果结论）,knowledge:electrical_oscillation,Frontiers_2021_marine_converter_oscillations.pdf,物理第1页；PDF page 1,https://www.frontiersin.org/journals/energy-research/articles/10.3389/fenrg.2020.529756/pdf,shipkg:faulttype:796439daaa03,INVOLVES,shipkg:consequence:f285f6c5b4a4,edge:b903a90841872075,ev:852d00c244f5135b,4.3
船舶电网耦合振荡,故障,故障层级：故障类别；知识层级：参考；耦合领域：机-电；适用范围：2021论文三类船舶的实测电网信号，含轴带发电化学品船；不是所有振荡都超限。DP船风浪影响主要作用于基波与频率，不能一概说风浪显著放大所有谐波。；语义类别：参考故障类别；数据性质：参考知识,涉及检查方法,联合核查调速器AVR与变流器控制变量,检查方法,,非因果（归属、分类、检查或建议等）,研究者分类（非因果结论）,knowledge:electrical_oscillation,Frontiers_2021_marine_converter_oscillations.pdf,物理第13页；PDF page 13,https://www.frontiersin.org/journals/energy-research/articles/10.3389/fenrg.2020.529756/pdf,shipkg:faulttype:796439daaa03,INVOLVES,shipkg:check:5a856a1f5111,edge:dc1cbc084e5b7dc0,ev:77686b69a8ec6449,4.3
船舶电网耦合振荡,故障,故障层级：故障类别；知识层级：参考；耦合领域：机-电；适用范围：2021论文三类船舶的实测电网信号，含轴带发电化学品船；不是所有振荡都超限。DP船风浪影响主要作用于基波与频率，不能一概说风浪显著放大所有谐波。；语义类别：参考故障类别；数据性质：参考知识,涉及故障,船舶电网电压频率振荡,故障,故障层级：具体故障或事件,非因果（归属、分类、检查或建议等）,研究者分类（非因果结论）,knowledge:electrical_oscillation,Frontiers_2021_marine_converter_oscillations.pdf,物理第2页；PDF page 2,https://www.frontiersin.org/journals/energy-research/articles/10.3389/fenrg.2020.529756/pdf,shipkg:faulttype:796439daaa03,INVOLVES,shipkg:fault:4de4eeb54341,edge:a7e6406ec79afd95,ev:d85a741773e8f8b9,4.3
船舶电网耦合振荡,故障,故障层级：故障类别；知识层级：参考；耦合领域：机-电；适用范围：2021论文三类船舶的实测电网信号，含轴带发电化学品船；不是所有振荡都超限。DP船风浪影响主要作用于基波与频率，不能一概说风浪显著放大所有谐波。；语义类别：参考故障类别；数据性质：参考知识,涉及工况与状态,轴带变流器控制与发电端变频条件,工况与状态,,非因果（归属、分类、检查或建议等）,研究者分类（非因果结论）,knowledge:electrical_oscillation,Frontiers_2021_marine_converter_oscillations.pdf,物理第6页；PDF page 6,https://www.frontiersin.org/journals/energy-research/articles/10.3389/fenrg.2020.529756/pdf,shipkg:faulttype:796439daaa03,INVOLVES,shipkg:condition:725f6ac0521d,edge:177e2c44dbbe54eb,ev:de200230bb22400e,4.3
船舶电网耦合振荡,故障,故障层级：故障类别；知识层级：参考；耦合领域：机-电；适用范围：2021论文三类船舶的实测电网信号，含轴带发电化学品船；不是所有振荡都超限。DP船风浪影响主要作用于基波与频率，不能一概说风浪显著放大所有谐波。；语义类别：参考故障类别；数据性质：参考知识,涉及系统,传动与推进系统,系统,系统层级：功能系统,非因果（归属、分类、检查或建议等）,研究者分类（非因果结论）,knowledge:electrical_oscillation,Frontiers_2021_marine_converter_oscillations.pdf,物理第2页；PDF page 2,https://www.frontiersin.org/journals/energy-research/articles/10.3389/fenrg.2020.529756/pdf,shipkg:faulttype:796439daaa03,IN_SYSTEM,shipkg:subsystem:5e357a568055,edge:30b6e05e8b368d8c,ev:d85a741773e8f8b9,4.3
船舶电网耦合振荡,故障,故障层级：故障类别；知识层级：参考；耦合领域：机-电；适用范围：2021论文三类船舶的实测电网信号，含轴带发电化学品船；不是所有振荡都超限。DP船风浪影响主要作用于基波与频率，不能一概说风浪显著放大所有谐波。；语义类别：参考故障类别；数据性质：参考知识,涉及系统,电力与控制系统,系统,系统层级：功能系统,非因果（归属、分类、检查或建议等）,研究者分类（非因果结论）,knowledge:electrical_oscillation,Frontiers_2021_marine_converter_oscillations.pdf,物理第2页；PDF page 2,https://www.frontiersin.org/journals/energy-research/articles/10.3389/fenrg.2020.529756/pdf,shipkg:faulttype:796439daaa03,IN_SYSTEM,shipkg:subsystem:4539c38d0a84,edge:80d458c65d231927,ev:d85a741773e8f8b9,4.3
被冷却部件热过载,故障,故障层级：具体故障或事件,归属系统,冷却与海水系统,系统,系统层级：功能系统,非因果（归属、分类、检查或建议等）,研究者分类（非因果结论）,,MAN_SL2016_623_cooling_water.pdf,物理第2页；PDF page 2,https://www.man-es.com/docs/default-source/service-letters/sl2016-623.pdf,shipkg:fault:41a15c8ffad7,BELONGS_TO_SYSTEM,shipkg:subsystem:512427f592b7,edge:fe7ae1fd68f1211c,ev:4cdcbf4e0a149c7e,4.3
被冷却部件热过载,故障,故障层级：具体故障或事件,可能促成,排气阀座开裂泄漏,故障,故障层级：具体故障或事件,因果类,厂家一般机理/指导（须核对机型）,knowledge:coolant_blockage,MAN_SL2016_623_cooling_water.pdf,物理第2页；PDF page 2,https://www.man-es.com/docs/default-source/service-letters/sl2016-623.pdf,shipkg:fault:41a15c8ffad7,MAY_CONTRIBUTE_TO,shipkg:fault:1ff35faef80c,edge:081192cf85580b02,ev:4cdcbf4e0a149c7e,4.3
误选CPP备用控制模式,故障,故障层级：具体故障或事件,影响部件,可调螺距桨备用模式按钮,部件,,非因果（归属、分类、检查或建议等）,报告明确记载,事故案例：误选可调螺距桨备用模式与泊位碰撞,MAIB_2016_Safety_Digest_generator_oil_fire.pdf,物理第19页；PDF page 19,https://assets.publishing.service.gov.uk/media/5e81e5d2d3bf7f13416961fa/2016-SD1-MAIBSafetyDigest.pdf,shipkg:fault:f078b5a27275,AFFECTS_COMPONENT,shipkg:component:ca5637067a12,edge:6331da034bd8f903,ev:5a827f088fee8abd,4.3
误选CPP备用控制模式,故障,故障层级：具体故障或事件,归属系统,电力与控制系统,系统,系统层级：功能系统,非因果（归属、分类、检查或建议等）,研究者分类（非因果结论）,,MAIB_2016_Safety_Digest_generator_oil_fire.pdf,物理第21页；PDF page 21,https://assets.publishing.service.gov.uk/media/5e81e5d2d3bf7f13416961fa/2016-SD1-MAIBSafetyDigest.pdf,shipkg:fault:f078b5a27275,BELONGS_TO_SYSTEM,shipkg:subsystem:4539c38d0a84,edge:cc9862f12545a7bf,ev:4812bf9684b2b7ad,4.3
误选CPP备用控制模式,故障,故障层级：具体故障或事件,导致,驾驶台丧失右舷螺距控制,故障,故障层级：具体故障或事件,因果类,报告明确记载,事故案例：误选可调螺距桨备用模式与泊位碰撞,MAIB_2016_Safety_Digest_generator_oil_fire.pdf,物理第20页；PDF page 20,https://assets.publishing.service.gov.uk/media/5e81e5d2d3bf7f13416961fa/2016-SD1-MAIBSafetyDigest.pdf,shipkg:fault:f078b5a27275,LEADS_TO,shipkg:fault:dddb0abee018,edge:a3afd89485ae72cd,ev:738f5c3dde53a776,4.3
谐波滤波电容退化,故障,故障层级：具体故障或事件；语义类别：性能退化,影响部件,谐波滤波电容器,部件,,非因果（归属、分类、检查或建议等）,报告明确记载,事故案例：谐波滤波电容失效与全船失电,MAIB_2011_28_Queen_Mary_2_harmonic_filter_failure.pdf,物理第13页；PDF page 13,https://assets.digital.cabinet-office.gov.uk/media/547c6fa6ed915d4c10000031/QM2Report.pdf,shipkg:fault:5737f3610967,AFFECTS_COMPONENT,shipkg:component:726d763bfec1,edge:da74d2079434ce93,ev:e1952d272da22996,4.3
谐波滤波电容退化,故障,故障层级：具体故障或事件；语义类别：性能退化,归属系统,电力与控制系统,系统,系统层级：功能系统,非因果（归属、分类、检查或建议等）,研究者分类（非因果结论）,,MAIB_2011_28_Queen_Mary_2_harmonic_filter_failure.pdf,物理第62页；PDF page 62,https://assets.digital.cabinet-office.gov.uk/media/547c6fa6ed915d4c10000031/QM2Report.pdf,shipkg:fault:5737f3610967,BELONGS_TO_SYSTEM,shipkg:subsystem:4539c38d0a84,edge:3d5eb448f410179f,ev:1caa6757e63a8feb,4.3
谐波滤波电容退化,故障,故障层级：具体故障或事件；语义类别：性能退化,导致,电容内部电弧与介质汽化,故障,故障层级：具体故障或事件,因果类,报告明确记载,事故案例：谐波滤波电容失效与全船失电,MAIB_2011_28_Queen_Mary_2_harmonic_filter_failure.pdf,物理第13页；PDF page 13,https://assets.digital.cabinet-office.gov.uk/media/547c6fa6ed915d4c10000031/QM2Report.pdf,shipkg:fault:5737f3610967,LEADS_TO,shipkg:fault:73da5c52ce5d,edge:92daeaabf4b736a2,ev:a0ea937863e1a2df,4.3
轴带发电机对中异常与振动损伤,故障,故障层级：故障类别；知识层级：参考；耦合领域：热-机-电；适用范围：通过齿轮箱及联轴器驱动的轴带发电机；不能推广到所有同轴无附加轴承的构型。；语义类别：参考故障类别；数据性质：参考知识,来源于,STAMFORD AGN039 marine shaft generators,资料来源,来源层级：资料级,非因果（归属、分类、检查或建议等）,报告明确记载,knowledge:shaft_generator_alignment,STAMFORD_AGN039_marine_shaft_generators.pdf,物理第2页；PDF page 2,https://www.stamford-avk.com/sites/stamfordavk/files/AGNs/AGN-039_C-Marine-Shaft-Generators.pdf,shipkg:faulttype:6456485708ad,DOCUMENTED_BY,shipkg:source:44dc69861c93,edge:ed9e4e61ea266b36,ev:46c70849c9c28abc,4.3
轴带发电机对中异常与振动损伤,故障,故障层级：故障类别；知识层级：参考；耦合领域：热-机-电；适用范围：通过齿轮箱及联轴器驱动的轴带发电机；不能推广到所有同轴无附加轴承的构型。；语义类别：参考故障类别；数据性质：参考知识,涉及运维措施,按构型复核联轴器补偿与减振能力,运维措施,,非因果（归属、分类、检查或建议等）,研究者分类（非因果结论）,knowledge:shaft_generator_alignment,STAMFORD_AGN039_marine_shaft_generators.pdf,物理第2页；PDF page 2,https://www.stamford-avk.com/sites/stamfordavk/files/AGNs/AGN-039_C-Marine-Shaft-Generators.pdf,shipkg:faulttype:6456485708ad,INVOLVES,shipkg:action:acaa49cd0860,edge:fa8b800951e9a69b,ev:2bfc3c9a35fee950,4.3
轴带发电机对中异常与振动损伤,故障,故障层级：故障类别；知识层级：参考；耦合领域：热-机-电；适用范围：通过齿轮箱及联轴器驱动的轴带发电机；不能推广到所有同轴无附加轴承的构型。；语义类别：参考故障类别；数据性质：参考知识,涉及检查方法,核查热态对中和风浪工况下振动,检查方法,,非因果（归属、分类、检查或建议等）,研究者分类（非因果结论）,knowledge:shaft_generator_alignment,STAMFORD_AGN039_marine_shaft_generators.pdf,物理第2页；PDF page 2,https://www.stamford-avk.com/sites/stamfordavk/files/AGNs/AGN-039_C-Marine-Shaft-Generators.pdf,shipkg:faulttype:6456485708ad,INVOLVES,shipkg:check:c586aa545141,edge:06a63349625ad703,ev:52377c3b77516eac,4.3
轴带发电机对中异常与振动损伤,故障,故障层级：故障类别；知识层级：参考；耦合领域：热-机-电；适用范围：通过齿轮箱及联轴器驱动的轴带发电机；不能推广到所有同轴无附加轴承的构型。；语义类别：参考故障类别；数据性质：参考知识,涉及工况与状态,轴带发电机与齿轮箱对中失准,工况与状态,,非因果（归属、分类、检查或建议等）,研究者分类（非因果结论）,knowledge:shaft_generator_alignment,STAMFORD_AGN039_marine_shaft_generators.pdf,物理第2页；PDF page 2,https://www.stamford-avk.com/sites/stamfordavk/files/AGNs/AGN-039_C-Marine-Shaft-Generators.pdf,shipkg:faulttype:6456485708ad,INVOLVES,shipkg:condition:37396a158a92,edge:58ca32aa7dc4793b,ev:46c70849c9c28abc,4.3
轴带发电机对中异常与振动损伤,故障,故障层级：故障类别；知识层级：参考；耦合领域：热-机-电；适用范围：通过齿轮箱及联轴器驱动的轴带发电机；不能推广到所有同轴无附加轴承的构型。；语义类别：参考故障类别；数据性质：参考知识,涉及故障,轴带发电机振动损伤,故障,故障层级：具体故障或事件,非因果（归属、分类、检查或建议等）,研究者分类（非因果结论）,knowledge:shaft_generator_alignment,STAMFORD_AGN039_marine_shaft_generators.pdf,物理第2页；PDF page 2,https://www.stamford-avk.com/sites/stamfordavk/files/AGNs/AGN-039_C-Marine-Shaft-Generators.pdf,shipkg:faulttype:6456485708ad,INVOLVES,shipkg:fault:9d33e738a3d3,edge:8b0c03c914867cec,ev:9db4aabb400f0aae,4.3
轴带发电机对中异常与振动损伤,故障,故障层级：故障类别；知识层级：参考；耦合领域：热-机-电；适用范围：通过齿轮箱及联轴器驱动的轴带发电机；不能推广到所有同轴无附加轴承的构型。；语义类别：参考故障类别；数据性质：参考知识,涉及工况与状态,风浪下船体变形,工况与状态,,非因果（归属、分类、检查或建议等）,研究者分类（非因果结论）,knowledge:shaft_generator_alignment,STAMFORD_AGN039_marine_shaft_generators.pdf,物理第2页；PDF page 2,https://www.stamford-avk.com/sites/stamfordavk/files/AGNs/AGN-039_C-Marine-Shaft-Generators.pdf,shipkg:faulttype:6456485708ad,INVOLVES,shipkg:condition:85d0ac216249,edge:70de1f9037a33264,ev:2d11f04e90b4e6a9,4.3
轴带发电机对中异常与振动损伤,故障,故障层级：故障类别；知识层级：参考；耦合领域：热-机-电；适用范围：通过齿轮箱及联轴器驱动的轴带发电机；不能推广到所有同轴无附加轴承的构型。；语义类别：参考故障类别；数据性质：参考知识,涉及工况与状态,齿轮箱热膨胀改变轴线位置,工况与状态,,非因果（归属、分类、检查或建议等）,研究者分类（非因果结论）,knowledge:shaft_generator_alignment,STAMFORD_AGN039_marine_shaft_generators.pdf,物理第2页；PDF page 2,https://www.stamford-avk.com/sites/stamfordavk/files/AGNs/AGN-039_C-Marine-Shaft-Generators.pdf,shipkg:faulttype:6456485708ad,INVOLVES,shipkg:condition:dc209dc61e12,edge:884ae5aaa77f0593,ev:46c70849c9c28abc,4.3
轴带发电机对中异常与振动损伤,故障,故障层级：故障类别；知识层级：参考；耦合领域：热-机-电；适用范围：通过齿轮箱及联轴器驱动的轴带发电机；不能推广到所有同轴无附加轴承的构型。；语义类别：参考故障类别；数据性质：参考知识,涉及系统,传动与推进系统,系统,系统层级：功能系统,非因果（归属、分类、检查或建议等）,研究者分类（非因果结论）,knowledge:shaft_generator_alignment,STAMFORD_AGN039_marine_shaft_generators.pdf,物理第2页；PDF page 2,https://www.stamford-avk.com/sites/stamfordavk/files/AGNs/AGN-039_C-Marine-Shaft-Generators.pdf,shipkg:faulttype:6456485708ad,IN_SYSTEM,shipkg:subsystem:5e357a568055,edge:9c7571131c99cfed,ev:46c70849c9c28abc,4.3
轴带发电机对中异常与振动损伤,故障,故障层级：故障类别；知识层级：参考；耦合领域：热-机-电；适用范围：通过齿轮箱及联轴器驱动的轴带发电机；不能推广到所有同轴无附加轴承的构型。；语义类别：参考故障类别；数据性质：参考知识,涉及系统,电力与控制系统,系统,系统层级：功能系统,非因果（归属、分类、检查或建议等）,研究者分类（非因果结论）,knowledge:shaft_generator_alignment,STAMFORD_AGN039_marine_shaft_generators.pdf,物理第2页；PDF page 2,https://www.stamford-avk.com/sites/stamfordavk/files/AGNs/AGN-039_C-Marine-Shaft-Generators.pdf,shipkg:faulttype:6456485708ad,IN_SYSTEM,shipkg:subsystem:4539c38d0a84,edge:9a08b93b5d7bc39f,ev:46c70849c9c28abc,4.3
轴带发电机振动损伤,故障,故障层级：具体故障或事件,归属系统,电力与控制系统,系统,系统层级：功能系统,非因果（归属、分类、检查或建议等）,研究者分类（非因果结论）,,STAMFORD_AGN039_marine_shaft_generators.pdf,物理第2页；PDF page 2,https://www.stamford-avk.com/sites/stamfordavk/files/AGNs/AGN-039_C-Marine-Shaft-Generators.pdf,shipkg:fault:9d33e738a3d3,BELONGS_TO_SYSTEM,shipkg:subsystem:4539c38d0a84,edge:bc231881ff67b008,ev:9db4aabb400f0aae,4.3
轴带发电机振动损伤,故障,故障层级：具体故障或事件,归入故障类别,轴带发电机对中异常与振动损伤,故障,故障层级：故障类别；知识层级：参考；耦合领域：热-机-电；适用范围：通过齿轮箱及联轴器驱动的轴带发电机；不能推广到所有同轴无附加轴承的构型。；语义类别：参考故障类别；数据性质：参考知识,非因果（归属、分类、检查或建议等）,研究者分类（非因果结论）,knowledge:shaft_generator_alignment,STAMFORD_AGN039_marine_shaft_generators.pdf,物理第2页；PDF page 2,https://www.stamford-avk.com/sites/stamfordavk/files/AGNs/AGN-039_C-Marine-Shaft-Generators.pdf,shipkg:fault:9d33e738a3d3,INSTANCE_OF,shipkg:faulttype:6456485708ad,edge:8b70612cc91373ff,ev:9db4aabb400f0aae,4.3
轴承与活塞断油过热,故障,故障层级：具体故障或事件,归属系统,润滑与轴承系统,系统,系统层级：功能系统,非因果（归属、分类、检查或建议等）,研究者分类（非因果结论）,,MAIB_2013_Safety_Digest_lubrication_bearing_cases.pdf,物理第21页；PDF page 21,https://assets.publishing.service.gov.uk/government/uploads/system/uploads/attachment_data/file/876748/2013-SD2-MAIBSafetyDigest.pdf,shipkg:fault:401ffd7724bc,BELONGS_TO_SYSTEM,shipkg:subsystem:d08eaf16cc46,edge:75ee4020dbf2ebef,ev:0fb80ad604213aad,4.3
轴承与活塞断油过热,故障,故障层级：具体故障或事件,导致,活塞咬死,故障,故障层级：具体故障或事件,因果类,报告明确记载,事故案例：滑油滤芯漏装与主机抱轴,MAIB_2013_Safety_Digest_lubrication_bearing_cases.pdf,物理第21页；PDF page 21,https://assets.publishing.service.gov.uk/government/uploads/system/uploads/attachment_data/file/876748/2013-SD2-MAIBSafetyDigest.pdf,shipkg:fault:401ffd7724bc,LEADS_TO,shipkg:fault:6ade8daa881a,edge:8669b6bdfca6b932,ev:82256a9ee8fd56dd,4.3
轴承快速磨损,故障,故障层级：具体故障或事件,归属系统,润滑与轴承系统,系统,系统层级：功能系统,非因果（归属、分类、检查或建议等）,研究者分类（非因果结论）,,MAIB_2018_14_Wight_Sky_engine_bearing_fire.pdf,物理第14页；PDF page 14,https://assets.publishing.service.gov.uk/media/5b5217c7ed915d0b81e003df/MAIBInvReport14_2018.pdf,shipkg:fault:5f59e6b3ca42,BELONGS_TO_SYSTEM,shipkg:subsystem:d08eaf16cc46,edge:f16e7ed6126a5ae7,ev:9094aa614ec060db,4.3
轴承电蚀,故障,故障层级：具体故障或事件,归属系统,润滑与轴承系统,系统,系统层级：功能系统,非因果（归属、分类、检查或建议等）,研究者分类（非因果结论）,,STAMFORD_AGN033_bearing_currents.pdf,物理第1页；PDF page 1,https://www.stamford-avk.com/sites/stamfordavk/files/AGNs/AGN-033_C-Shaft-Bearing-Currents.pdf,shipkg:fault:7dd3cdd4fe58,BELONGS_TO_SYSTEM,shipkg:subsystem:d08eaf16cc46,edge:c51e4aa50f506ccd,ev:0f7534e3f93d98e3,4.3
轴承电蚀,故障,故障层级：具体故障或事件,归入故障类别,电机与发电机轴承电蚀,故障,故障层级：故障类别；知识层级：参考；耦合领域：电-机；适用范围：具有闭合轴电流路径的旋转电机；轴承绝缘和接地刷方案按厂家/机型确定，不能假定全部STAMFORD机型都需要绝缘轴承。；语义类别：参考故障类别；数据性质：参考知识,非因果（归属、分类、检查或建议等）,研究者分类（非因果结论）,knowledge:bearing_electrical_erosion,STAMFORD_AGN033_bearing_currents.pdf,物理第1页；PDF page 1,https://www.stamford-avk.com/sites/stamfordavk/files/AGNs/AGN-033_C-Shaft-Bearing-Currents.pdf,shipkg:fault:7dd3cdd4fe58,INSTANCE_OF,shipkg:faulttype:6dbd0d51366c,edge:f075c9fecca3fcf0,ev:0f7534e3f93d98e3,4.3
轴系或联轴器疲劳磨损损伤,故障,故障层级：具体故障或事件,归属系统,传动与推进系统,系统,系统层级：功能系统,非因果（归属、分类、检查或建议等）,研究者分类（非因果结论）,,STAMFORD_AGN235_torsional_analysis.pdf,物理第2页；PDF page 2,https://www.stamford-avk.com/sites/stamfordavk/files/AGNs/AGN-235_A-Generating-Set-Assembly-Torsional-Vibration-Analysis.pdf,shipkg:fault:64f6c42af0db,BELONGS_TO_SYSTEM,shipkg:subsystem:5e357a568055,edge:3c6371084426628e,ev:37c159b04a8c6f70,4.3
轴系扭振与联轴器过载风险,故障,故障层级：故障类别；知识层级：参考；耦合领域：热-机-电；适用范围：内燃机-发电机传动链一般机理；证据支持扭振导致失效风险及电气故障转矩冲击，但未建立某大型船主轴联轴器断裂的已证实事故链。；语义类别：参考故障类别；数据性质：参考知识,来源于,STAMFORD AGN035 overload fault protection and transient coupling torque,资料来源,来源层级：资料级,非因果（归属、分类、检查或建议等）,报告明确记载,knowledge:shaft_torsional,STAMFORD_AGN035_fault_protection.pdf,物理第5页；PDF page 5,https://www.stamford-avk.com/sites/stamfordavk/files/AGNs/AGN-035_B-Overload-and-Fault-Protection.pdf,shipkg:faulttype:84e503bec36b,DOCUMENTED_BY,shipkg:source:16ac71ef07c6,edge:db807814645c2670,ev:5cf0da035bedd926,4.3
轴系扭振与联轴器过载风险,故障,故障层级：故障类别；知识层级：参考；耦合领域：热-机-电；适用范围：内燃机-发电机传动链一般机理；证据支持扭振导致失效风险及电气故障转矩冲击，但未建立某大型船主轴联轴器断裂的已证实事故链。；语义类别：参考故障类别；数据性质：参考知识,来源于,STAMFORD AGN235 generating set torsional vibration analysis,资料来源,来源层级：资料级,非因果（归属、分类、检查或建议等）,报告明确记载,knowledge:shaft_torsional,STAMFORD_AGN235_torsional_analysis.pdf,物理第1页；PDF page 1,https://www.stamford-avk.com/sites/stamfordavk/files/AGNs/AGN-235_A-Generating-Set-Assembly-Torsional-Vibration-Analysis.pdf,shipkg:faulttype:84e503bec36b,DOCUMENTED_BY,shipkg:source:47d4594455b8,edge:726125df04e41014,ev:1e17c52e491ed79c,4.3
轴系扭振与联轴器过载风险,故障,故障层级：故障类别；知识层级：参考；耦合领域：热-机-电；适用范围：内燃机-发电机传动链一般机理；证据支持扭振导致失效风险及电气故障转矩冲击，但未建立某大型船主轴联轴器断裂的已证实事故链。；语义类别：参考故障类别；数据性质：参考知识,涉及故障,发电机短路或非同期并机,故障,故障层级：具体故障或事件,非因果（归属、分类、检查或建议等）,研究者分类（非因果结论）,knowledge:shaft_torsional,STAMFORD_AGN035_fault_protection.pdf,物理第5页；PDF page 5,https://www.stamford-avk.com/sites/stamfordavk/files/AGNs/AGN-035_B-Overload-and-Fault-Protection.pdf,shipkg:faulttype:84e503bec36b,INVOLVES,shipkg:fault:216400f082cf,edge:edbb713d08d8dd44,ev:5cf0da035bedd926,4.3
轴系扭振与联轴器过载风险,故障,故障层级：故障类别；知识层级：参考；耦合领域：热-机-电；适用范围：内燃机-发电机传动链一般机理；证据支持扭振导致失效风险及电气故障转矩冲击，但未建立某大型船主轴联轴器断裂的已证实事故链。；语义类别：参考故障类别；数据性质：参考知识,涉及运维措施,复核联轴器正常与失火工况转矩和热负荷裕量,运维措施,,非因果（归属、分类、检查或建议等）,研究者分类（非因果结论）,knowledge:shaft_torsional,STAMFORD_AGN235_torsional_analysis.pdf,物理第7页；PDF page 7,https://www.stamford-avk.com/sites/stamfordavk/files/AGNs/AGN-235_A-Generating-Set-Assembly-Torsional-Vibration-Analysis.pdf,shipkg:faulttype:84e503bec36b,INVOLVES,shipkg:action:99ddd7acf595,edge:c28d2e8c36e64d86,ev:40803a19c50fb460,4.3
轴系扭振与联轴器过载风险,故障,故障层级：故障类别；知识层级：参考；耦合领域：热-机-电；适用范围：内燃机-发电机传动链一般机理；证据支持扭振导致失效风险及电气故障转矩冲击，但未建立某大型船主轴联轴器断裂的已证实事故链。；语义类别：参考故障类别；数据性质：参考知识,涉及工况与状态,气缸燃烧压力产生脉动转矩,工况与状态,,非因果（归属、分类、检查或建议等）,研究者分类（非因果结论）,knowledge:shaft_torsional,STAMFORD_AGN235_torsional_analysis.pdf,物理第1页；PDF page 1,https://www.stamford-avk.com/sites/stamfordavk/files/AGNs/AGN-235_A-Generating-Set-Assembly-Torsional-Vibration-Analysis.pdf,shipkg:faulttype:84e503bec36b,INVOLVES,shipkg:condition:43c6b88e1884,edge:babcaa60c3fb022c,ev:1e17c52e491ed79c,4.3
轴系扭振与联轴器过载风险,故障,故障层级：故障类别；知识层级：参考；耦合领域：热-机-电；适用范围：内燃机-发电机传动链一般机理；证据支持扭振导致失效风险及电气故障转矩冲击，但未建立某大型船主轴联轴器断裂的已证实事故链。；语义类别：参考故障类别；数据性质：参考知识,涉及检查方法,结合缸压与惯量刚度进行扭振分析并试验验证,检查方法,,非因果（归属、分类、检查或建议等）,研究者分类（非因果结论）,knowledge:shaft_torsional,STAMFORD_AGN235_torsional_analysis.pdf,物理第7页；PDF page 7,https://www.stamford-avk.com/sites/stamfordavk/files/AGNs/AGN-235_A-Generating-Set-Assembly-Torsional-Vibration-Analysis.pdf,shipkg:faulttype:84e503bec36b,INVOLVES,shipkg:check:72fca2c03641,edge:1d440ef96d835931,ev:34006c39dec5327b,4.3
轴系扭振与联轴器过载风险,故障,故障层级：故障类别；知识层级：参考；耦合领域：热-机-电；适用范围：内燃机-发电机传动链一般机理；证据支持扭振导致失效风险及电气故障转矩冲击，但未建立某大型船主轴联轴器断裂的已证实事故链。；语义类别：参考故障类别；数据性质：参考知识,涉及工况与状态,联轴器瞬态转矩冲击,工况与状态,,非因果（归属、分类、检查或建议等）,研究者分类（非因果结论）,knowledge:shaft_torsional,STAMFORD_AGN035_fault_protection.pdf,物理第5页；PDF page 5,https://www.stamford-avk.com/sites/stamfordavk/files/AGNs/AGN-035_B-Overload-and-Fault-Protection.pdf,shipkg:faulttype:84e503bec36b,INVOLVES,shipkg:condition:1500802ee98b,edge:3a5f384db1585024,ev:5cf0da035bedd926,4.3
轴系扭振与联轴器过载风险,故障,故障层级：故障类别；知识层级：参考；耦合领域：热-机-电；适用范围：内燃机-发电机传动链一般机理；证据支持扭振导致失效风险及电气故障转矩冲击，但未建立某大型船主轴联轴器断裂的已证实事故链。；语义类别：参考故障类别；数据性质：参考知识,涉及故障,轴系或联轴器疲劳磨损损伤,故障,故障层级：具体故障或事件,非因果（归属、分类、检查或建议等）,研究者分类（非因果结论）,knowledge:shaft_torsional,STAMFORD_AGN235_torsional_analysis.pdf,物理第2页；PDF page 2,https://www.stamford-avk.com/sites/stamfordavk/files/AGNs/AGN-235_A-Generating-Set-Assembly-Torsional-Vibration-Analysis.pdf,shipkg:faulttype:84e503bec36b,INVOLVES,shipkg:fault:64f6c42af0db,edge:cb7f3503ca332be7,ev:37c159b04a8c6f70,4.3
轴系扭振与联轴器过载风险,故障,故障层级：故障类别；知识层级：参考；耦合领域：热-机-电；适用范围：内燃机-发电机传动链一般机理；证据支持扭振导致失效风险及电气故障转矩冲击，但未建立某大型船主轴联轴器断裂的已证实事故链。；语义类别：参考故障类别；数据性质：参考知识,涉及故障,轴系扭转共振风险,故障,故障层级：具体故障或事件,非因果（归属、分类、检查或建议等）,研究者分类（非因果结论）,knowledge:shaft_torsional,STAMFORD_AGN235_torsional_analysis.pdf,物理第1页；PDF page 1,https://www.stamford-avk.com/sites/stamfordavk/files/AGNs/AGN-235_A-Generating-Set-Assembly-Torsional-Vibration-Analysis.pdf,shipkg:faulttype:84e503bec36b,INVOLVES,shipkg:fault:f6eb639558ed,edge:bcecb7aae86074fb,ev:1e17c52e491ed79c,4.3
轴系扭振与联轴器过载风险,故障,故障层级：故障类别；知识层级：参考；耦合领域：热-机-电；适用范围：内燃机-发电机传动链一般机理；证据支持扭振导致失效风险及电气故障转矩冲击，但未建立某大型船主轴联轴器断裂的已证实事故链。；语义类别：参考故障类别；数据性质：参考知识,涉及系统,传动与推进系统,系统,系统层级：功能系统,非因果（归属、分类、检查或建议等）,研究者分类（非因果结论）,knowledge:shaft_torsional,STAMFORD_AGN235_torsional_analysis.pdf,物理第1页；PDF page 1,https://www.stamford-avk.com/sites/stamfordavk/files/AGNs/AGN-235_A-Generating-Set-Assembly-Torsional-Vibration-Analysis.pdf,shipkg:faulttype:84e503bec36b,IN_SYSTEM,shipkg:subsystem:5e357a568055,edge:bedcac879f466798,ev:1e17c52e491ed79c,4.3
轴系扭振与联轴器过载风险,故障,故障层级：故障类别；知识层级：参考；耦合领域：热-机-电；适用范围：内燃机-发电机传动链一般机理；证据支持扭振导致失效风险及电气故障转矩冲击，但未建立某大型船主轴联轴器断裂的已证实事故链。；语义类别：参考故障类别；数据性质：参考知识,涉及系统,燃油与进排气系统,系统,系统层级：功能系统,非因果（归属、分类、检查或建议等）,研究者分类（非因果结论）,knowledge:shaft_torsional,STAMFORD_AGN235_torsional_analysis.pdf,物理第1页；PDF page 1,https://www.stamford-avk.com/sites/stamfordavk/files/AGNs/AGN-235_A-Generating-Set-Assembly-Torsional-Vibration-Analysis.pdf,shipkg:faulttype:84e503bec36b,IN_SYSTEM,shipkg:subsystem:52e7560c8465,edge:4a52532339b893ff,ev:1e17c52e491ed79c,4.3
轴系扭振与联轴器过载风险,故障,故障层级：故障类别；知识层级：参考；耦合领域：热-机-电；适用范围：内燃机-发电机传动链一般机理；证据支持扭振导致失效风险及电气故障转矩冲击，但未建立某大型船主轴联轴器断裂的已证实事故链。；语义类别：参考故障类别；数据性质：参考知识,涉及系统,电力与控制系统,系统,系统层级：功能系统,非因果（归属、分类、检查或建议等）,研究者分类（非因果结论）,knowledge:shaft_torsional,STAMFORD_AGN235_torsional_analysis.pdf,物理第1页；PDF page 1,https://www.stamford-avk.com/sites/stamfordavk/files/AGNs/AGN-235_A-Generating-Set-Assembly-Torsional-Vibration-Analysis.pdf,shipkg:faulttype:84e503bec36b,IN_SYSTEM,shipkg:subsystem:4539c38d0a84,edge:e1453735667b9685,ev:1e17c52e491ed79c,4.3
轴系扭转共振风险,故障,故障层级：具体故障或事件,归属系统,传动与推进系统,系统,系统层级：功能系统,非因果（归属、分类、检查或建议等）,研究者分类（非因果结论）,,STAMFORD_AGN235_torsional_analysis.pdf,物理第1页；PDF page 1,https://www.stamford-avk.com/sites/stamfordavk/files/AGNs/AGN-235_A-Generating-Set-Assembly-Torsional-Vibration-Analysis.pdf,shipkg:fault:f6eb639558ed,BELONGS_TO_SYSTEM,shipkg:subsystem:5e357a568055,edge:e12b266b69ca749e,ev:1e17c52e491ed79c,4.3
轴系扭转共振风险,故障,故障层级：具体故障或事件,增加风险,轴系或联轴器疲劳磨损损伤,故障,故障层级：具体故障或事件,因果类,厂家一般机理/指导（须核对机型）,knowledge:shaft_torsional,STAMFORD_AGN235_torsional_analysis.pdf,物理第2页；PDF page 2,https://www.stamford-avk.com/sites/stamfordavk/files/AGNs/AGN-235_A-Generating-Set-Assembly-Torsional-Vibration-Analysis.pdf,shipkg:fault:f6eb639558ed,INCREASES_RISK_OF,shipkg:fault:64f6c42af0db,edge:2b6a03692c5ae278,ev:37c159b04a8c6f70,4.3
轴系扭转共振风险,故障,故障层级：具体故障或事件,归入故障类别,轴系扭振与联轴器过载风险,故障,故障层级：故障类别；知识层级：参考；耦合领域：热-机-电；适用范围：内燃机-发电机传动链一般机理；证据支持扭振导致失效风险及电气故障转矩冲击，但未建立某大型船主轴联轴器断裂的已证实事故链。；语义类别：参考故障类别；数据性质：参考知识,非因果（归属、分类、检查或建议等）,研究者分类（非因果结论）,knowledge:shaft_torsional,STAMFORD_AGN235_torsional_analysis.pdf,物理第1页；PDF page 1,https://www.stamford-avk.com/sites/stamfordavk/files/AGNs/AGN-235_A-Generating-Set-Assembly-Torsional-Vibration-Analysis.pdf,shipkg:fault:f6eb639558ed,INSTANCE_OF,shipkg:faulttype:84e503bec36b,edge:4fe16aa347f64479,ev:1e17c52e491ed79c,4.3
进水停机序列启动,故障,故障层级：具体故障或事件；语义类别：保护动作事件,影响部件,吊舱舱底液位传感器,部件,,非因果（归属、分类、检查或建议等）,报告明确记载,事故案例：大风浪中吊舱推进丧失,MAIB_2026_06_Spirit_of_Discovery_propulsion_loss.pdf,物理第43页；PDF page 43,https://www.gov.uk/maib-reports/loss-of-propulsion-in-heavy-weather-experienced-by-the-passenger-vessel-spirit-of-discovery-leading-to-over-100-injuries-and-one-fatality,shipkg:fault:cdf116929c39,AFFECTS_COMPONENT,shipkg:component:160bdfff5e4e,edge:192176bf64b44fd8,ev:818a140783772a9b,4.3
进水停机序列启动,故障,故障层级：具体故障或事件；语义类别：保护动作事件,归属系统,冷却与海水系统,系统,系统层级：功能系统,非因果（归属、分类、检查或建议等）,研究者分类（非因果结论）,,MAIB_2026_06_Spirit_of_Discovery_propulsion_loss.pdf,物理第43页；PDF page 43,https://www.gov.uk/maib-reports/loss-of-propulsion-in-heavy-weather-experienced-by-the-passenger-vessel-spirit-of-discovery-leading-to-over-100-injuries-and-one-fatality,shipkg:fault:cdf116929c39,BELONGS_TO_SYSTEM,shipkg:subsystem:512427f592b7,edge:8edd104b50fabf49,ev:818a140783772a9b,4.3
进水停机序列启动,故障,故障层级：具体故障或事件；语义类别：保护动作事件,导致,吊舱转至90度停放,故障,故障层级：具体故障或事件；语义类别：保护动作事件,因果类,报告明确记载,事故案例：大风浪中吊舱推进丧失,MAIB_2026_06_Spirit_of_Discovery_propulsion_loss.pdf,物理第42页；PDF page 42,https://www.gov.uk/maib-reports/loss-of-propulsion-in-heavy-weather-experienced-by-the-passenger-vessel-spirit-of-discovery-leading-to-over-100-injuries-and-one-fatality,shipkg:fault:cdf116929c39,LEADS_TO,shipkg:fault:d005e46c6652,edge:41ca30b8f935e1bc,ev:bcc74e57d3088cc6,4.3
连杆大端轴承断油,故障,故障层级：具体故障或事件,归属系统,润滑与轴承系统,系统,系统层级：功能系统,非因果（归属、分类、检查或建议等）,研究者分类（非因果结论）,,MAIB_2018_14_Wight_Sky_engine_bearing_fire.pdf,物理第14页；PDF page 14,https://assets.publishing.service.gov.uk/media/5b5217c7ed915d0b81e003df/MAIBInvReport14_2018.pdf,shipkg:fault:d047fdea9ee9,BELONGS_TO_SYSTEM,shipkg:subsystem:d08eaf16cc46,edge:2a97e78dee7e5507,ev:dcba2393344bd01c,4.3
连杆大端轴承断油,故障,故障层级：具体故障或事件,导致,主机灾难性失效,故障,故障层级：具体故障或事件,因果类,报告明确记载,事故案例：主机重装后轴承失效与火灾,MAIB_2018_14_Wight_Sky_engine_bearing_fire.pdf,物理第14页；PDF page 14,https://assets.publishing.service.gov.uk/media/5b5217c7ed915d0b81e003df/MAIBInvReport14_2018.pdf,shipkg:fault:d047fdea9ee9,LEADS_TO,shipkg:fault:fee4df6aeb24,edge:45eb816cfdbcbdf9,ev:b10bdbaa38429105,4.3
连杆大端轴瓦失效,故障,故障层级：具体故障或事件,影响部件,DG1 5号连杆大端轴瓦,部件,,非因果（归属、分类、检查或建议等）,报告明确记载,事故案例：DG1发电机故障与失电,MAIB_2026_10_Kommandor_Susan_generator_bearing_failure.pdf,物理第5页；PDF page 5,https://www.gov.uk/maib-reports/catastrophic-engine-failure-and-subsequent-fire-on-board-the-site-investigation-vessel-kommandor-susan,shipkg:fault:2c644dcfc770,AFFECTS_COMPONENT,shipkg:component:8052e7754d5f,edge:1c7edb137cc82c49,ev:e32631e4946436ab,4.3
连杆大端轴瓦失效,故障,故障层级：具体故障或事件,影响部件,左舷主机6号连杆大端轴瓦,部件,,非因果（归属、分类、检查或建议等）,报告明确记载,事故案例：左舷主机轴瓦失效与火灾,MAIB_2018_01_Windcat8_bearing_failure_fire.pdf,物理第1页；PDF page 1,https://assets.publishing.service.gov.uk/government/uploads/system/uploads/attachment_data/file/683922/MAIBInvReport01_2018.pdf,shipkg:fault:2c644dcfc770,AFFECTS_COMPONENT,shipkg:component:3552bc595328,edge:41c38630e54eb5b6,ev:ff3253f5416e42be,4.3
连杆大端轴瓦失效,故障,故障层级：具体故障或事件,很可能相关联,轴瓦本体可能存在薄弱点,工况与状态,,非因果（归属、分类、检查或建议等）,很可能,事故案例：左舷主机轴瓦失效与火灾,MAIB_2018_01_Windcat8_bearing_failure_fire.pdf,物理第9页；PDF page 9,https://assets.publishing.service.gov.uk/government/uploads/system/uploads/attachment_data/file/683922/MAIBInvReport01_2018.pdf,shipkg:fault:2c644dcfc770,ASSOCIATED_WITH,shipkg:condition:ff44ed04fc9f,edge:00d23d64eeab966b,ev:1143f5b1ae869724,4.3
连杆大端轴瓦失效,故障,故障层级：具体故障或事件,归属系统,润滑与轴承系统,系统,系统层级：功能系统,非因果（归属、分类、检查或建议等）,研究者分类（非因果结论）,,MAIB_2018_01_Windcat8_bearing_failure_fire.pdf,物理第9页；PDF page 9,https://assets.publishing.service.gov.uk/government/uploads/system/uploads/attachment_data/file/683922/MAIBInvReport01_2018.pdf,shipkg:fault:2c644dcfc770,BELONGS_TO_SYSTEM,shipkg:subsystem:d08eaf16cc46,edge:bc56748bb1f6339b,ev:1143f5b1ae869724,4.3
连杆大端轴瓦失效,故障,故障层级：具体故障或事件,导致,曲轴箱被连杆击穿,故障,故障层级：具体故障或事件,因果类,报告明确记载,事故案例：左舷主机轴瓦失效与火灾,MAIB_2018_01_Windcat8_bearing_failure_fire.pdf,物理第1页；PDF page 1,https://assets.publishing.service.gov.uk/government/uploads/system/uploads/attachment_data/file/683922/MAIBInvReport01_2018.pdf,shipkg:fault:2c644dcfc770,LEADS_TO,shipkg:fault:8d2d73a67f71,edge:7571a5635e421ac3,ev:921221ff746c010e,4.3
连杆大端轴瓦失效,故障,故障层级：具体故障或事件,很可能导致,柴油发电机灾难性失效,故障,故障层级：具体故障或事件,因果类,很可能,事故案例：DG1发电机故障与失电,MAIB_2026_10_Kommandor_Susan_generator_bearing_failure.pdf,物理第5页；PDF page 5,https://www.gov.uk/maib-reports/catastrophic-engine-failure-and-subsequent-fire-on-board-the-site-investigation-vessel-kommandor-susan,shipkg:fault:2c644dcfc770,LEADS_TO,shipkg:fault:423cd9a63be0,edge:2d66b2b8782ccd77,ev:cebfc2d1ae68389d,4.3
连杆小端疲劳断裂,故障,故障层级：具体故障或事件,影响部件,主机A5连杆小端,部件,,非因果（归属、分类、检查或建议等）,报告明确记载,事故案例：主机连杆小端疲劳断裂,MAIB_2021_02_Finlandia_Seaways_connecting_rod_failure.pdf,物理第9页；PDF page 9,https://www.gov.uk/maib-reports/engine-failure-and-subsequent-fire-on-ro-ro-cargo-vessel-finlandia-seaways-with-1-person-injured,shipkg:fault:4e2929b80b35,AFFECTS_COMPONENT,shipkg:component:c3d265fa990c,edge:78663b40c46179a3,ev:5e9210d8dbe9bf48,4.3
连杆小端疲劳断裂,故障,故障层级：具体故障或事件,归属系统,润滑与轴承系统,系统,系统层级：功能系统,非因果（归属、分类、检查或建议等）,研究者分类（非因果结论）,,MAIB_2021_02_Finlandia_Seaways_connecting_rod_failure.pdf,物理第9页；PDF page 9,https://www.gov.uk/maib-reports/engine-failure-and-subsequent-fire-on-ro-ro-cargo-vessel-finlandia-seaways-with-1-person-injured,shipkg:fault:4e2929b80b35,BELONGS_TO_SYSTEM,shipkg:subsystem:d08eaf16cc46,edge:724220f4d21e273c,ev:ed4a18d326cb49be,4.3
连杆小端疲劳断裂,故障,故障层级：具体故障或事件,导致,主机灾难性失效,故障,故障层级：具体故障或事件,因果类,报告明确记载,事故案例：主机连杆小端疲劳断裂,MAIB_2021_02_Finlandia_Seaways_connecting_rod_failure.pdf,物理第9页；PDF page 9,https://www.gov.uk/maib-reports/engine-failure-and-subsequent-fire-on-ro-ro-cargo-vessel-finlandia-seaways-with-1-person-injured,shipkg:fault:4e2929b80b35,LEADS_TO,shipkg:fault:fee4df6aeb24,edge:c89e9a0773956752,ev:53cb0d46e7e767ec,4.3
连杆盖螺栓松动与断裂,故障,故障层级：具体故障或事件,归属系统,润滑与轴承系统,系统,系统层级：功能系统,非因果（归属、分类、检查或建议等）,研究者分类（非因果结论）,,MAIB_2022_04_Wight_Sky_multiple_engine_failures.pdf,物理第84页；PDF page 84,https://assets.publishing.service.gov.uk/media/6267cc85e90e071690c1b679/2022-4-WightSky-Report.pdf,shipkg:fault:9b76a4f68834,BELONGS_TO_SYSTEM,shipkg:subsystem:d08eaf16cc46,edge:d88125ee68c967a9,ev:3ca79df2a0332a1a,4.3
连杆盖螺栓松动与断裂,故障,故障层级：具体故障或事件,导致,主机灾难性失效,故障,故障层级：具体故障或事件,因果类,报告明确记载,事故案例：ME4连杆轴承盖错装失效,MAIB_2022_04_Wight_Sky_multiple_engine_failures.pdf,物理第84页；PDF page 84,https://assets.publishing.service.gov.uk/media/6267cc85e90e071690c1b679/2022-4-WightSky-Report.pdf,shipkg:fault:9b76a4f68834,LEADS_TO,shipkg:fault:fee4df6aeb24,edge:0f4a666fd242e2a4,ev:3ca79df2a0332a1a,4.3
连杆盖配合面微动磨损,故障,故障层级：具体故障或事件,影响部件,ME4连杆大端轴承盖,部件,,非因果（归属、分类、检查或建议等）,报告明确记载,事故案例：ME4连杆轴承盖错装失效,MAIB_2022_04_Wight_Sky_multiple_engine_failures.pdf,物理第84页；PDF page 84,https://assets.publishing.service.gov.uk/media/6267cc85e90e071690c1b679/2022-4-WightSky-Report.pdf,shipkg:fault:a20cef558a0a,AFFECTS_COMPONENT,shipkg:component:2a19cfd5c18a,edge:01fc144895cef73d,ev:45cb3bc7993a557f,4.3
连杆盖配合面微动磨损,故障,故障层级：具体故障或事件,归属系统,润滑与轴承系统,系统,系统层级：功能系统,非因果（归属、分类、检查或建议等）,研究者分类（非因果结论）,,MAIB_2022_04_Wight_Sky_multiple_engine_failures.pdf,物理第84页；PDF page 84,https://assets.publishing.service.gov.uk/media/6267cc85e90e071690c1b679/2022-4-WightSky-Report.pdf,shipkg:fault:a20cef558a0a,BELONGS_TO_SYSTEM,shipkg:subsystem:d08eaf16cc46,edge:f44931e0d75b1336,ev:45cb3bc7993a557f,4.3
连杆盖配合面微动磨损,故障,故障层级：具体故障或事件,导致,连杆盖螺栓松动与断裂,故障,故障层级：具体故障或事件,因果类,报告明确记载,事故案例：ME4连杆轴承盖错装失效,MAIB_2022_04_Wight_Sky_multiple_engine_failures.pdf,物理第84页；PDF page 84,https://assets.publishing.service.gov.uk/media/6267cc85e90e071690c1b679/2022-4-WightSky-Report.pdf,shipkg:fault:a20cef558a0a,LEADS_TO,shipkg:fault:9b76a4f68834,edge:a2e2e760f4405d47,ev:1218b476bea8d173,4.3
驾驶台丧失右舷螺距控制,故障,故障层级：具体故障或事件,归属系统,传动与推进系统,系统,系统层级：功能系统,非因果（归属、分类、检查或建议等）,研究者分类（非因果结论）,,MAIB_2016_Safety_Digest_generator_oil_fire.pdf,物理第20页；PDF page 20,https://assets.publishing.service.gov.uk/media/5e81e5d2d3bf7f13416961fa/2016-SD1-MAIBSafetyDigest.pdf,shipkg:fault:dddb0abee018,BELONGS_TO_SYSTEM,shipkg:subsystem:5e357a568055,edge:ae412ca4b7ccde0a,ev:a33dab8e3476ce99,4.3
驾驶台丧失右舷螺距控制,故障,故障层级：具体故障或事件,归属系统,电力与控制系统,系统,系统层级：功能系统,非因果（归属、分类、检查或建议等）,研究者分类（非因果结论）,,MAIB_2016_Safety_Digest_generator_oil_fire.pdf,物理第20页；PDF page 20,https://assets.publishing.service.gov.uk/media/5e81e5d2d3bf7f13416961fa/2016-SD1-MAIBSafetyDigest.pdf,shipkg:fault:dddb0abee018,BELONGS_TO_SYSTEM,shipkg:subsystem:4539c38d0a84,edge:43c620ab4a95acf1,ev:a33dab8e3476ce99,4.3
驾驶台丧失右舷螺距控制,故障,故障层级：具体故障或事件,导致,右舷螺距保持前进,故障,故障层级：具体故障或事件,因果类,报告明确记载,事故案例：误选可调螺距桨备用模式与泊位碰撞,MAIB_2016_Safety_Digest_generator_oil_fire.pdf,物理第20页；PDF page 20,https://assets.publishing.service.gov.uk/media/5e81e5d2d3bf7f13416961fa/2016-SD1-MAIBSafetyDigest.pdf,shipkg:fault:dddb0abee018,LEADS_TO,shipkg:fault:c44e6c4545bf,edge:273b85382045876d,ev:a33dab8e3476ce99,4.3
驾驶台丧失左舷螺距控制,故障,故障层级：具体故障或事件,归属系统,传动与推进系统,系统,系统层级：功能系统,非因果（归属、分类、检查或建议等）,研究者分类（非因果结论）,,MAIB_2017_20_Hebrides_CPP_coupling.pdf,物理第30页；PDF page 30,https://assets.publishing.service.gov.uk/media/59b7ab1c40f0b61231e71a54/MAIBInvReport20_2017.pdf,shipkg:fault:675217222811,BELONGS_TO_SYSTEM,shipkg:subsystem:5e357a568055,edge:1deff6587408d948,ev:2cdda8701b9f350e,4.3
驾驶台丧失左舷螺距控制,故障,故障层级：具体故障或事件,归属系统,电力与控制系统,系统,系统层级：功能系统,非因果（归属、分类、检查或建议等）,研究者分类（非因果结论）,,MAIB_2017_20_Hebrides_CPP_coupling.pdf,物理第30页；PDF page 30,https://assets.publishing.service.gov.uk/media/59b7ab1c40f0b61231e71a54/MAIBInvReport20_2017.pdf,shipkg:fault:675217222811,BELONGS_TO_SYSTEM,shipkg:subsystem:4539c38d0a84,edge:f1c220f7c37e066a,ev:2cdda8701b9f350e,4.3
高温报警线束烧损短路,故障,故障层级：具体故障或事件,影响部件,高温报警线束,部件,,非因果（归属、分类、检查或建议等）,报告明确记载,事故案例：油抹布落至排气歧管起火,MAIB_2013_Safety_Digest_lubrication_bearing_cases.pdf,物理第41页；PDF page 41,https://assets.publishing.service.gov.uk/government/uploads/system/uploads/attachment_data/file/876748/2013-SD2-MAIBSafetyDigest.pdf,shipkg:fault:999defd690d8,AFFECTS_COMPONENT,shipkg:component:26867a3d02f0,edge:f505f5cce7847083,ev:188654e8f7b787d6,4.3
高温报警线束烧损短路,故障,故障层级：具体故障或事件,归属系统,电力与控制系统,系统,系统层级：功能系统,非因果（归属、分类、检查或建议等）,研究者分类（非因果结论）,,MAIB_2013_Safety_Digest_lubrication_bearing_cases.pdf,物理第41页；PDF page 41,https://assets.publishing.service.gov.uk/government/uploads/system/uploads/attachment_data/file/876748/2013-SD2-MAIBSafetyDigest.pdf,shipkg:fault:999defd690d8,BELONGS_TO_SYSTEM,shipkg:subsystem:4539c38d0a84,edge:b50ae7519f3ded28,ev:0e28dc346f51844d,4.3
高温报警线束烧损短路,故障,故障层级：具体故障或事件,触发,主机高温报警,症状,,因果类,报告明确记载,事故案例：油抹布落至排气歧管起火,MAIB_2013_Safety_Digest_lubrication_bearing_cases.pdf,物理第41页；PDF page 41,https://assets.publishing.service.gov.uk/government/uploads/system/uploads/attachment_data/file/876748/2013-SD2-MAIBSafetyDigest.pdf,shipkg:fault:999defd690d8,TRIGGERS,shipkg:symptom:674bee46af7f,edge:a224f41b8b7d6b98,ev:0e28dc346f51844d,4.3
冷却水水质或处理不当,原因,,归属系统,冷却与海水系统,系统,系统层级：功能系统,非因果（归属、分类、检查或建议等）,研究者分类（非因果结论）,,MAN_SL2016_623_cooling_water.pdf,物理第3页；PDF page 3,https://www.man-es.com/docs/default-source/service-letters/sl2016-623.pdf,shipkg:cause:c5d7e29b6c94,BELONGS_TO_SYSTEM,shipkg:subsystem:512427f592b7,edge:cdc8c2f3e343d47a,ev:9282652d0f980004,4.3
冷却水水质或处理不当,原因,,导致,冷却水通道结垢堵塞,故障,故障层级：具体故障或事件,因果类,厂家一般机理/指导（须核对机型）,knowledge:coolant_blockage,MAN_SL2016_623_cooling_water.pdf,物理第2页；PDF page 2,https://www.man-es.com/docs/default-source/service-letters/sl2016-623.pdf,shipkg:cause:c5d7e29b6c94,LEADS_TO,shipkg:fault:0b115c0dd100,edge:c76e4c8742b7bbc2,ev:1ac13d5b81e13593,4.3
可调螺距桨倒车参数设置错误,原因,,归属系统,传动与推进系统,系统,系统层级：功能系统,非因果（归属、分类、检查或建议等）,研究者分类（非因果结论）,,MAIB_2016_Safety_Digest_generator_oil_fire.pdf,物理第29页；PDF page 29,https://assets.publishing.service.gov.uk/media/5e81e5d2d3bf7f13416961fa/2016-SD1-MAIBSafetyDigest.pdf,shipkg:cause:3667d8d2e0ca,BELONGS_TO_SYSTEM,shipkg:subsystem:5e357a568055,edge:9392a5c0617470cf,ev:88dffcc589cf9235,4.3
可调螺距桨倒车参数设置错误,原因,,导致,可调螺距桨倒车响应迟缓,故障,故障层级：具体故障或事件,因果类,报告明确记载,事故案例：可调螺距桨倒车响应迟缓与码头碰撞,MAIB_2016_Safety_Digest_generator_oil_fire.pdf,物理第29页；PDF page 29,https://assets.publishing.service.gov.uk/media/5e81e5d2d3bf7f13416961fa/2016-SD1-MAIBSafetyDigest.pdf,shipkg:cause:3667d8d2e0ca,LEADS_TO,shipkg:fault:fce2f501a499,edge:2d27110add1a0c6b,ev:88dffcc589cf9235,4.3
坞修后滑油泵堵头紧固不足,原因,,归属系统,润滑与轴承系统,系统,系统层级：功能系统,非因果（归属、分类、检查或建议等）,研究者分类（非因果结论）,,MAIB_2016_Safety_Digest_generator_oil_fire.pdf,物理第26页；PDF page 26,https://assets.publishing.service.gov.uk/media/5e81e5d2d3bf7f13416961fa/2016-SD1-MAIBSafetyDigest.pdf,shipkg:cause:2152c85364f8,BELONGS_TO_SYSTEM,shipkg:subsystem:d08eaf16cc46,edge:94a372da56ed7de3,ev:4925b6b6f40f4c21,4.3
坞修后滑油泵堵头紧固不足,原因,,导致,滑油泵堵头振松,故障,故障层级：具体故障或事件,因果类,报告明确记载,事故案例：发电机滑油泵堵头松脱火灾,MAIB_2016_Safety_Digest_generator_oil_fire.pdf,物理第26页；PDF page 26,https://assets.publishing.service.gov.uk/media/5e81e5d2d3bf7f13416961fa/2016-SD1-MAIBSafetyDigest.pdf,shipkg:cause:2152c85364f8,LEADS_TO,shipkg:fault:f2f9d4b10a0b,edge:3af46f4959d25f42,ev:4925b6b6f40f4c21,4.3
异物经滑油进入主轴承,原因,,归属系统,润滑与轴承系统,系统,系统层级：功能系统,非因果（归属、分类、检查或建议等）,研究者分类（非因果结论）,,MAN_SL2013_569_bearing_wear_monitoring.pdf,物理第2页；PDF page 2,https://www.man-es.com/docs/default-source/service-letters/sl2013-569.pdf,shipkg:cause:7009e2343511,BELONGS_TO_SYSTEM,shipkg:subsystem:d08eaf16cc46,edge:76296c86d752a133,ev:0523deba67297b7c,4.3
异物经滑油进入主轴承,原因,,导致,主轴承咬死,故障,故障层级：具体故障或事件,因果类,厂家一般机理/指导（须核对机型）,knowledge:bearing_seizure,MAN_SL2013_569_bearing_wear_monitoring.pdf,物理第2页；PDF page 2,https://www.man-es.com/docs/default-source/service-letters/sl2013-569.pdf,shipkg:cause:7009e2343511,LEADS_TO,shipkg:fault:ce4fe75e21d8,edge:dc599b8981d72f53,ev:0523deba67297b7c,4.3
油路磨粒与污染,原因,,归属系统,润滑与轴承系统,系统,系统层级：功能系统,非因果（归属、分类、检查或建议等）,研究者分类（非因果结论）,,MAIB_2022_04_Wight_Sky_multiple_engine_failures.pdf,物理第84页；PDF page 84,https://assets.publishing.service.gov.uk/media/6267cc85e90e071690c1b679/2022-4-WightSky-Report.pdf,shipkg:cause:8a2abf94d478,BELONGS_TO_SYSTEM,shipkg:subsystem:d08eaf16cc46,edge:5e4f8c011d8148e5,ev:d8028bdc4d93a0c8,4.3
油路磨粒与污染,原因,,可能促成,主轴承瓦片转位,故障,故障层级：具体故障或事件,因果类,可能,事故案例：ME2主轴承断油失效,MAIB_2022_04_Wight_Sky_multiple_engine_failures.pdf,物理第84页；PDF page 84,https://assets.publishing.service.gov.uk/media/6267cc85e90e071690c1b679/2022-4-WightSky-Report.pdf,shipkg:cause:8a2abf94d478,MAY_CONTRIBUTE_TO,shipkg:fault:aba0717d72a0,edge:906419b0e1885484,ev:f586cbe874297cd1,4.3
油道残留碎屑,原因,,归属系统,润滑与轴承系统,系统,系统层级：功能系统,非因果（归属、分类、检查或建议等）,研究者分类（非因果结论）,,MAIB_2018_14_Wight_Sky_engine_bearing_fire.pdf,物理第14页；PDF page 14,https://assets.publishing.service.gov.uk/media/5b5217c7ed915d0b81e003df/MAIBInvReport14_2018.pdf,shipkg:cause:cf3cb78b47cf,BELONGS_TO_SYSTEM,shipkg:subsystem:d08eaf16cc46,edge:77ba2ecdb044e119,ev:7407bf8cf7722325,4.3
油道残留碎屑,原因,,很可能促成,主轴承瓦片转位,故障,故障层级：具体故障或事件,因果类,很可能,事故案例：主机重装后轴承失效与火灾,MAIB_2018_14_Wight_Sky_engine_bearing_fire.pdf,物理第14页；PDF page 14,https://assets.publishing.service.gov.uk/media/5b5217c7ed915d0b81e003df/MAIBInvReport14_2018.pdf,shipkg:cause:cf3cb78b47cf,CONTRIBUTED_TO,shipkg:fault:aba0717d72a0,edge:8891c036cde74d94,ev:7407bf8cf7722325,4.3
润滑油质量不符合要求,原因,来源可靠性层级：二次语料；专家核验状态：待核验；知识层级：二次中文语料知识；适用范围：二次转载文章，船舶/原始报告身份未核实；不计入正式事故案例,语料记载·可能促成,滑油系统油泥沉积,工况与状态,来源可靠性层级：二次语料；专家核验状态：待核验；知识层级：二次中文语料知识；适用范围：二次转载文章，船舶/原始报告身份未核实；不计入正式事故案例,因果类,中文二次语料记载（原文核对，待专家确认）,corpus:a4dd6412481f,marine_diesel_RAG_corpus_All_data.zip,train/油品课堂第六讲某船使用假冒润滑油导致主机烧瓦事故案例.md:normalized_chars=801:855,https://zenodo.org/records/20258638,shipkg:cause:fa8278a58b01,MAY_CONTRIBUTE_TO,shipkg:condition:08a6b875af93,edge:ec7eb31e9c729574,ev:52b30ba4186f4924,4.3
联轴器紧定螺钉缺少锁固措施,原因,,归属系统,传动与推进系统,系统,系统层级：功能系统,非因果（归属、分类、检查或建议等）,研究者分类（非因果结论）,,MAIB_2017_20_Hebrides_CPP_coupling.pdf,物理第35页；PDF page 35,https://assets.publishing.service.gov.uk/media/59b7ab1c40f0b61231e71a54/MAIBInvReport20_2017.pdf,shipkg:cause:9b5341f924b9,BELONGS_TO_SYSTEM,shipkg:subsystem:5e357a568055,edge:067abe2265d5d174,ev:d3e64cd30311c1bb,4.3
联轴器紧定螺钉缺少锁固措施,原因,,导致,可调螺距桨执行器联轴器松脱,故障,故障层级：具体故障或事件,因果类,报告明确记载,knowledge:coupling_failure,MAIB_2017_20_Hebrides_CPP_coupling.pdf,物理第35页；PDF page 35,https://assets.publishing.service.gov.uk/media/59b7ab1c40f0b61231e71a54/MAIBInvReport20_2017.pdf,shipkg:cause:9b5341f924b9,LEADS_TO,shipkg:fault:7c36cc5888d4,edge:ad5c7c478856ab6c,ev:d3e64cd30311c1bb,4.3
连杆大端轴承盖配对错装,原因,,归属系统,润滑与轴承系统,系统,系统层级：功能系统,非因果（归属、分类、检查或建议等）,研究者分类（非因果结论）,,MAIB_2022_04_Wight_Sky_multiple_engine_failures.pdf,物理第84页；PDF page 84,https://assets.publishing.service.gov.uk/media/6267cc85e90e071690c1b679/2022-4-WightSky-Report.pdf,shipkg:cause:0b368a5a5869,BELONGS_TO_SYSTEM,shipkg:subsystem:d08eaf16cc46,edge:c820bdbff44ea7ff,ev:a4a51bca0c30f80d,4.3
连杆大端轴承盖配对错装,原因,,导致,连杆盖配合面微动磨损,故障,故障层级：具体故障或事件,因果类,报告明确记载,事故案例：ME4连杆轴承盖错装失效,MAIB_2022_04_Wight_Sky_multiple_engine_failures.pdf,物理第84页；PDF page 84,https://assets.publishing.service.gov.uk/media/6267cc85e90e071690c1b679/2022-4-WightSky-Report.pdf,shipkg:cause:0b368a5a5869,LEADS_TO,shipkg:fault:a20cef558a0a,edge:561c285555c25a69,ev:a4a51bca0c30f80d,4.3
连杆小端轴套更换产生应力集中,原因,,归属系统,润滑与轴承系统,系统,系统层级：功能系统,非因果（归属、分类、检查或建议等）,研究者分类（非因果结论）,,MAIB_2021_02_Finlandia_Seaways_connecting_rod_failure.pdf,物理第9页；PDF page 9,https://www.gov.uk/maib-reports/engine-failure-and-subsequent-fire-on-ro-ro-cargo-vessel-finlandia-seaways-with-1-person-injured,shipkg:cause:29f8307f5eed,BELONGS_TO_SYSTEM,shipkg:subsystem:d08eaf16cc46,edge:0572be31fff2b324,ev:ed4a18d326cb49be,4.3
连杆小端轴套更换产生应力集中,原因,,增加风险,连杆小端疲劳断裂,故障,故障层级：具体故障或事件,因果类,报告明确记载,事故案例：主机连杆小端疲劳断裂,MAIB_2021_02_Finlandia_Seaways_connecting_rod_failure.pdf,物理第9页；PDF page 9,https://www.gov.uk/maib-reports/engine-failure-and-subsequent-fire-on-ro-ro-cargo-vessel-finlandia-seaways-with-1-person-injured,shipkg:cause:29f8307f5eed,INCREASES_RISK_OF,shipkg:fault:4e2929b80b35,edge:740e9eb1e7a243da,ev:ed4a18d326cb49be,4.3
非原厂轴承材料粘结较弱,原因,,归属系统,润滑与轴承系统,系统,系统层级：功能系统,非因果（归属、分类、检查或建议等）,研究者分类（非因果结论）,,MAIB_2026_10_Kommandor_Susan_generator_bearing_failure.pdf,物理第5页；PDF page 5,https://www.gov.uk/maib-reports/catastrophic-engine-failure-and-subsequent-fire-on-board-the-site-investigation-vessel-kommandor-susan,shipkg:cause:0c02674d6024,BELONGS_TO_SYSTEM,shipkg:subsystem:d08eaf16cc46,edge:a921da9b784d08dd,ev:5f282b514e870587,4.3
非原厂轴承材料粘结较弱,原因,,很可能促成,连杆大端轴瓦失效,故障,故障层级：具体故障或事件,因果类,很可能,事故案例：DG1发电机故障与失电,MAIB_2026_10_Kommandor_Susan_generator_bearing_failure.pdf,物理第5页；PDF page 5,https://www.gov.uk/maib-reports/catastrophic-engine-failure-and-subsequent-fire-on-board-the-site-investigation-vessel-kommandor-susan,shipkg:cause:0c02674d6024,CONTRIBUTED_TO,shipkg:fault:2c644dcfc770,edge:f91e30b569a1ffe4,ev:5f282b514e870587,4.3
DP船风浪纵摇横摇,工况与状态,,促成,船舶电网电压频率振荡,故障,故障层级：具体故障或事件,因果类,论文实测观察（非本船已证实根因）,knowledge:electrical_oscillation,Frontiers_2021_marine_converter_oscillations.pdf,物理第6页；PDF page 6,https://www.frontiersin.org/journals/energy-research/articles/10.3389/fenrg.2020.529756/pdf,shipkg:condition:50dc70737e5d,CONTRIBUTED_TO,shipkg:fault:4de4eeb54341,edge:2582a75e6a4ea98b,ev:17d803145e66029c,4.3
两台压缩机供气不足,工况与状态,,导致,控制空气压力不足,故障,故障层级：具体故障或事件,因果类,报告明确记载,事故案例：控制空气不足与离合器脱开,MAIB_2013_Safety_Digest_lubrication_bearing_cases.pdf,物理第14页；PDF page 14,https://assets.publishing.service.gov.uk/government/uploads/system/uploads/attachment_data/file/876748/2013-SD2-MAIBSafetyDigest.pdf,shipkg:condition:ed8375f7583f,LEADS_TO,shipkg:fault:b6b2c9f08149,edge:6f00f88d169ef712,ev:008f983201b4fd11,4.3
主机不对中与异常振动,工况与状态,,可能促成,主轴承瓦片转位,故障,故障层级：具体故障或事件,因果类,可能,事故案例：ME2主轴承断油失效,MAIB_2022_04_Wight_Sky_multiple_engine_failures.pdf,物理第84页；PDF page 84,https://assets.publishing.service.gov.uk/media/6267cc85e90e071690c1b679/2022-4-WightSky-Report.pdf,shipkg:condition:2d805325d843,MAY_CONTRIBUTE_TO,shipkg:fault:aba0717d72a0,edge:9f7a4ae4b1796cdb,ev:26718cca28f9fc30,4.3
保护测试绕过互感器绕组,工况与状态,,归属系统,燃油与进排气系统,系统,系统层级：功能系统,非因果（归属、分类、检查或建议等）,研究者分类（非因果结论）,,MAIB_2011_28_Queen_Mary_2_harmonic_filter_failure.pdf,物理第64页；PDF page 64,https://assets.digital.cabinet-office.gov.uk/media/547c6fa6ed915d4c10000031/QM2Report.pdf,shipkg:condition:db2e89c50479,BELONGS_TO_SYSTEM,shipkg:subsystem:52e7560c8465,edge:fad2b7fdbf57beee,ev:3bea0430b472030b,4.3
保护测试绕过互感器绕组,工况与状态,,归属系统,电力与控制系统,系统,系统层级：功能系统,非因果（归属、分类、检查或建议等）,研究者分类（非因果结论）,,MAIB_2011_28_Queen_Mary_2_harmonic_filter_failure.pdf,物理第64页；PDF page 64,https://assets.digital.cabinet-office.gov.uk/media/547c6fa6ed915d4c10000031/QM2Report.pdf,shipkg:condition:db2e89c50479,BELONGS_TO_SYSTEM,shipkg:subsystem:4539c38d0a84,edge:4e16a864a7f7baec,ev:3bea0430b472030b,4.3
保护测试绕过互感器绕组,工况与状态,,妨碍发现,电流不平衡保护失效,故障,故障层级：具体故障或事件,非因果（归属、分类、检查或建议等）,报告明确记载,事故案例：谐波滤波电容失效与全船失电,MAIB_2011_28_Queen_Mary_2_harmonic_filter_failure.pdf,物理第64页；PDF page 64,https://assets.digital.cabinet-office.gov.uk/media/547c6fa6ed915d4c10000031/QM2Report.pdf,shipkg:condition:db2e89c50479,LIMITS_DETECTION_OF,shipkg:fault:b2aa91be158b,edge:21c269f536ddda50,ev:3bea0430b472030b,4.3
停机时并联机组拖转,工况与状态,,加剧严重度,主机灾难性失效,故障,故障层级：具体故障或事件,因果类,报告明确记载,事故案例：ME2主轴承断油失效,MAIB_2022_04_Wight_Sky_multiple_engine_failures.pdf,物理第85页；PDF page 85,https://assets.publishing.service.gov.uk/media/6267cc85e90e071690c1b679/2022-4-WightSky-Report.pdf,shipkg:condition:a9a45fb680fd,INCREASES_SEVERITY_OF,shipkg:fault:fee4df6aeb24,edge:78eb1892f1bf4469,ev:cf454850540d2ce6,4.3
关键断路器置于手动位,工况与状态,,导致,关键设备失电,后果,,因果类,报告明确记载,事故案例：主机重装后轴承失效与火灾,MAIB_2018_14_Wight_Sky_engine_bearing_fire.pdf,物理第14页；PDF page 14,https://assets.publishing.service.gov.uk/media/5b5217c7ed915d0b81e003df/MAIBInvReport14_2018.pdf,shipkg:condition:e21862ad051d,LEADS_TO,shipkg:consequence:bcd3a732b87d,edge:d5e855bff1694f60,ev:d2ddab6cf68a9801,4.3
冷却器水侧局部沸腾,工况与状态,,归属系统,冷却与海水系统,系统,系统层级：功能系统,非因果（归属、分类、检查或建议等）,研究者分类（非因果结论）,,MAN_main_engine_auxiliary_efficiency.pdf,物理第11页；PDF page 11,https://www.man-es.com/docs/default-source/document-sync/efficiency-improvements-main-engine-auxiliary-systems-eng.pdf,shipkg:condition:654fd1d6ce35,BELONGS_TO_SYSTEM,shipkg:subsystem:512427f592b7,edge:c23595d7767e6e9a,ev:2d4645410e75d447,4.3
冷却器水侧局部沸腾,工况与状态,,可能促成,冷却水管路汽蚀,故障,故障层级：具体故障或事件,因果类,厂家一般机理/指导（须核对机型）,knowledge:cooling_cavitation,MAN_main_engine_auxiliary_efficiency.pdf,物理第11页；PDF page 11,https://www.man-es.com/docs/default-source/document-sync/efficiency-improvements-main-engine-auxiliary-systems-eng.pdf,shipkg:condition:654fd1d6ce35,MAY_CONTRIBUTE_TO,shipkg:fault:0ad9453d012b,edge:7d6838a1a6475ee5,ev:fbe07737c9447c24,4.3
冷却淡水回路形成气囊,工况与状态,来源可靠性层级：二次语料；专家核验状态：待核验；知识层级：二次中文语料知识；适用范围：文中共享中央淡水冷却回路；须核对本船空压机冷却器与副机回路连接,语料记载·可能促成,冷却水泵吸空,故障,来源可靠性层级：二次语料；专家核验状态：待核验；故障层级：事件/状态；知识层级：二次中文语料知识；适用范围：文中共享中央淡水冷却回路；须核对本船空压机冷却器与副机回路连接,因果类,中文二次语料记载（原文核对，待专家确认）,corpus:3fc204fbafaf,marine_diesel_RAG_corpus_All_data.zip,test/船机帮一起副机冷却水失压停车故障的处理和原因分析.md:normalized_chars=1324:1348,https://zenodo.org/records/20258638,shipkg:condition:064a96919721,MAY_CONTRIBUTE_TO,shipkg:fault:1270ab231522,edge:9568fbf1130522e0,ev:5a20d40e7fad62d8,4.3
减振器滑油供给不足或含水污染,工况与状态,,归属系统,润滑与轴承系统,系统,系统层级：功能系统,非因果（归属、分类、检查或建议等）,研究者分类（非因果结论）,,MAN_SL2017_654_torsional_damper.pdf,物理第1页；PDF page 1,https://www.man-es.com/docs/default-source/service-letters/sl2017-654.pdf,shipkg:condition:20591bbadf85,BELONGS_TO_SYSTEM,shipkg:subsystem:d08eaf16cc46,edge:865ee2de8cfde0bf,ev:71b1d838f3e59389,4.3
减振器滑油供给不足或含水污染,工况与状态,,可能促成,曲轴扭振减振器失效,故障,故障层级：具体故障或事件,因果类,厂家一般机理/指导（须核对机型）,knowledge:damper_failure,MAN_SL2017_654_torsional_damper.pdf,物理第1页；PDF page 1,https://www.man-es.com/docs/default-source/service-letters/sl2017-654.pdf,shipkg:condition:20591bbadf85,MAY_CONTRIBUTE_TO,shipkg:fault:655f841ec7d0,edge:0f023c81bf9a886b,ev:71b1d838f3e59389,4.3
副机冷却水供给中断,工况与状态,来源可靠性层级：二次语料；专家核验状态：待核验；知识层级：二次中文语料知识；适用范围：文中共享中央淡水冷却回路；须核对本船空压机冷却器与副机回路连接,语料记载·可能促成,副机高温保护停机,故障,来源可靠性层级：二次语料；专家核验状态：待核验；故障层级：事件/状态；知识层级：二次中文语料知识；适用范围：文中共享中央淡水冷却回路；须核对本船空压机冷却器与副机回路连接,因果类,中文二次语料记载（原文核对，待专家确认）,corpus:3fc204fbafaf,marine_diesel_RAG_corpus_All_data.zip,test/船机帮一起副机冷却水失压停车故障的处理和原因分析.md:normalized_chars=443:493,https://zenodo.org/records/20258638,shipkg:condition:c6be2b8a4cc5,MAY_CONTRIBUTE_TO,shipkg:fault:867357ffe291,edge:528ad39c48ca5f9f,ev:5c40f5b749ac4235,4.3
压力空气进入共享冷却淡水回路,工况与状态,来源可靠性层级：二次语料；专家核验状态：待核验；知识层级：二次中文语料知识；适用范围：文中共享中央淡水冷却回路；须核对本船空压机冷却器与副机回路连接,语料记载·可能促成,冷却淡水回路形成气囊,工况与状态,来源可靠性层级：二次语料；专家核验状态：待核验；知识层级：二次中文语料知识；适用范围：文中共享中央淡水冷却回路；须核对本船空压机冷却器与副机回路连接,因果类,中文二次语料记载（原文核对，待专家确认）,corpus:3fc204fbafaf,marine_diesel_RAG_corpus_All_data.zip,test/船机帮一起副机冷却水失压停车故障的处理和原因分析.md:normalized_chars=1288:1348,https://zenodo.org/records/20258638,shipkg:condition:e79d7284b565,MAY_CONTRIBUTE_TO,shipkg:condition:064a96919721,edge:9e8d77583d643c34,ev:66afec948afc4341,4.3
原动机转矩脉动与负载波动,工况与状态,,可能促成,船舶电网电压频率振荡,故障,故障层级：具体故障或事件,因果类,厂家一般机理/指导（须核对机型）,knowledge:electrical_oscillation,Frontiers_2021_marine_converter_oscillations.pdf,物理第2页；PDF page 2,https://www.frontiersin.org/journals/energy-research/articles/10.3389/fenrg.2020.529756/pdf,shipkg:condition:86fd7df9de11,MAY_CONTRIBUTE_TO,shipkg:fault:4de4eeb54341,edge:063d6f3f40f4c6b7,ev:d85a741773e8f8b9,4.3
反复燃油漏泄未完整报告,工况与状态,,归属系统,润滑与轴承系统,系统,系统层级：功能系统,非因果（归属、分类、检查或建议等）,研究者分类（非因果结论）,,MAIB_2024_20_Stena_Europe_fuel_spray_fire.pdf,物理第27页；PDF page 27,https://assets.publishing.service.gov.uk/media/6756db0ba63e1781efb87793/2024-20-StenaEurope.pdf,shipkg:condition:4ae93bca9f29,BELONGS_TO_SYSTEM,shipkg:subsystem:d08eaf16cc46,edge:868ce6db133ba4e8,ev:9d1bc8efb3c65396,4.3
反复燃油漏泄未完整报告,工况与状态,,归属系统,燃油与进排气系统,系统,系统层级：功能系统,非因果（归属、分类、检查或建议等）,研究者分类（非因果结论）,,MAIB_2024_20_Stena_Europe_fuel_spray_fire.pdf,物理第27页；PDF page 27,https://assets.publishing.service.gov.uk/media/6756db0ba63e1781efb87793/2024-20-StenaEurope.pdf,shipkg:condition:4ae93bca9f29,BELONGS_TO_SYSTEM,shipkg:subsystem:52e7560c8465,edge:12aab1eaaa6034e9,ev:9d1bc8efb3c65396,4.3
反复燃油漏泄未完整报告,工况与状态,,妨碍发现,压力燃油泄漏,故障,故障层级：具体故障或事件,非因果（归属、分类、检查或建议等）,报告明确记载,事故案例：燃油法兰松动与主机火灾,MAIB_2024_20_Stena_Europe_fuel_spray_fire.pdf,物理第27页；PDF page 27,https://assets.publishing.service.gov.uk/media/6756db0ba63e1781efb87793/2024-20-StenaEurope.pdf,shipkg:condition:4ae93bca9f29,LIMITS_DETECTION_OF,shipkg:fault:3349e319bedc,edge:978fd5dea39c2ab2,ev:9d1bc8efb3c65396,4.3
发动机超速或缸内液击,工况与状态,,可能促成,曲轴扭振减振器失效,故障,故障层级：具体故障或事件,因果类,厂家一般机理/指导（须核对机型）,knowledge:damper_failure,MAN_SL2017_654_torsional_damper.pdf,物理第1页；PDF page 1,https://www.man-es.com/docs/default-source/service-letters/sl2017-654.pdf,shipkg:condition:212a684d37a2,MAY_CONTRIBUTE_TO,shipkg:fault:655f841ec7d0,edge:20e5a089e38d720a,ev:66303eda9ce85d8c,4.3
吊舱舱底传感器位置偏低,工况与状态,,归属系统,冷却与海水系统,系统,系统层级：功能系统,非因果（归属、分类、检查或建议等）,研究者分类（非因果结论）,,MAIB_2026_06_Spirit_of_Discovery_propulsion_loss.pdf,物理第43页；PDF page 43,https://www.gov.uk/maib-reports/loss-of-propulsion-in-heavy-weather-experienced-by-the-passenger-vessel-spirit-of-discovery-leading-to-over-100-injuries-and-one-fatality,shipkg:condition:7fb8a1a33328,BELONGS_TO_SYSTEM,shipkg:subsystem:512427f592b7,edge:bcf16e46304a4dc7,ev:91f76498fecf4e21,4.3
吊舱舱底传感器位置偏低,工况与状态,,触发,进水停机序列启动,故障,故障层级：具体故障或事件；语义类别：保护动作事件,因果类,报告明确记载,事故案例：大风浪中吊舱推进丧失,MAIB_2026_06_Spirit_of_Discovery_propulsion_loss.pdf,物理第43页；PDF page 43,https://www.gov.uk/maib-reports/loss-of-propulsion-in-heavy-weather-experienced-by-the-passenger-vessel-spirit-of-discovery-leading-to-over-100-injuries-and-one-fatality,shipkg:condition:7fb8a1a33328,TRIGGERS,shipkg:fault:cdf116929c39,edge:1a8d22464c3d1c3c,ev:91f76498fecf4e21,4.3
回油法兰未设喷溅保护,工况与状态,,归属系统,电力与控制系统,系统,系统层级：功能系统,非因果（归属、分类、检查或建议等）,研究者分类（非因果结论）,,MAIB_2015_22_Pride_of_Canterbury_CPP_hydraulic_fire.pdf,物理第35页；PDF page 35,https://assets.digital.cabinet-office.gov.uk/media/563092daed915d566d000002/MAIBInvReport-22_2015.pdf,shipkg:condition:37dbebf86df6,BELONGS_TO_SYSTEM,shipkg:subsystem:4539c38d0a84,edge:8f8daabafa8f297a,ev:10c92776735ce916,4.3
回油法兰未设喷溅保护,工况与状态,,增加风险,液压油喷向高温排气管,故障,故障层级：具体故障或事件,因果类,报告明确记载,事故案例：液压背压阀卡滞与火灾,MAIB_2015_22_Pride_of_Canterbury_CPP_hydraulic_fire.pdf,物理第30页；PDF page 30,https://assets.digital.cabinet-office.gov.uk/media/563092daed915d566d000002/MAIBInvReport-22_2015.pdf,shipkg:condition:37dbebf86df6,INCREASES_RISK_OF,shipkg:fault:562580f2bf5a,edge:bc16de904459ec48,ev:169a62f5f3bc2de6,4.3
回油管缺少有效超压释放,工况与状态,,加重后果,可调螺距桨系统超压,故障,故障层级：具体故障或事件,因果类,报告明确记载,事故案例：液压背压阀卡滞与火灾,MAIB_2015_22_Pride_of_Canterbury_CPP_hydraulic_fire.pdf,物理第29页；PDF page 29,https://assets.digital.cabinet-office.gov.uk/media/563092daed915d566d000002/MAIBInvReport-22_2015.pdf,shipkg:condition:ff505693e52e,WORSENS,shipkg:fault:ae4a492efe41,edge:7f6a0de1a4eca672,ev:c2f0061fd7fa1953,4.3
固定灭火系统释放前通风口未关闭,工况与状态,,削弱措施效果,固定灭火系统灭火,运维措施,,非因果（归属、分类、检查或建议等）,报告明确记载,事故案例：左舷主机轴瓦失效与火灾,MAIB_2018_01_Windcat8_bearing_failure_fire.pdf,物理第11页；PDF page 11,https://assets.publishing.service.gov.uk/government/uploads/system/uploads/attachment_data/file/683922/MAIBInvReport01_2018.pdf,shipkg:condition:7a0e4d2405ef,REDUCES_EFFECTIVENESS_OF,shipkg:action:9fa28e4c4571,edge:23d24efd05e23e3e,ev:e678a8a1bb3f1aec,4.3
备用气瓶上线时未隔离主气瓶,工况与状态,,导致,备用空气均压后仍不足,故障,故障层级：具体故障或事件,因果类,报告明确记载,事故案例：控制空气不足与离合器脱开,MAIB_2013_Safety_Digest_lubrication_bearing_cases.pdf,物理第15页；PDF page 15,https://assets.publishing.service.gov.uk/government/uploads/system/uploads/attachment_data/file/876748/2013-SD2-MAIBSafetyDigest.pdf,shipkg:condition:be80fb98e414,LEADS_TO,shipkg:fault:3dabb05debb4,edge:f34138c6e0145787,ev:c8e14e20edb4d870,4.3
大风浪中剧烈纵摇,工况与状态,,归属系统,传动与推进系统,系统,系统层级：功能系统,非因果（归属、分类、检查或建议等）,研究者分类（非因果结论）,,MAIB_2026_06_Spirit_of_Discovery_propulsion_loss.pdf,物理第42页；PDF page 42,https://www.gov.uk/maib-reports/loss-of-propulsion-in-heavy-weather-experienced-by-the-passenger-vessel-spirit-of-discovery-leading-to-over-100-injuries-and-one-fatality,shipkg:condition:0a605c97371c,BELONGS_TO_SYSTEM,shipkg:subsystem:5e357a568055,edge:67053191ac4359d3,ev:9d2abeeb05ea44b5,4.3
大风浪中剧烈纵摇,工况与状态,,导致,螺旋桨出水,工况与状态,,因果类,报告明确记载,事故案例：大风浪中吊舱推进丧失,MAIB_2026_06_Spirit_of_Discovery_propulsion_loss.pdf,物理第42页；PDF page 42,https://www.gov.uk/maib-reports/loss-of-propulsion-in-heavy-weather-experienced-by-the-passenger-vessel-spirit-of-discovery-leading-to-over-100-injuries-and-one-fatality,shipkg:condition:0a605c97371c,LEADS_TO,shipkg:condition:2ee58a9a8fad,edge:b27d395dd7a1eec9,ev:9d2abeeb05ea44b5,4.3
安全阀长期未功能检查,工况与状态,,妨碍发现,可调螺距桨背压阀磨损卡滞,故障,故障层级：具体故障或事件,非因果（归属、分类、检查或建议等）,报告明确记载,事故案例：液压背压阀卡滞与火灾,MAIB_2015_22_Pride_of_Canterbury_CPP_hydraulic_fire.pdf,物理第29页；PDF page 29,https://assets.digital.cabinet-office.gov.uk/media/563092daed915d566d000002/MAIBInvReport-22_2015.pdf,shipkg:condition:4fe499c68172,LIMITS_DETECTION_OF,shipkg:fault:1e5a23a200ad,edge:e4dc29615b38ae3d,ev:a761595279b52f7c,4.3
扫气空气冷却器水流量过低,工况与状态,,归属系统,冷却与海水系统,系统,系统层级：功能系统,非因果（归属、分类、检查或建议等）,研究者分类（非因果结论）,,MAN_main_engine_auxiliary_efficiency.pdf,物理第11页；PDF page 11,https://www.man-es.com/docs/default-source/document-sync/efficiency-improvements-main-engine-auxiliary-systems-eng.pdf,shipkg:condition:0abf74811b34,BELONGS_TO_SYSTEM,shipkg:subsystem:512427f592b7,edge:1f5f1ecdc2a41111,ev:2d4645410e75d447,4.3
扫气空气冷却器水流量过低,工况与状态,,导致,扫气空气温度升高,症状,,因果类,厂家一般机理/指导（须核对机型）,knowledge:cooling_cavitation,MAN_main_engine_auxiliary_efficiency.pdf,物理第11页；PDF page 11,https://www.man-es.com/docs/default-source/document-sync/efficiency-improvements-main-engine-auxiliary-systems-eng.pdf,shipkg:condition:0abf74811b34,LEADS_TO,shipkg:symptom:986db6816df4,edge:6341298216cbf48c,ev:9b96e30fbe8114af,4.3
扫气空气冷却器水流量过低,工况与状态,,可能促成,冷却器水侧局部沸腾,工况与状态,,因果类,厂家一般机理/指导（须核对机型）,knowledge:cooling_cavitation,MAN_main_engine_auxiliary_efficiency.pdf,物理第11页；PDF page 11,https://www.man-es.com/docs/default-source/document-sync/efficiency-improvements-main-engine-auxiliary-systems-eng.pdf,shipkg:condition:0abf74811b34,MAY_CONTRIBUTE_TO,shipkg:condition:654fd1d6ce35,edge:5680fead0eff2e39,ev:2d4645410e75d447,4.3
换热能力降低,工况与状态,,可能促成,被冷却部件热过载,故障,故障层级：具体故障或事件,因果类,厂家一般机理/指导（须核对机型）,knowledge:coolant_blockage,MAN_SL2016_623_cooling_water.pdf,物理第2页；PDF page 2,https://www.man-es.com/docs/default-source/service-letters/sl2016-623.pdf,shipkg:condition:88ba505ebf5b,MAY_CONTRIBUTE_TO,shipkg:fault:41a15c8ffad7,edge:d3404c467b3d4cba,ev:0aa614f9faf8b6fd,4.3
排气护罩存在高温表面,工况与状态,,归属系统,燃油与进排气系统,系统,系统层级：功能系统,非因果（归属、分类、检查或建议等）,研究者分类（非因果结论）,,MAIB_2016_Safety_Digest_generator_oil_fire.pdf,物理第28页；PDF page 28,https://assets.publishing.service.gov.uk/media/5e81e5d2d3bf7f13416961fa/2016-SD1-MAIBSafetyDigest.pdf,shipkg:condition:52a5771f68ca,BELONGS_TO_SYSTEM,shipkg:subsystem:52e7560c8465,edge:18c17913d9b3fc9a,ev:59a2040fb754c1d5,4.3
排气歧管裸露高温,工况与状态,,归属系统,燃油与进排气系统,系统,系统层级：功能系统,非因果（归属、分类、检查或建议等）,研究者分类（非因果结论）,,MAIB_2024_20_Stena_Europe_fuel_spray_fire.pdf,物理第27页；PDF page 27,https://assets.publishing.service.gov.uk/media/6756db0ba63e1781efb87793/2024-20-StenaEurope.pdf,shipkg:condition:4277de3a84c9,BELONGS_TO_SYSTEM,shipkg:subsystem:52e7560c8465,edge:0a57256c18eb2079,ev:412268fc761e9960,4.3
排气隔热与屏蔽缺失损坏,工况与状态,,归属系统,燃油与进排气系统,系统,系统层级：功能系统,非因果（归属、分类、检查或建议等）,研究者分类（非因果结论）,,MAIB_2024_20_Stena_Europe_fuel_spray_fire.pdf,物理第29页；PDF page 29,https://assets.publishing.service.gov.uk/media/6756db0ba63e1781efb87793/2024-20-StenaEurope.pdf,shipkg:condition:fc22b54510b9,BELONGS_TO_SYSTEM,shipkg:subsystem:52e7560c8465,edge:0aadae7556f90b65,ev:446e44bf86c01e9d,4.3
排气隔热与屏蔽缺失损坏,工况与状态,,促成,排气歧管裸露高温,工况与状态,,因果类,报告明确记载,事故案例：燃油法兰松动与主机火灾,MAIB_2024_20_Stena_Europe_fuel_spray_fire.pdf,物理第29页；PDF page 29,https://assets.publishing.service.gov.uk/media/6756db0ba63e1781efb87793/2024-20-StenaEurope.pdf,shipkg:condition:fc22b54510b9,CONTRIBUTED_TO,shipkg:condition:4277de3a84c9,edge:2dfbdbf1c8a3c98e,ev:446e44bf86c01e9d,4.3
故障电流切除超出热损伤时间范围,工况与状态,,导致,发电机绝缘热劣化,故障,故障层级：具体故障或事件,因果类,厂家一般机理/指导（须核对机型）,knowledge:winding_insulation,STAMFORD_AGN035_fault_protection.pdf,物理第2页；PDF page 2,https://www.stamford-avk.com/sites/stamfordavk/files/AGNs/AGN-035_B-Overload-and-Fault-Protection.pdf,shipkg:condition:5cabdd7ce44c,LEADS_TO,shipkg:fault:8b8846e83caf,edge:c86ee238c72b533c,ev:454c2c34e07b2395,4.3
未响应轴承磨损报警与减速请求,工况与状态,,归属系统,润滑与轴承系统,系统,系统层级：功能系统,非因果（归属、分类、检查或建议等）,研究者分类（非因果结论）,,MAN_SL2013_569_bearing_wear_monitoring.pdf,物理第2页；PDF page 2,https://www.man-es.com/docs/default-source/service-letters/sl2013-569.pdf,shipkg:condition:ef7365f4e337,BELONGS_TO_SYSTEM,shipkg:subsystem:d08eaf16cc46,edge:01628787f3c5bf2e,ev:b4983f0aef368bd8,4.3
未响应轴承磨损报警与减速请求,工况与状态,,归属系统,电力与控制系统,系统,系统层级：功能系统,非因果（归属、分类、检查或建议等）,研究者分类（非因果结论）,,MAN_SL2013_569_bearing_wear_monitoring.pdf,物理第2页；PDF page 2,https://www.man-es.com/docs/default-source/service-letters/sl2013-569.pdf,shipkg:condition:ef7365f4e337,BELONGS_TO_SYSTEM,shipkg:subsystem:4539c38d0a84,edge:4a6f7448dfad251f,ev:b4983f0aef368bd8,4.3
未响应轴承磨损报警与减速请求,工况与状态,,加重后果,主轴承咬死,故障,故障层级：具体故障或事件,因果类,厂家一般机理/指导（须核对机型）,knowledge:bearing_seizure,MAN_SL2013_569_bearing_wear_monitoring.pdf,物理第2页；PDF page 2,https://www.man-es.com/docs/default-source/service-letters/sl2013-569.pdf,shipkg:condition:ef7365f4e337,WORSENS,shipkg:fault:ce4fe75e21d8,edge:7313eba4e604d89f,ev:a6b5f4147115c639,4.3
未完成厂商四螺钉法兰改造,工况与状态,,增加风险,压力燃油泄漏,故障,故障层级：具体故障或事件,因果类,报告明确记载,事故案例：燃油法兰松动与主机火灾,MAIB_2024_20_Stena_Europe_fuel_spray_fire.pdf,物理第29页；PDF page 29,https://assets.publishing.service.gov.uk/media/6756db0ba63e1781efb87793/2024-20-StenaEurope.pdf,shipkg:condition:ef4f2a093081,INCREASES_RISK_OF,shipkg:fault:3349e319bedc,edge:74e694c52d1695ff,ev:fc52e39e8b1fe63a,4.3
未核对阀位即拆进口法兰,工况与状态,,导致,海水经泵进口管大量流入,故障,故障层级：具体故障或事件,因果类,报告明确记载,事故案例：压载泵检修隔离失效与机舱进水,MAIB_2016_Safety_Digest_generator_oil_fire.pdf,物理第40页；PDF page 40,https://assets.publishing.service.gov.uk/media/5e81e5d2d3bf7f13416961fa/2016-SD1-MAIBSafetyDigest.pdf,shipkg:condition:b290b6459200,LEADS_TO,shipkg:fault:86ef7d39fd57,edge:4e06235d11a65dd4,ev:9bfb29365e610d09,4.3
未核验大修零件真伪,工况与状态,,促成,装入非原厂轴承,工况与状态,,因果类,报告明确记载,事故案例：DG1发电机故障与失电,MAIB_2026_10_Kommandor_Susan_generator_bearing_failure.pdf,物理第8页；PDF page 8,https://www.gov.uk/maib-reports/catastrophic-engine-failure-and-subsequent-fire-on-board-the-site-investigation-vessel-kommandor-susan,shipkg:condition:9e280aeb615b,CONTRIBUTED_TO,shipkg:condition:6fa538170906,edge:80d60dbbffd49fa6,ev:1a0b3fbe432ab46d,4.3
机舱水密门敞开,工况与状态,,归属系统,冷却与海水系统,系统,系统层级：功能系统,非因果（归属、分类、检查或建议等）,研究者分类（非因果结论）,,MAIB_2016_Safety_Digest_generator_oil_fire.pdf,物理第40页；PDF page 40,https://assets.publishing.service.gov.uk/media/5e81e5d2d3bf7f13416961fa/2016-SD1-MAIBSafetyDigest.pdf,shipkg:condition:f4f364d25a5d,BELONGS_TO_SYSTEM,shipkg:subsystem:512427f592b7,edge:2144f26201ce087f,ev:fb6cf34a58c7fe85,4.3
机舱水密门敞开,工况与状态,,加重后果,进水蔓延至住舱,后果,,因果类,报告明确记载,事故案例：压载泵检修隔离失效与机舱进水,MAIB_2016_Safety_Digest_generator_oil_fire.pdf,物理第40页；PDF page 40,https://assets.publishing.service.gov.uk/media/5e81e5d2d3bf7f13416961fa/2016-SD1-MAIBSafetyDigest.pdf,shipkg:condition:f4f364d25a5d,WORSENS,shipkg:consequence:196ff2650762,edge:e6b69b6f97a3c827,ev:fb6cf34a58c7fe85,4.3
正常状态（燃烧室仿真参考）,工况与状态,语义类别：正常参照状态；数据性质：热力仿真,来源于,Thermodynamic simulation-assisted random forest,资料来源,来源层级：资料级,非因果（归属、分类、检查或建议等）,仿真状态,,TSRF_main.zip,data/Normal.csv,https://github.com/TS-RF/TSRF,shipkg:fault:f343dfd71879,DOCUMENTED_BY,shipkg:source:29f30f85af55,edge:1933ff91eaa2eec3,ev:0bf144357db6ee2f,4.3
气缸燃烧压力产生脉动转矩,工况与状态,,可能促成,轴系扭转共振风险,故障,故障层级：具体故障或事件,因果类,厂家一般机理/指导（须核对机型）,knowledge:shaft_torsional,STAMFORD_AGN235_torsional_analysis.pdf,物理第1页；PDF page 1,https://www.stamford-avk.com/sites/stamfordavk/files/AGNs/AGN-235_A-Generating-Set-Assembly-Torsional-Vibration-Analysis.pdf,shipkg:condition:43c6b88e1884,MAY_CONTRIBUTE_TO,shipkg:fault:f6eb639558ed,edge:097b47acb7e2d378,ev:1e17c52e491ed79c,4.3
油污抹布遗留在歧管上方,工况与状态,,归属系统,润滑与轴承系统,系统,系统层级：功能系统,非因果（归属、分类、检查或建议等）,研究者分类（非因果结论）,,MAIB_2013_Safety_Digest_lubrication_bearing_cases.pdf,物理第41页；PDF page 41,https://assets.publishing.service.gov.uk/government/uploads/system/uploads/attachment_data/file/876748/2013-SD2-MAIBSafetyDigest.pdf,shipkg:condition:d96dbed6a05c,BELONGS_TO_SYSTEM,shipkg:subsystem:d08eaf16cc46,edge:0c920d1c9017b191,ev:c6b798ec4934dc08,4.3
油污抹布遗留在歧管上方,工况与状态,,导致,油抹布接触高温排气歧管,故障,故障层级：具体故障或事件,因果类,报告明确记载,事故案例：油抹布落至排气歧管起火,MAIB_2013_Safety_Digest_lubrication_bearing_cases.pdf,物理第41页；PDF page 41,https://assets.publishing.service.gov.uk/government/uploads/system/uploads/attachment_data/file/876748/2013-SD2-MAIBSafetyDigest.pdf,shipkg:condition:d96dbed6a05c,LEADS_TO,shipkg:fault:b7f3d0b1bf24,edge:9702c3e4689bae04,ev:c6b798ec4934dc08,4.3
活塞顶部冷却水量不足,工况与状态,来源可靠性层级：二次语料；专家核验状态：待核验；知识层级：二次中文语料知识；适用范围：MAN K9SZ52/105B/BL活塞水冷机型，不能推广到油冷活塞,语料记载·增加风险,活塞顶部过热,故障,来源可靠性层级：二次语料；专家核验状态：待核验；故障层级：事件/状态；知识层级：二次中文语料知识；适用范围：MAN K9SZ52/105B/BL活塞水冷机型，不能推广到油冷活塞,因果类,中文二次语料记载（原文核对，待专家确认）,corpus:12ef93cebbe6,marine_diesel_RAG_corpus_All_data.zip,val/船机帮MANKSZ型柴油机活塞冷却系统故障分析.md:normalized_chars=1772:1822,https://zenodo.org/records/20258638,shipkg:condition:e80f40bef095,INCREASES_RISK_OF,shipkg:fault:a225362590b3,edge:24d3b7ebcaecd2e2,ev:42eae0adf1cf8624,4.3
海水管多年未检查更新,工况与状态,,相关联,主机海水冷却管疑似失效,故障,故障层级：具体故障或事件,非因果（归属、分类、检查或建议等）,报告明确记载,事故案例：海水冷却管疑似失效与沉没,MAIB_2016_Safety_Digest_generator_oil_fire.pdf,物理第60页；PDF page 60,https://assets.publishing.service.gov.uk/media/5e81e5d2d3bf7f13416961fa/2016-SD1-MAIBSafetyDigest.pdf,shipkg:condition:5d3ac9abb37a,ASSOCIATED_WITH,shipkg:fault:72c71c94ca13,edge:9330596fd95bc73d,ev:383cc33975e2e37e,4.3
海水管多年未检查更新,工况与状态,,归属系统,冷却与海水系统,系统,系统层级：功能系统,非因果（归属、分类、检查或建议等）,研究者分类（非因果结论）,,MAIB_2016_Safety_Digest_generator_oil_fire.pdf,物理第60页；PDF page 60,https://assets.publishing.service.gov.uk/media/5e81e5d2d3bf7f13416961fa/2016-SD1-MAIBSafetyDigest.pdf,shipkg:condition:5d3ac9abb37a,BELONGS_TO_SYSTEM,shipkg:subsystem:512427f592b7,edge:26a82edea7c6179d,ev:383cc33975e2e37e,4.3
润滑油系统污染,工况与状态,,归属系统,润滑与轴承系统,系统,系统层级：功能系统,非因果（归属、分类、检查或建议等）,研究者分类（非因果结论）,,MAIB_2013_Safety_Digest_lubrication_bearing_cases.pdf,物理第21页；PDF page 21,https://assets.publishing.service.gov.uk/government/uploads/system/uploads/attachment_data/file/876748/2013-SD2-MAIBSafetyDigest.pdf,shipkg:condition:32eb7154ffd7,BELONGS_TO_SYSTEM,shipkg:subsystem:d08eaf16cc46,edge:8ea4d5eb1191201e,ev:09940c64e5709cec,4.3
润滑油系统污染,工况与状态,,导致,主轴承咬死,故障,故障层级：具体故障或事件,因果类,报告明确记载,事故案例：滑油滤芯漏装与主机抱轴,MAIB_2013_Safety_Digest_lubrication_bearing_cases.pdf,物理第21页；PDF page 21,https://assets.publishing.service.gov.uk/government/uploads/system/uploads/attachment_data/file/876748/2013-SD2-MAIBSafetyDigest.pdf,shipkg:condition:32eb7154ffd7,LEADS_TO,shipkg:fault:ce4fe75e21d8,edge:df874a6b2f2339be,ev:f82c24711a999936,4.3
润滑油系统污染,工况与状态,,导致,主轴承瓦片转位,故障,故障层级：具体故障或事件,因果类,报告明确记载,事故案例：滑油滤芯漏装与主机抱轴,MAIB_2013_Safety_Digest_lubrication_bearing_cases.pdf,物理第21页；PDF page 21,https://assets.publishing.service.gov.uk/government/uploads/system/uploads/attachment_data/file/876748/2013-SD2-MAIBSafetyDigest.pdf,shipkg:condition:32eb7154ffd7,LEADS_TO,shipkg:fault:aba0717d72a0,edge:144ae16382b9c7ad,ev:09940c64e5709cec,4.3
液压油取样未检出背压阀磨损,工况与状态,,归属系统,润滑与轴承系统,系统,系统层级：功能系统,非因果（归属、分类、检查或建议等）,研究者分类（非因果结论）,,MAIB_2015_22_Pride_of_Canterbury_CPP_hydraulic_fire.pdf,物理第30页；PDF page 30,https://assets.digital.cabinet-office.gov.uk/media/563092daed915d566d000002/MAIBInvReport-22_2015.pdf,shipkg:condition:4dcab8c954bb,BELONGS_TO_SYSTEM,shipkg:subsystem:d08eaf16cc46,edge:6dc95451ac61158a,ev:7058770c39736963,4.3
液压油取样未检出背压阀磨损,工况与状态,,妨碍发现,可调螺距桨背压阀磨损卡滞,故障,故障层级：具体故障或事件,非因果（归属、分类、检查或建议等）,报告明确记载,事故案例：液压背压阀卡滞与火灾,MAIB_2015_22_Pride_of_Canterbury_CPP_hydraulic_fire.pdf,物理第30页；PDF page 30,https://assets.digital.cabinet-office.gov.uk/media/563092daed915d566d000002/MAIBInvReport-22_2015.pdf,shipkg:condition:4dcab8c954bb,LIMITS_DETECTION_OF,shipkg:fault:1e5a23a200ad,edge:eb00e74b105c9e6b,ev:7058770c39736963,4.3
滑油系统油泥沉积,工况与状态,来源可靠性层级：二次语料；专家核验状态：待核验；知识层级：二次中文语料知识；适用范围：二次转载文章，船舶/原始报告身份未核实；不计入正式事故案例,语料记载·导致,滑油滤清器与油道堵塞,故障,来源可靠性层级：二次语料；专家核验状态：待核验；故障层级：事件/状态；知识层级：二次中文语料知识；适用范围：二次转载文章，船舶/原始报告身份未核实；不计入正式事故案例,因果类,中文二次语料记载（原文核对，待专家确认）,corpus:a4dd6412481f,marine_diesel_RAG_corpus_All_data.zip,train/油品课堂第六讲某船使用假冒润滑油导致主机烧瓦事故案例.md:normalized_chars=801:855,https://zenodo.org/records/20258638,shipkg:condition:08a6b875af93,CAUSES,shipkg:fault:85aa68cd2748,edge:ad07c1bdb90a4048,ev:52b30ba4186f4924,4.3
火烟尚未到达远处报警探头,工况与状态,,归属系统,电力与控制系统,系统,系统层级：功能系统,非因果（归属、分类、检查或建议等）,研究者分类（非因果结论）,,MAIB_2013_Safety_Digest_lubrication_bearing_cases.pdf,物理第41页；PDF page 41,https://assets.publishing.service.gov.uk/government/uploads/system/uploads/attachment_data/file/876748/2013-SD2-MAIBSafetyDigest.pdf,shipkg:condition:94ebbaf1c3c4,BELONGS_TO_SYSTEM,shipkg:subsystem:4539c38d0a84,edge:9bd255a661fb3216,ev:db9d3c4ba46b3f43,4.3
火烟尚未到达远处报警探头,工况与状态,,妨碍发现,机舱火灾,后果,,非因果（归属、分类、检查或建议等）,报告明确记载,事故案例：油抹布落至排气歧管起火,MAIB_2013_Safety_Digest_lubrication_bearing_cases.pdf,物理第41页；PDF page 41,https://assets.publishing.service.gov.uk/government/uploads/system/uploads/attachment_data/file/876748/2013-SD2-MAIBSafetyDigest.pdf,shipkg:condition:94ebbaf1c3c4,LIMITS_DETECTION_OF,shipkg:consequence:775549e4c085,edge:bd71a40255f6239a,ev:db9d3c4ba46b3f43,4.3
点式红外测温未发现热点,工况与状态,,妨碍发现,排气歧管裸露高温,工况与状态,,非因果（归属、分类、检查或建议等）,报告明确记载,事故案例：燃油法兰松动与主机火灾,MAIB_2024_20_Stena_Europe_fuel_spray_fire.pdf,物理第27页；PDF page 27,https://assets.publishing.service.gov.uk/media/6756db0ba63e1781efb87793/2024-20-StenaEurope.pdf,shipkg:condition:96f46a0b1ef9,LIMITS_DETECTION_OF,shipkg:condition:4277de3a84c9,edge:1c38937cd6ac3b2a,ev:412268fc761e9960,4.3
燃油接头喷溅保护缺失,工况与状态,,归属系统,燃油与进排气系统,系统,系统层级：功能系统,非因果（归属、分类、检查或建议等）,研究者分类（非因果结论）,,MAIB_2024_20_Stena_Europe_fuel_spray_fire.pdf,物理第29页；PDF page 29,https://assets.publishing.service.gov.uk/media/6756db0ba63e1781efb87793/2024-20-StenaEurope.pdf,shipkg:condition:8012db626950,BELONGS_TO_SYSTEM,shipkg:subsystem:52e7560c8465,edge:f0265b7c7608e004,ev:3b167c1e7ff25a89,4.3
燃油接头喷溅保护缺失,工况与状态,,归属系统,电力与控制系统,系统,系统层级：功能系统,非因果（归属、分类、检查或建议等）,研究者分类（非因果结论）,,MAIB_2024_20_Stena_Europe_fuel_spray_fire.pdf,物理第29页；PDF page 29,https://assets.publishing.service.gov.uk/media/6756db0ba63e1781efb87793/2024-20-StenaEurope.pdf,shipkg:condition:8012db626950,BELONGS_TO_SYSTEM,shipkg:subsystem:4539c38d0a84,edge:f5466def9fbd982a,ev:3b167c1e7ff25a89,4.3
燃油接头喷溅保护缺失,工况与状态,,增加风险,燃油喷向裸露高温排气歧管,故障,故障层级：具体故障或事件,因果类,报告明确记载,事故案例：燃油法兰松动与主机火灾,MAIB_2024_20_Stena_Europe_fuel_spray_fire.pdf,物理第29页；PDF page 29,https://assets.publishing.service.gov.uk/media/6756db0ba63e1781efb87793/2024-20-StenaEurope.pdf,shipkg:condition:8012db626950,INCREASES_RISK_OF,shipkg:fault:256ba55c5fb2,edge:d48112dab1dcd5a0,ev:3b167c1e7ff25a89,4.3
电容经历超额电压或频繁开关瞬态,工况与状态,,归属系统,电力与控制系统,系统,系统层级：功能系统,非因果（归属、分类、检查或建议等）,研究者分类（非因果结论）,,MAIB_2011_28_Queen_Mary_2_harmonic_filter_failure.pdf,物理第62页；PDF page 62,https://assets.digital.cabinet-office.gov.uk/media/547c6fa6ed915d4c10000031/QM2Report.pdf,shipkg:condition:f61e4eef7cce,BELONGS_TO_SYSTEM,shipkg:subsystem:4539c38d0a84,edge:03266002fdfa26fc,ev:1caa6757e63a8feb,4.3
电容经历超额电压或频繁开关瞬态,工况与状态,,可能促成,谐波滤波电容退化,故障,故障层级：具体故障或事件；语义类别：性能退化,因果类,很可能,事故案例：谐波滤波电容失效与全船失电,MAIB_2011_28_Queen_Mary_2_harmonic_filter_failure.pdf,物理第62页；PDF page 62,https://assets.digital.cabinet-office.gov.uk/media/547c6fa6ed915d4c10000031/QM2Report.pdf,shipkg:condition:f61e4eef7cce,MAY_CONTRIBUTE_TO,shipkg:fault:5737f3610967,edge:a41f05aa92594419,ev:1caa6757e63a8feb,4.3
电机磁场不对称产生轴电压,工况与状态,,归属系统,电力与控制系统,系统,系统层级：功能系统,非因果（归属、分类、检查或建议等）,研究者分类（非因果结论）,,STAMFORD_AGN033_bearing_currents.pdf,物理第1页；PDF page 1,https://www.stamford-avk.com/sites/stamfordavk/files/AGNs/AGN-033_C-Shaft-Bearing-Currents.pdf,shipkg:condition:e3641dbad50c,BELONGS_TO_SYSTEM,shipkg:subsystem:4539c38d0a84,edge:70f0a8dbb685c8f3,ev:9eb024fc4137b406,4.3
电机磁场不对称产生轴电压,工况与状态,,可能促成,轴电流通过滚动轴承,工况与状态,,因果类,厂家一般机理/指导（须核对机型）,knowledge:bearing_electrical_erosion,STAMFORD_AGN033_bearing_currents.pdf,物理第1页；PDF page 1,https://www.stamford-avk.com/sites/stamfordavk/files/AGNs/AGN-033_C-Shaft-Bearing-Currents.pdf,shipkg:condition:e3641dbad50c,MAY_CONTRIBUTE_TO,shipkg:condition:3516d66bca42,edge:3fa6da5f705760f5,ev:9eb024fc4137b406,4.3
盘车指示灯照明不足,工况与状态,,归属系统,传动与推进系统,系统,系统层级：功能系统,非因果（归属、分类、检查或建议等）,研究者分类（非因果结论）,,MAIB_2013_Safety_Digest_lubrication_bearing_cases.pdf,物理第16页；PDF page 16,https://assets.publishing.service.gov.uk/government/uploads/system/uploads/attachment_data/file/876748/2013-SD2-MAIBSafetyDigest.pdf,shipkg:condition:bdbca1b8295e,BELONGS_TO_SYSTEM,shipkg:subsystem:5e357a568055,edge:eb3433ff68f18d3e,ev:6522054ba5597880,4.3
盘车指示灯照明不足,工况与状态,,归属系统,电力与控制系统,系统,系统层级：功能系统,非因果（归属、分类、检查或建议等）,研究者分类（非因果结论）,,MAIB_2013_Safety_Digest_lubrication_bearing_cases.pdf,物理第16页；PDF page 16,https://assets.publishing.service.gov.uk/government/uploads/system/uploads/attachment_data/file/876748/2013-SD2-MAIBSafetyDigest.pdf,shipkg:condition:bdbca1b8295e,BELONGS_TO_SYSTEM,shipkg:subsystem:4539c38d0a84,edge:c5362d7e619c1835,ev:6522054ba5597880,4.3
盘车指示灯照明不足,工况与状态,,妨碍发现,盘车机构未脱开启动,故障,故障层级：具体故障或事件,非因果（归属、分类、检查或建议等）,报告明确记载,事故案例：盘车联锁失效与启动损坏,MAIB_2013_Safety_Digest_lubrication_bearing_cases.pdf,物理第16页；PDF page 16,https://assets.publishing.service.gov.uk/government/uploads/system/uploads/attachment_data/file/876748/2013-SD2-MAIBSafetyDigest.pdf,shipkg:condition:bdbca1b8295e,LIMITS_DETECTION_OF,shipkg:fault:439f73a406a0,edge:6ec0a6e6cf79dfff,ev:6522054ba5597880,4.3
盘车状态未标识与操作说明被涂覆,工况与状态,,归属系统,传动与推进系统,系统,系统层级：功能系统,非因果（归属、分类、检查或建议等）,研究者分类（非因果结论）,,MAIB_2013_Safety_Digest_lubrication_bearing_cases.pdf,物理第16页；PDF page 16,https://assets.publishing.service.gov.uk/government/uploads/system/uploads/attachment_data/file/876748/2013-SD2-MAIBSafetyDigest.pdf,shipkg:condition:7da9174934f9,BELONGS_TO_SYSTEM,shipkg:subsystem:5e357a568055,edge:83986fa88f6f4149,ev:85dce6df90ffbd20,4.3
盘车状态未标识与操作说明被涂覆,工况与状态,,促成,盘车机构未脱开启动,故障,故障层级：具体故障或事件,因果类,报告明确记载,事故案例：盘车联锁失效与启动损坏,MAIB_2013_Safety_Digest_lubrication_bearing_cases.pdf,物理第16页；PDF page 16,https://assets.publishing.service.gov.uk/government/uploads/system/uploads/attachment_data/file/876748/2013-SD2-MAIBSafetyDigest.pdf,shipkg:condition:7da9174934f9,CONTRIBUTED_TO,shipkg:fault:439f73a406a0,edge:fd3a7af3d7b6d40d,ev:85dce6df90ffbd20,4.3
盘车联锁未纳入计划维护,工况与状态,,归属系统,传动与推进系统,系统,系统层级：功能系统,非因果（归属、分类、检查或建议等）,研究者分类（非因果结论）,,MAIB_2013_Safety_Digest_lubrication_bearing_cases.pdf,物理第18页；PDF page 18,https://assets.publishing.service.gov.uk/government/uploads/system/uploads/attachment_data/file/876748/2013-SD2-MAIBSafetyDigest.pdf,shipkg:condition:7d61f4e32250,BELONGS_TO_SYSTEM,shipkg:subsystem:5e357a568055,edge:2a48247f5c7f3ed7,ev:4ed3569c8bb32f4f,4.3
盘车联锁未纳入计划维护,工况与状态,,归属系统,电力与控制系统,系统,系统层级：功能系统,非因果（归属、分类、检查或建议等）,研究者分类（非因果结论）,,MAIB_2013_Safety_Digest_lubrication_bearing_cases.pdf,物理第18页；PDF page 18,https://assets.publishing.service.gov.uk/government/uploads/system/uploads/attachment_data/file/876748/2013-SD2-MAIBSafetyDigest.pdf,shipkg:condition:7d61f4e32250,BELONGS_TO_SYSTEM,shipkg:subsystem:4539c38d0a84,edge:60d61441d169eb9c,ev:4ed3569c8bb32f4f,4.3
盘车联锁未纳入计划维护,工况与状态,,妨碍发现,盘车安全联锁失效,故障,故障层级：具体故障或事件,非因果（归属、分类、检查或建议等）,报告明确记载,事故案例：盘车联锁失效与启动损坏,MAIB_2013_Safety_Digest_lubrication_bearing_cases.pdf,物理第18页；PDF page 18,https://assets.publishing.service.gov.uk/government/uploads/system/uploads/attachment_data/file/876748/2013-SD2-MAIBSafetyDigest.pdf,shipkg:condition:7d61f4e32250,LIMITS_DETECTION_OF,shipkg:fault:8027eb707475,edge:e6a307f3b94eadaf,ev:4ed3569c8bb32f4f,4.3
绕组表面潮湿或污染,工况与状态,,导致,发电机绕组绝缘电阻降低,故障,故障层级：具体故障或事件,因果类,厂家一般机理/指导（须核对机型）,knowledge:winding_insulation,STAMFORD_AGN040_winding_insulation.pdf,物理第6页；PDF page 6,https://www.stamford-avk.com/sites/stamfordavk/files/AGNs/AGN-040_E-Winding-Insulation-System.pdf,shipkg:condition:06d3b90c2d7b,LEADS_TO,shipkg:fault:f09e1be695a7,edge:303af91904a19f18,ev:31bd0a2dcc933aac,4.3
缸套油膜难以维持,工况与状态,,归属系统,润滑与轴承系统,系统,系统层级：功能系统,非因果（归属、分类、检查或建议等）,研究者分类（非因果结论）,,MAN_SL2016_633_piston_rings_scuffing.pdf,物理第2页；PDF page 2,https://www.man-es.com/docs/default-source/service-letters/sl2016-633.pdf,shipkg:condition:9b800c18cd13,BELONGS_TO_SYSTEM,shipkg:subsystem:d08eaf16cc46,edge:bef96630721ca59d,ev:5fd90f16f36a665e,4.3
缸套油膜难以维持,工况与状态,,可能促成,缸套黏着拉伤,故障,故障层级：具体故障或事件,因果类,厂家一般机理/指导（须核对机型）,knowledge:liner_scuffing,MAN_SL2016_633_piston_rings_scuffing.pdf,物理第2页；PDF page 2,https://www.man-es.com/docs/default-source/service-letters/sl2016-633.pdf,shipkg:condition:9b800c18cd13,MAY_CONTRIBUTE_TO,shipkg:fault:2c6822dc16f4,edge:4fc2671e35298eb4,ev:5fd90f16f36a665e,4.3
缸套表面抛光或涂抹,工况与状态,,归属系统,润滑与轴承系统,系统,系统层级：功能系统,非因果（归属、分类、检查或建议等）,研究者分类（非因果结论）,,MAN_SL2016_633_piston_rings_scuffing.pdf,物理第2页；PDF page 2,https://www.man-es.com/docs/default-source/service-letters/sl2016-633.pdf,shipkg:condition:ee040110dad4,BELONGS_TO_SYSTEM,shipkg:subsystem:d08eaf16cc46,edge:5be73a415d9c850b,ev:ec47f7f58361e500,4.3
缸套表面抛光或涂抹,工况与状态,,促成,缸套油膜难以维持,工况与状态,,因果类,厂家一般机理/指导（须核对机型）,knowledge:liner_scuffing,MAN_SL2016_633_piston_rings_scuffing.pdf,物理第2页；PDF page 2,https://www.man-es.com/docs/default-source/service-letters/sl2016-633.pdf,shipkg:condition:ee040110dad4,CONTRIBUTED_TO,shipkg:condition:9b800c18cd13,edge:b9d9e0cbe35e93fc,ev:ec47f7f58361e500,4.3
缺少失电断路器历史记录,工况与状态,,归属系统,电力与控制系统,系统,系统层级：功能系统,非因果（归属、分类、检查或建议等）,研究者分类（非因果结论）,,MAIB_2011_28_Queen_Mary_2_harmonic_filter_failure.pdf,物理第13页；PDF page 13,https://assets.digital.cabinet-office.gov.uk/media/547c6fa6ed915d4c10000031/QM2Report.pdf,shipkg:condition:4a944c6dd633,BELONGS_TO_SYSTEM,shipkg:subsystem:4539c38d0a84,edge:95af5c1f611aa45d,ev:d82fabc2bbd1fcf1,4.3
缺少失电断路器历史记录,工况与状态,,妨碍发现,船舶高压电网不稳定,工况与状态,,非因果（归属、分类、检查或建议等）,报告明确记载,事故案例：谐波滤波电容失效与全船失电,MAIB_2011_28_Queen_Mary_2_harmonic_filter_failure.pdf,物理第13页；PDF page 13,https://assets.digital.cabinet-office.gov.uk/media/547c6fa6ed915d4c10000031/QM2Report.pdf,shipkg:condition:4a944c6dd633,LIMITS_DETECTION_OF,shipkg:condition:2d0261049d78,edge:7fcc0c54724f2e91,ev:d82fabc2bbd1fcf1,4.3
缺少磨粒预警装置,工况与状态,,归属系统,润滑与轴承系统,系统,系统层级：功能系统,非因果（归属、分类、检查或建议等）,研究者分类（非因果结论）,,MAIB_2018_14_Wight_Sky_engine_bearing_fire.pdf,物理第14页；PDF page 14,https://assets.publishing.service.gov.uk/media/5b5217c7ed915d0b81e003df/MAIBInvReport14_2018.pdf,shipkg:condition:19ae439543bd,BELONGS_TO_SYSTEM,shipkg:subsystem:d08eaf16cc46,edge:8313dd7847e227cb,ev:9094aa614ec060db,4.3
缺少磨粒预警装置,工况与状态,,妨碍发现,轴承快速磨损,故障,故障层级：具体故障或事件,非因果（归属、分类、检查或建议等）,报告明确记载,事故案例：主机重装后轴承失效与火灾,MAIB_2018_14_Wight_Sky_engine_bearing_fire.pdf,物理第14页；PDF page 14,https://assets.publishing.service.gov.uk/media/5b5217c7ed915d0b81e003df/MAIBInvReport14_2018.pdf,shipkg:condition:19ae439543bd,LIMITS_DETECTION_OF,shipkg:fault:5f59e6b3ca42,edge:46fbc1fad6f5bc77,ev:9094aa614ec060db,4.3
联轴器瞬态转矩冲击,工况与状态,,归属系统,传动与推进系统,系统,系统层级：功能系统,非因果（归属、分类、检查或建议等）,研究者分类（非因果结论）,,STAMFORD_AGN035_fault_protection.pdf,物理第5页；PDF page 5,https://www.stamford-avk.com/sites/stamfordavk/files/AGNs/AGN-035_B-Overload-and-Fault-Protection.pdf,shipkg:condition:1500802ee98b,BELONGS_TO_SYSTEM,shipkg:subsystem:5e357a568055,edge:a6a8bc71c5323918,ev:5cf0da035bedd926,4.3
船舶仅剩应急电源,工况与状态,,归属系统,电力与控制系统,系统,系统层级：功能系统,非因果（归属、分类、检查或建议等）,研究者分类（非因果结论）,,MAIB_2016_Safety_Digest_generator_oil_fire.pdf,物理第40页；PDF page 40,https://assets.publishing.service.gov.uk/media/5e81e5d2d3bf7f13416961fa/2016-SD1-MAIBSafetyDigest.pdf,shipkg:condition:553e318feb99,BELONGS_TO_SYSTEM,shipkg:subsystem:4539c38d0a84,edge:1f6fa15739f31ff6,ev:951a6820ce2d0fc6,4.3
船舶仅剩应急电源,工况与状态,,导致,应急供电无法启动便携泵,故障,故障层级：具体故障或事件,因果类,报告明确记载,事故案例：压载泵检修隔离失效与机舱进水,MAIB_2016_Safety_Digest_generator_oil_fire.pdf,物理第40页；PDF page 40,https://assets.publishing.service.gov.uk/media/5e81e5d2d3bf7f13416961fa/2016-SD1-MAIBSafetyDigest.pdf,shipkg:condition:553e318feb99,LEADS_TO,shipkg:fault:15fa82225a89,edge:9d377d8fdbd014f0,ev:951a6820ce2d0fc6,4.3
船舶高压电网不稳定,工况与状态,,归属系统,电力与控制系统,系统,系统层级：功能系统,非因果（归属、分类、检查或建议等）,研究者分类（非因果结论）,,MAIB_2011_28_Queen_Mary_2_harmonic_filter_failure.pdf,物理第13页；PDF page 13,https://assets.digital.cabinet-office.gov.uk/media/547c6fa6ed915d4c10000031/QM2Report.pdf,shipkg:condition:2d0261049d78,BELONGS_TO_SYSTEM,shipkg:subsystem:4539c38d0a84,edge:89e7f11ac7cd278b,ev:2bd29efb1b18cf94,4.3
船舶高压电网不稳定,工况与状态,,很可能导致,全船失电,后果,,因果类,很可能,事故案例：谐波滤波电容失效与全船失电,MAIB_2011_28_Queen_Mary_2_harmonic_filter_failure.pdf,物理第13页；PDF page 13,https://assets.digital.cabinet-office.gov.uk/media/547c6fa6ed915d4c10000031/QM2Report.pdf,shipkg:condition:2d0261049d78,LEADS_TO,shipkg:consequence:4016217446bf,edge:ba02cd70d4d29ab2,ev:488cfef2b71e970c,4.3
船长不熟悉可调螺距桨备用按钮,工况与状态,,削弱措施效果,使用备用螺距控制,运维措施,,非因果（归属、分类、检查或建议等）,报告明确记载,事故案例：可调螺距桨倒车响应迟缓与码头碰撞,MAIB_2016_Safety_Digest_generator_oil_fire.pdf,物理第29页；PDF page 29,https://assets.publishing.service.gov.uk/media/5e81e5d2d3bf7f13416961fa/2016-SD1-MAIBSafetyDigest.pdf,shipkg:condition:a40db02fd2fa,REDUCES_EFFECTIVENESS_OF,shipkg:action:6e0e5173ee8f,edge:1baaf26081652c9a,ev:1ed28429bcfc3816,4.3
船长未核对螺距指示,工况与状态,,归属系统,传动与推进系统,系统,系统层级：功能系统,非因果（归属、分类、检查或建议等）,研究者分类（非因果结论）,,MAIB_2016_Safety_Digest_generator_oil_fire.pdf,物理第21页；PDF page 21,https://assets.publishing.service.gov.uk/media/5e81e5d2d3bf7f13416961fa/2016-SD1-MAIBSafetyDigest.pdf,shipkg:condition:290bfe38530e,BELONGS_TO_SYSTEM,shipkg:subsystem:5e357a568055,edge:d71de3b270d04fa6,ev:2d8d8f05ec0d8390,4.3
船长未核对螺距指示,工况与状态,,妨碍发现,右舷螺距保持前进,故障,故障层级：具体故障或事件,非因果（归属、分类、检查或建议等）,报告明确记载,事故案例：误选可调螺距桨备用模式与泊位碰撞,MAIB_2016_Safety_Digest_generator_oil_fire.pdf,物理第21页；PDF page 21,https://assets.publishing.service.gov.uk/media/5e81e5d2d3bf7f13416961fa/2016-SD1-MAIBSafetyDigest.pdf,shipkg:condition:290bfe38530e,LIMITS_DETECTION_OF,shipkg:fault:c44e6c4545bf,edge:45c48f589ff003ad,ev:2d8d8f05ec0d8390,4.3
螺旋桨出水,工况与状态,,归属系统,传动与推进系统,系统,系统层级：功能系统,非因果（归属、分类、检查或建议等）,研究者分类（非因果结论）,,MAIB_2026_06_Spirit_of_Discovery_propulsion_loss.pdf,物理第53页；PDF page 53,https://www.gov.uk/maib-reports/loss-of-propulsion-in-heavy-weather-experienced-by-the-passenger-vessel-spirit-of-discovery-leading-to-over-100-injuries-and-one-fatality,shipkg:condition:2ee58a9a8fad,BELONGS_TO_SYSTEM,shipkg:subsystem:5e357a568055,edge:e65648eeb6f4a928,ev:5e9ac17b88449c65,4.3
螺旋桨出水,工况与状态,,导致,推进电机扭矩骤降,故障,故障层级：具体故障或事件,因果类,报告明确记载,事故案例：大风浪中吊舱推进丧失,MAIB_2026_06_Spirit_of_Discovery_propulsion_loss.pdf,物理第42页；PDF page 42,https://www.gov.uk/maib-reports/loss-of-propulsion-in-heavy-weather-experienced-by-the-passenger-vessel-spirit-of-discovery-leading-to-over-100-injuries-and-one-fatality,shipkg:condition:2ee58a9a8fad,LEADS_TO,shipkg:fault:c9a34bd46532,edge:9fabc8d3664d53d0,ev:b6540313ab8acd21,4.3
装入非原厂轴承,工况与状态,,归属系统,润滑与轴承系统,系统,系统层级：功能系统,非因果（归属、分类、检查或建议等）,研究者分类（非因果结论）,,MAIB_2026_10_Kommandor_Susan_generator_bearing_failure.pdf,物理第6页；PDF page 6,https://www.gov.uk/maib-reports/catastrophic-engine-failure-and-subsequent-fire-on-board-the-site-investigation-vessel-kommandor-susan,shipkg:condition:6fa538170906,BELONGS_TO_SYSTEM,shipkg:subsystem:d08eaf16cc46,edge:ffd0b2d7d280b726,ev:1b6ee0d38c733128,4.3
调光与推进安全按钮相邻相似,工况与状态,,归属系统,传动与推进系统,系统,系统层级：功能系统,非因果（归属、分类、检查或建议等）,研究者分类（非因果结论）,,MAIB_2016_Safety_Digest_generator_oil_fire.pdf,物理第21页；PDF page 21,https://assets.publishing.service.gov.uk/media/5e81e5d2d3bf7f13416961fa/2016-SD1-MAIBSafetyDigest.pdf,shipkg:condition:7647f12090ef,BELONGS_TO_SYSTEM,shipkg:subsystem:5e357a568055,edge:cf401d690ced2897,ev:4812bf9684b2b7ad,4.3
调光与推进安全按钮相邻相似,工况与状态,,增加风险,误选CPP备用控制模式,故障,故障层级：具体故障或事件,因果类,报告明确记载,事故案例：误选可调螺距桨备用模式与泊位碰撞,MAIB_2016_Safety_Digest_generator_oil_fire.pdf,物理第21页；PDF page 21,https://assets.publishing.service.gov.uk/media/5e81e5d2d3bf7f13416961fa/2016-SD1-MAIBSafetyDigest.pdf,shipkg:condition:7647f12090ef,INCREASES_RISK_OF,shipkg:fault:f078b5a27275,edge:24649f6af55a11fd,ev:4812bf9684b2b7ad,4.3
轴向振动引起轴承座微动,工况与状态,,归属系统,润滑与轴承系统,系统,系统层级：功能系统,非因果（归属、分类、检查或建议等）,研究者分类（非因果结论）,,STAMFORD_AGN076_alternator_bearings.pdf,物理第4页；PDF page 4,https://www.stamford-avk.com/sites/stamfordavk/files/2024-04/AGN076_C.pdf,shipkg:condition:4e433b14487c,BELONGS_TO_SYSTEM,shipkg:subsystem:d08eaf16cc46,edge:e660c93bbdb82aca,ev:0bd224f4476f3548,4.3
轴向振动引起轴承座微动,工况与状态,,可能促成,发电机滚动轴承磨损失效,故障,故障层级：具体故障或事件,因果类,厂家一般机理/指导（须核对机型）,knowledge:generator_bearing_wear,STAMFORD_AGN076_alternator_bearings.pdf,物理第4页；PDF page 4,https://www.stamford-avk.com/sites/stamfordavk/files/2024-04/AGN076_C.pdf,shipkg:condition:4e433b14487c,MAY_CONTRIBUTE_TO,shipkg:fault:ad105e83a5af,edge:289ff5abae33adf3,ev:0bd224f4476f3548,4.3
轴带发电机与齿轮箱对中失准,工况与状态,,归属系统,电力与控制系统,系统,系统层级：功能系统,非因果（归属、分类、检查或建议等）,研究者分类（非因果结论）,,STAMFORD_AGN039_marine_shaft_generators.pdf,物理第2页；PDF page 2,https://www.stamford-avk.com/sites/stamfordavk/files/AGNs/AGN-039_C-Marine-Shaft-Generators.pdf,shipkg:condition:37396a158a92,BELONGS_TO_SYSTEM,shipkg:subsystem:4539c38d0a84,edge:0e78da319c75874a,ev:2d11f04e90b4e6a9,4.3
轴带发电机与齿轮箱对中失准,工况与状态,,可能促成,轴带发电机振动损伤,故障,故障层级：具体故障或事件,因果类,厂家一般机理/指导（须核对机型）,knowledge:shaft_generator_alignment,STAMFORD_AGN039_marine_shaft_generators.pdf,物理第2页；PDF page 2,https://www.stamford-avk.com/sites/stamfordavk/files/AGNs/AGN-039_C-Marine-Shaft-Generators.pdf,shipkg:condition:37396a158a92,MAY_CONTRIBUTE_TO,shipkg:fault:9d33e738a3d3,edge:61750d355e3fed64,ev:9db4aabb400f0aae,4.3
轴带变流器控制与发电端变频条件,工况与状态,,相关联,船舶电网电压频率振荡,故障,故障层级：具体故障或事件,非因果（归属、分类、检查或建议等）,论文实测观察（非本船已证实根因）,knowledge:electrical_oscillation,Frontiers_2021_marine_converter_oscillations.pdf,物理第6页；PDF page 6,https://www.frontiersin.org/journals/energy-research/articles/10.3389/fenrg.2020.529756/pdf,shipkg:condition:725f6ac0521d,ASSOCIATED_WITH,shipkg:fault:4de4eeb54341,edge:0afb8ddaa0937ed2,ev:de200230bb22400e,4.3
轴带变流器控制与发电端变频条件,工况与状态,,归属系统,电力与控制系统,系统,系统层级：功能系统,非因果（归属、分类、检查或建议等）,研究者分类（非因果结论）,,Frontiers_2021_marine_converter_oscillations.pdf,物理第6页；PDF page 6,https://www.frontiersin.org/journals/energy-research/articles/10.3389/fenrg.2020.529756/pdf,shipkg:condition:725f6ac0521d,BELONGS_TO_SYSTEM,shipkg:subsystem:4539c38d0a84,edge:cb4ff396f327807b,ev:de200230bb22400e,4.3
轴承润滑脂不足或对中不良,工况与状态,,归属系统,润滑与轴承系统,系统,系统层级：功能系统,非因果（归属、分类、检查或建议等）,研究者分类（非因果结论）,,STAMFORD_AGN076_alternator_bearings.pdf,物理第4页；PDF page 4,https://www.stamford-avk.com/sites/stamfordavk/files/2024-04/AGN076_C.pdf,shipkg:condition:5b302d0da57d,BELONGS_TO_SYSTEM,shipkg:subsystem:d08eaf16cc46,edge:1b034a6a6b690120,ev:65e2c4b3facd8c2b,4.3
轴承润滑脂不足或对中不良,工况与状态,,可能促成,发电机滚动轴承磨损失效,故障,故障层级：具体故障或事件,因果类,厂家一般机理/指导（须核对机型）,knowledge:generator_bearing_wear,STAMFORD_AGN076_alternator_bearings.pdf,物理第4页；PDF page 4,https://www.stamford-avk.com/sites/stamfordavk/files/2024-04/AGN076_C.pdf,shipkg:condition:5b302d0da57d,MAY_CONTRIBUTE_TO,shipkg:fault:ad105e83a5af,edge:2435bebde3e9e628,ev:65e2c4b3facd8c2b,4.3
轴承滑油供给不足,工况与状态,来源可靠性层级：二次语料；专家核验状态：待核验；知识层级：二次中文语料知识；适用范围：二次转载文章，船舶/原始报告身份未核实；不计入正式事故案例,语料记载·增加风险,轴瓦烧伤,故障,来源可靠性层级：二次语料；专家核验状态：待核验；故障层级：事件/状态；知识层级：二次中文语料知识；适用范围：二次转载文章，船舶/原始报告身份未核实；不计入正式事故案例,因果类,中文二次语料记载（原文核对，待专家确认）,corpus:a4dd6412481f,marine_diesel_RAG_corpus_All_data.zip,train/油品课堂第六讲某船使用假冒润滑油导致主机烧瓦事故案例.md:normalized_chars=758:799,https://zenodo.org/records/20258638,shipkg:condition:74557e033406,INCREASES_RISK_OF,shipkg:fault:c1790903ec79,edge:a814e20f4e695afe,ev:917b8bb501937d8c,4.3
轴瓦本体可能存在薄弱点,工况与状态,,归属系统,润滑与轴承系统,系统,系统层级：功能系统,非因果（归属、分类、检查或建议等）,研究者分类（非因果结论）,,MAIB_2018_01_Windcat8_bearing_failure_fire.pdf,物理第9页；PDF page 9,https://assets.publishing.service.gov.uk/government/uploads/system/uploads/attachment_data/file/683922/MAIBInvReport01_2018.pdf,shipkg:condition:ff44ed04fc9f,BELONGS_TO_SYSTEM,shipkg:subsystem:d08eaf16cc46,edge:8e8edc6938e19d0f,ev:1143f5b1ae869724,4.3
轴电流通过滚动轴承,工况与状态,,归属系统,润滑与轴承系统,系统,系统层级：功能系统,非因果（归属、分类、检查或建议等）,研究者分类（非因果结论）,,STAMFORD_AGN033_bearing_currents.pdf,物理第1页；PDF page 1,https://www.stamford-avk.com/sites/stamfordavk/files/AGNs/AGN-033_C-Shaft-Bearing-Currents.pdf,shipkg:condition:3516d66bca42,BELONGS_TO_SYSTEM,shipkg:subsystem:d08eaf16cc46,edge:e4a67580c64a5cf6,ev:9eb024fc4137b406,4.3
轴电流通过滚动轴承,工况与状态,,导致,轴承电蚀,故障,故障层级：具体故障或事件,因果类,厂家一般机理/指导（须核对机型）,knowledge:bearing_electrical_erosion,STAMFORD_AGN033_bearing_currents.pdf,物理第1页；PDF page 1,https://www.stamford-avk.com/sites/stamfordavk/files/AGNs/AGN-033_C-Shaft-Bearing-Currents.pdf,shipkg:condition:3516d66bca42,LEADS_TO,shipkg:fault:7dd3cdd4fe58,edge:834325dfe9c79487,ev:0f7534e3f93d98e3,4.3
进水套管内冷却水流通受阻,工况与状态,来源可靠性层级：二次语料；专家核验状态：待核验；知识层级：二次中文语料知识；适用范围：MAN K9SZ52/105B/BL活塞水冷机型，不能推广到油冷活塞,语料记载·导致,活塞冷却水进口温度高于出口,症状,来源可靠性层级：二次语料；专家核验状态：待核验；知识层级：二次中文语料知识；适用范围：MAN K9SZ52/105B/BL活塞水冷机型，不能推广到油冷活塞,因果类,中文二次语料记载（原文核对，待专家确认）,corpus:12ef93cebbe6,marine_diesel_RAG_corpus_All_data.zip,val/船机帮MANKSZ型柴油机活塞冷却系统故障分析.md:normalized_chars=1823:1860,https://zenodo.org/records/20258638,shipkg:condition:e0733b813cb5,CAUSES,shipkg:symptom:e390cb3d3b75,edge:1a62e075d04a4ee9,ev:c1fd17556af00004,4.3
非原厂零件超出适用保养周期,工况与状态,,促成,连杆大端轴瓦失效,故障,故障层级：具体故障或事件,因果类,报告明确记载,事故案例：DG1发电机故障与失电,MAIB_2026_10_Kommandor_Susan_generator_bearing_failure.pdf,物理第8页；PDF page 8,https://www.gov.uk/maib-reports/catastrophic-engine-failure-and-subsequent-fire-on-board-the-site-investigation-vessel-kommandor-susan,shipkg:condition:9e0b58e70948,CONTRIBUTED_TO,shipkg:fault:2c644dcfc770,edge:8fb3da4a6ad8dacd,ev:01e497b491874531,4.3
风浪下船体变形,工况与状态,,导致,轴带发电机与齿轮箱对中失准,工况与状态,,因果类,厂家一般机理/指导（须核对机型）,knowledge:shaft_generator_alignment,STAMFORD_AGN039_marine_shaft_generators.pdf,物理第2页；PDF page 2,https://www.stamford-avk.com/sites/stamfordavk/files/AGNs/AGN-039_C-Marine-Shaft-Generators.pdf,shipkg:condition:85d0ac216249,LEADS_TO,shipkg:condition:37396a158a92,edge:0d5490443acb16ee,ev:2d11f04e90b4e6a9,4.3
驾驶台无人导致舱底报警漏察,工况与状态,,归属系统,冷却与海水系统,系统,系统层级：功能系统,非因果（归属、分类、检查或建议等）,研究者分类（非因果结论）,,MAIB_2016_Safety_Digest_generator_oil_fire.pdf,物理第60页；PDF page 60,https://assets.publishing.service.gov.uk/media/5e81e5d2d3bf7f13416961fa/2016-SD1-MAIBSafetyDigest.pdf,shipkg:condition:133adfa97595,BELONGS_TO_SYSTEM,shipkg:subsystem:512427f592b7,edge:f95f6bbe851a6ae8,ev:6d6d03a1efd0d418,4.3
驾驶台无人导致舱底报警漏察,工况与状态,,归属系统,电力与控制系统,系统,系统层级：功能系统,非因果（归属、分类、检查或建议等）,研究者分类（非因果结论）,,MAIB_2016_Safety_Digest_generator_oil_fire.pdf,物理第60页；PDF page 60,https://assets.publishing.service.gov.uk/media/5e81e5d2d3bf7f13416961fa/2016-SD1-MAIBSafetyDigest.pdf,shipkg:condition:133adfa97595,BELONGS_TO_SYSTEM,shipkg:subsystem:4539c38d0a84,edge:4749bb00efe25cec,ev:6d6d03a1efd0d418,4.3
驾驶台无人导致舱底报警漏察,工况与状态,,妨碍发现,机舱进水,后果,,非因果（归属、分类、检查或建议等）,报告明确记载,事故案例：海水冷却管疑似失效与沉没,MAIB_2016_Safety_Digest_generator_oil_fire.pdf,物理第60页；PDF page 60,https://assets.publishing.service.gov.uk/media/5e81e5d2d3bf7f13416961fa/2016-SD1-MAIBSafetyDigest.pdf,shipkg:condition:133adfa97595,LIMITS_DETECTION_OF,shipkg:consequence:81fff36694d8,edge:ab901de38913b7d7,ev:6a6ede2b06a7fa26,4.3
高温燃气进入低压回油,工况与状态,来源可靠性层级：二次语料；专家核验状态：待核验；知识层级：二次中文语料知识；适用范围：MAN B&W 5S60ME-C7；不可套用具体装配尺寸、压力或紧固参数到其他机型,语料记载·导致,燃油集油筒低液位报警,症状,来源可靠性层级：二次语料；专家核验状态：待核验；知识层级：二次中文语料知识；适用范围：MAN B&W 5S60ME-C7；不可套用具体装配尺寸、压力或紧固参数到其他机型,因果类,中文二次语料记载（原文核对，待专家确认）,corpus:52b5fd5582ce,marine_diesel_RAG_corpus_All_data.zip,test/船机帮5S60ME船用柴油机喷油器故障分析与对策.md:normalized_chars=1796:1849,https://zenodo.org/records/20258638,shipkg:condition:77b5ca08736f,LEADS_TO,shipkg:symptom:de5f9088f008,edge:179eeb57cc033ff0,ev:84eae7025d813fa6,4.3
高温燃气进入低压回油,工况与状态,来源可靠性层级：二次语料；专家核验状态：待核验；知识层级：二次中文语料知识；适用范围：MAN B&W 5S60ME-C7；不可套用具体装配尺寸、压力或紧固参数到其他机型,语料记载·可能促成,喷油器针阀过热卡死,故障,来源可靠性层级：二次语料；专家核验状态：待核验；故障层级：事件/状态；知识层级：二次中文语料知识；适用范围：MAN B&W 5S60ME-C7；不可套用具体装配尺寸、压力或紧固参数到其他机型,因果类,中文二次语料记载（原文核对，待专家确认）,corpus:52b5fd5582ce,marine_diesel_RAG_corpus_All_data.zip,test/船机帮5S60ME船用柴油机喷油器故障分析与对策.md:normalized_chars=1897:1940,https://zenodo.org/records/20258638,shipkg:condition:77b5ca08736f,MAY_CONTRIBUTE_TO,shipkg:fault:9952999321ed,edge:e0c87ff37989daa6,ev:9e99f9796f615fc6,4.3
齿轮箱热膨胀改变轴线位置,工况与状态,,相关联,轴带发电机与齿轮箱对中失准,工况与状态,,非因果（归属、分类、检查或建议等）,厂家一般机理/指导（须核对机型）,knowledge:shaft_generator_alignment,STAMFORD_AGN039_marine_shaft_generators.pdf,物理第2页；PDF page 2,https://www.stamford-avk.com/sites/stamfordavk/files/AGNs/AGN-039_C-Marine-Shaft-Generators.pdf,shipkg:condition:dc209dc61e12,ASSOCIATED_WITH,shipkg:condition:37396a158a92,edge:7c4eca2a004acf93,ev:46c70849c9c28abc,4.3
主机高温报警,症状,,归属系统,电力与控制系统,系统,系统层级：功能系统,非因果（归属、分类、检查或建议等）,研究者分类（非因果结论）,,MAIB_2013_Safety_Digest_lubrication_bearing_cases.pdf,物理第41页；PDF page 41,https://assets.publishing.service.gov.uk/government/uploads/system/uploads/attachment_data/file/876748/2013-SD2-MAIBSafetyDigest.pdf,shipkg:symptom:674bee46af7f,BELONGS_TO_SYSTEM,shipkg:subsystem:4539c38d0a84,edge:02fc2b5ed60651a8,ev:0e28dc346f51844d,4.3
减振器异响或机组振动变化,症状,,提示,曲轴扭振减振器失效,故障,故障层级：具体故障或事件,非因果（归属、分类、检查或建议等）,厂家一般机理/指导（须核对机型）,knowledge:damper_failure,MAN_SL2017_654_torsional_damper.pdf,物理第1页；PDF page 1,https://www.man-es.com/docs/default-source/service-letters/sl2017-654.pdf,shipkg:symptom:0164170e49d6,INDICATES,shipkg:fault:655f841ec7d0,edge:5744565ed1984fa1,ev:2204971987d93cb0,4.3
发电机滑油低压报警,症状,,归属系统,润滑与轴承系统,系统,系统层级：功能系统,非因果（归属、分类、检查或建议等）,研究者分类（非因果结论）,,MAIB_2016_Safety_Digest_generator_oil_fire.pdf,物理第26页；PDF page 26,https://assets.publishing.service.gov.uk/media/5e81e5d2d3bf7f13416961fa/2016-SD1-MAIBSafetyDigest.pdf,shipkg:symptom:9d91c2845b73,BELONGS_TO_SYSTEM,shipkg:subsystem:d08eaf16cc46,edge:6c750ab1167f5f05,ev:5a52dfb1b2f1d73b,4.3
发电机滑油低压报警,症状,,归属系统,电力与控制系统,系统,系统层级：功能系统,非因果（归属、分类、检查或建议等）,研究者分类（非因果结论）,,MAIB_2016_Safety_Digest_generator_oil_fire.pdf,物理第26页；PDF page 26,https://assets.publishing.service.gov.uk/media/5e81e5d2d3bf7f13416961fa/2016-SD1-MAIBSafetyDigest.pdf,shipkg:symptom:9d91c2845b73,BELONGS_TO_SYSTEM,shipkg:subsystem:4539c38d0a84,edge:0cdca27d9f471e2a,ev:5a52dfb1b2f1d73b,4.3
发电机滑油低压报警,症状,,提示,压力滑油喷漏,故障,故障层级：具体故障或事件,非因果（归属、分类、检查或建议等）,报告明确记载,事故案例：发电机滑油泵堵头松脱火灾,MAIB_2016_Safety_Digest_generator_oil_fire.pdf,物理第26页；PDF page 26,https://assets.publishing.service.gov.uk/media/5e81e5d2d3bf7f13416961fa/2016-SD1-MAIBSafetyDigest.pdf,shipkg:symptom:9d91c2845b73,INDICATES,shipkg:fault:d26785dacafa,edge:95b6f65a0db377d4,ev:5a52dfb1b2f1d73b,4.3
可调螺距桨备用模式指示灯点亮,症状,,归属系统,电力与控制系统,系统,系统层级：功能系统,非因果（归属、分类、检查或建议等）,研究者分类（非因果结论）,,MAIB_2016_Safety_Digest_generator_oil_fire.pdf,物理第19页；PDF page 19,https://assets.publishing.service.gov.uk/media/5e81e5d2d3bf7f13416961fa/2016-SD1-MAIBSafetyDigest.pdf,shipkg:symptom:fa4424a6b543,BELONGS_TO_SYSTEM,shipkg:subsystem:4539c38d0a84,edge:e3786b9f143b8da2,ev:b0c29f0e315a7acd,4.3
可调螺距桨备用模式指示灯点亮,症状,,提示,误选CPP备用控制模式,故障,故障层级：具体故障或事件,非因果（归属、分类、检查或建议等）,报告明确记载,事故案例：误选可调螺距桨备用模式与泊位碰撞,MAIB_2016_Safety_Digest_generator_oil_fire.pdf,物理第19页；PDF page 19,https://assets.publishing.service.gov.uk/media/5e81e5d2d3bf7f13416961fa/2016-SD1-MAIBSafetyDigest.pdf,shipkg:symptom:fa4424a6b543,INDICATES,shipkg:fault:f078b5a27275,edge:7a90b3df99d23ffe,ev:b0c29f0e315a7acd,4.3
扫气泄放油铁含量升高,症状,,提示,活塞环与缸套磨损,故障,故障层级：具体故障或事件,非因果（归属、分类、检查或建议等）,厂家一般机理/指导（须核对机型）,knowledge:liner_scuffing,MAN_SL2019_685_ring_coating_wear.pdf,物理第2页；PDF page 2,https://www.man-es.com/docs/default-source/service-letters/sl2019-685.pdf,shipkg:symptom:f944832200f3,INDICATES,shipkg:fault:0134b2c4ef20,edge:4af275aa2b680929,ev:2caee49788bf31ab,4.3
扫气空气温度升高,症状,,促成,气缸磨损增加,故障,故障层级：具体故障或事件,因果类,厂家一般机理/指导（须核对机型）,knowledge:cooling_cavitation,MAN_main_engine_auxiliary_efficiency.pdf,物理第11页；PDF page 11,https://www.man-es.com/docs/default-source/document-sync/efficiency-improvements-main-engine-auxiliary-systems-eng.pdf,shipkg:symptom:986db6816df4,CONTRIBUTED_TO,shipkg:fault:6e677eff9bb9,edge:19d0e288a66d196a,ev:cac3b1da7944aa5a,4.3
控制空气低压报警,症状,,归属系统,电力与控制系统,系统,系统层级：功能系统,非因果（归属、分类、检查或建议等）,研究者分类（非因果结论）,,MAIB_2013_Safety_Digest_lubrication_bearing_cases.pdf,物理第14页；PDF page 14,https://assets.publishing.service.gov.uk/government/uploads/system/uploads/attachment_data/file/876748/2013-SD2-MAIBSafetyDigest.pdf,shipkg:symptom:13f0f30403ca,BELONGS_TO_SYSTEM,shipkg:subsystem:4539c38d0a84,edge:6915b2703a744d67,ev:9fa6115be15d0d77,4.3
控制空气低压报警,症状,,先于发生,主机离合器脱开,故障,故障层级：具体故障或事件,非因果（归属、分类、检查或建议等）,报告明确记载,事故案例：控制空气不足与离合器脱开,MAIB_2013_Safety_Digest_lubrication_bearing_cases.pdf,物理第14页；PDF page 14,https://assets.publishing.service.gov.uk/government/uploads/system/uploads/attachment_data/file/876748/2013-SD2-MAIBSafetyDigest.pdf,shipkg:symptom:13f0f30403ca,PRECEDED,shipkg:fault:4cb7be531584,edge:8e42e88551262b21,ev:9fa6115be15d0d77,4.3
机油高温报警,症状,,归属系统,润滑与轴承系统,系统,系统层级：功能系统,非因果（归属、分类、检查或建议等）,研究者分类（非因果结论）,,MAIB_2018_01_Windcat8_bearing_failure_fire.pdf,物理第11页；PDF page 11,https://assets.publishing.service.gov.uk/government/uploads/system/uploads/attachment_data/file/683922/MAIBInvReport01_2018.pdf,shipkg:symptom:d2a57b31e287,BELONGS_TO_SYSTEM,shipkg:subsystem:d08eaf16cc46,edge:0fdc086fe009ded3,ev:a14d5a0a3ae37d97,4.3
机油高温报警,症状,,归属系统,电力与控制系统,系统,系统层级：功能系统,非因果（归属、分类、检查或建议等）,研究者分类（非因果结论）,,MAIB_2018_01_Windcat8_bearing_failure_fire.pdf,物理第11页；PDF page 11,https://assets.publishing.service.gov.uk/government/uploads/system/uploads/attachment_data/file/683922/MAIBInvReport01_2018.pdf,shipkg:symptom:d2a57b31e287,BELONGS_TO_SYSTEM,shipkg:subsystem:4539c38d0a84,edge:54d65d1021bed806,ev:a14d5a0a3ae37d97,4.3
机油高温报警,症状,,先于发生,连杆大端轴瓦失效,故障,故障层级：具体故障或事件,非因果（归属、分类、检查或建议等）,报告明确记载,事故案例：左舷主机轴瓦失效与火灾,MAIB_2018_01_Windcat8_bearing_failure_fire.pdf,物理第1页；PDF page 1,https://assets.publishing.service.gov.uk/government/uploads/system/uploads/attachment_data/file/683922/MAIBInvReport01_2018.pdf,shipkg:symptom:d2a57b31e287,PRECEDED,shipkg:fault:2c644dcfc770,edge:916e961e0139fa0d,ev:caaf8005d66a8fbb,4.3
机油高温报警,症状,,应触发处置,停用故障主机并查明报警原因,运维措施,,非因果（归属、分类、检查或建议等）,报告行动/建议,事故案例：左舷主机轴瓦失效与火灾,MAIB_2018_01_Windcat8_bearing_failure_fire.pdf,物理第11页；PDF page 11,https://assets.publishing.service.gov.uk/government/uploads/system/uploads/attachment_data/file/683922/MAIBInvReport01_2018.pdf,shipkg:symptom:d2a57b31e287,PROMPTS,shipkg:action:4a27034a0842,edge:029449bcbefa2848,ev:a14d5a0a3ae37d97,4.3
油雾探测器反复报警,症状,,相关联,主轴承咬死,故障,故障层级：具体故障或事件,非因果（归属、分类、检查或建议等）,厂家一般机理/指导（须核对机型）,knowledge:bearing_seizure,MAN_SL2013_569_bearing_wear_monitoring.pdf,物理第2页；PDF page 2,https://www.man-es.com/docs/default-source/service-letters/sl2013-569.pdf,shipkg:symptom:ea2cdd59ea5c,ASSOCIATED_WITH,shipkg:fault:ce4fe75e21d8,edge:2683a3174de26882,ev:06bb917f36e1db67,4.3
油雾探测器反复报警,症状,,归属系统,润滑与轴承系统,系统,系统层级：功能系统,非因果（归属、分类、检查或建议等）,研究者分类（非因果结论）,,MAIB_2013_Safety_Digest_lubrication_bearing_cases.pdf,物理第21页；PDF page 21,https://assets.publishing.service.gov.uk/government/uploads/system/uploads/attachment_data/file/876748/2013-SD2-MAIBSafetyDigest.pdf,shipkg:symptom:ea2cdd59ea5c,BELONGS_TO_SYSTEM,shipkg:subsystem:d08eaf16cc46,edge:b42f8a837111b9db,ev:31361433815a45d9,4.3
油雾探测器反复报警,症状,,归属系统,电力与控制系统,系统,系统层级：功能系统,非因果（归属、分类、检查或建议等）,研究者分类（非因果结论）,,MAIB_2013_Safety_Digest_lubrication_bearing_cases.pdf,物理第21页；PDF page 21,https://assets.publishing.service.gov.uk/government/uploads/system/uploads/attachment_data/file/876748/2013-SD2-MAIBSafetyDigest.pdf,shipkg:symptom:ea2cdd59ea5c,BELONGS_TO_SYSTEM,shipkg:subsystem:4539c38d0a84,edge:3d33d86f11ab6067,ev:31361433815a45d9,4.3
油雾探测器反复报警,症状,,先于发生,主机无法继续运行,故障,故障层级：具体故障或事件,非因果（归属、分类、检查或建议等）,报告明确记载,事故案例：滑油滤芯漏装与主机抱轴,MAIB_2013_Safety_Digest_lubrication_bearing_cases.pdf,物理第21页；PDF page 21,https://assets.publishing.service.gov.uk/government/uploads/system/uploads/attachment_data/file/876748/2013-SD2-MAIBSafetyDigest.pdf,shipkg:symptom:ea2cdd59ea5c,PRECEDED,shipkg:fault:4865d7c855d8,edge:8d5dfceec483f2d0,ev:31361433815a45d9,4.3
润滑油压力下降,症状,,归属系统,润滑与轴承系统,系统,系统层级：功能系统,非因果（归属、分类、检查或建议等）,研究者分类（非因果结论）,,MAIB_2022_04_Wight_Sky_multiple_engine_failures.pdf,物理第70页；PDF page 70,https://assets.publishing.service.gov.uk/media/6267cc85e90e071690c1b679/2022-4-WightSky-Report.pdf,shipkg:symptom:ccae4eb65c57,BELONGS_TO_SYSTEM,shipkg:subsystem:d08eaf16cc46,edge:cf940a5dc7aaa340,ev:5124f3b43ff47b3a,4.3
润滑油压力下降,症状,,先于发生,主机灾难性失效,故障,故障层级：具体故障或事件,非因果（归属、分类、检查或建议等）,报告明确记载,事故案例：ME2主轴承断油失效,MAIB_2022_04_Wight_Sky_multiple_engine_failures.pdf,物理第70页；PDF page 70,https://assets.publishing.service.gov.uk/media/6267cc85e90e071690c1b679/2022-4-WightSky-Report.pdf,shipkg:symptom:ccae4eb65c57,PRECEDED,shipkg:fault:fee4df6aeb24,edge:097cdade9d0e4641,ev:5124f3b43ff47b3a,4.3
滤器压差持续偏低,症状,,提示,在线滑油滤器缺少滤芯,故障,故障层级：具体故障或事件,非因果（归属、分类、检查或建议等）,报告明确记载,事故案例：滑油滤芯漏装与主机抱轴,MAIB_2013_Safety_Digest_lubrication_bearing_cases.pdf,物理第23页；PDF page 23,https://assets.publishing.service.gov.uk/government/uploads/system/uploads/attachment_data/file/876748/2013-SD2-MAIBSafetyDigest.pdf,shipkg:symptom:ff3b8fa9a284,INDICATES,shipkg:fault:58d32c38d0ac,edge:d1cc2d824057cc25,ev:0c984e504147698d,4.3
舱底高液位报警,症状,,归属系统,冷却与海水系统,系统,系统层级：功能系统,非因果（归属、分类、检查或建议等）,研究者分类（非因果结论）,,MAIB_2016_Safety_Digest_generator_oil_fire.pdf,物理第59页；PDF page 59,https://assets.publishing.service.gov.uk/media/5e81e5d2d3bf7f13416961fa/2016-SD1-MAIBSafetyDigest.pdf,shipkg:symptom:89c72d5dc590,BELONGS_TO_SYSTEM,shipkg:subsystem:512427f592b7,edge:c7ef3bb2ae471c8b,ev:e7c09d475a3dc5ea,4.3
舱底高液位报警,症状,,归属系统,电力与控制系统,系统,系统层级：功能系统,非因果（归属、分类、检查或建议等）,研究者分类（非因果结论）,,MAIB_2016_Safety_Digest_generator_oil_fire.pdf,物理第59页；PDF page 59,https://assets.publishing.service.gov.uk/media/5e81e5d2d3bf7f13416961fa/2016-SD1-MAIBSafetyDigest.pdf,shipkg:symptom:89c72d5dc590,BELONGS_TO_SYSTEM,shipkg:subsystem:4539c38d0a84,edge:d960ed1837a80970,ev:e7c09d475a3dc5ea,4.3
舱底高液位报警,症状,,提示,机舱进水,后果,,非因果（归属、分类、检查或建议等）,报告明确记载,事故案例：海水冷却管疑似失效与沉没,MAIB_2016_Safety_Digest_generator_oil_fire.pdf,物理第59页；PDF page 59,https://assets.publishing.service.gov.uk/media/5e81e5d2d3bf7f13416961fa/2016-SD1-MAIBSafetyDigest.pdf,shipkg:symptom:89c72d5dc590,INDICATES,shipkg:consequence:81fff36694d8,edge:bc5f87458313894f,ev:e7c09d475a3dc5ea,4.3
连杆小端刻痕,症状,,归属系统,润滑与轴承系统,系统,系统层级：功能系统,非因果（归属、分类、检查或建议等）,研究者分类（非因果结论）,,MAIB_2021_02_Finlandia_Seaways_connecting_rod_failure.pdf,物理第56页；PDF page 56,https://www.gov.uk/maib-reports/engine-failure-and-subsequent-fire-on-ro-ro-cargo-vessel-finlandia-seaways-with-1-person-injured,shipkg:symptom:601948a19d34,BELONGS_TO_SYSTEM,shipkg:subsystem:d08eaf16cc46,edge:c35a5fd2a224fd5d,ev:b2ab413559094e03,4.3
连杆小端刻痕,症状,,提示,连杆小端轴套更换产生应力集中,原因,,非因果（归属、分类、检查或建议等）,报告明确记载,事故案例：主机连杆小端疲劳断裂,MAIB_2021_02_Finlandia_Seaways_connecting_rod_failure.pdf,物理第56页；PDF page 56,https://www.gov.uk/maib-reports/engine-failure-and-subsequent-fire-on-ro-ro-cargo-vessel-finlandia-seaways-with-1-person-injured,shipkg:symptom:601948a19d34,INDICATES,shipkg:cause:29f8307f5eed,edge:7b9d6bca057b15ae,ev:b2ab413559094e03,4.3
全船失电,后果,,导致,失去推进,后果,,因果类,报告明确记载,事故案例：DG1发电机故障与失电,MAIB_2026_10_Kommandor_Susan_generator_bearing_failure.pdf,物理第1页；PDF page 1,https://www.gov.uk/maib-reports/catastrophic-engine-failure-and-subsequent-fire-on-board-the-site-investigation-vessel-kommandor-susan,shipkg:consequence:4016217446bf,LEADS_TO,shipkg:consequence:d1c468a6b34b,edge:a840667b53ddaf5c,ev:96c615c53d3b0715,4.3
全船失电,后果,,导致,电动锚机无法释放锚,后果,,因果类,报告明确记载,事故案例：DG1发电机故障与失电,MAIB_2026_10_Kommandor_Susan_generator_bearing_failure.pdf,物理第1页；PDF page 1,https://www.gov.uk/maib-reports/catastrophic-engine-failure-and-subsequent-fire-on-board-the-site-investigation-vessel-kommandor-susan,shipkg:consequence:4016217446bf,LEADS_TO,shipkg:consequence:4f46c84c0d64,edge:a9fa64e6e5b6251f,ev:0ec8d60206b6b9cf,4.3
机舱火灾,后果,,导致,一台主机数周不能运行,后果,,因果类,报告明确记载,事故案例：燃油法兰松动与主机火灾,MAIB_2024_20_Stena_Europe_fuel_spray_fire.pdf,物理第7页；PDF page 7,https://assets.publishing.service.gov.uk/media/6756db0ba63e1781efb87793/2024-20-StenaEurope.pdf,shipkg:consequence:775549e4c085,LEADS_TO,shipkg:consequence:66c2df24581f,edge:a7be652f87e3112c,ev:db2b2fa6744312cc,4.3
机舱火灾,后果,,导致,高温报警线束烧损短路,故障,故障层级：具体故障或事件,因果类,报告明确记载,事故案例：油抹布落至排气歧管起火,MAIB_2013_Safety_Digest_lubrication_bearing_cases.pdf,物理第41页；PDF page 41,https://assets.publishing.service.gov.uk/government/uploads/system/uploads/attachment_data/file/876748/2013-SD2-MAIBSafetyDigest.pdf,shipkg:consequence:775549e4c085,LEADS_TO,shipkg:fault:999defd690d8,edge:c103c2bf232a01f9,ev:e3771166c08962b6,4.3
机舱进水,后果,,导致,海水进口阀被淹无法接近,故障,故障层级：具体故障或事件,因果类,报告明确记载,事故案例：海水冷却管疑似失效与沉没,MAIB_2016_Safety_Digest_generator_oil_fire.pdf,物理第59页；PDF page 59,https://assets.publishing.service.gov.uk/media/5e81e5d2d3bf7f13416961fa/2016-SD1-MAIBSafetyDigest.pdf,shipkg:consequence:81fff36694d8,LEADS_TO,shipkg:fault:511d6ce8c125,edge:6ed3094ee3192dd5,ev:8bf90883ea90543a,4.3
机舱进水,后果,,导致,船舶沉没,后果,,因果类,报告明确记载,事故案例：海水冷却管疑似失效与沉没,MAIB_2016_Safety_Digest_generator_oil_fire.pdf,物理第60页；PDF page 60,https://assets.publishing.service.gov.uk/media/5e81e5d2d3bf7f13416961fa/2016-SD1-MAIBSafetyDigest.pdf,shipkg:consequence:81fff36694d8,LEADS_TO,shipkg:consequence:cae4f7ac3ba9,edge:c1ddb55a944cf2cf,ev:069c961d11b53b1c,4.3
机舱进水,后果,,先于发生,主机停止,故障,故障层级：具体故障或事件,非因果（归属、分类、检查或建议等）,报告明确记载,事故案例：海水冷却管疑似失效与沉没,MAIB_2016_Safety_Digest_generator_oil_fire.pdf,物理第59页；PDF page 59,https://assets.publishing.service.gov.uk/media/5e81e5d2d3bf7f13416961fa/2016-SD1-MAIBSafetyDigest.pdf,shipkg:consequence:81fff36694d8,PRECEDED,shipkg:fault:34646312c70d,edge:fbc5db279b3cf9d4,ev:f99011c1bd987967,4.3
机舱进水,后果,,应触发处置,船员停止主机与发电机,运维措施,,非因果（归属、分类、检查或建议等）,报告行动/建议,事故案例：压载泵检修隔离失效与机舱进水,MAIB_2016_Safety_Digest_generator_oil_fire.pdf,物理第40页；PDF page 40,https://assets.publishing.service.gov.uk/media/5e81e5d2d3bf7f13416961fa/2016-SD1-MAIBSafetyDigest.pdf,shipkg:consequence:81fff36694d8,PROMPTS,shipkg:action:fa948d692647,edge:7c7d18a8d3b2722b,ev:7331136605690ccd,4.3
船舶撞击跳板与泊位,后果,,导致,船艏进水,后果,,因果类,报告明确记载,事故案例：误选可调螺距桨备用模式与泊位碰撞,MAIB_2016_Safety_Digest_generator_oil_fire.pdf,物理第19页；PDF page 19,https://assets.publishing.service.gov.uk/media/5e81e5d2d3bf7f13416961fa/2016-SD1-MAIBSafetyDigest.pdf,shipkg:consequence:5c4ffe048cb7,LEADS_TO,shipkg:consequence:35c015f940ee,edge:eba8a51a21135135,ev:d11a787d7d142f9d,4.3
船艏撞击码头,后果,,导致,球鼻艏破损,后果,,因果类,报告明确记载,事故案例：可调螺距桨倒车响应迟缓与码头碰撞,MAIB_2016_Safety_Digest_generator_oil_fire.pdf,物理第29页；PDF page 29,https://assets.publishing.service.gov.uk/media/5e81e5d2d3bf7f13416961fa/2016-SD1-MAIBSafetyDigest.pdf,shipkg:consequence:2597a77f75b3,LEADS_TO,shipkg:consequence:ec261d7a91d6,edge:ecbb3b0b3b413ff1,ev:085bb3fe51ea11cc,4.3
谐波滤波器爆炸,后果,,很可能促成,船舶高压电网不稳定,工况与状态,,因果类,很可能,事故案例：谐波滤波电容失效与全船失电,MAIB_2011_28_Queen_Mary_2_harmonic_filter_failure.pdf,物理第13页；PDF page 13,https://assets.digital.cabinet-office.gov.uk/media/547c6fa6ed915d4c10000031/QM2Report.pdf,shipkg:consequence:fc1835efb5ca,CONTRIBUTED_TO,shipkg:condition:2d0261049d78,edge:aba7bc4650a67d26,ev:2bd29efb1b18cf94,4.3
谐波滤波器爆炸,后果,,先于发生,全部推进电机停机,故障,故障层级：具体故障或事件,非因果（归属、分类、检查或建议等）,报告明确记载,事故案例：谐波滤波电容失效与全船失电,MAIB_2011_28_Queen_Mary_2_harmonic_filter_failure.pdf,物理第13页；PDF page 13,https://assets.digital.cabinet-office.gov.uk/media/547c6fa6ed915d4c10000031/QM2Report.pdf,shipkg:consequence:fc1835efb5ca,PRECEDED,shipkg:fault:7d56f05dfb4b,edge:60ec9e810f731a6f,ev:f4ea99f2d07cb7c1,4.3
靠泊推进制动能力丧失,后果,,导致,船艏撞击泊位,后果,,因果类,报告明确记载,事故案例：控制空气不足与离合器脱开,MAIB_2013_Safety_Digest_lubrication_bearing_cases.pdf,物理第15页；PDF page 15,https://assets.publishing.service.gov.uk/government/uploads/system/uploads/attachment_data/file/876748/2013-SD2-MAIBSafetyDigest.pdf,shipkg:consequence:c5047807b300,LEADS_TO,shipkg:consequence:fd1e977000c3,edge:85ba2b346d113001,ev:7009d03f4c6f89d9,4.3
分析瞬时频率基波及谐波的调制特征,检查方法,,归属系统,电力与控制系统,系统,系统层级：功能系统,非因果（归属、分类、检查或建议等）,研究者分类（非因果结论）,,Frontiers_2021_marine_converter_oscillations.pdf,物理第1页；PDF page 1,https://www.frontiersin.org/journals/energy-research/articles/10.3389/fenrg.2020.529756/pdf,shipkg:check:3e5bf3f8ece1,BELONGS_TO_SYSTEM,shipkg:subsystem:4539c38d0a84,edge:5b624dea817b3766,ev:172a7fb8c0a27ceb,4.3
分析瞬时频率基波及谐波的调制特征,检查方法,,检查,船舶电网电压频率振荡,故障,故障层级：具体故障或事件,非因果（归属、分类、检查或建议等）,依据报告整理的检查建议,knowledge:electrical_oscillation,Frontiers_2021_marine_converter_oscillations.pdf,物理第1页；PDF page 1,https://www.frontiersin.org/journals/energy-research/articles/10.3389/fenrg.2020.529756/pdf,shipkg:check:3e5bf3f8ece1,CHECKS,shipkg:fault:4de4eeb54341,edge:a308d2312b6b3634,ev:172a7fb8c0a27ceb,4.3
切换后核验压缩机供气能力,检查方法,,检查,两台压缩机供气不足,工况与状态,,非因果（归属、分类、检查或建议等）,依据报告整理的检查建议,事故案例：控制空气不足与离合器脱开,MAIB_2013_Safety_Digest_lubrication_bearing_cases.pdf,物理第15页；PDF page 15,https://assets.publishing.service.gov.uk/government/uploads/system/uploads/attachment_data/file/876748/2013-SD2-MAIBSafetyDigest.pdf,shipkg:check:f420d80dbf17,CHECKS,shipkg:condition:ed8375f7583f,edge:96a34d6a177bd786,ev:3f0c5814259eb000,4.3
定期功能测试盘车启动联锁,检查方法,,归属系统,传动与推进系统,系统,系统层级：功能系统,非因果（归属、分类、检查或建议等）,研究者分类（非因果结论）,,MAIB_2013_Safety_Digest_lubrication_bearing_cases.pdf,物理第18页；PDF page 18,https://assets.publishing.service.gov.uk/government/uploads/system/uploads/attachment_data/file/876748/2013-SD2-MAIBSafetyDigest.pdf,shipkg:check:de8a5b9844ad,BELONGS_TO_SYSTEM,shipkg:subsystem:5e357a568055,edge:576464172d26ebb2,ev:d2bfff6df47b53cc,4.3
定期功能测试盘车启动联锁,检查方法,,归属系统,电力与控制系统,系统,系统层级：功能系统,非因果（归属、分类、检查或建议等）,研究者分类（非因果结论）,,MAIB_2013_Safety_Digest_lubrication_bearing_cases.pdf,物理第18页；PDF page 18,https://assets.publishing.service.gov.uk/government/uploads/system/uploads/attachment_data/file/876748/2013-SD2-MAIBSafetyDigest.pdf,shipkg:check:de8a5b9844ad,BELONGS_TO_SYSTEM,shipkg:subsystem:4539c38d0a84,edge:e8cd2ef344b47d4d,ev:d2bfff6df47b53cc,4.3
定期功能测试盘车启动联锁,检查方法,,检查,盘车安全联锁失效,故障,故障层级：具体故障或事件,非因果（归属、分类、检查或建议等）,依据报告整理的检查建议,事故案例：盘车联锁失效与启动损坏,MAIB_2013_Safety_Digest_lubrication_bearing_cases.pdf,物理第18页；PDF page 18,https://assets.publishing.service.gov.uk/government/uploads/system/uploads/attachment_data/file/876748/2013-SD2-MAIBSafetyDigest.pdf,shipkg:check:de8a5b9844ad,CHECKS,shipkg:fault:8027eb707475,edge:d51f41c5677b1145,ev:d2bfff6df47b53cc,4.3
定期监测谐波畸变和运行参数,检查方法,,归属系统,电力与控制系统,系统,系统层级：功能系统,非因果（归属、分类、检查或建议等）,研究者分类（非因果结论）,,MAIB_2011_28_Queen_Mary_2_harmonic_filter_failure.pdf,物理第69页；PDF page 69,https://assets.digital.cabinet-office.gov.uk/media/547c6fa6ed915d4c10000031/QM2Report.pdf,shipkg:check:c55d526e8c4c,BELONGS_TO_SYSTEM,shipkg:subsystem:4539c38d0a84,edge:87d565446043ac57,ev:8d208881ac72d263,4.3
定期监测谐波畸变和运行参数,检查方法,,检查,船舶高压电网不稳定,工况与状态,,非因果（归属、分类、检查或建议等）,报告行动/建议,事故案例：谐波滤波电容失效与全船失电,MAIB_2011_28_Queen_Mary_2_harmonic_filter_failure.pdf,物理第69页；PDF page 69,https://assets.digital.cabinet-office.gov.uk/media/547c6fa6ed915d4c10000031/QM2Report.pdf,shipkg:check:c55d526e8c4c,CHECKS,shipkg:condition:2d0261049d78,edge:7c7bdf8eb11276f2,ev:8d208881ac72d263,4.3
定期验证保护系统全部子部件,检查方法,,归属系统,电力与控制系统,系统,系统层级：功能系统,非因果（归属、分类、检查或建议等）,研究者分类（非因果结论）,,MAIB_2011_28_Queen_Mary_2_harmonic_filter_failure.pdf,物理第69页；PDF page 69,https://assets.digital.cabinet-office.gov.uk/media/547c6fa6ed915d4c10000031/QM2Report.pdf,shipkg:check:5a2af85dcbf4,BELONGS_TO_SYSTEM,shipkg:subsystem:4539c38d0a84,edge:5814f3e7756dd54e,ev:38d40fe90e8b2dbf,4.3
定期验证保护系统全部子部件,检查方法,,检查,电流不平衡保护失效,故障,故障层级：具体故障或事件,非因果（归属、分类、检查或建议等）,报告行动/建议,事故案例：谐波滤波电容失效与全船失电,MAIB_2011_28_Queen_Mary_2_harmonic_filter_failure.pdf,物理第69页；PDF page 69,https://assets.digital.cabinet-office.gov.uk/media/547c6fa6ed915d4c10000031/QM2Report.pdf,shipkg:check:5a2af85dcbf4,CHECKS,shipkg:fault:b2aa91be158b,edge:aa4c596339c6cfa1,ev:38d40fe90e8b2dbf,4.3
拆法兰前核对隔离阀实际位置,检查方法,,检查,海水隔离阀未完全关闭,故障,故障层级：具体故障或事件,非因果（归属、分类、检查或建议等）,依据报告整理的检查建议,事故案例：压载泵检修隔离失效与机舱进水,MAIB_2016_Safety_Digest_generator_oil_fire.pdf,物理第41页；PDF page 41,https://assets.publishing.service.gov.uk/media/5e81e5d2d3bf7f13416961fa/2016-SD1-MAIBSafetyDigest.pdf,shipkg:check:b9cd13a70a15,CHECKS,shipkg:fault:c1ffab11185c,edge:d635d865ca38c4ac,ev:e7382090fee9962a,4.3
按OEM要求检查执行器联轴器紧固完整性,检查方法,,归属系统,传动与推进系统,系统,系统层级：功能系统,非因果（归属、分类、检查或建议等）,研究者分类（非因果结论）,,MAIB_2017_20_Hebrides_CPP_coupling.pdf,物理第36页；PDF page 36,https://assets.publishing.service.gov.uk/media/59b7ab1c40f0b61231e71a54/MAIBInvReport20_2017.pdf,shipkg:check:61f2da350e19,BELONGS_TO_SYSTEM,shipkg:subsystem:5e357a568055,edge:bd6f5d18215e2408,ev:6312cf968733db1b,4.3
按OEM要求检查执行器联轴器紧固完整性,检查方法,,检查,可调螺距桨执行器联轴器松脱,故障,故障层级：具体故障或事件,非因果（归属、分类、检查或建议等）,报告行动/建议,knowledge:coupling_failure,MAIB_2017_20_Hebrides_CPP_coupling.pdf,物理第36页；PDF page 36,https://assets.publishing.service.gov.uk/media/59b7ab1c40f0b61231e71a54/MAIBInvReport20_2017.pdf,shipkg:check:61f2da350e19,CHECKS,shipkg:fault:7c36cc5888d4,edge:50872acb8cee9064,ev:6312cf968733db1b,4.3
按机型规程隔离并检漏空压机冷却器,检查方法,来源可靠性层级：二次语料；专家核验状态：待核验；知识层级：二次中文语料知识；适用范围：文中共享中央淡水冷却回路；须核对本船空压机冷却器与副机回路连接,语料记载·检查,空压机高压冷却器渗漏,故障,来源可靠性层级：二次语料；专家核验状态：待核验；故障层级：事件/状态；知识层级：二次中文语料知识；适用范围：文中共享中央淡水冷却回路；须核对本船空压机冷却器与副机回路连接,非因果（归属、分类、检查或建议等）,中文二次语料记载（原文核对，待专家确认）,corpus:3fc204fbafaf,marine_diesel_RAG_corpus_All_data.zip,test/船机帮一起副机冷却水失压停车故障的处理和原因分析.md:normalized_chars=2607:2636,https://zenodo.org/records/20258638,shipkg:check:3e070698e3cd,CHECKS,shipkg:fault:2dae085915ff,edge:7671430f0a02ede1,ev:4e60794f7284f03e,4.3
按轴承型式核查润滑及对中,检查方法,,归属系统,润滑与轴承系统,系统,系统层级：功能系统,非因果（归属、分类、检查或建议等）,研究者分类（非因果结论）,,STAMFORD_AGN076_alternator_bearings.pdf,物理第4页；PDF page 4,https://www.stamford-avk.com/sites/stamfordavk/files/2024-04/AGN076_C.pdf,shipkg:check:168aa4cf65c8,BELONGS_TO_SYSTEM,shipkg:subsystem:d08eaf16cc46,edge:627e36249ec31829,ev:65e2c4b3facd8c2b,4.3
按轴承型式核查润滑及对中,检查方法,,检查,发电机滚动轴承磨损失效,故障,故障层级：具体故障或事件,非因果（归属、分类、检查或建议等）,依据报告整理的检查建议,knowledge:generator_bearing_wear,STAMFORD_AGN076_alternator_bearings.pdf,物理第4页；PDF page 4,https://www.stamford-avk.com/sites/stamfordavk/files/2024-04/AGN076_C.pdf,shipkg:check:168aa4cf65c8,CHECKS,shipkg:fault:ad105e83a5af,edge:72a4dee30a30f16a,ev:65e2c4b3facd8c2b,4.3
核实在线滤腔滤芯实际安装,检查方法,,检查,在线滑油滤器缺少滤芯,故障,故障层级：具体故障或事件,非因果（归属、分类、检查或建议等）,依据报告整理的检查建议,事故案例：滑油滤芯漏装与主机抱轴,MAIB_2013_Safety_Digest_lubrication_bearing_cases.pdf,物理第21页；PDF page 21,https://assets.publishing.service.gov.uk/government/uploads/system/uploads/attachment_data/file/876748/2013-SD2-MAIBSafetyDigest.pdf,shipkg:check:02ead897029b,CHECKS,shipkg:fault:58d32c38d0ac,edge:cc0ca93956c2f810,ev:b10e854dd960072c,4.3
核对连杆与轴承盖配对编号,检查方法,,归属系统,润滑与轴承系统,系统,系统层级：功能系统,非因果（归属、分类、检查或建议等）,研究者分类（非因果结论）,,MAIB_2022_04_Wight_Sky_multiple_engine_failures.pdf,物理第72页；PDF page 72,https://assets.publishing.service.gov.uk/media/6267cc85e90e071690c1b679/2022-4-WightSky-Report.pdf,shipkg:check:fa162d9e9a3f,BELONGS_TO_SYSTEM,shipkg:subsystem:d08eaf16cc46,edge:419af988ad250242,ev:c74257f47f29e86a,4.3
核对连杆与轴承盖配对编号,检查方法,,检查,连杆大端轴承盖配对错装,原因,,非因果（归属、分类、检查或建议等）,依据报告整理的检查建议,事故案例：ME4连杆轴承盖错装失效,MAIB_2022_04_Wight_Sky_multiple_engine_failures.pdf,物理第72页；PDF page 72,https://assets.publishing.service.gov.uk/media/6267cc85e90e071690c1b679/2022-4-WightSky-Report.pdf,shipkg:check:fa162d9e9a3f,CHECKS,shipkg:cause:0b368a5a5869,edge:bf07e6903aa4cc76,ev:c74257f47f29e86a,4.3
核查热态对中和风浪工况下振动,检查方法,,检查,轴带发电机与齿轮箱对中失准,工况与状态,,非因果（归属、分类、检查或建议等）,依据报告整理的检查建议,knowledge:shaft_generator_alignment,STAMFORD_AGN039_marine_shaft_generators.pdf,物理第2页；PDF page 2,https://www.stamford-avk.com/sites/stamfordavk/files/AGNs/AGN-039_C-Marine-Shaft-Generators.pdf,shipkg:check:c586aa545141,CHECKS,shipkg:condition:37396a158a92,edge:75c0835b3c79a209,ev:52377c3b77516eac,4.3
核查轴电压电流与轴承接地绝缘方案,检查方法,,归属系统,润滑与轴承系统,系统,系统层级：功能系统,非因果（归属、分类、检查或建议等）,研究者分类（非因果结论）,,STAMFORD_AGN033_bearing_currents.pdf,物理第3页；PDF page 3,https://www.stamford-avk.com/sites/stamfordavk/files/AGNs/AGN-033_C-Shaft-Bearing-Currents.pdf,shipkg:check:c0dd4b8aa6a3,BELONGS_TO_SYSTEM,shipkg:subsystem:d08eaf16cc46,edge:8ce33bbc766da318,ev:ac86437a65d64581,4.3
核查轴电压电流与轴承接地绝缘方案,检查方法,,检查,轴承电蚀,故障,故障层级：具体故障或事件,非因果（归属、分类、检查或建议等）,依据报告整理的检查建议,knowledge:bearing_electrical_erosion,STAMFORD_AGN033_bearing_currents.pdf,物理第3页；PDF page 3,https://www.stamford-avk.com/sites/stamfordavk/files/AGNs/AGN-033_C-Shaft-Bearing-Currents.pdf,shipkg:check:c0dd4b8aa6a3,CHECKS,shipkg:fault:7dd3cdd4fe58,edge:c69f85185d1d74c4,ev:ac86437a65d64581,4.3
核验可调螺距桨倒车控制参数,检查方法,,归属系统,传动与推进系统,系统,系统层级：功能系统,非因果（归属、分类、检查或建议等）,研究者分类（非因果结论）,,MAIB_2016_Safety_Digest_generator_oil_fire.pdf,物理第29页；PDF page 29,https://assets.publishing.service.gov.uk/media/5e81e5d2d3bf7f13416961fa/2016-SD1-MAIBSafetyDigest.pdf,shipkg:check:52bfc5553a79,BELONGS_TO_SYSTEM,shipkg:subsystem:5e357a568055,edge:9bbd133e0f7c66d7,ev:88dffcc589cf9235,4.3
核验可调螺距桨倒车控制参数,检查方法,,归属系统,电力与控制系统,系统,系统层级：功能系统,非因果（归属、分类、检查或建议等）,研究者分类（非因果结论）,,MAIB_2016_Safety_Digest_generator_oil_fire.pdf,物理第29页；PDF page 29,https://assets.publishing.service.gov.uk/media/5e81e5d2d3bf7f13416961fa/2016-SD1-MAIBSafetyDigest.pdf,shipkg:check:52bfc5553a79,BELONGS_TO_SYSTEM,shipkg:subsystem:4539c38d0a84,edge:6d8267a3c17fffe7,ev:88dffcc589cf9235,4.3
核验可调螺距桨倒车控制参数,检查方法,,检查,可调螺距桨倒车参数设置错误,原因,,非因果（归属、分类、检查或建议等）,依据报告整理的检查建议,事故案例：可调螺距桨倒车响应迟缓与码头碰撞,MAIB_2016_Safety_Digest_generator_oil_fire.pdf,物理第29页；PDF page 29,https://assets.publishing.service.gov.uk/media/5e81e5d2d3bf7f13416961fa/2016-SD1-MAIBSafetyDigest.pdf,shipkg:check:52bfc5553a79,CHECKS,shipkg:cause:3667d8d2e0ca,edge:eec6461f4fd0dde2,ev:88dffcc589cf9235,4.3
核验轴承与大修零件来源,检查方法,,归属系统,润滑与轴承系统,系统,系统层级：功能系统,非因果（归属、分类、检查或建议等）,研究者分类（非因果结论）,,MAIB_2026_10_Kommandor_Susan_generator_bearing_failure.pdf,物理第8页；PDF page 8,https://www.gov.uk/maib-reports/catastrophic-engine-failure-and-subsequent-fire-on-board-the-site-investigation-vessel-kommandor-susan,shipkg:check:1c503f83ef89,BELONGS_TO_SYSTEM,shipkg:subsystem:d08eaf16cc46,edge:a7849dbaa59c4e42,ev:1a0b3fbe432ab46d,4.3
核验轴承与大修零件来源,检查方法,,检查,装入非原厂轴承,工况与状态,,非因果（归属、分类、检查或建议等）,依据报告整理的检查建议,事故案例：DG1发电机故障与失电,MAIB_2026_10_Kommandor_Susan_generator_bearing_failure.pdf,物理第8页；PDF page 8,https://www.gov.uk/maib-reports/catastrophic-engine-failure-and-subsequent-fire-on-board-the-site-investigation-vessel-kommandor-susan,shipkg:check:1c503f83ef89,CHECKS,shipkg:condition:6fa538170906,edge:79cc156b4e7adb2e,ev:1a0b3fbe432ab46d,4.3
核验轴承磨损监测快速磨损功能,检查方法,,归属系统,润滑与轴承系统,系统,系统层级：功能系统,非因果（归属、分类、检查或建议等）,研究者分类（非因果结论）,,MAN_SL2013_569_bearing_wear_monitoring.pdf,物理第4页；PDF page 4,https://www.man-es.com/docs/default-source/service-letters/sl2013-569.pdf,shipkg:check:cf70a74f2d91,BELONGS_TO_SYSTEM,shipkg:subsystem:d08eaf16cc46,edge:90192e6506d2ec0a,ev:561c84866e09149d,4.3
核验轴承磨损监测快速磨损功能,检查方法,,检查,主轴承咬死,故障,故障层级：具体故障或事件,非因果（归属、分类、检查或建议等）,厂家一般机理/指导（须核对机型）,knowledge:bearing_seizure,MAN_SL2013_569_bearing_wear_monitoring.pdf,物理第4页；PDF page 4,https://www.man-es.com/docs/default-source/service-letters/sl2013-569.pdf,shipkg:check:cf70a74f2d91,CHECKS,shipkg:fault:ce4fe75e21d8,edge:b8ac6af4bce1c7b7,ev:561c84866e09149d,4.3
检查减振器异响与振动趋势,检查方法,,检查,曲轴扭振减振器失效,故障,故障层级：具体故障或事件,非因果（归属、分类、检查或建议等）,依据报告整理的检查建议,knowledge:damper_failure,MAN_SL2017_654_torsional_damper.pdf,物理第1页；PDF page 1,https://www.man-es.com/docs/default-source/service-letters/sl2017-654.pdf,shipkg:check:d57ef9f67880,CHECKS,shipkg:fault:655f841ec7d0,edge:205dd00684e9a697,ev:5cc0a7e2e1c99766,4.3
检查可调螺距桨背压阀和安全阀功能,检查方法,,检查,可调螺距桨背压阀磨损卡滞,故障,故障层级：具体故障或事件,非因果（归属、分类、检查或建议等）,报告行动/建议,事故案例：液压背压阀卡滞与火灾,MAIB_2015_22_Pride_of_Canterbury_CPP_hydraulic_fire.pdf,物理第35页；PDF page 35,https://assets.digital.cabinet-office.gov.uk/media/563092daed915d566d000002/MAIBInvReport-22_2015.pdf,shipkg:check:b6e1865763c1,CHECKS,shipkg:fault:1e5a23a200ad,edge:58661885c40c9a23,ev:ccd29d6aeef2b43d,4.3
检查扫气冷却器流量及水侧状态,检查方法,,归属系统,冷却与海水系统,系统,系统层级：功能系统,非因果（归属、分类、检查或建议等）,研究者分类（非因果结论）,,MAN_main_engine_auxiliary_efficiency.pdf,物理第11页；PDF page 11,https://www.man-es.com/docs/default-source/document-sync/efficiency-improvements-main-engine-auxiliary-systems-eng.pdf,shipkg:check:7015063ef15d,BELONGS_TO_SYSTEM,shipkg:subsystem:512427f592b7,edge:4035f2beb1ac5523,ev:a4b9b5883574eb17,4.3
检查扫气冷却器流量及水侧状态,检查方法,,检查,扫气空气冷却器水流量过低,工况与状态,,非因果（归属、分类、检查或建议等）,依据报告整理的检查建议,knowledge:cooling_cavitation,MAN_main_engine_auxiliary_efficiency.pdf,物理第11页；PDF page 11,https://www.man-es.com/docs/default-source/document-sync/efficiency-improvements-main-engine-auxiliary-systems-eng.pdf,shipkg:check:7015063ef15d,CHECKS,shipkg:condition:0abf74811b34,edge:c3c47266c8b691ba,ev:a4b9b5883574eb17,4.3
检查活塞顶部冷却喷孔通畅性,检查方法,来源可靠性层级：二次语料；专家核验状态：待核验；知识层级：二次中文语料知识；适用范围：MAN K9SZ52/105B/BL活塞水冷机型，不能推广到油冷活塞,语料记载·检查,活塞冷却喷嘴板堵塞,故障,来源可靠性层级：二次语料；专家核验状态：待核验；故障层级：事件/状态；知识层级：二次中文语料知识；适用范围：MAN K9SZ52/105B/BL活塞水冷机型，不能推广到油冷活塞,非因果（归属、分类、检查或建议等）,中文二次语料记载（原文核对，待专家确认）,corpus:12ef93cebbe6,marine_diesel_RAG_corpus_All_data.zip,val/船机帮MANKSZ型柴油机活塞冷却系统故障分析.md:normalized_chars=1719:1737,https://zenodo.org/records/20258638,shipkg:check:8f22ecf20d3c,CHECKS,shipkg:fault:ae2f9abe8a1b,edge:0205765c4fe5c645,ev:a3bddcfd822cb1c3,4.3
检查滑油滤清器与油道沉积,检查方法,来源可靠性层级：二次语料；专家核验状态：待核验；知识层级：二次中文语料知识；适用范围：二次转载文章，船舶/原始报告身份未核实；不计入正式事故案例,语料记载·检查,滑油滤清器与油道堵塞,故障,来源可靠性层级：二次语料；专家核验状态：待核验；故障层级：事件/状态；知识层级：二次中文语料知识；适用范围：二次转载文章，船舶/原始报告身份未核实；不计入正式事故案例,非因果（归属、分类、检查或建议等）,中文二次语料记载（原文核对，待专家确认）,corpus:a4dd6412481f,marine_diesel_RAG_corpus_All_data.zip,train/油品课堂第六讲某船使用假冒润滑油导致主机烧瓦事故案例.md:normalized_chars=133:164,https://zenodo.org/records/20258638,shipkg:check:b5200c97fde0,CHECKS,shipkg:fault:85aa68cd2748,edge:0320dd9e6f4789c4,ev:5c6fc42dbba8b104,4.3
检查缸套表面与活塞环状态,检查方法,,检查,缸套黏着拉伤,故障,故障层级：具体故障或事件,非因果（归属、分类、检查或建议等）,依据报告整理的检查建议,knowledge:liner_scuffing,MAN_SL2016_633_piston_rings_scuffing.pdf,物理第3页；PDF page 3,https://www.man-es.com/docs/default-source/service-letters/sl2016-633.pdf,shipkg:check:78fb4dfb3734,CHECKS,shipkg:fault:2c6822dc16f4,edge:54a6f1f6bd496483,ev:da388522df310fbc,4.3
检查连杆小端内孔刻痕与热损伤,检查方法,,归属系统,润滑与轴承系统,系统,系统层级：功能系统,非因果（归属、分类、检查或建议等）,研究者分类（非因果结论）,,MAIB_2021_02_Finlandia_Seaways_connecting_rod_failure.pdf,物理第56页；PDF page 56,https://www.gov.uk/maib-reports/engine-failure-and-subsequent-fire-on-ro-ro-cargo-vessel-finlandia-seaways-with-1-person-injured,shipkg:check:313a552b87bf,BELONGS_TO_SYSTEM,shipkg:subsystem:d08eaf16cc46,edge:a9e430b52edd4807,ev:33782f93bde6d8a1,4.3
检查连杆小端内孔刻痕与热损伤,检查方法,,检查,连杆小端轴套更换产生应力集中,原因,,非因果（归属、分类、检查或建议等）,依据报告整理的检查建议,事故案例：主机连杆小端疲劳断裂,MAIB_2021_02_Finlandia_Seaways_connecting_rod_failure.pdf,物理第56页；PDF page 56,https://www.gov.uk/maib-reports/engine-failure-and-subsequent-fire-on-ro-ro-cargo-vessel-finlandia-seaways-with-1-person-injured,shipkg:check:313a552b87bf,CHECKS,shipkg:cause:29f8307f5eed,edge:f88ba84487c8e409,ev:33782f93bde6d8a1,4.3
检测冷却水硬度和抑制剂浓度,检查方法,,归属系统,冷却与海水系统,系统,系统层级：功能系统,非因果（归属、分类、检查或建议等）,研究者分类（非因果结论）,,MAN_SL2016_623_cooling_water.pdf,物理第3页；PDF page 3,https://www.man-es.com/docs/default-source/service-letters/sl2016-623.pdf,shipkg:check:e53578d74732,BELONGS_TO_SYSTEM,shipkg:subsystem:512427f592b7,edge:f2ca87dce41f253c,ev:9282652d0f980004,4.3
检测冷却水硬度和抑制剂浓度,检查方法,,检查,冷却水水质或处理不当,原因,,非因果（归属、分类、检查或建议等）,厂家一般机理/指导（须核对机型）,knowledge:coolant_blockage,MAN_SL2016_623_cooling_water.pdf,物理第3页；PDF page 3,https://www.man-es.com/docs/default-source/service-letters/sl2016-623.pdf,shipkg:check:e53578d74732,CHECKS,shipkg:cause:c5d7e29b6c94,edge:33009345e85760a8,ev:9282652d0f980004,4.3
测试备用和应急推进控制,检查方法,,归属系统,传动与推进系统,系统,系统层级：功能系统,非因果（归属、分类、检查或建议等）,研究者分类（非因果结论）,,MAIB_2016_Safety_Digest_generator_oil_fire.pdf,物理第21页；PDF page 21,https://assets.publishing.service.gov.uk/media/5e81e5d2d3bf7f13416961fa/2016-SD1-MAIBSafetyDigest.pdf,shipkg:check:64ccf3c3f401,BELONGS_TO_SYSTEM,shipkg:subsystem:5e357a568055,edge:cac6825d9c475b0f,ev:aee93ed7c1866eb1,4.3
测试备用和应急推进控制,检查方法,,归属系统,电力与控制系统,系统,系统层级：功能系统,非因果（归属、分类、检查或建议等）,研究者分类（非因果结论）,,MAIB_2016_Safety_Digest_generator_oil_fire.pdf,物理第21页；PDF page 21,https://assets.publishing.service.gov.uk/media/5e81e5d2d3bf7f13416961fa/2016-SD1-MAIBSafetyDigest.pdf,shipkg:check:64ccf3c3f401,BELONGS_TO_SYSTEM,shipkg:subsystem:4539c38d0a84,edge:eaa95f7f563acf08,ev:aee93ed7c1866eb1,4.3
测试备用和应急推进控制,检查方法,,检查,驾驶台丧失右舷螺距控制,故障,故障层级：具体故障或事件,非因果（归属、分类、检查或建议等）,报告行动/建议,事故案例：误选可调螺距桨备用模式与泊位碰撞,MAIB_2016_Safety_Digest_generator_oil_fire.pdf,物理第21页；PDF page 21,https://assets.publishing.service.gov.uk/media/5e81e5d2d3bf7f13416961fa/2016-SD1-MAIBSafetyDigest.pdf,shipkg:check:64ccf3c3f401,CHECKS,shipkg:fault:dddb0abee018,edge:cd1430bee1da21a7,ev:aee93ed7c1866eb1,4.3
测量总体振动并分析频谱,检查方法,,检查,滑油泵堵头振松,故障,故障层级：具体故障或事件,非因果（归属、分类、检查或建议等）,报告行动/建议,事故案例：发电机滑油泵堵头松脱火灾,MAIB_2016_Safety_Digest_generator_oil_fire.pdf,物理第28页；PDF page 28,https://assets.publishing.service.gov.uk/media/5e81e5d2d3bf7f13416961fa/2016-SD1-MAIBSafetyDigest.pdf,shipkg:check:3b1fdbe04792,CHECKS,shipkg:fault:f2f9d4b10a0b,edge:f3894185e054e017,ev:7732c1387876e1fb,4.3
热成像巡检运行机组裸露热点,检查方法,,检查,排气歧管裸露高温,工况与状态,,非因果（归属、分类、检查或建议等）,报告行动/建议,事故案例：燃油法兰松动与主机火灾,MAIB_2024_20_Stena_Europe_fuel_spray_fire.pdf,物理第32页；PDF page 32,https://assets.publishing.service.gov.uk/media/6756db0ba63e1781efb87793/2024-20-StenaEurope.pdf,shipkg:check:b9b23cb93dc6,CHECKS,shipkg:condition:4277de3a84c9,edge:27a54c90ae91058e,ev:0917ec321d12afd2,4.3
热成像检查排气未保温热点,检查方法,,归属系统,燃油与进排气系统,系统,系统层级：功能系统,非因果（归属、分类、检查或建议等）,研究者分类（非因果结论）,,MAIB_2016_Safety_Digest_generator_oil_fire.pdf,物理第28页；PDF page 28,https://assets.publishing.service.gov.uk/media/5e81e5d2d3bf7f13416961fa/2016-SD1-MAIBSafetyDigest.pdf,shipkg:check:050d6770cfa0,BELONGS_TO_SYSTEM,shipkg:subsystem:52e7560c8465,edge:097962b6708c834a,ev:1e3e12480476352c,4.3
热成像检查排气未保温热点,检查方法,,检查,排气护罩存在高温表面,工况与状态,,非因果（归属、分类、检查或建议等）,报告行动/建议,事故案例：发电机滑油泵堵头松脱火灾,MAIB_2016_Safety_Digest_generator_oil_fire.pdf,物理第28页；PDF page 28,https://assets.publishing.service.gov.uk/media/5e81e5d2d3bf7f13416961fa/2016-SD1-MAIBSafetyDigest.pdf,shipkg:check:050d6770cfa0,CHECKS,shipkg:condition:52a5771f68ca,edge:97769269bb8e8dcd,ev:1e3e12480476352c,4.3
用电压相轨迹辅助识别振荡且保留局限,检查方法,,检查,船舶电网电压频率振荡,故障,故障层级：具体故障或事件,非因果（归属、分类、检查或建议等）,依据报告整理的检查建议,knowledge:electrical_oscillation,Frontiers_2021_marine_converter_oscillations.pdf,物理第12页；PDF page 12,https://www.frontiersin.org/journals/energy-research/articles/10.3389/fenrg.2020.529756/pdf,shipkg:check:4999713b2123,CHECKS,shipkg:fault:4de4eeb54341,edge:6f704813104a170d,ev:10373ed4022e576f,4.3
监测润滑油和冷却液状态,检查方法,,归属系统,冷却与海水系统,系统,系统层级：功能系统,非因果（归属、分类、检查或建议等）,研究者分类（非因果结论）,,MAIB_2022_04_Wight_Sky_multiple_engine_failures.pdf,物理第84页；PDF page 84,https://assets.publishing.service.gov.uk/media/6267cc85e90e071690c1b679/2022-4-WightSky-Report.pdf,shipkg:check:f9cad3df2b98,BELONGS_TO_SYSTEM,shipkg:subsystem:512427f592b7,edge:6e310aa0e57264b3,ev:d8028bdc4d93a0c8,4.3
监测润滑油和冷却液状态,检查方法,,归属系统,润滑与轴承系统,系统,系统层级：功能系统,非因果（归属、分类、检查或建议等）,研究者分类（非因果结论）,,MAIB_2022_04_Wight_Sky_multiple_engine_failures.pdf,物理第84页；PDF page 84,https://assets.publishing.service.gov.uk/media/6267cc85e90e071690c1b679/2022-4-WightSky-Report.pdf,shipkg:check:f9cad3df2b98,BELONGS_TO_SYSTEM,shipkg:subsystem:d08eaf16cc46,edge:824b41b5168825ff,ev:d8028bdc4d93a0c8,4.3
监测润滑油和冷却液状态,检查方法,,检查,油路磨粒与污染,原因,,非因果（归属、分类、检查或建议等）,依据报告整理的检查建议,事故案例：ME2主轴承断油失效,MAIB_2022_04_Wight_Sky_multiple_engine_failures.pdf,物理第84页；PDF page 84,https://assets.publishing.service.gov.uk/media/6267cc85e90e071690c1b679/2022-4-WightSky-Report.pdf,shipkg:check:f9cad3df2b98,CHECKS,shipkg:cause:8a2abf94d478,edge:75841e23b89f0d54,ev:d8028bdc4d93a0c8,4.3
结合缸压与惯量刚度进行扭振分析并试验验证,检查方法,,检查,轴系扭转共振风险,故障,故障层级：具体故障或事件,非因果（归属、分类、检查或建议等）,厂家一般机理/指导（须核对机型）,knowledge:shaft_torsional,STAMFORD_AGN235_torsional_analysis.pdf,物理第7页；PDF page 7,https://www.stamford-avk.com/sites/stamfordavk/files/AGNs/AGN-235_A-Generating-Set-Assembly-Torsional-Vibration-Analysis.pdf,shipkg:check:72fca2c03641,CHECKS,shipkg:fault:f6eb639558ed,edge:a7ed81bfe526a514,ev:34006c39dec5327b,4.3
联合核查调速器AVR与变流器控制变量,检查方法,,归属系统,电力与控制系统,系统,系统层级：功能系统,非因果（归属、分类、检查或建议等）,研究者分类（非因果结论）,,Frontiers_2021_marine_converter_oscillations.pdf,物理第13页；PDF page 13,https://www.frontiersin.org/journals/energy-research/articles/10.3389/fenrg.2020.529756/pdf,shipkg:check:5a856a1f5111,BELONGS_TO_SYSTEM,shipkg:subsystem:4539c38d0a84,edge:6eca54ed189c6da9,ev:77686b69a8ec6449,4.3
联合核查调速器AVR与变流器控制变量,检查方法,,检查,船舶电网电压频率振荡,故障,故障层级：具体故障或事件,非因果（归属、分类、检查或建议等）,依据报告整理的检查建议,knowledge:electrical_oscillation,Frontiers_2021_marine_converter_oscillations.pdf,物理第13页；PDF page 13,https://www.frontiersin.org/journals/energy-research/articles/10.3389/fenrg.2020.529756/pdf,shipkg:check:5a856a1f5111,CHECKS,shipkg:fault:4de4eeb54341,edge:e6ab53a8e13e0567,ev:77686b69a8ec6449,4.3
计划维护检查海水进口管路,检查方法,,归属系统,冷却与海水系统,系统,系统层级：功能系统,非因果（归属、分类、检查或建议等）,研究者分类（非因果结论）,,MAIB_2016_Safety_Digest_generator_oil_fire.pdf,物理第60页；PDF page 60,https://assets.publishing.service.gov.uk/media/5e81e5d2d3bf7f13416961fa/2016-SD1-MAIBSafetyDigest.pdf,shipkg:check:7bc4821b359e,BELONGS_TO_SYSTEM,shipkg:subsystem:512427f592b7,edge:210b2cceab2a555f,ev:f402f62ae7b113ec,4.3
计划维护检查海水进口管路,检查方法,,检查,主机海水冷却管疑似失效,故障,故障层级：具体故障或事件,非因果（归属、分类、检查或建议等）,报告行动/建议,事故案例：海水冷却管疑似失效与沉没,MAIB_2016_Safety_Digest_generator_oil_fire.pdf,物理第60页；PDF page 60,https://assets.publishing.service.gov.uk/media/5e81e5d2d3bf7f13416961fa/2016-SD1-MAIBSafetyDigest.pdf,shipkg:check:7bc4821b359e,CHECKS,shipkg:fault:72c71c94ca13,edge:2af65627db2764ce,ev:f402f62ae7b113ec,4.3
进出港前测试正倒车响应,检查方法,,检查,可调螺距桨倒车响应迟缓,故障,故障层级：具体故障或事件,非因果（归属、分类、检查或建议等）,报告行动/建议,事故案例：可调螺距桨倒车响应迟缓与码头碰撞,MAIB_2016_Safety_Digest_generator_oil_fire.pdf,物理第29页；PDF page 29,https://assets.publishing.service.gov.uk/media/5e81e5d2d3bf7f13416961fa/2016-SD1-MAIBSafetyDigest.pdf,shipkg:check:470049664913,CHECKS,shipkg:fault:fce2f501a499,edge:9d6285f72a296672,ev:ec533ae27276b674,4.3
隔离后由合格人员检测绝缘电阻与极化指数,检查方法,,检查,发电机绕组绝缘电阻降低,故障,故障层级：具体故障或事件,非因果（归属、分类、检查或建议等）,厂家一般机理/指导（须核对机型）,knowledge:winding_insulation,STAMFORD_AGN040_winding_insulation.pdf,物理第6页；PDF page 6,https://www.stamford-avk.com/sites/stamfordavk/files/AGNs/AGN-040_E-Winding-Insulation-System.pdf,shipkg:check:e3171f6b59e1,CHECKS,shipkg:fault:f09e1be695a7,edge:e45f68f4619ba94f,ev:0e3fac9dc3cdbd8f,4.3
首启后巡视机舱泄漏与火灾隐患,检查方法,,检查,油污抹布遗留在歧管上方,工况与状态,,非因果（归属、分类、检查或建议等）,报告行动/建议,事故案例：油抹布落至排气歧管起火,MAIB_2013_Safety_Digest_lubrication_bearing_cases.pdf,物理第42页；PDF page 42,https://assets.publishing.service.gov.uk/government/uploads/system/uploads/attachment_data/file/876748/2013-SD2-MAIBSafetyDigest.pdf,shipkg:check:2ae63dd081a2,CHECKS,shipkg:condition:d96dbed6a05c,edge:e60c667ebf1841c7,ev:f5fbae0eb047725b,4.3
使用原厂零件重建并大修发电机组,运维措施,,应对,装入非原厂轴承,工况与状态,,非因果（归属、分类、检查或建议等）,报告行动/建议,事故案例：DG1发电机故障与失电,MAIB_2026_10_Kommandor_Susan_generator_bearing_failure.pdf,物理第9页；PDF page 9,https://www.gov.uk/maib-reports/catastrophic-engine-failure-and-subsequent-fire-on-board-the-site-investigation-vessel-kommandor-susan,shipkg:action:16d3373950f9,ADDRESSES,shipkg:condition:6fa538170906,edge:d18a92975542579a,ev:9225f4c20470527c,4.3
使用原厂零件重建并大修发电机组,运维措施,,归属系统,电力与控制系统,系统,系统层级：功能系统,非因果（归属、分类、检查或建议等）,研究者分类（非因果结论）,,MAIB_2026_10_Kommandor_Susan_generator_bearing_failure.pdf,物理第9页；PDF page 9,https://www.gov.uk/maib-reports/catastrophic-engine-failure-and-subsequent-fire-on-board-the-site-investigation-vessel-kommandor-susan,shipkg:action:16d3373950f9,BELONGS_TO_SYSTEM,shipkg:subsystem:4539c38d0a84,edge:640bc13bbed27300,ev:9225f4c20470527c,4.3
使用备用螺距控制,运维措施,,应对,可调螺距桨倒车响应迟缓,故障,故障层级：具体故障或事件,非因果（归属、分类、检查或建议等）,报告行动/建议,事故案例：可调螺距桨倒车响应迟缓与码头碰撞,MAIB_2016_Safety_Digest_generator_oil_fire.pdf,物理第29页；PDF page 29,https://assets.publishing.service.gov.uk/media/5e81e5d2d3bf7f13416961fa/2016-SD1-MAIBSafetyDigest.pdf,shipkg:action:6e0e5173ee8f,ADDRESSES,shipkg:fault:fce2f501a499,edge:6feb08674326e525,ev:e53de2fc1df0bd99,4.3
使用备用螺距控制,运维措施,,归属系统,传动与推进系统,系统,系统层级：功能系统,非因果（归属、分类、检查或建议等）,研究者分类（非因果结论）,,MAIB_2016_Safety_Digest_generator_oil_fire.pdf,物理第29页；PDF page 29,https://assets.publishing.service.gov.uk/media/5e81e5d2d3bf7f13416961fa/2016-SD1-MAIBSafetyDigest.pdf,shipkg:action:6e0e5173ee8f,BELONGS_TO_SYSTEM,shipkg:subsystem:5e357a568055,edge:52f0feefae409fb2,ev:1ed28429bcfc3816,4.3
使用备用螺距控制,运维措施,,归属系统,电力与控制系统,系统,系统层级：功能系统,非因果（归属、分类、检查或建议等）,研究者分类（非因果结论）,,MAIB_2016_Safety_Digest_generator_oil_fire.pdf,物理第29页；PDF page 29,https://assets.publishing.service.gov.uk/media/5e81e5d2d3bf7f13416961fa/2016-SD1-MAIBSafetyDigest.pdf,shipkg:action:6e0e5173ee8f,BELONGS_TO_SYSTEM,shipkg:subsystem:4539c38d0a84,edge:d6b979f742fbd27b,ev:1ed28429bcfc3816,4.3
保持机组状态与日志及状态板一致,运维措施,,应对,盘车状态未标识与操作说明被涂覆,工况与状态,,非因果（归属、分类、检查或建议等）,报告行动/建议,事故案例：盘车联锁失效与启动损坏,MAIB_2013_Safety_Digest_lubrication_bearing_cases.pdf,物理第18页；PDF page 18,https://assets.publishing.service.gov.uk/government/uploads/system/uploads/attachment_data/file/876748/2013-SD2-MAIBSafetyDigest.pdf,shipkg:action:3a42e9e6e745,ADDRESSES,shipkg:condition:7da9174934f9,edge:b8db436d7eca782b,ev:bbdf7e438bd85b80,4.3
保持燃油净化设备正常运行并核验油质,运维措施,来源可靠性层级：二次语料；专家核验状态：待核验；知识层级：二次中文语料知识；适用范围：MAN B&W 5S60ME-C7；不可套用具体装配尺寸、压力或紧固参数到其他机型,语料记载·应对,燃油固体颗粒造成针阀运动受阻,原因,来源可靠性层级：二次语料；专家核验状态：待核验；知识层级：二次中文语料知识；适用范围：MAN B&W 5S60ME-C7；不可套用具体装配尺寸、压力或紧固参数到其他机型,非因果（归属、分类、检查或建议等）,中文二次语料记载（原文核对，待专家确认）,corpus:52b5fd5582ce,marine_diesel_RAG_corpus_All_data.zip,test/船机帮5S60ME船用柴油机喷油器故障分析与对策.md:normalized_chars=3257:3305,https://zenodo.org/records/20258638,shipkg:action:8b43a0d0771f,ADDRESSES,shipkg:cause:09b94e18611e,edge:bdfa0052a87db0ac,ev:6aefb83d57eca3f4,4.3
修复保温屏蔽并加防喷溅带,运维措施,,应对,燃油接头喷溅保护缺失,工况与状态,,非因果（归属、分类、检查或建议等）,报告行动/建议,事故案例：燃油法兰松动与主机火灾,MAIB_2024_20_Stena_Europe_fuel_spray_fire.pdf,物理第31页；PDF page 31,https://assets.publishing.service.gov.uk/media/6756db0ba63e1781efb87793/2024-20-StenaEurope.pdf,shipkg:action:4e32ee36eba1,ADDRESSES,shipkg:condition:8012db626950,edge:50efcee7c8a5c34f,ev:a7a96386e16a8f7e,4.3
修复并定期测试控制台指示照明,运维措施,,应对,盘车指示灯照明不足,工况与状态,,非因果（归属、分类、检查或建议等）,报告行动/建议,事故案例：盘车联锁失效与启动损坏,MAIB_2013_Safety_Digest_lubrication_bearing_cases.pdf,物理第18页；PDF page 18,https://assets.publishing.service.gov.uk/government/uploads/system/uploads/attachment_data/file/876748/2013-SD2-MAIBSafetyDigest.pdf,shipkg:action:4a5960af425f,ADDRESSES,shipkg:condition:bdbca1b8295e,edge:b72477e3948b9021,ev:6374a9e189a094d1,4.3
修复并定期测试控制台指示照明,运维措施,,归属系统,电力与控制系统,系统,系统层级：功能系统,非因果（归属、分类、检查或建议等）,研究者分类（非因果结论）,,MAIB_2013_Safety_Digest_lubrication_bearing_cases.pdf,物理第18页；PDF page 18,https://assets.publishing.service.gov.uk/government/uploads/system/uploads/attachment_data/file/876748/2013-SD2-MAIBSafetyDigest.pdf,shipkg:action:4a5960af425f,BELONGS_TO_SYSTEM,shipkg:subsystem:4539c38d0a84,edge:2194a46a070ed50e,ev:6374a9e189a094d1,4.3
修订备用气瓶切换与隔离检查卡,运维措施,,应对,备用气瓶上线时未隔离主气瓶,工况与状态,,非因果（归属、分类、检查或建议等）,依据报告整理的检查建议,事故案例：控制空气不足与离合器脱开,MAIB_2013_Safety_Digest_lubrication_bearing_cases.pdf,物理第15页；PDF page 15,https://assets.publishing.service.gov.uk/government/uploads/system/uploads/attachment_data/file/876748/2013-SD2-MAIBSafetyDigest.pdf,shipkg:action:8076c8558f20,ADDRESSES,shipkg:condition:be80fb98e414,edge:220787ea1bcab3dd,ev:a9d1c3390e834930,4.3
修订进水停机序列并允许船员干预,运维措施,,应对,吊舱转至90度停放,故障,故障层级：具体故障或事件；语义类别：保护动作事件,非因果（归属、分类、检查或建议等）,报告行动/建议,事故案例：大风浪中吊舱推进丧失,MAIB_2026_06_Spirit_of_Discovery_propulsion_loss.pdf,物理第53页；PDF page 53,https://www.gov.uk/maib-reports/loss-of-propulsion-in-heavy-weather-experienced-by-the-passenger-vessel-spirit-of-discovery-leading-to-over-100-injuries-and-one-fatality,shipkg:action:b1b278b9bbdd,ADDRESSES,shipkg:fault:d005e46c6652,edge:553116897a245486,ev:c7e7236b07b0d8d2,4.3
修订进水停机序列并允许船员干预,运维措施,,归属系统,冷却与海水系统,系统,系统层级：功能系统,非因果（归属、分类、检查或建议等）,研究者分类（非因果结论）,,MAIB_2026_06_Spirit_of_Discovery_propulsion_loss.pdf,物理第53页；PDF page 53,https://www.gov.uk/maib-reports/loss-of-propulsion-in-heavy-weather-experienced-by-the-passenger-vessel-spirit-of-discovery-leading-to-over-100-injuries-and-one-fatality,shipkg:action:b1b278b9bbdd,BELONGS_TO_SYSTEM,shipkg:subsystem:512427f592b7,edge:21978167aff599f0,ev:c7e7236b07b0d8d2,4.3
停用故障主机并查明报警原因,运维措施,,归属系统,润滑与轴承系统,系统,系统层级：功能系统,非因果（归属、分类、检查或建议等）,研究者分类（非因果结论）,,MAIB_2018_01_Windcat8_bearing_failure_fire.pdf,物理第11页；PDF page 11,https://assets.publishing.service.gov.uk/government/uploads/system/uploads/attachment_data/file/683922/MAIBInvReport01_2018.pdf,shipkg:action:4a27034a0842,BELONGS_TO_SYSTEM,shipkg:subsystem:d08eaf16cc46,edge:2515eeb0bbfde464,ev:a14d5a0a3ae37d97,4.3
停用故障主机并查明报警原因,运维措施,,归属系统,电力与控制系统,系统,系统层级：功能系统,非因果（归属、分类、检查或建议等）,研究者分类（非因果结论）,,MAIB_2018_01_Windcat8_bearing_failure_fire.pdf,物理第11页；PDF page 11,https://assets.publishing.service.gov.uk/government/uploads/system/uploads/attachment_data/file/683922/MAIBInvReport01_2018.pdf,shipkg:action:4a27034a0842,BELONGS_TO_SYSTEM,shipkg:subsystem:4539c38d0a84,edge:661e4adf58901a1b,ev:a14d5a0a3ae37d97,4.3
加强维修承包商关键步骤监督,运维措施,,应对,在线滑油滤器缺少滤芯,故障,故障层级：具体故障或事件,非因果（归属、分类、检查或建议等）,报告行动/建议,事故案例：滑油滤芯漏装与主机抱轴,MAIB_2013_Safety_Digest_lubrication_bearing_cases.pdf,物理第23页；PDF page 23,https://assets.publishing.service.gov.uk/government/uploads/system/uploads/attachment_data/file/876748/2013-SD2-MAIBSafetyDigest.pdf,shipkg:action:ac5834891dd6,ADDRESSES,shipkg:fault:58d32c38d0ac,edge:6e568339ac75aadd,ev:79bf750178d19ebb,4.3
响应轴承磨损报警并按安全程序降负荷,运维措施,,应对,未响应轴承磨损报警与减速请求,工况与状态,,非因果（归属、分类、检查或建议等）,厂家一般机理/指导（须核对机型）,knowledge:bearing_seizure,MAN_SL2013_569_bearing_wear_monitoring.pdf,物理第2页；PDF page 2,https://www.man-es.com/docs/default-source/service-letters/sl2013-569.pdf,shipkg:action:e96de4e3b16c,ADDRESSES,shipkg:condition:ef7365f4e337,edge:55618ad87e7f249f,ev:b4983f0aef368bd8,4.3
响应轴承磨损报警并按安全程序降负荷,运维措施,,归属系统,润滑与轴承系统,系统,系统层级：功能系统,非因果（归属、分类、检查或建议等）,研究者分类（非因果结论）,,MAN_SL2013_569_bearing_wear_monitoring.pdf,物理第2页；PDF page 2,https://www.man-es.com/docs/default-source/service-letters/sl2013-569.pdf,shipkg:action:e96de4e3b16c,BELONGS_TO_SYSTEM,shipkg:subsystem:d08eaf16cc46,edge:46436a39158d5919,ev:b4983f0aef368bd8,4.3
响应轴承磨损报警并按安全程序降负荷,运维措施,,归属系统,电力与控制系统,系统,系统层级：功能系统,非因果（归属、分类、检查或建议等）,研究者分类（非因果结论）,,MAN_SL2013_569_bearing_wear_monitoring.pdf,物理第2页；PDF page 2,https://www.man-es.com/docs/default-source/service-letters/sl2013-569.pdf,shipkg:action:e96de4e3b16c,BELONGS_TO_SYSTEM,shipkg:subsystem:4539c38d0a84,edge:8d1f645d8b96726b,ev:b4983f0aef368bd8,4.3
在洁净环境装配并整体安装主机,运维措施,,应对,油道残留碎屑,原因,,非因果（归属、分类、检查或建议等）,报告行动/建议,事故案例：主机重装后轴承失效与火灾,MAIB_2018_14_Wight_Sky_engine_bearing_fire.pdf,物理第14页；PDF page 14,https://assets.publishing.service.gov.uk/media/5b5217c7ed915d0b81e003df/MAIBInvReport14_2018.pdf,shipkg:action:752d3ce3e403,ADDRESSES,shipkg:cause:cf3cb78b47cf,edge:928fdefd1642c5c5,ev:c2745665875d9964,4.3
增设可调螺距桨回油旁通止回阀与高压报警,运维措施,,应对,回油管缺少有效超压释放,工况与状态,,非因果（归属、分类、检查或建议等）,报告行动/建议,事故案例：液压背压阀卡滞与火灾,MAIB_2015_22_Pride_of_Canterbury_CPP_hydraulic_fire.pdf,物理第35页；PDF page 35,https://assets.digital.cabinet-office.gov.uk/media/563092daed915d566d000002/MAIBInvReport-22_2015.pdf,shipkg:action:ddf392fcaa6c,ADDRESSES,shipkg:condition:ff505693e52e,edge:6e3d474483542162,ev:53344f366942bb5f,4.3
增设可调螺距桨回油旁通止回阀与高压报警,运维措施,,归属系统,电力与控制系统,系统,系统层级：功能系统,非因果（归属、分类、检查或建议等）,研究者分类（非因果结论）,,MAIB_2015_22_Pride_of_Canterbury_CPP_hydraulic_fire.pdf,物理第35页；PDF page 35,https://assets.digital.cabinet-office.gov.uk/media/563092daed915d566d000002/MAIBInvReport-22_2015.pdf,shipkg:action:ddf392fcaa6c,BELONGS_TO_SYSTEM,shipkg:subsystem:4539c38d0a84,edge:28911275f6448f9f,ev:53344f366942bb5f,4.3
复核联轴器正常与失火工况转矩和热负荷裕量,运维措施,,应对,轴系扭转共振风险,故障,故障层级：具体故障或事件,非因果（归属、分类、检查或建议等）,厂家一般机理/指导（须核对机型）,knowledge:shaft_torsional,STAMFORD_AGN235_torsional_analysis.pdf,物理第7页；PDF page 7,https://www.stamford-avk.com/sites/stamfordavk/files/AGNs/AGN-235_A-Generating-Set-Assembly-Torsional-Vibration-Analysis.pdf,shipkg:action:99ddd7acf595,ADDRESSES,shipkg:fault:f6eb639558ed,edge:3369e57583767edd,ev:40803a19c50fb460,4.3
复核联轴器正常与失火工况转矩和热负荷裕量,运维措施,,归属系统,传动与推进系统,系统,系统层级：功能系统,非因果（归属、分类、检查或建议等）,研究者分类（非因果结论）,,STAMFORD_AGN235_torsional_analysis.pdf,物理第7页；PDF page 7,https://www.stamford-avk.com/sites/stamfordavk/files/AGNs/AGN-235_A-Generating-Set-Assembly-Torsional-Vibration-Analysis.pdf,shipkg:action:99ddd7acf595,BELONGS_TO_SYSTEM,shipkg:subsystem:5e357a568055,edge:182bd991ab0ff1c4,ev:40803a19c50fb460,4.3
定期演练推进失效与恢复,运维措施,,应对,船长不熟悉可调螺距桨备用按钮,工况与状态,,非因果（归属、分类、检查或建议等）,报告行动/建议,事故案例：可调螺距桨倒车响应迟缓与码头碰撞,MAIB_2016_Safety_Digest_generator_oil_fire.pdf,物理第29页；PDF page 29,https://assets.publishing.service.gov.uk/media/5e81e5d2d3bf7f13416961fa/2016-SD1-MAIBSafetyDigest.pdf,shipkg:action:13d66975b925,ADDRESSES,shipkg:condition:a40db02fd2fa,edge:32e8d02a6badd5da,ev:9663fdde50e013ce,4.3
定期演练推进失效与恢复,运维措施,,归属系统,传动与推进系统,系统,系统层级：功能系统,非因果（归属、分类、检查或建议等）,研究者分类（非因果结论）,,MAIB_2016_Safety_Digest_generator_oil_fire.pdf,物理第29页；PDF page 29,https://assets.publishing.service.gov.uk/media/5e81e5d2d3bf7f13416961fa/2016-SD1-MAIBSafetyDigest.pdf,shipkg:action:13d66975b925,BELONGS_TO_SYSTEM,shipkg:subsystem:5e357a568055,edge:ad0651ff8195736f,ev:9663fdde50e013ce,4.3
将螺旋桨出水风险纳入耐波决策,运维措施,,应对,螺旋桨出水,工况与状态,,非因果（归属、分类、检查或建议等）,报告行动/建议,事故案例：大风浪中吊舱推进丧失,MAIB_2026_06_Spirit_of_Discovery_propulsion_loss.pdf,物理第53页；PDF page 53,https://www.gov.uk/maib-reports/loss-of-propulsion-in-heavy-weather-experienced-by-the-passenger-vessel-spirit-of-discovery-leading-to-over-100-injuries-and-one-fatality,shipkg:action:4f7d85454ee0,ADDRESSES,shipkg:condition:2ee58a9a8fad,edge:0454a6feb9b72426,ev:5e9ac17b88449c65,4.3
将螺旋桨出水风险纳入耐波决策,运维措施,,归属系统,传动与推进系统,系统,系统层级：功能系统,非因果（归属、分类、检查或建议等）,研究者分类（非因果结论）,,MAIB_2026_06_Spirit_of_Discovery_propulsion_loss.pdf,物理第53页；PDF page 53,https://www.gov.uk/maib-reports/loss-of-propulsion-in-heavy-weather-experienced-by-the-passenger-vessel-spirit-of-discovery-leading-to-over-100-injuries-and-one-fatality,shipkg:action:4f7d85454ee0,BELONGS_TO_SYSTEM,shipkg:subsystem:5e357a568055,edge:a47e8ddd52a5ad83,ev:5e9ac17b88449c65,4.3
将谐波滤波器纳入关键设备与保护测试,运维措施,,应对,电流不平衡保护失效,故障,故障层级：具体故障或事件,非因果（归属、分类、检查或建议等）,报告行动/建议,事故案例：谐波滤波电容失效与全船失电,MAIB_2011_28_Queen_Mary_2_harmonic_filter_failure.pdf,物理第70页；PDF page 70,https://assets.digital.cabinet-office.gov.uk/media/547c6fa6ed915d4c10000031/QM2Report.pdf,shipkg:action:bb1cd030e27b,ADDRESSES,shipkg:fault:b2aa91be158b,edge:eca2ebb20a238b2d,ev:7ce8bf353caf8467,4.3
将谐波滤波器纳入关键设备与保护测试,运维措施,,归属系统,电力与控制系统,系统,系统层级：功能系统,非因果（归属、分类、检查或建议等）,研究者分类（非因果结论）,,MAIB_2011_28_Queen_Mary_2_harmonic_filter_failure.pdf,物理第70页；PDF page 70,https://assets.digital.cabinet-office.gov.uk/media/547c6fa6ed915d4c10000031/QM2Report.pdf,shipkg:action:bb1cd030e27b,BELONGS_TO_SYSTEM,shipkg:subsystem:4539c38d0a84,edge:69865d5640c42f6d,ev:7ce8bf353caf8467,4.3
开展机舱与驾驶台故障沟通演练,运维措施,,应对,控制空气压力不足,故障,故障层级：具体故障或事件,非因果（归属、分类、检查或建议等）,报告行动/建议,事故案例：控制空气不足与离合器脱开,MAIB_2013_Safety_Digest_lubrication_bearing_cases.pdf,物理第15页；PDF page 15,https://assets.publishing.service.gov.uk/government/uploads/system/uploads/attachment_data/file/876748/2013-SD2-MAIBSafetyDigest.pdf,shipkg:action:94c3bd7ec403,ADDRESSES,shipkg:fault:b6b2c9f08149,edge:53eaab34d6d20632,ev:0f3029c8ff2b1f75,4.3
开展机舱进水应急演练,运维措施,,应对,机舱进水,后果,,非因果（归属、分类、检查或建议等）,依据报告整理的检查建议,事故案例：压载泵检修隔离失效与机舱进水,MAIB_2016_Safety_Digest_generator_oil_fire.pdf,物理第41页；PDF page 41,https://assets.publishing.service.gov.uk/media/5e81e5d2d3bf7f13416961fa/2016-SD1-MAIBSafetyDigest.pdf,shipkg:action:07654f6d6a9b,ADDRESSES,shipkg:consequence:81fff36694d8,edge:ae2eb26a66f96065,ev:0e5aaddc8a474eee,4.3
开展机舱进水应急演练,运维措施,,归属系统,冷却与海水系统,系统,系统层级：功能系统,非因果（归属、分类、检查或建议等）,研究者分类（非因果结论）,,MAIB_2016_Safety_Digest_generator_oil_fire.pdf,物理第41页；PDF page 41,https://assets.publishing.service.gov.uk/media/5e81e5d2d3bf7f13416961fa/2016-SD1-MAIBSafetyDigest.pdf,shipkg:action:07654f6d6a9b,BELONGS_TO_SYSTEM,shipkg:subsystem:512427f592b7,edge:8ce528e23e798dde,ev:0e5aaddc8a474eee,4.3
按制造商工艺更换活塞销轴套,运维措施,,应对,连杆小端轴套更换产生应力集中,原因,,非因果（归属、分类、检查或建议等）,依据报告整理的检查建议,事故案例：主机连杆小端疲劳断裂,MAIB_2021_02_Finlandia_Seaways_connecting_rod_failure.pdf,物理第56页；PDF page 56,https://www.gov.uk/maib-reports/engine-failure-and-subsequent-fire-on-ro-ro-cargo-vessel-finlandia-seaways-with-1-person-injured,shipkg:action:642ddc0bd6c5,ADDRESSES,shipkg:cause:29f8307f5eed,edge:44e25149b87dbc84,ev:c4dfa47c81f2ebb5,4.3
按厂商通告更换背压阀,运维措施,,应对,可调螺距桨背压阀磨损卡滞,故障,故障层级：具体故障或事件,非因果（归属、分类、检查或建议等）,报告行动/建议,事故案例：液压背压阀卡滞与火灾,MAIB_2015_22_Pride_of_Canterbury_CPP_hydraulic_fire.pdf,物理第35页；PDF page 35,https://assets.digital.cabinet-office.gov.uk/media/563092daed915d566d000002/MAIBInvReport-22_2015.pdf,shipkg:action:b6c45b2c3ead,ADDRESSES,shipkg:fault:1e5a23a200ad,edge:409d388d1040602f,ev:51d27e03785728b6,4.3
按厂家程序及时降负荷并核查气缸润滑,运维措施,,应对,缸套黏着拉伤,故障,故障层级：具体故障或事件,非因果（归属、分类、检查或建议等）,厂家一般机理/指导（须核对机型）,knowledge:liner_scuffing,MAN_SL2016_633_piston_rings_scuffing.pdf,物理第2页；PDF page 2,https://www.man-es.com/docs/default-source/service-letters/sl2016-633.pdf,shipkg:action:41ba1c42b3a5,ADDRESSES,shipkg:fault:2c6822dc16f4,edge:289600202fa8e15f,ev:3a5709969bdeb786,4.3
按厂家程序及时降负荷并核查气缸润滑,运维措施,,归属系统,润滑与轴承系统,系统,系统层级：功能系统,非因果（归属、分类、检查或建议等）,研究者分类（非因果结论）,,MAN_SL2016_633_piston_rings_scuffing.pdf,物理第2页；PDF page 2,https://www.man-es.com/docs/default-source/service-letters/sl2016-633.pdf,shipkg:action:41ba1c42b3a5,BELONGS_TO_SYSTEM,shipkg:subsystem:d08eaf16cc46,edge:5c74aefae22db584,ev:3a5709969bdeb786,4.3
按原厂服务程序维护可调螺距桨执行器,运维措施,,应对,联轴器紧定螺钉缺少锁固措施,原因,,非因果（归属、分类、检查或建议等）,报告行动/建议,knowledge:coupling_failure,MAIB_2017_20_Hebrides_CPP_coupling.pdf,物理第36页；PDF page 36,https://assets.publishing.service.gov.uk/media/59b7ab1c40f0b61231e71a54/MAIBInvReport20_2017.pdf,shipkg:action:2cd7b4f4bdb0,ADDRESSES,shipkg:cause:9b5341f924b9,edge:97af6394e4396fab,ev:de520bd4ed098df8,4.3
按本机手册处理冷却水并定期送检,运维措施,,应对,冷却水水质或处理不当,原因,,非因果（归属、分类、检查或建议等）,厂家一般机理/指导（须核对机型）,knowledge:coolant_blockage,MAN_SL2016_623_cooling_water.pdf,物理第3页；PDF page 3,https://www.man-es.com/docs/default-source/service-letters/sl2016-623.pdf,shipkg:action:6234e02eed7e,ADDRESSES,shipkg:cause:c5d7e29b6c94,edge:a27bb92457b32e1d,ev:63871ec3ef77a2d6,4.3
按本机手册处理冷却水并定期送检,运维措施,,归属系统,冷却与海水系统,系统,系统层级：功能系统,非因果（归属、分类、检查或建议等）,研究者分类（非因果结论）,,MAN_SL2016_623_cooling_water.pdf,物理第3页；PDF page 3,https://www.man-es.com/docs/default-source/service-letters/sl2016-623.pdf,shipkg:action:6234e02eed7e,BELONGS_TO_SYSTEM,shipkg:subsystem:512427f592b7,edge:ad71a8b71651510c,ev:63871ec3ef77a2d6,4.3
按本机手册处理潮湿污染并验证绝缘,运维措施,,应对,绕组表面潮湿或污染,工况与状态,,非因果（归属、分类、检查或建议等）,厂家一般机理/指导（须核对机型）,knowledge:winding_insulation,STAMFORD_AGN040_winding_insulation.pdf,物理第6页；PDF page 6,https://www.stamford-avk.com/sites/stamfordavk/files/AGNs/AGN-040_E-Winding-Insulation-System.pdf,shipkg:action:1487f0a35cfe,ADDRESSES,shipkg:condition:06d3b90c2d7b,edge:7a08f11e0d0dd1e5,ev:245f0a658820c70a,4.3
按机型与燃料选择气缸油并检查缸况,运维措施,,应对,缸套油膜难以维持,工况与状态,,非因果（归属、分类、检查或建议等）,厂家一般机理/指导（须核对机型）,knowledge:liner_scuffing,MAN_SL2023_737_cylinder_lubrication.pdf,物理第1页；PDF page 1,https://www.man-es.com/docs/default-source/service-letters/sl2023-737.pdf,shipkg:action:130ca8701fd4,ADDRESSES,shipkg:condition:9b800c18cd13,edge:b12fa35e7b3df7cf,ev:76ff74dc44b9f086,4.3
按机型维护计划补脂并复核联轴器重量,运维措施,,应对,轴承润滑脂不足或对中不良,工况与状态,,非因果（归属、分类、检查或建议等）,厂家一般机理/指导（须核对机型）,knowledge:generator_bearing_wear,STAMFORD_AGN039_marine_shaft_generators.pdf,物理第2页；PDF page 2,https://www.stamford-avk.com/sites/stamfordavk/files/AGNs/AGN-039_C-Marine-Shaft-Generators.pdf,shipkg:action:feb3b27e10a6,ADDRESSES,shipkg:condition:5b302d0da57d,edge:2eb61f2c2d236b6f,ev:e409b2a83322445c,4.3
按机型维护计划补脂并复核联轴器重量,运维措施,,归属系统,传动与推进系统,系统,系统层级：功能系统,非因果（归属、分类、检查或建议等）,研究者分类（非因果结论）,,STAMFORD_AGN039_marine_shaft_generators.pdf,物理第2页；PDF page 2,https://www.stamford-avk.com/sites/stamfordavk/files/AGNs/AGN-039_C-Marine-Shaft-Generators.pdf,shipkg:action:feb3b27e10a6,BELONGS_TO_SYSTEM,shipkg:subsystem:5e357a568055,edge:9146b6f94e46a8f0,ev:e409b2a83322445c,4.3
按构型复核联轴器补偿与减振能力,运维措施,,应对,轴带发电机与齿轮箱对中失准,工况与状态,,非因果（归属、分类、检查或建议等）,厂家一般机理/指导（须核对机型）,knowledge:shaft_generator_alignment,STAMFORD_AGN039_marine_shaft_generators.pdf,物理第2页；PDF page 2,https://www.stamford-avk.com/sites/stamfordavk/files/AGNs/AGN-039_C-Marine-Shaft-Generators.pdf,shipkg:action:acaa49cd0860,ADDRESSES,shipkg:condition:37396a158a92,edge:708d20013395c142,ev:2bfc3c9a35fee950,4.3
按构型复核联轴器补偿与减振能力,运维措施,,归属系统,传动与推进系统,系统,系统层级：功能系统,非因果（归属、分类、检查或建议等）,研究者分类（非因果结论）,,STAMFORD_AGN039_marine_shaft_generators.pdf,物理第2页；PDF page 2,https://www.stamford-avk.com/sites/stamfordavk/files/AGNs/AGN-039_C-Marine-Shaft-Generators.pdf,shipkg:action:acaa49cd0860,BELONGS_TO_SYSTEM,shipkg:subsystem:5e357a568055,edge:69f25b42e8824a1b,ev:2bfc3c9a35fee950,4.3
按适用机型维护接地刷与绝缘轴承,运维措施,,应对,轴电流通过滚动轴承,工况与状态,,非因果（归属、分类、检查或建议等）,厂家一般机理/指导（须核对机型）,knowledge:bearing_electrical_erosion,STAMFORD_AGN033_bearing_currents.pdf,物理第3页；PDF page 3,https://www.stamford-avk.com/sites/stamfordavk/files/AGNs/AGN-033_C-Shaft-Bearing-Currents.pdf,shipkg:action:9444999ad903,ADDRESSES,shipkg:condition:3516d66bca42,edge:a24644858449eba9,ev:8552d0e3f49eb3e2,4.3
按适用机型维护接地刷与绝缘轴承,运维措施,,归属系统,润滑与轴承系统,系统,系统层级：功能系统,非因果（归属、分类、检查或建议等）,研究者分类（非因果结论）,,STAMFORD_AGN033_bearing_currents.pdf,物理第3页；PDF page 3,https://www.stamford-avk.com/sites/stamfordavk/files/AGNs/AGN-033_C-Shaft-Bearing-Currents.pdf,shipkg:action:9444999ad903,BELONGS_TO_SYSTEM,shipkg:subsystem:d08eaf16cc46,edge:11a7913eaebee94d,ev:8552d0e3f49eb3e2,4.3
推进安全按钮设置防误操作保护,运维措施,,应对,调光与推进安全按钮相邻相似,工况与状态,,非因果（归属、分类、检查或建议等）,报告行动/建议,事故案例：误选可调螺距桨备用模式与泊位碰撞,MAIB_2016_Safety_Digest_generator_oil_fire.pdf,物理第21页；PDF page 21,https://assets.publishing.service.gov.uk/media/5e81e5d2d3bf7f13416961fa/2016-SD1-MAIBSafetyDigest.pdf,shipkg:action:8f48968a672d,ADDRESSES,shipkg:condition:7647f12090ef,edge:bdee44f5e88dfa56,ev:43a7cad5a93294eb,4.3
推进安全按钮设置防误操作保护,运维措施,,归属系统,传动与推进系统,系统,系统层级：功能系统,非因果（归属、分类、检查或建议等）,研究者分类（非因果结论）,,MAIB_2016_Safety_Digest_generator_oil_fire.pdf,物理第21页；PDF page 21,https://assets.publishing.service.gov.uk/media/5e81e5d2d3bf7f13416961fa/2016-SD1-MAIBSafetyDigest.pdf,shipkg:action:8f48968a672d,BELONGS_TO_SYSTEM,shipkg:subsystem:5e357a568055,edge:a2d70b3a4c506cc8,ev:43a7cad5a93294eb,4.3
推进安全按钮设置防误操作保护,运维措施,,归属系统,电力与控制系统,系统,系统层级：功能系统,非因果（归属、分类、检查或建议等）,研究者分类（非因果结论）,,MAIB_2016_Safety_Digest_generator_oil_fire.pdf,物理第21页；PDF page 21,https://assets.publishing.service.gov.uk/media/5e81e5d2d3bf7f13416961fa/2016-SD1-MAIBSafetyDigest.pdf,shipkg:action:8f48968a672d,BELONGS_TO_SYSTEM,shipkg:subsystem:4539c38d0a84,edge:28523785c507e158,ev:43a7cad5a93294eb,4.3
改装ME3四螺钉燃油法兰,运维措施,,应对,未完成厂商四螺钉法兰改造,工况与状态,,非因果（归属、分类、检查或建议等）,报告行动/建议,事故案例：燃油法兰松动与主机火灾,MAIB_2024_20_Stena_Europe_fuel_spray_fire.pdf,物理第31页；PDF page 31,https://assets.publishing.service.gov.uk/media/6756db0ba63e1781efb87793/2024-20-StenaEurope.pdf,shipkg:action:4578c5b2c727,ADDRESSES,shipkg:condition:ef4f2a093081,edge:9feaba867481f006,ev:1ba466d574203869,4.3
改装ME3四螺钉燃油法兰,运维措施,,归属系统,燃油与进排气系统,系统,系统层级：功能系统,非因果（归属、分类、检查或建议等）,研究者分类（非因果结论）,,MAIB_2024_20_Stena_Europe_fuel_spray_fire.pdf,物理第31页；PDF page 31,https://assets.publishing.service.gov.uk/media/6756db0ba63e1781efb87793/2024-20-StenaEurope.pdf,shipkg:action:4578c5b2c727,BELONGS_TO_SYSTEM,shipkg:subsystem:52e7560c8465,edge:e1b95b1cc02cad1e,ev:1ba466d574203869,4.3
改进吊舱舱底传感器布置,运维措施,,应对,吊舱舱底传感器位置偏低,工况与状态,,非因果（归属、分类、检查或建议等）,报告行动/建议,事故案例：大风浪中吊舱推进丧失,MAIB_2026_06_Spirit_of_Discovery_propulsion_loss.pdf,物理第53页；PDF page 53,https://www.gov.uk/maib-reports/loss-of-propulsion-in-heavy-weather-experienced-by-the-passenger-vessel-spirit-of-discovery-leading-to-over-100-injuries-and-one-fatality,shipkg:action:b39684450af7,ADDRESSES,shipkg:condition:7fb8a1a33328,edge:3ce6740666ac6746,ev:808bd8d1dd9e51f9,4.3
改进吊舱舱底传感器布置,运维措施,,归属系统,冷却与海水系统,系统,系统层级：功能系统,非因果（归属、分类、检查或建议等）,研究者分类（非因果结论）,,MAIB_2026_06_Spirit_of_Discovery_propulsion_loss.pdf,物理第53页；PDF page 53,https://www.gov.uk/maib-reports/loss-of-propulsion-in-heavy-weather-experienced-by-the-passenger-vessel-spirit-of-discovery-leading-to-over-100-injuries-and-one-fatality,shipkg:action:b39684450af7,BELONGS_TO_SYSTEM,shipkg:subsystem:512427f592b7,edge:95708c3b0b215737,ev:808bd8d1dd9e51f9,4.3
更换改进设计的滤波电容,运维措施,,应对,谐波滤波电容退化,故障,故障层级：具体故障或事件；语义类别：性能退化,非因果（归属、分类、检查或建议等）,报告行动/建议,事故案例：谐波滤波电容失效与全船失电,MAIB_2011_28_Queen_Mary_2_harmonic_filter_failure.pdf,物理第70页；PDF page 70,https://assets.digital.cabinet-office.gov.uk/media/547c6fa6ed915d4c10000031/QM2Report.pdf,shipkg:action:04317a406bca,ADDRESSES,shipkg:fault:5737f3610967,edge:ff7e18df79deaa60,ev:54970b12e1896794,4.3
更换改进设计的滤波电容,运维措施,,归属系统,电力与控制系统,系统,系统层级：功能系统,非因果（归属、分类、检查或建议等）,研究者分类（非因果结论）,,MAIB_2011_28_Queen_Mary_2_harmonic_filter_failure.pdf,物理第70页；PDF page 70,https://assets.digital.cabinet-office.gov.uk/media/547c6fa6ed915d4c10000031/QM2Report.pdf,shipkg:action:04317a406bca,BELONGS_TO_SYSTEM,shipkg:subsystem:4539c38d0a84,edge:7c6f4f5491f19900,ev:54970b12e1896794,4.3
机舱及时通报推进控制异常,运维措施,,应对,误选CPP备用控制模式,故障,故障层级：具体故障或事件,非因果（归属、分类、检查或建议等）,报告行动/建议,事故案例：误选可调螺距桨备用模式与泊位碰撞,MAIB_2016_Safety_Digest_generator_oil_fire.pdf,物理第21页；PDF page 21,https://assets.publishing.service.gov.uk/media/5e81e5d2d3bf7f13416961fa/2016-SD1-MAIBSafetyDigest.pdf,shipkg:action:2c60146dc1a8,ADDRESSES,shipkg:fault:f078b5a27275,edge:398a63bbaabc8093,ev:74d39332305ecab7,4.3
机舱及时通报推进控制异常,运维措施,,归属系统,传动与推进系统,系统,系统层级：功能系统,非因果（归属、分类、检查或建议等）,研究者分类（非因果结论）,,MAIB_2016_Safety_Digest_generator_oil_fire.pdf,物理第21页；PDF page 21,https://assets.publishing.service.gov.uk/media/5e81e5d2d3bf7f13416961fa/2016-SD1-MAIBSafetyDigest.pdf,shipkg:action:2c60146dc1a8,BELONGS_TO_SYSTEM,shipkg:subsystem:5e357a568055,edge:a5ac50def4138319,ev:74d39332305ecab7,4.3
机舱及时通报推进控制异常,运维措施,,归属系统,电力与控制系统,系统,系统层级：功能系统,非因果（归属、分类、检查或建议等）,研究者分类（非因果结论）,,MAIB_2016_Safety_Digest_generator_oil_fire.pdf,物理第21页；PDF page 21,https://assets.publishing.service.gov.uk/media/5e81e5d2d3bf7f13416961fa/2016-SD1-MAIBSafetyDigest.pdf,shipkg:action:2c60146dc1a8,BELONGS_TO_SYSTEM,shipkg:subsystem:4539c38d0a84,edge:2cfbb8e405ad3549,ev:74d39332305ecab7,4.3
核查可调螺距桨法兰额定压力与喷溅防护,运维措施,,应对,回油法兰未设喷溅保护,工况与状态,,非因果（归属、分类、检查或建议等）,报告行动/建议,事故案例：液压背压阀卡滞与火灾,MAIB_2015_22_Pride_of_Canterbury_CPP_hydraulic_fire.pdf,物理第35页；PDF page 35,https://assets.digital.cabinet-office.gov.uk/media/563092daed915d566d000002/MAIBInvReport-22_2015.pdf,shipkg:action:ee6e6a9b5e59,ADDRESSES,shipkg:condition:37dbebf86df6,edge:0ebd147fa57af7fb,ev:10c92776735ce916,4.3
核验润滑油质量并按厂家规格选油,运维措施,来源可靠性层级：二次语料；专家核验状态：待核验；知识层级：二次中文语料知识；适用范围：二次转载文章，船舶/原始报告身份未核实；不计入正式事故案例,语料记载·应对,润滑油质量不符合要求,原因,来源可靠性层级：二次语料；专家核验状态：待核验；知识层级：二次中文语料知识；适用范围：二次转载文章，船舶/原始报告身份未核实；不计入正式事故案例,非因果（归属、分类、检查或建议等）,中文二次语料记载（原文核对，待专家确认）,corpus:a4dd6412481f,marine_diesel_RAG_corpus_All_data.zip,train/油品课堂第六讲某船使用假冒润滑油导致主机烧瓦事故案例.md:normalized_chars=1030:1048,https://zenodo.org/records/20258638,shipkg:action:9ab5f7b43951,ADDRESSES,shipkg:cause:fa8278a58b01,edge:de80b88523dea546,ev:68e442e6761084d0,4.3
检修前泄压并控制法兰拆开幅度,运维措施,,应对,未核对阀位即拆进口法兰,工况与状态,,非因果（归属、分类、检查或建议等）,报告行动/建议,事故案例：压载泵检修隔离失效与机舱进水,MAIB_2016_Safety_Digest_generator_oil_fire.pdf,物理第41页；PDF page 41,https://assets.publishing.service.gov.uk/media/5e81e5d2d3bf7f13416961fa/2016-SD1-MAIBSafetyDigest.pdf,shipkg:action:84a87c035a24,ADDRESSES,shipkg:condition:b290b6459200,edge:f21af884f7354745,ev:d1a2571c248baad4,4.3
检修前泄压并控制法兰拆开幅度,运维措施,,归属系统,电力与控制系统,系统,系统层级：功能系统,非因果（归属、分类、检查或建议等）,研究者分类（非因果结论）,,MAIB_2016_Safety_Digest_generator_oil_fire.pdf,物理第41页；PDF page 41,https://assets.publishing.service.gov.uk/media/5e81e5d2d3bf7f13416961fa/2016-SD1-MAIBSafetyDigest.pdf,shipkg:action:84a87c035a24,BELONGS_TO_SYSTEM,shipkg:subsystem:4539c38d0a84,edge:f609ab43aaccb8c6,ev:d1a2571c248baad4,4.3
检修后核验堵头紧固与排气保温,运维措施,,应对,排气管未恢复保温,故障,故障层级：具体故障或事件,非因果（归属、分类、检查或建议等）,依据报告整理的检查建议,事故案例：发电机滑油泵堵头松脱火灾,MAIB_2016_Safety_Digest_generator_oil_fire.pdf,物理第26页；PDF page 26,https://assets.publishing.service.gov.uk/media/5e81e5d2d3bf7f13416961fa/2016-SD1-MAIBSafetyDigest.pdf,shipkg:action:32b0fb5f9f2b,ADDRESSES,shipkg:fault:020786dc9fd0,edge:0b8703d6f397cc5d,ev:e9d71048b791d31a,4.3
检修后核验堵头紧固与排气保温,运维措施,,归属系统,传动与推进系统,系统,系统层级：功能系统,非因果（归属、分类、检查或建议等）,研究者分类（非因果结论）,,MAIB_2016_Safety_Digest_generator_oil_fire.pdf,物理第26页；PDF page 26,https://assets.publishing.service.gov.uk/media/5e81e5d2d3bf7f13416961fa/2016-SD1-MAIBSafetyDigest.pdf,shipkg:action:32b0fb5f9f2b,BELONGS_TO_SYSTEM,shipkg:subsystem:5e357a568055,edge:0733b8d1b06e876a,ev:e9d71048b791d31a,4.3
检修后核验堵头紧固与排气保温,运维措施,,归属系统,燃油与进排气系统,系统,系统层级：功能系统,非因果（归属、分类、检查或建议等）,研究者分类（非因果结论）,,MAIB_2016_Safety_Digest_generator_oil_fire.pdf,物理第26页；PDF page 26,https://assets.publishing.service.gov.uk/media/5e81e5d2d3bf7f13416961fa/2016-SD1-MAIBSafetyDigest.pdf,shipkg:action:32b0fb5f9f2b,BELONGS_TO_SYSTEM,shipkg:subsystem:52e7560c8465,edge:d0b9c5868e5c79de,ev:e9d71048b791d31a,4.3
检查其余机组非原厂轴承并计划更换,运维措施,,应对,装入非原厂轴承,工况与状态,,非因果（归属、分类、检查或建议等）,报告行动/建议,事故案例：DG1发电机故障与失电,MAIB_2026_10_Kommandor_Susan_generator_bearing_failure.pdf,物理第6页；PDF page 6,https://www.gov.uk/maib-reports/catastrophic-engine-failure-and-subsequent-fire-on-board-the-site-investigation-vessel-kommandor-susan,shipkg:action:984af3c3d6c8,ADDRESSES,shipkg:condition:6fa538170906,edge:66cbe293a1e6d6cb,ev:1b6ee0d38c733128,4.3
检查其余机组非原厂轴承并计划更换,运维措施,,归属系统,润滑与轴承系统,系统,系统层级：功能系统,非因果（归属、分类、检查或建议等）,研究者分类（非因果结论）,,MAIB_2026_10_Kommandor_Susan_generator_bearing_failure.pdf,物理第6页；PDF page 6,https://www.gov.uk/maib-reports/catastrophic-engine-failure-and-subsequent-fire-on-board-the-site-investigation-vessel-kommandor-susan,shipkg:action:984af3c3d6c8,BELONGS_TO_SYSTEM,shipkg:subsystem:d08eaf16cc46,edge:dca7b47fea947659,ev:1b6ee0d38c733128,4.3
检查其余机组非原厂轴承并计划更换,运维措施,,归属系统,电力与控制系统,系统,系统层级：功能系统,非因果（归属、分类、检查或建议等）,研究者分类（非因果结论）,,MAIB_2026_10_Kommandor_Susan_generator_bearing_failure.pdf,物理第6页；PDF page 6,https://www.gov.uk/maib-reports/catastrophic-engine-failure-and-subsequent-fire-on-board-the-site-investigation-vessel-kommandor-susan,shipkg:action:984af3c3d6c8,BELONGS_TO_SYSTEM,shipkg:subsystem:4539c38d0a84,edge:d712e0bcd64b4b1f,ev:1b6ee0d38c733128,4.3
油雾报警后尽快停机检查,运维措施,,应对,油雾探测器反复报警,症状,,非因果（归属、分类、检查或建议等）,报告行动/建议,事故案例：滑油滤芯漏装与主机抱轴,MAIB_2013_Safety_Digest_lubrication_bearing_cases.pdf,物理第23页；PDF page 23,https://assets.publishing.service.gov.uk/government/uploads/system/uploads/attachment_data/file/876748/2013-SD2-MAIBSafetyDigest.pdf,shipkg:action:d556abb4fcfa,ADDRESSES,shipkg:symptom:ea2cdd59ea5c,edge:bd5d656cddbd9203,ev:dee08b2e20581c60,4.3
油雾报警后尽快停机检查,运维措施,,归属系统,润滑与轴承系统,系统,系统层级：功能系统,非因果（归属、分类、检查或建议等）,研究者分类（非因果结论）,,MAIB_2013_Safety_Digest_lubrication_bearing_cases.pdf,物理第23页；PDF page 23,https://assets.publishing.service.gov.uk/government/uploads/system/uploads/attachment_data/file/876748/2013-SD2-MAIBSafetyDigest.pdf,shipkg:action:d556abb4fcfa,BELONGS_TO_SYSTEM,shipkg:subsystem:d08eaf16cc46,edge:b00fc5b7a5b9b248,ev:dee08b2e20581c60,4.3
油雾报警后尽快停机检查,运维措施,,归属系统,电力与控制系统,系统,系统层级：功能系统,非因果（归属、分类、检查或建议等）,研究者分类（非因果结论）,,MAIB_2013_Safety_Digest_lubrication_bearing_cases.pdf,物理第23页；PDF page 23,https://assets.publishing.service.gov.uk/government/uploads/system/uploads/attachment_data/file/876748/2013-SD2-MAIBSafetyDigest.pdf,shipkg:action:d556abb4fcfa,BELONGS_TO_SYSTEM,shipkg:subsystem:4539c38d0a84,edge:e397399f38296bd2,ev:dee08b2e20581c60,4.3
由合格人员修复检验确认的空压机冷却器渗漏,运维措施,来源可靠性层级：二次语料；专家核验状态：待核验；知识层级：二次中文语料知识；适用范围：文中共享中央淡水冷却回路；须核对本船空压机冷却器与副机回路连接,语料记载·应对,空压机高压冷却器渗漏,故障,来源可靠性层级：二次语料；专家核验状态：待核验；故障层级：事件/状态；知识层级：二次中文语料知识；适用范围：文中共享中央淡水冷却回路；须核对本船空压机冷却器与副机回路连接,非因果（归属、分类、检查或建议等）,中文二次语料记载（原文核对，待专家确认）,corpus:3fc204fbafaf,marine_diesel_RAG_corpus_All_data.zip,test/船机帮一起副机冷却水失压停车故障的处理和原因分析.md:normalized_chars=2659:2683,https://zenodo.org/records/20258638,shipkg:action:39c3856aab87,ADDRESSES,shipkg:fault:2dae085915ff,edge:e48b6e7df7699f1d,ev:95be0e10b1cf4a14,4.3
确认减振器故障后按厂家程序更换,运维措施,,应对,曲轴扭振减振器失效,故障,故障层级：具体故障或事件,非因果（归属、分类、检查或建议等）,厂家一般机理/指导（须核对机型）,knowledge:damper_failure,MAN_SL2017_654_torsional_damper.pdf,物理第1页；PDF page 1,https://www.man-es.com/docs/default-source/service-letters/sl2017-654.pdf,shipkg:action:9b0a2bc57f23,ADDRESSES,shipkg:fault:655f841ec7d0,edge:91f42e33606379da,ev:222a60daefcc64e4,4.3
维持厂家要求的扫气冷却器水流量,运维措施,,应对,扫气空气冷却器水流量过低,工况与状态,,非因果（归属、分类、检查或建议等）,厂家一般机理/指导（须核对机型）,knowledge:cooling_cavitation,MAN_main_engine_auxiliary_efficiency.pdf,物理第11页；PDF page 11,https://www.man-es.com/docs/default-source/document-sync/efficiency-improvements-main-engine-auxiliary-systems-eng.pdf,shipkg:action:b12de133c87b,ADDRESSES,shipkg:condition:0abf74811b34,edge:67361dcd9843664b,ev:a4b9b5883574eb17,4.3
维持厂家要求的扫气冷却器水流量,运维措施,,归属系统,冷却与海水系统,系统,系统层级：功能系统,非因果（归属、分类、检查或建议等）,研究者分类（非因果结论）,,MAN_main_engine_auxiliary_efficiency.pdf,物理第11页；PDF page 11,https://www.man-es.com/docs/default-source/document-sync/efficiency-improvements-main-engine-auxiliary-systems-eng.pdf,shipkg:action:b12de133c87b,BELONGS_TO_SYSTEM,shipkg:subsystem:512427f592b7,edge:7d9932de9b46d82c,ev:a4b9b5883574eb17,4.3
航行中保持驾驶台值守与报警响应,运维措施,,应对,驾驶台无人导致舱底报警漏察,工况与状态,,非因果（归属、分类、检查或建议等）,报告行动/建议,事故案例：海水冷却管疑似失效与沉没,MAIB_2016_Safety_Digest_generator_oil_fire.pdf,物理第60页；PDF page 60,https://assets.publishing.service.gov.uk/media/5e81e5d2d3bf7f13416961fa/2016-SD1-MAIBSafetyDigest.pdf,shipkg:action:f1e90ec0f59b,ADDRESSES,shipkg:condition:133adfa97595,edge:22a9360b80506f14,ev:6d6d03a1efd0d418,4.3
航行中保持驾驶台值守与报警响应,运维措施,,归属系统,电力与控制系统,系统,系统层级：功能系统,非因果（归属、分类、检查或建议等）,研究者分类（非因果结论）,,MAIB_2016_Safety_Digest_generator_oil_fire.pdf,物理第60页；PDF page 60,https://assets.publishing.service.gov.uk/media/5e81e5d2d3bf7f13416961fa/2016-SD1-MAIBSafetyDigest.pdf,shipkg:action:f1e90ec0f59b,BELONGS_TO_SYSTEM,shipkg:subsystem:4539c38d0a84,edge:71a5f51eb252d20d,ev:6d6d03a1efd0d418,4.3
船员停止主机与发电机,运维措施,,归属系统,电力与控制系统,系统,系统层级：功能系统,非因果（归属、分类、检查或建议等）,研究者分类（非因果结论）,,MAIB_2016_Safety_Digest_generator_oil_fire.pdf,物理第40页；PDF page 40,https://assets.publishing.service.gov.uk/media/5e81e5d2d3bf7f13416961fa/2016-SD1-MAIBSafetyDigest.pdf,shipkg:action:fa948d692647,BELONGS_TO_SYSTEM,shipkg:subsystem:4539c38d0a84,edge:cab1dcb305214f67,ev:7331136605690ccd,4.3
规范收集处置含油废物,运维措施,,应对,油污抹布遗留在歧管上方,工况与状态,,非因果（归属、分类、检查或建议等）,报告行动/建议,事故案例：油抹布落至排气歧管起火,MAIB_2013_Safety_Digest_lubrication_bearing_cases.pdf,物理第42页；PDF page 42,https://assets.publishing.service.gov.uk/government/uploads/system/uploads/attachment_data/file/876748/2013-SD2-MAIBSafetyDigest.pdf,shipkg:action:1b28685e1f2a,ADDRESSES,shipkg:condition:d96dbed6a05c,edge:5c7193e49d3dd98f,ev:59fee15f97a89579,4.3
追踪缺陷记录与厂家技术通告,运维措施,,应对,反复燃油漏泄未完整报告,工况与状态,,非因果（归属、分类、检查或建议等）,报告行动/建议,事故案例：燃油法兰松动与主机火灾,MAIB_2024_20_Stena_Europe_fuel_spray_fire.pdf,物理第31页；PDF page 31,https://assets.publishing.service.gov.uk/media/6756db0ba63e1781efb87793/2024-20-StenaEurope.pdf,shipkg:action:f8d140a40b2e,ADDRESSES,shipkg:condition:4ae93bca9f29,edge:c3dbff76d985212b,ev:27210f9a269e08cf,4.3
隔离滑油泄漏来源,运维措施,,应对,压力滑油喷漏,故障,故障层级：具体故障或事件,非因果（归属、分类、检查或建议等）,报告行动/建议,事故案例：发电机滑油泵堵头松脱火灾,MAIB_2016_Safety_Digest_generator_oil_fire.pdf,物理第26页；PDF page 26,https://assets.publishing.service.gov.uk/media/5e81e5d2d3bf7f13416961fa/2016-SD1-MAIBSafetyDigest.pdf,shipkg:action:fa72ffe2b82b,ADDRESSES,shipkg:fault:d26785dacafa,edge:85b1eb68a212e8fc,ev:05847d350f09dacc,4.3
隔离滑油泄漏来源,运维措施,,归属系统,润滑与轴承系统,系统,系统层级：功能系统,非因果（归属、分类、检查或建议等）,研究者分类（非因果结论）,,MAIB_2016_Safety_Digest_generator_oil_fire.pdf,物理第26页；PDF page 26,https://assets.publishing.service.gov.uk/media/5e81e5d2d3bf7f13416961fa/2016-SD1-MAIBSafetyDigest.pdf,shipkg:action:fa72ffe2b82b,BELONGS_TO_SYSTEM,shipkg:subsystem:d08eaf16cc46,edge:08c55eccde19b0f8,ev:05847d350f09dacc,4.3
DG1柴油发电机,设备,,归属系统,传动与推进系统,系统,系统层级：功能系统,非因果（归属、分类、检查或建议等）,研究者分类（非因果结论）,,MAIB_2026_10_Kommandor_Susan_generator_bearing_failure.pdf,物理第1页；PDF page 1,https://www.gov.uk/maib-reports/catastrophic-engine-failure-and-subsequent-fire-on-board-the-site-investigation-vessel-kommandor-susan,shipkg:equipment:49d861a78ba3,BELONGS_TO_SYSTEM,shipkg:subsystem:5e357a568055,edge:3e450e4db3f00f95,ev:01f3913bd9c46899,4.3
DG1柴油发电机,设备,,归属系统,电力与控制系统,系统,系统层级：功能系统,非因果（归属、分类、检查或建议等）,研究者分类（非因果结论）,,MAIB_2026_10_Kommandor_Susan_generator_bearing_failure.pdf,物理第1页；PDF page 1,https://www.gov.uk/maib-reports/catastrophic-engine-failure-and-subsequent-fire-on-board-the-site-investigation-vessel-kommandor-susan,shipkg:equipment:49d861a78ba3,BELONGS_TO_SYSTEM,shipkg:subsystem:4539c38d0a84,edge:71eeaf54c870a897,ev:01f3913bd9c46899,4.3
DG1柴油发电机,设备,,包含部件,DG1 5号连杆大端轴瓦,部件,,非因果（归属、分类、检查或建议等）,报告明确记载,事故案例：DG1发电机故障与失电,MAIB_2026_10_Kommandor_Susan_generator_bearing_failure.pdf,物理第5页；PDF page 5,https://www.gov.uk/maib-reports/catastrophic-engine-failure-and-subsequent-fire-on-board-the-site-investigation-vessel-kommandor-susan,shipkg:equipment:49d861a78ba3,HAS_COMPONENT,shipkg:component:8052e7754d5f,edge:ae255bc80cc879b8,ev:e32631e4946436ab,4.3
ME2主机,设备,,归属系统,传动与推进系统,系统,系统层级：功能系统,非因果（归属、分类、检查或建议等）,研究者分类（非因果结论）,,MAIB_2022_04_Wight_Sky_multiple_engine_failures.pdf,物理第84页；PDF page 84,https://assets.publishing.service.gov.uk/media/6267cc85e90e071690c1b679/2022-4-WightSky-Report.pdf,shipkg:equipment:61cd855f5970,BELONGS_TO_SYSTEM,shipkg:subsystem:5e357a568055,edge:fdfcfa912161d0f0,ev:0b7a42308cc8b6cc,4.3
ME2主机,设备,,包含部件,ME2 5号主轴承,部件,,非因果（归属、分类、检查或建议等）,报告明确记载,事故案例：ME2主轴承断油失效,MAIB_2022_04_Wight_Sky_multiple_engine_failures.pdf,物理第84页；PDF page 84,https://assets.publishing.service.gov.uk/media/6267cc85e90e071690c1b679/2022-4-WightSky-Report.pdf,shipkg:equipment:61cd855f5970,HAS_COMPONENT,shipkg:component:be4ab56339d8,edge:79d4c4c8f1593b12,ev:0b7a42308cc8b6cc,4.3
ME3主机燃油供给与排气装置,设备,设备范围：设备装置集合（非功能系统分类）,归属系统,传动与推进系统,系统,系统层级：功能系统,非因果（归属、分类、检查或建议等）,研究者分类（非因果结论）,,MAIB_2024_20_Stena_Europe_fuel_spray_fire.pdf,物理第29页；PDF page 29,https://assets.publishing.service.gov.uk/media/6756db0ba63e1781efb87793/2024-20-StenaEurope.pdf,shipkg:equipment:385291025daa,BELONGS_TO_SYSTEM,shipkg:subsystem:5e357a568055,edge:3efe599dc1e4c368,ev:861eb8fbe47cd585,4.3
ME3主机燃油供给与排气装置,设备,设备范围：设备装置集合（非功能系统分类）,归属系统,燃油与进排气系统,系统,系统层级：功能系统,非因果（归属、分类、检查或建议等）,研究者分类（非因果结论）,,MAIB_2024_20_Stena_Europe_fuel_spray_fire.pdf,物理第29页；PDF page 29,https://assets.publishing.service.gov.uk/media/6756db0ba63e1781efb87793/2024-20-StenaEurope.pdf,shipkg:equipment:385291025daa,BELONGS_TO_SYSTEM,shipkg:subsystem:52e7560c8465,edge:cd682045af58d32f,ev:861eb8fbe47cd585,4.3
ME3主机燃油供给与排气装置,设备,设备范围：设备装置集合（非功能系统分类）,包含部件,ME3排气歧管,部件,,非因果（归属、分类、检查或建议等）,报告明确记载,事故案例：燃油法兰松动与主机火灾,MAIB_2024_20_Stena_Europe_fuel_spray_fire.pdf,物理第29页；PDF page 29,https://assets.publishing.service.gov.uk/media/6756db0ba63e1781efb87793/2024-20-StenaEurope.pdf,shipkg:equipment:385291025daa,HAS_COMPONENT,shipkg:component:a85d6cb18c5c,edge:af8e88a950719648,ev:2d2994aad520a17a,4.3
ME3主机燃油供给与排气装置,设备,设备范围：设备装置集合（非功能系统分类）,包含部件,ME3燃油双螺钉法兰,部件,,非因果（归属、分类、检查或建议等）,报告明确记载,事故案例：燃油法兰松动与主机火灾,MAIB_2024_20_Stena_Europe_fuel_spray_fire.pdf,物理第29页；PDF page 29,https://assets.publishing.service.gov.uk/media/6756db0ba63e1781efb87793/2024-20-StenaEurope.pdf,shipkg:equipment:385291025daa,HAS_COMPONENT,shipkg:component:e0a03cf176fe,edge:8f2f42d9f1eeb319,ev:861eb8fbe47cd585,4.3
ME4主机,设备,,归属系统,传动与推进系统,系统,系统层级：功能系统,非因果（归属、分类、检查或建议等）,研究者分类（非因果结论）,,MAIB_2022_04_Wight_Sky_multiple_engine_failures.pdf,物理第84页；PDF page 84,https://assets.publishing.service.gov.uk/media/6267cc85e90e071690c1b679/2022-4-WightSky-Report.pdf,shipkg:equipment:6cc9aa419de7,BELONGS_TO_SYSTEM,shipkg:subsystem:5e357a568055,edge:ea027a84acae7cff,ev:45cb3bc7993a557f,4.3
ME4主机,设备,,包含部件,ME4连杆大端轴承盖,部件,,非因果（归属、分类、检查或建议等）,报告明确记载,事故案例：ME4连杆轴承盖错装失效,MAIB_2022_04_Wight_Sky_multiple_engine_failures.pdf,物理第84页；PDF page 84,https://assets.publishing.service.gov.uk/media/6267cc85e90e071690c1b679/2022-4-WightSky-Report.pdf,shipkg:equipment:6cc9aa419de7,HAS_COMPONENT,shipkg:component:2a19cfd5c18a,edge:1788d18b9c1165b1,ev:45cb3bc7993a557f,4.3
主机,设备,,归属系统,传动与推进系统,系统,系统层级：功能系统,非因果（归属、分类、检查或建议等）,研究者分类（非因果结论）,,MAIB_2021_02_Finlandia_Seaways_connecting_rod_failure.pdf,物理第9页；PDF page 9,https://www.gov.uk/maib-reports/engine-failure-and-subsequent-fire-on-ro-ro-cargo-vessel-finlandia-seaways-with-1-person-injured,shipkg:equipment:aea23b9943a4,BELONGS_TO_SYSTEM,shipkg:subsystem:5e357a568055,edge:b13b196a8c08dc9b,ev:eb8d9ba0db21fede,4.3
主机,设备,,包含部件,主机A5连杆小端,部件,,非因果（归属、分类、检查或建议等）,报告明确记载,事故案例：主机连杆小端疲劳断裂,MAIB_2021_02_Finlandia_Seaways_connecting_rod_failure.pdf,物理第9页；PDF page 9,https://www.gov.uk/maib-reports/engine-failure-and-subsequent-fire-on-ro-ro-cargo-vessel-finlandia-seaways-with-1-person-injured,shipkg:equipment:aea23b9943a4,HAS_COMPONENT,shipkg:component:c3d265fa990c,edge:57dbe6924d21326b,ev:5e9210d8dbe9bf48,4.3
主机启动与盘车装置,设备,设备范围：设备装置集合（非功能系统分类）,归属系统,传动与推进系统,系统,系统层级：功能系统,非因果（归属、分类、检查或建议等）,研究者分类（非因果结论）,,MAIB_2013_Safety_Digest_lubrication_bearing_cases.pdf,物理第16页；PDF page 16,https://assets.publishing.service.gov.uk/government/uploads/system/uploads/attachment_data/file/876748/2013-SD2-MAIBSafetyDigest.pdf,shipkg:equipment:38482b664e19,BELONGS_TO_SYSTEM,shipkg:subsystem:5e357a568055,edge:d077a433da85db69,ev:f4e14e047a77ffb2,4.3
主机启动与盘车装置,设备,设备范围：设备装置集合（非功能系统分类）,包含部件,盘车安全联锁,部件,,非因果（归属、分类、检查或建议等）,报告明确记载,事故案例：盘车联锁失效与启动损坏,MAIB_2013_Safety_Digest_lubrication_bearing_cases.pdf,物理第16页；PDF page 16,https://assets.publishing.service.gov.uk/government/uploads/system/uploads/attachment_data/file/876748/2013-SD2-MAIBSafetyDigest.pdf,shipkg:equipment:38482b664e19,HAS_COMPONENT,shipkg:component:6432d2482f06,edge:a44b0cd483df5674,ev:157ede421b19ee3a,4.3
主机启动与盘车装置,设备,设备范围：设备装置集合（非功能系统分类）,包含部件,盘车机构,部件,,非因果（归属、分类、检查或建议等）,报告明确记载,事故案例：盘车联锁失效与启动损坏,MAIB_2013_Safety_Digest_lubrication_bearing_cases.pdf,物理第16页；PDF page 16,https://assets.publishing.service.gov.uk/government/uploads/system/uploads/attachment_data/file/876748/2013-SD2-MAIBSafetyDigest.pdf,shipkg:equipment:38482b664e19,HAS_COMPONENT,shipkg:component:46d84bd3b794,edge:98cd72c2410ad408,ev:f4e14e047a77ffb2,4.3
主机海水冷却与舱底排水装置,设备,设备范围：设备装置集合（非功能系统分类）,归属系统,冷却与海水系统,系统,系统层级：功能系统,非因果（归属、分类、检查或建议等）,研究者分类（非因果结论）,,MAIB_2016_Safety_Digest_generator_oil_fire.pdf,物理第59页；PDF page 59,https://assets.publishing.service.gov.uk/media/5e81e5d2d3bf7f13416961fa/2016-SD1-MAIBSafetyDigest.pdf,shipkg:equipment:3e7f89ac810b,BELONGS_TO_SYSTEM,shipkg:subsystem:512427f592b7,edge:3235f6a8cc30b355,ev:fe1c60aff6da4452,4.3
主机海水冷却与舱底排水装置,设备,设备范围：设备装置集合（非功能系统分类）,包含部件,主机海水冷却管,部件,,非因果（归属、分类、检查或建议等）,报告明确记载,事故案例：海水冷却管疑似失效与沉没,MAIB_2016_Safety_Digest_generator_oil_fire.pdf,物理第60页；PDF page 60,https://assets.publishing.service.gov.uk/media/5e81e5d2d3bf7f13416961fa/2016-SD1-MAIBSafetyDigest.pdf,shipkg:equipment:3e7f89ac810b,HAS_COMPONENT,shipkg:component:a53bfe23945e,edge:944a5d342f7be0c3,ev:e235f3eb9480640d,4.3
主机润滑装置,设备,设备范围：设备装置集合（非功能系统分类）,归属系统,润滑与轴承系统,系统,系统层级：功能系统,非因果（归属、分类、检查或建议等）,研究者分类（非因果结论）,,MAIB_2013_Safety_Digest_lubrication_bearing_cases.pdf,物理第21页；PDF page 21,https://assets.publishing.service.gov.uk/government/uploads/system/uploads/attachment_data/file/876748/2013-SD2-MAIBSafetyDigest.pdf,shipkg:equipment:5ed28aa334b7,BELONGS_TO_SYSTEM,shipkg:subsystem:d08eaf16cc46,edge:8dd7a98cdb768be6,ev:7116308e5054c090,4.3
主机润滑装置,设备,设备范围：设备装置集合（非功能系统分类）,包含部件,双联滑油滤器,部件,,非因果（归属、分类、检查或建议等）,报告明确记载,事故案例：滑油滤芯漏装与主机抱轴,MAIB_2013_Safety_Digest_lubrication_bearing_cases.pdf,物理第21页；PDF page 21,https://assets.publishing.service.gov.uk/government/uploads/system/uploads/attachment_data/file/876748/2013-SD2-MAIBSafetyDigest.pdf,shipkg:equipment:5ed28aa334b7,HAS_COMPONENT,shipkg:component:784cd78efb12,edge:afacc8bce12b4830,ev:b10e854dd960072c,4.3
主机润滑装置,设备,设备范围：设备装置集合（非功能系统分类）,包含部件,曲轴主轴承,部件,,非因果（归属、分类、检查或建议等）,报告明确记载,事故案例：滑油滤芯漏装与主机抱轴,MAIB_2013_Safety_Digest_lubrication_bearing_cases.pdf,物理第21页；PDF page 21,https://assets.publishing.service.gov.uk/government/uploads/system/uploads/attachment_data/file/876748/2013-SD2-MAIBSafetyDigest.pdf,shipkg:equipment:5ed28aa334b7,HAS_COMPONENT,shipkg:component:67b7bcd7344e,edge:f6d4787cdc819a2b,ev:df67722cb172233f,4.3
主机润滑装置,设备,设备范围：设备装置集合（非功能系统分类）,包含部件,活塞与缸套,部件,,非因果（归属、分类、检查或建议等）,报告明确记载,事故案例：滑油滤芯漏装与主机抱轴,MAIB_2013_Safety_Digest_lubrication_bearing_cases.pdf,物理第21页；PDF page 21,https://assets.publishing.service.gov.uk/government/uploads/system/uploads/attachment_data/file/876748/2013-SD2-MAIBSafetyDigest.pdf,shipkg:equipment:5ed28aa334b7,HAS_COMPONENT,shipkg:component:1333df9ac9f2,edge:ed4a27464a4be699,ev:82256a9ee8fd56dd,4.3
可调螺距桨推进控制装置,设备,设备范围：设备装置集合（非功能系统分类）,归属系统,传动与推进系统,系统,系统层级：功能系统,非因果（归属、分类、检查或建议等）,研究者分类（非因果结论）,,MAIB_2016_Safety_Digest_generator_oil_fire.pdf,物理第19页；PDF page 19,https://assets.publishing.service.gov.uk/media/5e81e5d2d3bf7f13416961fa/2016-SD1-MAIBSafetyDigest.pdf,shipkg:equipment:47a6f6945bb5,BELONGS_TO_SYSTEM,shipkg:subsystem:5e357a568055,edge:a50fe553e63b2c68,ev:5a827f088fee8abd,4.3
可调螺距桨推进控制装置,设备,设备范围：设备装置集合（非功能系统分类）,归属系统,电力与控制系统,系统,系统层级：功能系统,非因果（归属、分类、检查或建议等）,研究者分类（非因果结论）,,MAIB_2016_Safety_Digest_generator_oil_fire.pdf,物理第19页；PDF page 19,https://assets.publishing.service.gov.uk/media/5e81e5d2d3bf7f13416961fa/2016-SD1-MAIBSafetyDigest.pdf,shipkg:equipment:47a6f6945bb5,BELONGS_TO_SYSTEM,shipkg:subsystem:4539c38d0a84,edge:47329d6c0df5d387,ev:5a827f088fee8abd,4.3
可调螺距桨推进控制装置,设备,设备范围：设备装置集合（非功能系统分类）,包含部件,可调螺距桨备用模式按钮,部件,,非因果（归属、分类、检查或建议等）,报告明确记载,事故案例：误选可调螺距桨备用模式与泊位碰撞,MAIB_2016_Safety_Digest_generator_oil_fire.pdf,物理第19页；PDF page 19,https://assets.publishing.service.gov.uk/media/5e81e5d2d3bf7f13416961fa/2016-SD1-MAIBSafetyDigest.pdf,shipkg:equipment:47a6f6945bb5,HAS_COMPONENT,shipkg:component:ca5637067a12,edge:08b53075e0cbc35d,ev:5a827f088fee8abd,4.3
可调螺距桨推进控制装置,设备,设备范围：设备装置集合（非功能系统分类）,包含部件,右舷可调螺距桨,部件,,非因果（归属、分类、检查或建议等）,报告明确记载,事故案例：误选可调螺距桨备用模式与泊位碰撞,MAIB_2016_Safety_Digest_generator_oil_fire.pdf,物理第20页；PDF page 20,https://assets.publishing.service.gov.uk/media/5e81e5d2d3bf7f13416961fa/2016-SD1-MAIBSafetyDigest.pdf,shipkg:equipment:47a6f6945bb5,HAS_COMPONENT,shipkg:component:282dcd34a768,edge:239b91fb3d0a2af0,ev:a33dab8e3476ce99,4.3
可调螺距桨推进装置,设备,设备范围：设备装置集合（非功能系统分类）,归属系统,传动与推进系统,系统,系统层级：功能系统,非因果（归属、分类、检查或建议等）,研究者分类（非因果结论）,,MAIB_2016_Safety_Digest_generator_oil_fire.pdf,物理第29页；PDF page 29,https://assets.publishing.service.gov.uk/media/5e81e5d2d3bf7f13416961fa/2016-SD1-MAIBSafetyDigest.pdf,shipkg:equipment:8c8343c45190,BELONGS_TO_SYSTEM,shipkg:subsystem:5e357a568055,edge:a14d02dc6ef5351e,ev:e1dce2948e24adc9,4.3
可调螺距桨推进装置,设备,设备范围：设备装置集合（非功能系统分类）,包含部件,可调螺距桨反馈控制器,部件,,非因果（归属、分类、检查或建议等）,报告明确记载,事故案例：可调螺距桨倒车响应迟缓与码头碰撞,MAIB_2016_Safety_Digest_generator_oil_fire.pdf,物理第29页；PDF page 29,https://assets.publishing.service.gov.uk/media/5e81e5d2d3bf7f13416961fa/2016-SD1-MAIBSafetyDigest.pdf,shipkg:equipment:8c8343c45190,HAS_COMPONENT,shipkg:component:3295e52dd075,edge:d7de15cbb93c98a6,ev:dc67d8904baddd49,4.3
右舷可调螺距桨液压装置,设备,设备范围：设备装置集合（非功能系统分类）,归属系统,传动与推进系统,系统,系统层级：功能系统,非因果（归属、分类、检查或建议等）,研究者分类（非因果结论）,,MAIB_2015_22_Pride_of_Canterbury_CPP_hydraulic_fire.pdf,物理第30页；PDF page 30,https://assets.digital.cabinet-office.gov.uk/media/563092daed915d566d000002/MAIBInvReport-22_2015.pdf,shipkg:equipment:23fe6c4f1acc,BELONGS_TO_SYSTEM,shipkg:subsystem:5e357a568055,edge:3f16f243ec65a7c3,ev:8c30394060f9cd2e,4.3
右舷可调螺距桨液压装置,设备,设备范围：设备装置集合（非功能系统分类）,包含部件,回油法兰,部件,,非因果（归属、分类、检查或建议等）,报告明确记载,事故案例：液压背压阀卡滞与火灾,MAIB_2015_22_Pride_of_Canterbury_CPP_hydraulic_fire.pdf,物理第29页；PDF page 29,https://assets.digital.cabinet-office.gov.uk/media/563092daed915d566d000002/MAIBInvReport-22_2015.pdf,shipkg:equipment:23fe6c4f1acc,HAS_COMPONENT,shipkg:component:ed0a2ad1e065,edge:d5ac1d25a3ce6fca,ev:504217846ee2ac5f,4.3
右舷可调螺距桨液压装置,设备,设备范围：设备装置集合（非功能系统分类）,包含部件,背压阀PSV3,部件,,非因果（归属、分类、检查或建议等）,报告明确记载,事故案例：液压背压阀卡滞与火灾,MAIB_2015_22_Pride_of_Canterbury_CPP_hydraulic_fire.pdf,物理第27页；PDF page 27,https://assets.digital.cabinet-office.gov.uk/media/563092daed915d566d000002/MAIBInvReport-22_2015.pdf,shipkg:equipment:23fe6c4f1acc,HAS_COMPONENT,shipkg:component:fd37cf4aeb64,edge:e1656ea7817f2772,ev:cd6c3c8ec42fee37,4.3
右舷可调螺距桨液压装置,设备,设备范围：设备装置集合（非功能系统分类）,包含部件,螺距控制油路,部件,,非因果（归属、分类、检查或建议等）,报告明确记载,事故案例：液压背压阀卡滞与火灾,MAIB_2015_22_Pride_of_Canterbury_CPP_hydraulic_fire.pdf,物理第29页；PDF page 29,https://assets.digital.cabinet-office.gov.uk/media/563092daed915d566d000002/MAIBInvReport-22_2015.pdf,shipkg:equipment:23fe6c4f1acc,HAS_COMPONENT,shipkg:component:d16e663b1271,edge:eaa4e12083f52246,ev:470e8782d7a79377,4.3
吊舱推进装置,设备,设备范围：设备装置集合（非功能系统分类）,归属系统,传动与推进系统,系统,系统层级：功能系统,非因果（归属、分类、检查或建议等）,研究者分类（非因果结论）,,MAIB_2026_06_Spirit_of_Discovery_propulsion_loss.pdf,物理第42页；PDF page 42,https://www.gov.uk/maib-reports/loss-of-propulsion-in-heavy-weather-experienced-by-the-passenger-vessel-spirit-of-discovery-leading-to-over-100-injuries-and-one-fatality,shipkg:equipment:710361995928,BELONGS_TO_SYSTEM,shipkg:subsystem:5e357a568055,edge:3b10597ef4a3d44a,ev:c3429f0fc22579e1,4.3
吊舱推进装置,设备,设备范围：设备装置集合（非功能系统分类）,包含部件,吊舱推进电机,部件,,非因果（归属、分类、检查或建议等）,报告明确记载,事故案例：大风浪中吊舱推进丧失,MAIB_2026_06_Spirit_of_Discovery_propulsion_loss.pdf,物理第42页；PDF page 42,https://www.gov.uk/maib-reports/loss-of-propulsion-in-heavy-weather-experienced-by-the-passenger-vessel-spirit-of-discovery-leading-to-over-100-injuries-and-one-fatality,shipkg:equipment:710361995928,HAS_COMPONENT,shipkg:component:1157de5d43da,edge:6d7bd55a38b00562,ev:e2523ed63e0b4019,4.3
吊舱推进装置,设备,设备范围：设备装置集合（非功能系统分类）,包含部件,吊舱舱底液位传感器,部件,,非因果（归属、分类、检查或建议等）,报告明确记载,事故案例：大风浪中吊舱推进丧失,MAIB_2026_06_Spirit_of_Discovery_propulsion_loss.pdf,物理第43页；PDF page 43,https://www.gov.uk/maib-reports/loss-of-propulsion-in-heavy-weather-experienced-by-the-passenger-vessel-spirit-of-discovery-leading-to-over-100-injuries-and-one-fatality,shipkg:equipment:710361995928,HAS_COMPONENT,shipkg:component:160bdfff5e4e,edge:e55aa08dc1ef25d1,ev:818a140783772a9b,4.3
左舷主机,设备,,归属系统,传动与推进系统,系统,系统层级：功能系统,非因果（归属、分类、检查或建议等）,研究者分类（非因果结论）,,MAIB_2018_01_Windcat8_bearing_failure_fire.pdf,物理第1页；PDF page 1,https://assets.publishing.service.gov.uk/government/uploads/system/uploads/attachment_data/file/683922/MAIBInvReport01_2018.pdf,shipkg:equipment:563809ad0932,BELONGS_TO_SYSTEM,shipkg:subsystem:5e357a568055,edge:0f9f311d5a7796fd,ev:ff3253f5416e42be,4.3
左舷主机,设备,,包含部件,左舷主机6号连杆大端轴瓦,部件,,非因果（归属、分类、检查或建议等）,报告明确记载,事故案例：左舷主机轴瓦失效与火灾,MAIB_2018_01_Windcat8_bearing_failure_fire.pdf,物理第1页；PDF page 1,https://assets.publishing.service.gov.uk/government/uploads/system/uploads/attachment_data/file/683922/MAIBInvReport01_2018.pdf,shipkg:equipment:563809ad0932,HAS_COMPONENT,shipkg:component:3552bc595328,edge:42516587b10b039a,ev:ff3253f5416e42be,4.3
左舷主机排气装置,设备,设备范围：设备装置集合（非功能系统分类）,归属系统,燃油与进排气系统,系统,系统层级：功能系统,非因果（归属、分类、检查或建议等）,研究者分类（非因果结论）,,MAIB_2013_Safety_Digest_lubrication_bearing_cases.pdf,物理第40页；PDF page 40,https://assets.publishing.service.gov.uk/government/uploads/system/uploads/attachment_data/file/876748/2013-SD2-MAIBSafetyDigest.pdf,shipkg:equipment:0d7957f0c12c,BELONGS_TO_SYSTEM,shipkg:subsystem:52e7560c8465,edge:37d660db98c282f5,ev:7293e870a8d5467f,4.3
左舷主机排气装置,设备,设备范围：设备装置集合（非功能系统分类）,包含部件,排气歧管,部件,,非因果（归属、分类、检查或建议等）,报告明确记载,事故案例：油抹布落至排气歧管起火,MAIB_2013_Safety_Digest_lubrication_bearing_cases.pdf,物理第41页；PDF page 41,https://assets.publishing.service.gov.uk/government/uploads/system/uploads/attachment_data/file/876748/2013-SD2-MAIBSafetyDigest.pdf,shipkg:equipment:0d7957f0c12c,HAS_COMPONENT,shipkg:component:828d4178b93f,edge:9cdde6134fd4b5b8,ev:1abb50030379f9ee,4.3
左舷主机排气装置,设备,设备范围：设备装置集合（非功能系统分类）,包含部件,高温报警线束,部件,,非因果（归属、分类、检查或建议等）,报告明确记载,事故案例：油抹布落至排气歧管起火,MAIB_2013_Safety_Digest_lubrication_bearing_cases.pdf,物理第41页；PDF page 41,https://assets.publishing.service.gov.uk/government/uploads/system/uploads/attachment_data/file/876748/2013-SD2-MAIBSafetyDigest.pdf,shipkg:equipment:0d7957f0c12c,HAS_COMPONENT,shipkg:component:26867a3d02f0,edge:32afef38cef454c4,ev:188654e8f7b787d6,4.3
控制空气供给与主机离合装置,设备,设备范围：设备装置集合（非功能系统分类）,归属系统,传动与推进系统,系统,系统层级：功能系统,非因果（归属、分类、检查或建议等）,研究者分类（非因果结论）,,MAIB_2013_Safety_Digest_lubrication_bearing_cases.pdf,物理第15页；PDF page 15,https://assets.publishing.service.gov.uk/government/uploads/system/uploads/attachment_data/file/876748/2013-SD2-MAIBSafetyDigest.pdf,shipkg:equipment:5d25f4bda048,BELONGS_TO_SYSTEM,shipkg:subsystem:5e357a568055,edge:9ffd2deb942f84c1,ev:9c5f7101c8442b54,4.3
控制空气供给与主机离合装置,设备,设备范围：设备装置集合（非功能系统分类）,归属系统,电力与控制系统,系统,系统层级：功能系统,非因果（归属、分类、检查或建议等）,研究者分类（非因果结论）,,MAIB_2013_Safety_Digest_lubrication_bearing_cases.pdf,物理第15页；PDF page 15,https://assets.publishing.service.gov.uk/government/uploads/system/uploads/attachment_data/file/876748/2013-SD2-MAIBSafetyDigest.pdf,shipkg:equipment:5d25f4bda048,BELONGS_TO_SYSTEM,shipkg:subsystem:4539c38d0a84,edge:e14f80df341c3096,ev:9c5f7101c8442b54,4.3
控制空气供给与主机离合装置,设备,设备范围：设备装置集合（非功能系统分类）,包含部件,主机离合器,部件,,非因果（归属、分类、检查或建议等）,报告明确记载,事故案例：控制空气不足与离合器脱开,MAIB_2013_Safety_Digest_lubrication_bearing_cases.pdf,物理第14页；PDF page 14,https://assets.publishing.service.gov.uk/government/uploads/system/uploads/attachment_data/file/876748/2013-SD2-MAIBSafetyDigest.pdf,shipkg:equipment:5d25f4bda048,HAS_COMPONENT,shipkg:component:6f0aead2b5a6,edge:fc333e45409b3219,ev:4f930aa49cf38734,4.3
控制空气供给与主机离合装置,设备,设备范围：设备装置集合（非功能系统分类）,包含部件,二号压缩机排气阀,部件,,非因果（归属、分类、检查或建议等）,报告明确记载,事故案例：控制空气不足与离合器脱开,MAIB_2013_Safety_Digest_lubrication_bearing_cases.pdf,物理第15页；PDF page 15,https://assets.publishing.service.gov.uk/government/uploads/system/uploads/attachment_data/file/876748/2013-SD2-MAIBSafetyDigest.pdf,shipkg:equipment:5d25f4bda048,HAS_COMPONENT,shipkg:component:0dcadce61c82,edge:0eda42296858f964,ev:9c5f7101c8442b54,4.3
控制空气供给与主机离合装置,设备,设备范围：设备装置集合（非功能系统分类）,包含部件,压缩机润滑油排出管,部件,,非因果（归属、分类、检查或建议等）,报告明确记载,事故案例：控制空气不足与离合器脱开,MAIB_2013_Safety_Digest_lubrication_bearing_cases.pdf,物理第14页；PDF page 14,https://assets.publishing.service.gov.uk/government/uploads/system/uploads/attachment_data/file/876748/2013-SD2-MAIBSafetyDigest.pdf,shipkg:equipment:5d25f4bda048,HAS_COMPONENT,shipkg:component:960fe73dbb4b,edge:ec264eeb7766cd8b,ev:8e948de9b710ce4f,4.3
故障主机,设备,,归属系统,传动与推进系统,系统,系统层级：功能系统,非因果（归属、分类、检查或建议等）,研究者分类（非因果结论）,,MAIB_2018_14_Wight_Sky_engine_bearing_fire.pdf,物理第1页；PDF page 1,https://assets.publishing.service.gov.uk/media/5b5217c7ed915d0b81e003df/MAIBInvReport14_2018.pdf,shipkg:equipment:1755b4f618f2,BELONGS_TO_SYSTEM,shipkg:subsystem:5e357a568055,edge:1d8b3c210ddd1d3d,ev:19d0b2283f62b511,4.3
故障主机,设备,,包含部件,故障主机5号主轴承,部件,,非因果（归属、分类、检查或建议等）,报告明确记载,事故案例：主机重装后轴承失效与火灾,MAIB_2018_14_Wight_Sky_engine_bearing_fire.pdf,物理第14页；PDF page 14,https://assets.publishing.service.gov.uk/media/5b5217c7ed915d0b81e003df/MAIBInvReport14_2018.pdf,shipkg:equipment:1755b4f618f2,HAS_COMPONENT,shipkg:component:45c063af0c7c,edge:e3e5a53f0f25b5db,ev:1637d85df75c53f0,4.3
柴油发电机润滑与排气装置,设备,设备范围：设备装置集合（非功能系统分类）,归属系统,润滑与轴承系统,系统,系统层级：功能系统,非因果（归属、分类、检查或建议等）,研究者分类（非因果结论）,,MAIB_2016_Safety_Digest_generator_oil_fire.pdf,物理第26页；PDF page 26,https://assets.publishing.service.gov.uk/media/5e81e5d2d3bf7f13416961fa/2016-SD1-MAIBSafetyDigest.pdf,shipkg:equipment:00688defba1b,BELONGS_TO_SYSTEM,shipkg:subsystem:d08eaf16cc46,edge:323764b15e9ba708,ev:e9d71048b791d31a,4.3
柴油发电机润滑与排气装置,设备,设备范围：设备装置集合（非功能系统分类）,归属系统,燃油与进排气系统,系统,系统层级：功能系统,非因果（归属、分类、检查或建议等）,研究者分类（非因果结论）,,MAIB_2016_Safety_Digest_generator_oil_fire.pdf,物理第26页；PDF page 26,https://assets.publishing.service.gov.uk/media/5e81e5d2d3bf7f13416961fa/2016-SD1-MAIBSafetyDigest.pdf,shipkg:equipment:00688defba1b,BELONGS_TO_SYSTEM,shipkg:subsystem:52e7560c8465,edge:d247ffbc56785058,ev:e9d71048b791d31a,4.3
柴油发电机润滑与排气装置,设备,设备范围：设备装置集合（非功能系统分类）,归属系统,电力与控制系统,系统,系统层级：功能系统,非因果（归属、分类、检查或建议等）,研究者分类（非因果结论）,,MAIB_2016_Safety_Digest_generator_oil_fire.pdf,物理第26页；PDF page 26,https://assets.publishing.service.gov.uk/media/5e81e5d2d3bf7f13416961fa/2016-SD1-MAIBSafetyDigest.pdf,shipkg:equipment:00688defba1b,BELONGS_TO_SYSTEM,shipkg:subsystem:4539c38d0a84,edge:8aebadd0b8fb956b,ev:e9d71048b791d31a,4.3
柴油发电机润滑与排气装置,设备,设备范围：设备装置集合（非功能系统分类）,包含部件,滑油泵堵头,部件,,非因果（归属、分类、检查或建议等）,报告明确记载,事故案例：发电机滑油泵堵头松脱火灾,MAIB_2016_Safety_Digest_generator_oil_fire.pdf,物理第26页；PDF page 26,https://assets.publishing.service.gov.uk/media/5e81e5d2d3bf7f13416961fa/2016-SD1-MAIBSafetyDigest.pdf,shipkg:equipment:00688defba1b,HAS_COMPONENT,shipkg:component:4d8f23e8a303,edge:da1fe1b0531fa071,ev:3749ce726e3d4dcc,4.3
柴油发电机润滑与排气装置,设备,设备范围：设备装置集合（非功能系统分类）,包含部件,相邻机组排气保温,部件,,非因果（归属、分类、检查或建议等）,报告明确记载,事故案例：发电机滑油泵堵头松脱火灾,MAIB_2016_Safety_Digest_generator_oil_fire.pdf,物理第26页；PDF page 26,https://assets.publishing.service.gov.uk/media/5e81e5d2d3bf7f13416961fa/2016-SD1-MAIBSafetyDigest.pdf,shipkg:equipment:00688defba1b,HAS_COMPONENT,shipkg:component:864e3371e086,edge:5e45b9e5f988ba48,ev:e9d71048b791d31a,4.3
海水压载与机舱排水装置,设备,设备范围：设备装置集合（非功能系统分类）,归属系统,冷却与海水系统,系统,系统层级：功能系统,非因果（归属、分类、检查或建议等）,研究者分类（非因果结论）,,MAIB_2016_Safety_Digest_generator_oil_fire.pdf,物理第41页；PDF page 41,https://assets.publishing.service.gov.uk/media/5e81e5d2d3bf7f13416961fa/2016-SD1-MAIBSafetyDigest.pdf,shipkg:equipment:361590fc68c0,BELONGS_TO_SYSTEM,shipkg:subsystem:512427f592b7,edge:f4672d81488003a7,ev:2180f44fb45d636d,4.3
海水压载与机舱排水装置,设备,设备范围：设备装置集合（非功能系统分类）,包含部件,便携电动排水泵,部件,,非因果（归属、分类、检查或建议等）,报告明确记载,事故案例：压载泵检修隔离失效与机舱进水,MAIB_2016_Safety_Digest_generator_oil_fire.pdf,物理第40页；PDF page 40,https://assets.publishing.service.gov.uk/media/5e81e5d2d3bf7f13416961fa/2016-SD1-MAIBSafetyDigest.pdf,shipkg:equipment:361590fc68c0,HAS_COMPONENT,shipkg:component:28a67e535633,edge:b496cf568525091a,ev:a815947a42cdaece,4.3
海水压载与机舱排水装置,设备,设备范围：设备装置集合（非功能系统分类）,包含部件,海水隔离阀执行器,部件,,非因果（归属、分类、检查或建议等）,报告明确记载,事故案例：压载泵检修隔离失效与机舱进水,MAIB_2016_Safety_Digest_generator_oil_fire.pdf,物理第41页；PDF page 41,https://assets.publishing.service.gov.uk/media/5e81e5d2d3bf7f13416961fa/2016-SD1-MAIBSafetyDigest.pdf,shipkg:equipment:361590fc68c0,HAS_COMPONENT,shipkg:component:5fbf5f22d00c,edge:8e8627bd569385ae,ev:2180f44fb45d636d,4.3
艉部谐波滤波器,设备,,归属系统,传动与推进系统,系统,系统层级：功能系统,非因果（归属、分类、检查或建议等）,研究者分类（非因果结论）,,MAIB_2011_28_Queen_Mary_2_harmonic_filter_failure.pdf,物理第13页；PDF page 13,https://assets.digital.cabinet-office.gov.uk/media/547c6fa6ed915d4c10000031/QM2Report.pdf,shipkg:equipment:024350fd8dee,BELONGS_TO_SYSTEM,shipkg:subsystem:5e357a568055,edge:dfd7be3e6c333195,ev:af6ff177f229c6a2,4.3
艉部谐波滤波器,设备,,归属系统,电力与控制系统,系统,系统层级：功能系统,非因果（归属、分类、检查或建议等）,研究者分类（非因果结论）,,MAIB_2011_28_Queen_Mary_2_harmonic_filter_failure.pdf,物理第13页；PDF page 13,https://assets.digital.cabinet-office.gov.uk/media/547c6fa6ed915d4c10000031/QM2Report.pdf,shipkg:equipment:024350fd8dee,BELONGS_TO_SYSTEM,shipkg:subsystem:4539c38d0a84,edge:51099d1b6ba3e8d3,ev:af6ff177f229c6a2,4.3
艉部谐波滤波器,设备,,包含部件,电流不平衡互感器,部件,,非因果（归属、分类、检查或建议等）,报告明确记载,事故案例：谐波滤波电容失效与全船失电,MAIB_2011_28_Queen_Mary_2_harmonic_filter_failure.pdf,物理第64页；PDF page 64,https://assets.digital.cabinet-office.gov.uk/media/547c6fa6ed915d4c10000031/QM2Report.pdf,shipkg:equipment:024350fd8dee,HAS_COMPONENT,shipkg:component:29dfcfe886de,edge:2c39c4f8861cba04,ev:800bdca6cdc9fb5d,4.3
艉部谐波滤波器,设备,,包含部件,谐波滤波电容器,部件,,非因果（归属、分类、检查或建议等）,报告明确记载,事故案例：谐波滤波电容失效与全船失电,MAIB_2011_28_Queen_Mary_2_harmonic_filter_failure.pdf,物理第13页；PDF page 13,https://assets.digital.cabinet-office.gov.uk/media/547c6fa6ed915d4c10000031/QM2Report.pdf,shipkg:equipment:024350fd8dee,HAS_COMPONENT,shipkg:component:726d763bfec1,edge:e89be960108f76f9,ev:e1952d272da22996,4.3
DG1 5号连杆大端轴瓦,部件,,归属系统,润滑与轴承系统,系统,系统层级：功能系统,非因果（归属、分类、检查或建议等）,研究者分类（非因果结论）,,MAIB_2026_10_Kommandor_Susan_generator_bearing_failure.pdf,物理第5页；PDF page 5,https://www.gov.uk/maib-reports/catastrophic-engine-failure-and-subsequent-fire-on-board-the-site-investigation-vessel-kommandor-susan,shipkg:component:8052e7754d5f,BELONGS_TO_SYSTEM,shipkg:subsystem:d08eaf16cc46,edge:5e7ce321c8536e12,ev:e32631e4946436ab,4.3
ME2 5号主轴承,部件,,归属系统,润滑与轴承系统,系统,系统层级：功能系统,非因果（归属、分类、检查或建议等）,研究者分类（非因果结论）,,MAIB_2022_04_Wight_Sky_multiple_engine_failures.pdf,物理第84页；PDF page 84,https://assets.publishing.service.gov.uk/media/6267cc85e90e071690c1b679/2022-4-WightSky-Report.pdf,shipkg:component:be4ab56339d8,BELONGS_TO_SYSTEM,shipkg:subsystem:d08eaf16cc46,edge:17f819589d86b303,ev:0b7a42308cc8b6cc,4.3
ME3排气歧管,部件,,归属系统,燃油与进排气系统,系统,系统层级：功能系统,非因果（归属、分类、检查或建议等）,研究者分类（非因果结论）,,MAIB_2024_20_Stena_Europe_fuel_spray_fire.pdf,物理第29页；PDF page 29,https://assets.publishing.service.gov.uk/media/6756db0ba63e1781efb87793/2024-20-StenaEurope.pdf,shipkg:component:a85d6cb18c5c,BELONGS_TO_SYSTEM,shipkg:subsystem:52e7560c8465,edge:0688c2183202ec54,ev:2d2994aad520a17a,4.3
ME3燃油双螺钉法兰,部件,,归属系统,燃油与进排气系统,系统,系统层级：功能系统,非因果（归属、分类、检查或建议等）,研究者分类（非因果结论）,,MAIB_2024_20_Stena_Europe_fuel_spray_fire.pdf,物理第29页；PDF page 29,https://assets.publishing.service.gov.uk/media/6756db0ba63e1781efb87793/2024-20-StenaEurope.pdf,shipkg:component:e0a03cf176fe,BELONGS_TO_SYSTEM,shipkg:subsystem:52e7560c8465,edge:f5679f933af5dd6a,ev:861eb8fbe47cd585,4.3
ME4连杆大端轴承盖,部件,,归属系统,润滑与轴承系统,系统,系统层级：功能系统,非因果（归属、分类、检查或建议等）,研究者分类（非因果结论）,,MAIB_2022_04_Wight_Sky_multiple_engine_failures.pdf,物理第84页；PDF page 84,https://assets.publishing.service.gov.uk/media/6267cc85e90e071690c1b679/2022-4-WightSky-Report.pdf,shipkg:component:2a19cfd5c18a,BELONGS_TO_SYSTEM,shipkg:subsystem:d08eaf16cc46,edge:87a683549dfe4ae6,ev:45cb3bc7993a557f,4.3
主机A5连杆小端,部件,,归属系统,润滑与轴承系统,系统,系统层级：功能系统,非因果（归属、分类、检查或建议等）,研究者分类（非因果结论）,,MAIB_2021_02_Finlandia_Seaways_connecting_rod_failure.pdf,物理第9页；PDF page 9,https://www.gov.uk/maib-reports/engine-failure-and-subsequent-fire-on-ro-ro-cargo-vessel-finlandia-seaways-with-1-person-injured,shipkg:component:c3d265fa990c,BELONGS_TO_SYSTEM,shipkg:subsystem:d08eaf16cc46,edge:02686b58cf82a529,ev:5e9210d8dbe9bf48,4.3
主机海水冷却管,部件,,归属系统,冷却与海水系统,系统,系统层级：功能系统,非因果（归属、分类、检查或建议等）,研究者分类（非因果结论）,,MAIB_2016_Safety_Digest_generator_oil_fire.pdf,物理第60页；PDF page 60,https://assets.publishing.service.gov.uk/media/5e81e5d2d3bf7f13416961fa/2016-SD1-MAIBSafetyDigest.pdf,shipkg:component:a53bfe23945e,BELONGS_TO_SYSTEM,shipkg:subsystem:512427f592b7,edge:18f06d6e030180ee,ev:e235f3eb9480640d,4.3
主机离合器,部件,,归属系统,传动与推进系统,系统,系统层级：功能系统,非因果（归属、分类、检查或建议等）,研究者分类（非因果结论）,,MAIB_2013_Safety_Digest_lubrication_bearing_cases.pdf,物理第14页；PDF page 14,https://assets.publishing.service.gov.uk/government/uploads/system/uploads/attachment_data/file/876748/2013-SD2-MAIBSafetyDigest.pdf,shipkg:component:6f0aead2b5a6,BELONGS_TO_SYSTEM,shipkg:subsystem:5e357a568055,edge:cdb32d5b36633328,ev:4f930aa49cf38734,4.3
二号压缩机排气阀,部件,,归属系统,燃油与进排气系统,系统,系统层级：功能系统,非因果（归属、分类、检查或建议等）,研究者分类（非因果结论）,,MAIB_2013_Safety_Digest_lubrication_bearing_cases.pdf,物理第15页；PDF page 15,https://assets.publishing.service.gov.uk/government/uploads/system/uploads/attachment_data/file/876748/2013-SD2-MAIBSafetyDigest.pdf,shipkg:component:0dcadce61c82,BELONGS_TO_SYSTEM,shipkg:subsystem:52e7560c8465,edge:ff8cce45e75fb388,ev:9c5f7101c8442b54,4.3
便携电动排水泵,部件,,归属系统,电力与控制系统,系统,系统层级：功能系统,非因果（归属、分类、检查或建议等）,研究者分类（非因果结论）,,MAIB_2016_Safety_Digest_generator_oil_fire.pdf,物理第40页；PDF page 40,https://assets.publishing.service.gov.uk/media/5e81e5d2d3bf7f13416961fa/2016-SD1-MAIBSafetyDigest.pdf,shipkg:component:28a67e535633,BELONGS_TO_SYSTEM,shipkg:subsystem:4539c38d0a84,edge:0106d19583f0d5ff,ev:a815947a42cdaece,4.3
压缩机润滑油排出管,部件,,归属系统,润滑与轴承系统,系统,系统层级：功能系统,非因果（归属、分类、检查或建议等）,研究者分类（非因果结论）,,MAIB_2013_Safety_Digest_lubrication_bearing_cases.pdf,物理第14页；PDF page 14,https://assets.publishing.service.gov.uk/government/uploads/system/uploads/attachment_data/file/876748/2013-SD2-MAIBSafetyDigest.pdf,shipkg:component:960fe73dbb4b,BELONGS_TO_SYSTEM,shipkg:subsystem:d08eaf16cc46,edge:e9b0f37033e21813,ev:8e948de9b710ce4f,4.3
双联滑油滤器,部件,,归属系统,润滑与轴承系统,系统,系统层级：功能系统,非因果（归属、分类、检查或建议等）,研究者分类（非因果结论）,,MAIB_2013_Safety_Digest_lubrication_bearing_cases.pdf,物理第21页；PDF page 21,https://assets.publishing.service.gov.uk/government/uploads/system/uploads/attachment_data/file/876748/2013-SD2-MAIBSafetyDigest.pdf,shipkg:component:784cd78efb12,BELONGS_TO_SYSTEM,shipkg:subsystem:d08eaf16cc46,edge:cc1de282bd938b10,ev:b10e854dd960072c,4.3
可调螺距桨反馈控制器,部件,,归属系统,传动与推进系统,系统,系统层级：功能系统,非因果（归属、分类、检查或建议等）,研究者分类（非因果结论）,,MAIB_2016_Safety_Digest_generator_oil_fire.pdf,物理第29页；PDF page 29,https://assets.publishing.service.gov.uk/media/5e81e5d2d3bf7f13416961fa/2016-SD1-MAIBSafetyDigest.pdf,shipkg:component:3295e52dd075,BELONGS_TO_SYSTEM,shipkg:subsystem:5e357a568055,edge:e0e070bfbe91c603,ev:dc67d8904baddd49,4.3
可调螺距桨反馈控制器,部件,,归属系统,电力与控制系统,系统,系统层级：功能系统,非因果（归属、分类、检查或建议等）,研究者分类（非因果结论）,,MAIB_2016_Safety_Digest_generator_oil_fire.pdf,物理第29页；PDF page 29,https://assets.publishing.service.gov.uk/media/5e81e5d2d3bf7f13416961fa/2016-SD1-MAIBSafetyDigest.pdf,shipkg:component:3295e52dd075,BELONGS_TO_SYSTEM,shipkg:subsystem:4539c38d0a84,edge:6d8b95f5e6a9d440,ev:dc67d8904baddd49,4.3
右舷可调螺距桨,部件,,归属系统,传动与推进系统,系统,系统层级：功能系统,非因果（归属、分类、检查或建议等）,研究者分类（非因果结论）,,MAIB_2016_Safety_Digest_generator_oil_fire.pdf,物理第20页；PDF page 20,https://assets.publishing.service.gov.uk/media/5e81e5d2d3bf7f13416961fa/2016-SD1-MAIBSafetyDigest.pdf,shipkg:component:282dcd34a768,BELONGS_TO_SYSTEM,shipkg:subsystem:5e357a568055,edge:8be6ccd9c21b5895,ev:a33dab8e3476ce99,4.3
吊舱推进电机,部件,,归属系统,传动与推进系统,系统,系统层级：功能系统,非因果（归属、分类、检查或建议等）,研究者分类（非因果结论）,,MAIB_2026_06_Spirit_of_Discovery_propulsion_loss.pdf,物理第42页；PDF page 42,https://www.gov.uk/maib-reports/loss-of-propulsion-in-heavy-weather-experienced-by-the-passenger-vessel-spirit-of-discovery-leading-to-over-100-injuries-and-one-fatality,shipkg:component:1157de5d43da,BELONGS_TO_SYSTEM,shipkg:subsystem:5e357a568055,edge:1b2cad2aebdc21b9,ev:e2523ed63e0b4019,4.3
吊舱推进电机,部件,,归属系统,电力与控制系统,系统,系统层级：功能系统,非因果（归属、分类、检查或建议等）,研究者分类（非因果结论）,,MAIB_2026_06_Spirit_of_Discovery_propulsion_loss.pdf,物理第42页；PDF page 42,https://www.gov.uk/maib-reports/loss-of-propulsion-in-heavy-weather-experienced-by-the-passenger-vessel-spirit-of-discovery-leading-to-over-100-injuries-and-one-fatality,shipkg:component:1157de5d43da,BELONGS_TO_SYSTEM,shipkg:subsystem:4539c38d0a84,edge:77b21a77dbefa723,ev:e2523ed63e0b4019,4.3
吊舱舱底液位传感器,部件,,归属系统,冷却与海水系统,系统,系统层级：功能系统,非因果（归属、分类、检查或建议等）,研究者分类（非因果结论）,,MAIB_2026_06_Spirit_of_Discovery_propulsion_loss.pdf,物理第43页；PDF page 43,https://www.gov.uk/maib-reports/loss-of-propulsion-in-heavy-weather-experienced-by-the-passenger-vessel-spirit-of-discovery-leading-to-over-100-injuries-and-one-fatality,shipkg:component:160bdfff5e4e,BELONGS_TO_SYSTEM,shipkg:subsystem:512427f592b7,edge:bbd9dc87ea309aba,ev:818a140783772a9b,4.3
左舷主机6号连杆大端轴瓦,部件,,归属系统,润滑与轴承系统,系统,系统层级：功能系统,非因果（归属、分类、检查或建议等）,研究者分类（非因果结论）,,MAIB_2018_01_Windcat8_bearing_failure_fire.pdf,物理第1页；PDF page 1,https://assets.publishing.service.gov.uk/government/uploads/system/uploads/attachment_data/file/683922/MAIBInvReport01_2018.pdf,shipkg:component:3552bc595328,BELONGS_TO_SYSTEM,shipkg:subsystem:d08eaf16cc46,edge:630cad9d85888d11,ev:ff3253f5416e42be,4.3
排气歧管,部件,,归属系统,燃油与进排气系统,系统,系统层级：功能系统,非因果（归属、分类、检查或建议等）,研究者分类（非因果结论）,,MAIB_2013_Safety_Digest_lubrication_bearing_cases.pdf,物理第41页；PDF page 41,https://assets.publishing.service.gov.uk/government/uploads/system/uploads/attachment_data/file/876748/2013-SD2-MAIBSafetyDigest.pdf,shipkg:component:828d4178b93f,BELONGS_TO_SYSTEM,shipkg:subsystem:52e7560c8465,edge:50d52c96b57a5049,ev:1abb50030379f9ee,4.3
故障主机5号主轴承,部件,,归属系统,润滑与轴承系统,系统,系统层级：功能系统,非因果（归属、分类、检查或建议等）,研究者分类（非因果结论）,,MAIB_2018_14_Wight_Sky_engine_bearing_fire.pdf,物理第14页；PDF page 14,https://assets.publishing.service.gov.uk/media/5b5217c7ed915d0b81e003df/MAIBInvReport14_2018.pdf,shipkg:component:45c063af0c7c,BELONGS_TO_SYSTEM,shipkg:subsystem:d08eaf16cc46,edge:30717ba9df7fb4a4,ev:1637d85df75c53f0,4.3
曲轴主轴承,部件,,归属系统,润滑与轴承系统,系统,系统层级：功能系统,非因果（归属、分类、检查或建议等）,研究者分类（非因果结论）,,MAIB_2013_Safety_Digest_lubrication_bearing_cases.pdf,物理第21页；PDF page 21,https://assets.publishing.service.gov.uk/government/uploads/system/uploads/attachment_data/file/876748/2013-SD2-MAIBSafetyDigest.pdf,shipkg:component:67b7bcd7344e,BELONGS_TO_SYSTEM,shipkg:subsystem:d08eaf16cc46,edge:b61ac036fb40fd4f,ev:df67722cb172233f,4.3
海水隔离阀执行器,部件,,归属系统,冷却与海水系统,系统,系统层级：功能系统,非因果（归属、分类、检查或建议等）,研究者分类（非因果结论）,,MAIB_2016_Safety_Digest_generator_oil_fire.pdf,物理第41页；PDF page 41,https://assets.publishing.service.gov.uk/media/5e81e5d2d3bf7f13416961fa/2016-SD1-MAIBSafetyDigest.pdf,shipkg:component:5fbf5f22d00c,BELONGS_TO_SYSTEM,shipkg:subsystem:512427f592b7,edge:48e528c678ba3789,ev:2180f44fb45d636d,4.3
滑油泵堵头,部件,,归属系统,润滑与轴承系统,系统,系统层级：功能系统,非因果（归属、分类、检查或建议等）,研究者分类（非因果结论）,,MAIB_2016_Safety_Digest_generator_oil_fire.pdf,物理第26页；PDF page 26,https://assets.publishing.service.gov.uk/media/5e81e5d2d3bf7f13416961fa/2016-SD1-MAIBSafetyDigest.pdf,shipkg:component:4d8f23e8a303,BELONGS_TO_SYSTEM,shipkg:subsystem:d08eaf16cc46,edge:9a15d5f2a91bd86f,ev:3749ce726e3d4dcc,4.3
盘车安全联锁,部件,,归属系统,传动与推进系统,系统,系统层级：功能系统,非因果（归属、分类、检查或建议等）,研究者分类（非因果结论）,,MAIB_2013_Safety_Digest_lubrication_bearing_cases.pdf,物理第16页；PDF page 16,https://assets.publishing.service.gov.uk/government/uploads/system/uploads/attachment_data/file/876748/2013-SD2-MAIBSafetyDigest.pdf,shipkg:component:6432d2482f06,BELONGS_TO_SYSTEM,shipkg:subsystem:5e357a568055,edge:24c2261dd8592474,ev:157ede421b19ee3a,4.3
盘车安全联锁,部件,,归属系统,电力与控制系统,系统,系统层级：功能系统,非因果（归属、分类、检查或建议等）,研究者分类（非因果结论）,,MAIB_2013_Safety_Digest_lubrication_bearing_cases.pdf,物理第16页；PDF page 16,https://assets.publishing.service.gov.uk/government/uploads/system/uploads/attachment_data/file/876748/2013-SD2-MAIBSafetyDigest.pdf,shipkg:component:6432d2482f06,BELONGS_TO_SYSTEM,shipkg:subsystem:4539c38d0a84,edge:e5e03964a7c9d8df,ev:157ede421b19ee3a,4.3
盘车机构,部件,,归属系统,传动与推进系统,系统,系统层级：功能系统,非因果（归属、分类、检查或建议等）,研究者分类（非因果结论）,,MAIB_2013_Safety_Digest_lubrication_bearing_cases.pdf,物理第16页；PDF page 16,https://assets.publishing.service.gov.uk/government/uploads/system/uploads/attachment_data/file/876748/2013-SD2-MAIBSafetyDigest.pdf,shipkg:component:46d84bd3b794,BELONGS_TO_SYSTEM,shipkg:subsystem:5e357a568055,edge:5a7c38086f9bfe98,ev:f4e14e047a77ffb2,4.3
相邻机组排气保温,部件,,归属系统,燃油与进排气系统,系统,系统层级：功能系统,非因果（归属、分类、检查或建议等）,研究者分类（非因果结论）,,MAIB_2016_Safety_Digest_generator_oil_fire.pdf,物理第26页；PDF page 26,https://assets.publishing.service.gov.uk/media/5e81e5d2d3bf7f13416961fa/2016-SD1-MAIBSafetyDigest.pdf,shipkg:component:864e3371e086,BELONGS_TO_SYSTEM,shipkg:subsystem:52e7560c8465,edge:21e13b17380ef2e4,ev:e9d71048b791d31a,4.3
螺距控制油路,部件,,归属系统,传动与推进系统,系统,系统层级：功能系统,非因果（归属、分类、检查或建议等）,研究者分类（非因果结论）,,MAIB_2015_22_Pride_of_Canterbury_CPP_hydraulic_fire.pdf,物理第29页；PDF page 29,https://assets.digital.cabinet-office.gov.uk/media/563092daed915d566d000002/MAIBInvReport-22_2015.pdf,shipkg:component:d16e663b1271,BELONGS_TO_SYSTEM,shipkg:subsystem:5e357a568055,edge:42ac7f6610c55a10,ev:470e8782d7a79377,4.3
螺距控制油路,部件,,归属系统,电力与控制系统,系统,系统层级：功能系统,非因果（归属、分类、检查或建议等）,研究者分类（非因果结论）,,MAIB_2015_22_Pride_of_Canterbury_CPP_hydraulic_fire.pdf,物理第29页；PDF page 29,https://assets.digital.cabinet-office.gov.uk/media/563092daed915d566d000002/MAIBInvReport-22_2015.pdf,shipkg:component:d16e663b1271,BELONGS_TO_SYSTEM,shipkg:subsystem:4539c38d0a84,edge:e28e806c06e01ed8,ev:470e8782d7a79377,4.3
谐波滤波电容器,部件,,归属系统,电力与控制系统,系统,系统层级：功能系统,非因果（归属、分类、检查或建议等）,研究者分类（非因果结论）,,MAIB_2011_28_Queen_Mary_2_harmonic_filter_failure.pdf,物理第13页；PDF page 13,https://assets.digital.cabinet-office.gov.uk/media/547c6fa6ed915d4c10000031/QM2Report.pdf,shipkg:component:726d763bfec1,BELONGS_TO_SYSTEM,shipkg:subsystem:4539c38d0a84,edge:55f3c5ca7a74488e,ev:e1952d272da22996,4.3
高温报警线束,部件,,归属系统,电力与控制系统,系统,系统层级：功能系统,非因果（归属、分类、检查或建议等）,研究者分类（非因果结论）,,MAIB_2013_Safety_Digest_lubrication_bearing_cases.pdf,物理第41页；PDF page 41,https://assets.publishing.service.gov.uk/government/uploads/system/uploads/attachment_data/file/876748/2013-SD2-MAIBSafetyDigest.pdf,shipkg:component:26867a3d02f0,BELONGS_TO_SYSTEM,shipkg:subsystem:4539c38d0a84,edge:7bd0bbf2f100465b,ev:188654e8f7b787d6,4.3
DG1发电机故障与失电,事故案例,数据性质：实船调查报告,来源于,Kommandor Susan catastrophic engine failure and fire,资料来源,来源层级：资料级,非因果（归属、分类、检查或建议等）,报告明确记载,事故案例：DG1发电机故障与失电,MAIB_2026_10_Kommandor_Susan_generator_bearing_failure.pdf,物理第1页；PDF page 1,https://www.gov.uk/maib-reports/catastrophic-engine-failure-and-subsequent-fire-on-board-the-site-investigation-vessel-kommandor-susan,shipkg:case:1e6479e108d9,DOCUMENTED_BY,shipkg:source:159562b24735,edge:647dcdf90cfc8204,ev:01f3913bd9c46899,4.3
DG1发电机故障与失电,事故案例,数据性质：实船调查报告,涉及设备,DG1柴油发电机,设备,,非因果（归属、分类、检查或建议等）,报告明确记载,事故案例：DG1发电机故障与失电,MAIB_2026_10_Kommandor_Susan_generator_bearing_failure.pdf,物理第1页；PDF page 1,https://www.gov.uk/maib-reports/catastrophic-engine-failure-and-subsequent-fire-on-board-the-site-investigation-vessel-kommandor-susan,shipkg:case:1e6479e108d9,HAS_EQUIPMENT,shipkg:equipment:49d861a78ba3,edge:3884973f837051d2,ev:01f3913bd9c46899,4.3
DG1发电机故障与失电,事故案例,数据性质：实船调查报告,涉及运维措施,使用原厂零件重建并大修发电机组,运维措施,,非因果（归属、分类、检查或建议等）,报告明确记载,事故案例：DG1发电机故障与失电,MAIB_2026_10_Kommandor_Susan_generator_bearing_failure.pdf,物理第9页；PDF page 9,https://www.gov.uk/maib-reports/catastrophic-engine-failure-and-subsequent-fire-on-board-the-site-investigation-vessel-kommandor-susan,shipkg:case:1e6479e108d9,INVOLVES,shipkg:action:16d3373950f9,edge:89354445a36570a7,ev:9225f4c20470527c,4.3
DG1发电机故障与失电,事故案例,数据性质：实船调查报告,涉及后果,全船失电,后果,,非因果（归属、分类、检查或建议等）,报告明确记载,事故案例：DG1发电机故障与失电,MAIB_2026_10_Kommandor_Susan_generator_bearing_failure.pdf,物理第1页；PDF page 1,https://www.gov.uk/maib-reports/catastrophic-engine-failure-and-subsequent-fire-on-board-the-site-investigation-vessel-kommandor-susan,shipkg:case:1e6479e108d9,INVOLVES,shipkg:consequence:4016217446bf,edge:ecd21828868f7b9d,ev:390711bc162bb6ce,4.3
DG1发电机故障与失电,事故案例,数据性质：实船调查报告,涉及后果,失去推进,后果,,非因果（归属、分类、检查或建议等）,报告明确记载,事故案例：DG1发电机故障与失电,MAIB_2026_10_Kommandor_Susan_generator_bearing_failure.pdf,物理第1页；PDF page 1,https://www.gov.uk/maib-reports/catastrophic-engine-failure-and-subsequent-fire-on-board-the-site-investigation-vessel-kommandor-susan,shipkg:case:1e6479e108d9,INVOLVES,shipkg:consequence:d1c468a6b34b,edge:87f629c6df27074a,ev:96c615c53d3b0715,4.3
DG1发电机故障与失电,事故案例,数据性质：实船调查报告,涉及工况与状态,未核验大修零件真伪,工况与状态,,非因果（归属、分类、检查或建议等）,报告明确记载,事故案例：DG1发电机故障与失电,MAIB_2026_10_Kommandor_Susan_generator_bearing_failure.pdf,物理第8页；PDF page 8,https://www.gov.uk/maib-reports/catastrophic-engine-failure-and-subsequent-fire-on-board-the-site-investigation-vessel-kommandor-susan,shipkg:case:1e6479e108d9,INVOLVES,shipkg:condition:9e280aeb615b,edge:6dfe9b41b6b14146,ev:1a0b3fbe432ab46d,4.3
DG1发电机故障与失电,事故案例,数据性质：实船调查报告,涉及后果,机舱火灾,后果,,非因果（归属、分类、检查或建议等）,报告明确记载,事故案例：DG1发电机故障与失电,MAIB_2026_10_Kommandor_Susan_generator_bearing_failure.pdf,物理第1页；PDF page 1,https://www.gov.uk/maib-reports/catastrophic-engine-failure-and-subsequent-fire-on-board-the-site-investigation-vessel-kommandor-susan,shipkg:case:1e6479e108d9,INVOLVES,shipkg:consequence:775549e4c085,edge:24678dd0c27492bb,ev:390711bc162bb6ce,4.3
DG1发电机故障与失电,事故案例,数据性质：实船调查报告,涉及故障,柴油发电机灾难性失效,故障,故障层级：具体故障或事件,非因果（归属、分类、检查或建议等）,报告明确记载,事故案例：DG1发电机故障与失电,MAIB_2026_10_Kommandor_Susan_generator_bearing_failure.pdf,物理第5页；PDF page 5,https://www.gov.uk/maib-reports/catastrophic-engine-failure-and-subsequent-fire-on-board-the-site-investigation-vessel-kommandor-susan,shipkg:case:1e6479e108d9,INVOLVES,shipkg:fault:423cd9a63be0,edge:d7a2187500e9acc9,ev:cebfc2d1ae68389d,4.3
DG1发电机故障与失电,事故案例,数据性质：实船调查报告,涉及检查方法,核验轴承与大修零件来源,检查方法,,非因果（归属、分类、检查或建议等）,报告明确记载,事故案例：DG1发电机故障与失电,MAIB_2026_10_Kommandor_Susan_generator_bearing_failure.pdf,物理第8页；PDF page 8,https://www.gov.uk/maib-reports/catastrophic-engine-failure-and-subsequent-fire-on-board-the-site-investigation-vessel-kommandor-susan,shipkg:case:1e6479e108d9,INVOLVES,shipkg:check:1c503f83ef89,edge:6d2b0bee1d6de6c7,ev:1a0b3fbe432ab46d,4.3
DG1发电机故障与失电,事故案例,数据性质：实船调查报告,涉及运维措施,检查其余机组非原厂轴承并计划更换,运维措施,,非因果（归属、分类、检查或建议等）,报告明确记载,事故案例：DG1发电机故障与失电,MAIB_2026_10_Kommandor_Susan_generator_bearing_failure.pdf,物理第6页；PDF page 6,https://www.gov.uk/maib-reports/catastrophic-engine-failure-and-subsequent-fire-on-board-the-site-investigation-vessel-kommandor-susan,shipkg:case:1e6479e108d9,INVOLVES,shipkg:action:984af3c3d6c8,edge:6c3befd77e6fe6f6,ev:1b6ee0d38c733128,4.3
DG1发电机故障与失电,事故案例,数据性质：实船调查报告,涉及后果,电动锚机无法释放锚,后果,,非因果（归属、分类、检查或建议等）,报告明确记载,事故案例：DG1发电机故障与失电,MAIB_2026_10_Kommandor_Susan_generator_bearing_failure.pdf,物理第1页；PDF page 1,https://www.gov.uk/maib-reports/catastrophic-engine-failure-and-subsequent-fire-on-board-the-site-investigation-vessel-kommandor-susan,shipkg:case:1e6479e108d9,INVOLVES,shipkg:consequence:4f46c84c0d64,edge:d2f632d6c0fb6506,ev:0ec8d60206b6b9cf,4.3
DG1发电机故障与失电,事故案例,数据性质：实船调查报告,涉及工况与状态,装入非原厂轴承,工况与状态,,非因果（归属、分类、检查或建议等）,报告明确记载,事故案例：DG1发电机故障与失电,MAIB_2026_10_Kommandor_Susan_generator_bearing_failure.pdf,物理第8页；PDF page 8,https://www.gov.uk/maib-reports/catastrophic-engine-failure-and-subsequent-fire-on-board-the-site-investigation-vessel-kommandor-susan,shipkg:case:1e6479e108d9,INVOLVES,shipkg:condition:6fa538170906,edge:a4b835efae9cbcac,ev:1a0b3fbe432ab46d,4.3
DG1发电机故障与失电,事故案例,数据性质：实船调查报告,涉及故障,连杆大端轴瓦失效,故障,故障层级：具体故障或事件,非因果（归属、分类、检查或建议等）,报告明确记载,事故案例：DG1发电机故障与失电,MAIB_2026_10_Kommandor_Susan_generator_bearing_failure.pdf,物理第5页；PDF page 5,https://www.gov.uk/maib-reports/catastrophic-engine-failure-and-subsequent-fire-on-board-the-site-investigation-vessel-kommandor-susan,shipkg:case:1e6479e108d9,INVOLVES,shipkg:fault:2c644dcfc770,edge:00e268c583920977,ev:5f282b514e870587,4.3
DG1发电机故障与失电,事故案例,数据性质：实船调查报告,涉及原因,非原厂轴承材料粘结较弱,原因,,非因果（归属、分类、检查或建议等）,报告明确记载,事故案例：DG1发电机故障与失电,MAIB_2026_10_Kommandor_Susan_generator_bearing_failure.pdf,物理第5页；PDF page 5,https://www.gov.uk/maib-reports/catastrophic-engine-failure-and-subsequent-fire-on-board-the-site-investigation-vessel-kommandor-susan,shipkg:case:1e6479e108d9,INVOLVES,shipkg:cause:0c02674d6024,edge:898e34cfb1079802,ev:5f282b514e870587,4.3
DG1发电机故障与失电,事故案例,数据性质：实船调查报告,涉及工况与状态,非原厂零件超出适用保养周期,工况与状态,,非因果（归属、分类、检查或建议等）,报告明确记载,事故案例：DG1发电机故障与失电,MAIB_2026_10_Kommandor_Susan_generator_bearing_failure.pdf,物理第8页；PDF page 8,https://www.gov.uk/maib-reports/catastrophic-engine-failure-and-subsequent-fire-on-board-the-site-investigation-vessel-kommandor-susan,shipkg:case:1e6479e108d9,INVOLVES,shipkg:condition:9e0b58e70948,edge:21aa538ccb186c35,ev:01e497b491874531,4.3
DG1发电机故障与失电,事故案例,数据性质：实船调查报告,涉及系统,传动与推进系统,系统,系统层级：功能系统,非因果（归属、分类、检查或建议等）,研究者分类（非因果结论）,事故案例：DG1发电机故障与失电,MAIB_2026_10_Kommandor_Susan_generator_bearing_failure.pdf,物理第1页；PDF page 1,https://www.gov.uk/maib-reports/catastrophic-engine-failure-and-subsequent-fire-on-board-the-site-investigation-vessel-kommandor-susan,shipkg:case:1e6479e108d9,IN_SYSTEM,shipkg:subsystem:5e357a568055,edge:67f79e2da375ba0b,ev:01f3913bd9c46899,4.3
DG1发电机故障与失电,事故案例,数据性质：实船调查报告,采用系统架构,柴油发电-电力推进系统,系统,系统层级：动力架构,非因果（归属、分类、检查或建议等）,报告明确记载,事故案例：DG1发电机故障与失电,MAIB_2026_10_Kommandor_Susan_generator_bearing_failure.pdf,物理第1页；PDF page 1,https://www.gov.uk/maib-reports/catastrophic-engine-failure-and-subsequent-fire-on-board-the-site-investigation-vessel-kommandor-susan,shipkg:case:1e6479e108d9,IN_SYSTEM,shipkg:system:9bf053394931,edge:7e9d424e9efc7234,ev:01f3913bd9c46899,4.3
DG1发电机故障与失电,事故案例,数据性质：实船调查报告,涉及系统,润滑与轴承系统,系统,系统层级：功能系统,非因果（归属、分类、检查或建议等）,研究者分类（非因果结论）,事故案例：DG1发电机故障与失电,MAIB_2026_10_Kommandor_Susan_generator_bearing_failure.pdf,物理第1页；PDF page 1,https://www.gov.uk/maib-reports/catastrophic-engine-failure-and-subsequent-fire-on-board-the-site-investigation-vessel-kommandor-susan,shipkg:case:1e6479e108d9,IN_SYSTEM,shipkg:subsystem:d08eaf16cc46,edge:72aba66398325277,ev:01f3913bd9c46899,4.3
DG1发电机故障与失电,事故案例,数据性质：实船调查报告,涉及系统,电力与控制系统,系统,系统层级：功能系统,非因果（归属、分类、检查或建议等）,研究者分类（非因果结论）,事故案例：DG1发电机故障与失电,MAIB_2026_10_Kommandor_Susan_generator_bearing_failure.pdf,物理第1页；PDF page 1,https://www.gov.uk/maib-reports/catastrophic-engine-failure-and-subsequent-fire-on-board-the-site-investigation-vessel-kommandor-susan,shipkg:case:1e6479e108d9,IN_SYSTEM,shipkg:subsystem:4539c38d0a84,edge:cf3172f66abb4426,ev:01f3913bd9c46899,4.3
ME2主轴承断油失效,事故案例,船型：滚装客船；数据性质：实船调查报告,来源于,Wight Sky multiple engine failures,资料来源,来源层级：资料级,非因果（归属、分类、检查或建议等）,报告明确记载,事故案例：ME2主轴承断油失效,MAIB_2022_04_Wight_Sky_multiple_engine_failures.pdf,物理第84页；PDF page 84,https://assets.publishing.service.gov.uk/media/6267cc85e90e071690c1b679/2022-4-WightSky-Report.pdf,shipkg:case:adf367a46f33,DOCUMENTED_BY,shipkg:source:66b61e38c53f,edge:64d0a22d1da79381,ev:4846a9af2b7e6456,4.3
ME2主轴承断油失效,事故案例,船型：滚装客船；数据性质：实船调查报告,涉及设备,ME2主机,设备,,非因果（归属、分类、检查或建议等）,报告明确记载,事故案例：ME2主轴承断油失效,MAIB_2022_04_Wight_Sky_multiple_engine_failures.pdf,物理第84页；PDF page 84,https://assets.publishing.service.gov.uk/media/6267cc85e90e071690c1b679/2022-4-WightSky-Report.pdf,shipkg:case:adf367a46f33,HAS_EQUIPMENT,shipkg:equipment:61cd855f5970,edge:bfb0d14c4ff5888e,ev:4846a9af2b7e6456,4.3
ME2主轴承断油失效,事故案例,船型：滚装客船；数据性质：实船调查报告,涉及工况与状态,主机不对中与异常振动,工况与状态,,非因果（归属、分类、检查或建议等）,报告明确记载,事故案例：ME2主轴承断油失效,MAIB_2022_04_Wight_Sky_multiple_engine_failures.pdf,物理第84页；PDF page 84,https://assets.publishing.service.gov.uk/media/6267cc85e90e071690c1b679/2022-4-WightSky-Report.pdf,shipkg:case:adf367a46f33,INVOLVES,shipkg:condition:2d805325d843,edge:2b331df2c1fbca59,ev:26718cca28f9fc30,4.3
ME2主轴承断油失效,事故案例,船型：滚装客船；数据性质：实船调查报告,涉及故障,主机灾难性失效,故障,故障层级：具体故障或事件,非因果（归属、分类、检查或建议等）,报告明确记载,事故案例：ME2主轴承断油失效,MAIB_2022_04_Wight_Sky_multiple_engine_failures.pdf,物理第84页；PDF page 84,https://assets.publishing.service.gov.uk/media/6267cc85e90e071690c1b679/2022-4-WightSky-Report.pdf,shipkg:case:adf367a46f33,INVOLVES,shipkg:fault:fee4df6aeb24,edge:98c5383ab9790842,ev:4846a9af2b7e6456,4.3
ME2主轴承断油失效,事故案例,船型：滚装客船；数据性质：实船调查报告,涉及故障,主轴承瓦片转位,故障,故障层级：具体故障或事件,非因果（归属、分类、检查或建议等）,报告明确记载,事故案例：ME2主轴承断油失效,MAIB_2022_04_Wight_Sky_multiple_engine_failures.pdf,物理第84页；PDF page 84,https://assets.publishing.service.gov.uk/media/6267cc85e90e071690c1b679/2022-4-WightSky-Report.pdf,shipkg:case:adf367a46f33,INVOLVES,shipkg:fault:aba0717d72a0,edge:b1e927b793b4c3b4,ev:a67a93bfec361edf,4.3
ME2主轴承断油失效,事故案例,船型：滚装客船；数据性质：实船调查报告,涉及工况与状态,停机时并联机组拖转,工况与状态,,非因果（归属、分类、检查或建议等）,报告明确记载,事故案例：ME2主轴承断油失效,MAIB_2022_04_Wight_Sky_multiple_engine_failures.pdf,物理第85页；PDF page 85,https://assets.publishing.service.gov.uk/media/6267cc85e90e071690c1b679/2022-4-WightSky-Report.pdf,shipkg:case:adf367a46f33,INVOLVES,shipkg:condition:a9a45fb680fd,edge:b985df217b70c920,ev:cf454850540d2ce6,4.3
ME2主轴承断油失效,事故案例,船型：滚装客船；数据性质：实船调查报告,涉及故障,曲轴主轴承与曲柄销断油,故障,故障层级：具体故障或事件,非因果（归属、分类、检查或建议等）,报告明确记载,事故案例：ME2主轴承断油失效,MAIB_2022_04_Wight_Sky_multiple_engine_failures.pdf,物理第84页；PDF page 84,https://assets.publishing.service.gov.uk/media/6267cc85e90e071690c1b679/2022-4-WightSky-Report.pdf,shipkg:case:adf367a46f33,INVOLVES,shipkg:fault:96cc1c0ff36e,edge:7f08ab11206bc8bc,ev:a67a93bfec361edf,4.3
ME2主轴承断油失效,事故案例,船型：滚装客船；数据性质：实船调查报告,涉及原因,油路磨粒与污染,原因,,非因果（归属、分类、检查或建议等）,报告明确记载,事故案例：ME2主轴承断油失效,MAIB_2022_04_Wight_Sky_multiple_engine_failures.pdf,物理第84页；PDF page 84,https://assets.publishing.service.gov.uk/media/6267cc85e90e071690c1b679/2022-4-WightSky-Report.pdf,shipkg:case:adf367a46f33,INVOLVES,shipkg:cause:8a2abf94d478,edge:f666dae6f01177ac,ev:f586cbe874297cd1,4.3
ME2主轴承断油失效,事故案例,船型：滚装客船；数据性质：实船调查报告,涉及症状,润滑油压力下降,症状,,非因果（归属、分类、检查或建议等）,报告明确记载,事故案例：ME2主轴承断油失效,MAIB_2022_04_Wight_Sky_multiple_engine_failures.pdf,物理第70页；PDF page 70,https://assets.publishing.service.gov.uk/media/6267cc85e90e071690c1b679/2022-4-WightSky-Report.pdf,shipkg:case:adf367a46f33,INVOLVES,shipkg:symptom:ccae4eb65c57,edge:d34cfe896e4d0cec,ev:5124f3b43ff47b3a,4.3
ME2主轴承断油失效,事故案例,船型：滚装客船；数据性质：实船调查报告,涉及检查方法,监测润滑油和冷却液状态,检查方法,,非因果（归属、分类、检查或建议等）,报告明确记载,事故案例：ME2主轴承断油失效,MAIB_2022_04_Wight_Sky_multiple_engine_failures.pdf,物理第84页；PDF page 84,https://assets.publishing.service.gov.uk/media/6267cc85e90e071690c1b679/2022-4-WightSky-Report.pdf,shipkg:case:adf367a46f33,INVOLVES,shipkg:check:f9cad3df2b98,edge:6a0c01b673ea0882,ev:d8028bdc4d93a0c8,4.3
ME2主轴承断油失效,事故案例,船型：滚装客船；数据性质：实船调查报告,涉及系统,传动与推进系统,系统,系统层级：功能系统,非因果（归属、分类、检查或建议等）,研究者分类（非因果结论）,事故案例：ME2主轴承断油失效,MAIB_2022_04_Wight_Sky_multiple_engine_failures.pdf,物理第84页；PDF page 84,https://assets.publishing.service.gov.uk/media/6267cc85e90e071690c1b679/2022-4-WightSky-Report.pdf,shipkg:case:adf367a46f33,IN_SYSTEM,shipkg:subsystem:5e357a568055,edge:00bdaedd5815def3,ev:4846a9af2b7e6456,4.3
ME2主轴承断油失效,事故案例,船型：滚装客船；数据性质：实船调查报告,采用系统架构,柴油机机械推进系统,系统,系统层级：动力架构,非因果（归属、分类、检查或建议等）,报告明确记载,事故案例：ME2主轴承断油失效,MAIB_2022_04_Wight_Sky_multiple_engine_failures.pdf,物理第84页；PDF page 84,https://assets.publishing.service.gov.uk/media/6267cc85e90e071690c1b679/2022-4-WightSky-Report.pdf,shipkg:case:adf367a46f33,IN_SYSTEM,shipkg:system:5d1dca19fd66,edge:fd4ddfffcf5bc874,ev:4846a9af2b7e6456,4.3
ME2主轴承断油失效,事故案例,船型：滚装客船；数据性质：实船调查报告,涉及系统,润滑与轴承系统,系统,系统层级：功能系统,非因果（归属、分类、检查或建议等）,研究者分类（非因果结论）,事故案例：ME2主轴承断油失效,MAIB_2022_04_Wight_Sky_multiple_engine_failures.pdf,物理第84页；PDF page 84,https://assets.publishing.service.gov.uk/media/6267cc85e90e071690c1b679/2022-4-WightSky-Report.pdf,shipkg:case:adf367a46f33,IN_SYSTEM,shipkg:subsystem:d08eaf16cc46,edge:e4bff73a42bdefa8,ev:4846a9af2b7e6456,4.3
ME4连杆轴承盖错装失效,事故案例,船型：滚装客船；数据性质：实船调查报告,来源于,Wight Sky multiple engine failures,资料来源,来源层级：资料级,非因果（归属、分类、检查或建议等）,报告明确记载,事故案例：ME4连杆轴承盖错装失效,MAIB_2022_04_Wight_Sky_multiple_engine_failures.pdf,物理第84页；PDF page 84,https://assets.publishing.service.gov.uk/media/6267cc85e90e071690c1b679/2022-4-WightSky-Report.pdf,shipkg:case:278d7572ef08,DOCUMENTED_BY,shipkg:source:66b61e38c53f,edge:e372613b572c153f,ev:3ca79df2a0332a1a,4.3
ME4连杆轴承盖错装失效,事故案例,船型：滚装客船；数据性质：实船调查报告,涉及设备,ME4主机,设备,,非因果（归属、分类、检查或建议等）,报告明确记载,事故案例：ME4连杆轴承盖错装失效,MAIB_2022_04_Wight_Sky_multiple_engine_failures.pdf,物理第84页；PDF page 84,https://assets.publishing.service.gov.uk/media/6267cc85e90e071690c1b679/2022-4-WightSky-Report.pdf,shipkg:case:278d7572ef08,HAS_EQUIPMENT,shipkg:equipment:6cc9aa419de7,edge:88ab1a090195de96,ev:3ca79df2a0332a1a,4.3
ME4连杆轴承盖错装失效,事故案例,船型：滚装客船；数据性质：实船调查报告,涉及故障,主机灾难性失效,故障,故障层级：具体故障或事件,非因果（归属、分类、检查或建议等）,报告明确记载,事故案例：ME4连杆轴承盖错装失效,MAIB_2022_04_Wight_Sky_multiple_engine_failures.pdf,物理第84页；PDF page 84,https://assets.publishing.service.gov.uk/media/6267cc85e90e071690c1b679/2022-4-WightSky-Report.pdf,shipkg:case:278d7572ef08,INVOLVES,shipkg:fault:fee4df6aeb24,edge:63f50ee6c2328b58,ev:3ca79df2a0332a1a,4.3
ME4连杆轴承盖错装失效,事故案例,船型：滚装客船；数据性质：实船调查报告,涉及检查方法,核对连杆与轴承盖配对编号,检查方法,,非因果（归属、分类、检查或建议等）,报告明确记载,事故案例：ME4连杆轴承盖错装失效,MAIB_2022_04_Wight_Sky_multiple_engine_failures.pdf,物理第72页；PDF page 72,https://assets.publishing.service.gov.uk/media/6267cc85e90e071690c1b679/2022-4-WightSky-Report.pdf,shipkg:case:278d7572ef08,INVOLVES,shipkg:check:fa162d9e9a3f,edge:372f4d4cfd3bf6cd,ev:c74257f47f29e86a,4.3
ME4连杆轴承盖错装失效,事故案例,船型：滚装客船；数据性质：实船调查报告,涉及原因,连杆大端轴承盖配对错装,原因,,非因果（归属、分类、检查或建议等）,报告明确记载,事故案例：ME4连杆轴承盖错装失效,MAIB_2022_04_Wight_Sky_multiple_engine_failures.pdf,物理第84页；PDF page 84,https://assets.publishing.service.gov.uk/media/6267cc85e90e071690c1b679/2022-4-WightSky-Report.pdf,shipkg:case:278d7572ef08,INVOLVES,shipkg:cause:0b368a5a5869,edge:cccd4ad38e79c3fa,ev:a4a51bca0c30f80d,4.3
ME4连杆轴承盖错装失效,事故案例,船型：滚装客船；数据性质：实船调查报告,涉及故障,连杆盖螺栓松动与断裂,故障,故障层级：具体故障或事件,非因果（归属、分类、检查或建议等）,报告明确记载,事故案例：ME4连杆轴承盖错装失效,MAIB_2022_04_Wight_Sky_multiple_engine_failures.pdf,物理第84页；PDF page 84,https://assets.publishing.service.gov.uk/media/6267cc85e90e071690c1b679/2022-4-WightSky-Report.pdf,shipkg:case:278d7572ef08,INVOLVES,shipkg:fault:9b76a4f68834,edge:4079815458cd42f4,ev:1218b476bea8d173,4.3
ME4连杆轴承盖错装失效,事故案例,船型：滚装客船；数据性质：实船调查报告,涉及故障,连杆盖配合面微动磨损,故障,故障层级：具体故障或事件,非因果（归属、分类、检查或建议等）,报告明确记载,事故案例：ME4连杆轴承盖错装失效,MAIB_2022_04_Wight_Sky_multiple_engine_failures.pdf,物理第84页；PDF page 84,https://assets.publishing.service.gov.uk/media/6267cc85e90e071690c1b679/2022-4-WightSky-Report.pdf,shipkg:case:278d7572ef08,INVOLVES,shipkg:fault:a20cef558a0a,edge:2b009d7f31dff02d,ev:a4a51bca0c30f80d,4.3
ME4连杆轴承盖错装失效,事故案例,船型：滚装客船；数据性质：实船调查报告,涉及系统,传动与推进系统,系统,系统层级：功能系统,非因果（归属、分类、检查或建议等）,研究者分类（非因果结论）,事故案例：ME4连杆轴承盖错装失效,MAIB_2022_04_Wight_Sky_multiple_engine_failures.pdf,物理第84页；PDF page 84,https://assets.publishing.service.gov.uk/media/6267cc85e90e071690c1b679/2022-4-WightSky-Report.pdf,shipkg:case:278d7572ef08,IN_SYSTEM,shipkg:subsystem:5e357a568055,edge:c378845ae5e334a8,ev:3ca79df2a0332a1a,4.3
ME4连杆轴承盖错装失效,事故案例,船型：滚装客船；数据性质：实船调查报告,采用系统架构,柴油机机械推进系统,系统,系统层级：动力架构,非因果（归属、分类、检查或建议等）,报告明确记载,事故案例：ME4连杆轴承盖错装失效,MAIB_2022_04_Wight_Sky_multiple_engine_failures.pdf,物理第84页；PDF page 84,https://assets.publishing.service.gov.uk/media/6267cc85e90e071690c1b679/2022-4-WightSky-Report.pdf,shipkg:case:278d7572ef08,IN_SYSTEM,shipkg:system:5d1dca19fd66,edge:bc128c07c9354ca4,ev:3ca79df2a0332a1a,4.3
ME4连杆轴承盖错装失效,事故案例,船型：滚装客船；数据性质：实船调查报告,涉及系统,润滑与轴承系统,系统,系统层级：功能系统,非因果（归属、分类、检查或建议等）,研究者分类（非因果结论）,事故案例：ME4连杆轴承盖错装失效,MAIB_2022_04_Wight_Sky_multiple_engine_failures.pdf,物理第84页；PDF page 84,https://assets.publishing.service.gov.uk/media/6267cc85e90e071690c1b679/2022-4-WightSky-Report.pdf,shipkg:case:278d7572ef08,IN_SYSTEM,shipkg:subsystem:d08eaf16cc46,edge:c485b2af95e1ebc1,ev:3ca79df2a0332a1a,4.3
主机连杆小端疲劳断裂,事故案例,数据性质：实船调查报告,来源于,Finlandia Seaways engine failure and fire,资料来源,来源层级：资料级,非因果（归属、分类、检查或建议等）,报告明确记载,事故案例：主机连杆小端疲劳断裂,MAIB_2021_02_Finlandia_Seaways_connecting_rod_failure.pdf,物理第9页；PDF page 9,https://www.gov.uk/maib-reports/engine-failure-and-subsequent-fire-on-ro-ro-cargo-vessel-finlandia-seaways-with-1-person-injured,shipkg:case:d6e9f8f8ade2,DOCUMENTED_BY,shipkg:source:a4b58f363149,edge:f7d3c136149f9f3e,ev:eb8d9ba0db21fede,4.3
主机连杆小端疲劳断裂,事故案例,数据性质：实船调查报告,涉及设备,主机,设备,,非因果（归属、分类、检查或建议等）,报告明确记载,事故案例：主机连杆小端疲劳断裂,MAIB_2021_02_Finlandia_Seaways_connecting_rod_failure.pdf,物理第9页；PDF page 9,https://www.gov.uk/maib-reports/engine-failure-and-subsequent-fire-on-ro-ro-cargo-vessel-finlandia-seaways-with-1-person-injured,shipkg:case:d6e9f8f8ade2,HAS_EQUIPMENT,shipkg:equipment:aea23b9943a4,edge:08944f6f37ecd17d,ev:eb8d9ba0db21fede,4.3
主机连杆小端疲劳断裂,事故案例,数据性质：实船调查报告,涉及故障,主机灾难性失效,故障,故障层级：具体故障或事件,非因果（归属、分类、检查或建议等）,报告明确记载,事故案例：主机连杆小端疲劳断裂,MAIB_2021_02_Finlandia_Seaways_connecting_rod_failure.pdf,物理第9页；PDF page 9,https://www.gov.uk/maib-reports/engine-failure-and-subsequent-fire-on-ro-ro-cargo-vessel-finlandia-seaways-with-1-person-injured,shipkg:case:d6e9f8f8ade2,INVOLVES,shipkg:fault:fee4df6aeb24,edge:83c25edbca1b855a,ev:53cb0d46e7e767ec,4.3
主机连杆小端疲劳断裂,事故案例,数据性质：实船调查报告,涉及运维措施,按制造商工艺更换活塞销轴套,运维措施,,非因果（归属、分类、检查或建议等）,报告明确记载,事故案例：主机连杆小端疲劳断裂,MAIB_2021_02_Finlandia_Seaways_connecting_rod_failure.pdf,物理第56页；PDF page 56,https://www.gov.uk/maib-reports/engine-failure-and-subsequent-fire-on-ro-ro-cargo-vessel-finlandia-seaways-with-1-person-injured,shipkg:case:d6e9f8f8ade2,INVOLVES,shipkg:action:642ddc0bd6c5,edge:c7203100f1a0ed3b,ev:c4dfa47c81f2ebb5,4.3
主机连杆小端疲劳断裂,事故案例,数据性质：实船调查报告,涉及后果,机舱火灾,后果,,非因果（归属、分类、检查或建议等）,报告明确记载,事故案例：主机连杆小端疲劳断裂,MAIB_2021_02_Finlandia_Seaways_connecting_rod_failure.pdf,物理第9页；PDF page 9,https://www.gov.uk/maib-reports/engine-failure-and-subsequent-fire-on-ro-ro-cargo-vessel-finlandia-seaways-with-1-person-injured,shipkg:case:d6e9f8f8ade2,INVOLVES,shipkg:consequence:775549e4c085,edge:e6221cf6d8ff0c74,ev:471026a1392177a8,4.3
主机连杆小端疲劳断裂,事故案例,数据性质：实船调查报告,涉及检查方法,检查连杆小端内孔刻痕与热损伤,检查方法,,非因果（归属、分类、检查或建议等）,报告明确记载,事故案例：主机连杆小端疲劳断裂,MAIB_2021_02_Finlandia_Seaways_connecting_rod_failure.pdf,物理第56页；PDF page 56,https://www.gov.uk/maib-reports/engine-failure-and-subsequent-fire-on-ro-ro-cargo-vessel-finlandia-seaways-with-1-person-injured,shipkg:case:d6e9f8f8ade2,INVOLVES,shipkg:check:313a552b87bf,edge:b6118df8e96d8f9a,ev:33782f93bde6d8a1,4.3
主机连杆小端疲劳断裂,事故案例,数据性质：实船调查报告,涉及症状,连杆小端刻痕,症状,,非因果（归属、分类、检查或建议等）,报告明确记载,事故案例：主机连杆小端疲劳断裂,MAIB_2021_02_Finlandia_Seaways_connecting_rod_failure.pdf,物理第56页；PDF page 56,https://www.gov.uk/maib-reports/engine-failure-and-subsequent-fire-on-ro-ro-cargo-vessel-finlandia-seaways-with-1-person-injured,shipkg:case:d6e9f8f8ade2,INVOLVES,shipkg:symptom:601948a19d34,edge:b87ce74b0276fc85,ev:b2ab413559094e03,4.3
主机连杆小端疲劳断裂,事故案例,数据性质：实船调查报告,涉及故障,连杆小端疲劳断裂,故障,故障层级：具体故障或事件,非因果（归属、分类、检查或建议等）,报告明确记载,事故案例：主机连杆小端疲劳断裂,MAIB_2021_02_Finlandia_Seaways_connecting_rod_failure.pdf,物理第9页；PDF page 9,https://www.gov.uk/maib-reports/engine-failure-and-subsequent-fire-on-ro-ro-cargo-vessel-finlandia-seaways-with-1-person-injured,shipkg:case:d6e9f8f8ade2,INVOLVES,shipkg:fault:4e2929b80b35,edge:63290134edaabcd8,ev:ed4a18d326cb49be,4.3
主机连杆小端疲劳断裂,事故案例,数据性质：实船调查报告,涉及原因,连杆小端轴套更换产生应力集中,原因,,非因果（归属、分类、检查或建议等）,报告明确记载,事故案例：主机连杆小端疲劳断裂,MAIB_2021_02_Finlandia_Seaways_connecting_rod_failure.pdf,物理第9页；PDF page 9,https://www.gov.uk/maib-reports/engine-failure-and-subsequent-fire-on-ro-ro-cargo-vessel-finlandia-seaways-with-1-person-injured,shipkg:case:d6e9f8f8ade2,INVOLVES,shipkg:cause:29f8307f5eed,edge:0194af9f6cddb0da,ev:ed4a18d326cb49be,4.3
主机连杆小端疲劳断裂,事故案例,数据性质：实船调查报告,涉及系统,传动与推进系统,系统,系统层级：功能系统,非因果（归属、分类、检查或建议等）,研究者分类（非因果结论）,事故案例：主机连杆小端疲劳断裂,MAIB_2021_02_Finlandia_Seaways_connecting_rod_failure.pdf,物理第9页；PDF page 9,https://www.gov.uk/maib-reports/engine-failure-and-subsequent-fire-on-ro-ro-cargo-vessel-finlandia-seaways-with-1-person-injured,shipkg:case:d6e9f8f8ade2,IN_SYSTEM,shipkg:subsystem:5e357a568055,edge:639a9a599f7a4918,ev:eb8d9ba0db21fede,4.3
主机连杆小端疲劳断裂,事故案例,数据性质：实船调查报告,采用系统架构,柴油机机械推进系统,系统,系统层级：动力架构,非因果（归属、分类、检查或建议等）,报告明确记载,事故案例：主机连杆小端疲劳断裂,MAIB_2021_02_Finlandia_Seaways_connecting_rod_failure.pdf,物理第9页；PDF page 9,https://www.gov.uk/maib-reports/engine-failure-and-subsequent-fire-on-ro-ro-cargo-vessel-finlandia-seaways-with-1-person-injured,shipkg:case:d6e9f8f8ade2,IN_SYSTEM,shipkg:system:5d1dca19fd66,edge:08f490051756c0e1,ev:eb8d9ba0db21fede,4.3
主机连杆小端疲劳断裂,事故案例,数据性质：实船调查报告,涉及系统,润滑与轴承系统,系统,系统层级：功能系统,非因果（归属、分类、检查或建议等）,研究者分类（非因果结论）,事故案例：主机连杆小端疲劳断裂,MAIB_2021_02_Finlandia_Seaways_connecting_rod_failure.pdf,物理第9页；PDF page 9,https://www.gov.uk/maib-reports/engine-failure-and-subsequent-fire-on-ro-ro-cargo-vessel-finlandia-seaways-with-1-person-injured,shipkg:case:d6e9f8f8ade2,IN_SYSTEM,shipkg:subsystem:d08eaf16cc46,edge:3a7daa302187780c,ev:eb8d9ba0db21fede,4.3
主机重装后轴承失效与火灾,事故案例,船型：滚装客船；数据性质：实船调查报告,来源于,Wight Sky catastrophic main engine bearing failure,资料来源,来源层级：资料级,非因果（归属、分类、检查或建议等）,报告明确记载,事故案例：主机重装后轴承失效与火灾,MAIB_2018_14_Wight_Sky_engine_bearing_fire.pdf,物理第1页；PDF page 1,https://assets.publishing.service.gov.uk/media/5b5217c7ed915d0b81e003df/MAIBInvReport14_2018.pdf,shipkg:case:00057f56fe39,DOCUMENTED_BY,shipkg:source:21d1480ba4a6,edge:ac6908ec9f47ee7b,ev:19d0b2283f62b511,4.3
主机重装后轴承失效与火灾,事故案例,船型：滚装客船；数据性质：实船调查报告,涉及设备,故障主机,设备,,非因果（归属、分类、检查或建议等）,报告明确记载,事故案例：主机重装后轴承失效与火灾,MAIB_2018_14_Wight_Sky_engine_bearing_fire.pdf,物理第1页；PDF page 1,https://assets.publishing.service.gov.uk/media/5b5217c7ed915d0b81e003df/MAIBInvReport14_2018.pdf,shipkg:case:00057f56fe39,HAS_EQUIPMENT,shipkg:equipment:1755b4f618f2,edge:4f987e939c176b16,ev:19d0b2283f62b511,4.3
主机重装后轴承失效与火灾,事故案例,船型：滚装客船；数据性质：实船调查报告,涉及故障,主机灾难性失效,故障,故障层级：具体故障或事件,非因果（归属、分类、检查或建议等）,报告明确记载,事故案例：主机重装后轴承失效与火灾,MAIB_2018_14_Wight_Sky_engine_bearing_fire.pdf,物理第14页；PDF page 14,https://assets.publishing.service.gov.uk/media/5b5217c7ed915d0b81e003df/MAIBInvReport14_2018.pdf,shipkg:case:00057f56fe39,INVOLVES,shipkg:fault:fee4df6aeb24,edge:71c93c3028f0d7ae,ev:b10bdbaa38429105,4.3
主机重装后轴承失效与火灾,事故案例,船型：滚装客船；数据性质：实船调查报告,涉及故障,主轴承瓦片转位,故障,故障层级：具体故障或事件,非因果（归属、分类、检查或建议等）,报告明确记载,事故案例：主机重装后轴承失效与火灾,MAIB_2018_14_Wight_Sky_engine_bearing_fire.pdf,物理第14页；PDF page 14,https://assets.publishing.service.gov.uk/media/5b5217c7ed915d0b81e003df/MAIBInvReport14_2018.pdf,shipkg:case:00057f56fe39,INVOLVES,shipkg:fault:aba0717d72a0,edge:a6ff3d7bef862430,ev:7407bf8cf7722325,4.3
主机重装后轴承失效与火灾,事故案例,船型：滚装客船；数据性质：实船调查报告,涉及工况与状态,关键断路器置于手动位,工况与状态,,非因果（归属、分类、检查或建议等）,报告明确记载,事故案例：主机重装后轴承失效与火灾,MAIB_2018_14_Wight_Sky_engine_bearing_fire.pdf,物理第14页；PDF page 14,https://assets.publishing.service.gov.uk/media/5b5217c7ed915d0b81e003df/MAIBInvReport14_2018.pdf,shipkg:case:00057f56fe39,INVOLVES,shipkg:condition:e21862ad051d,edge:7b9be00c22960658,ev:d2ddab6cf68a9801,4.3
主机重装后轴承失效与火灾,事故案例,船型：滚装客船；数据性质：实船调查报告,涉及后果,关键设备失电,后果,,非因果（归属、分类、检查或建议等）,报告明确记载,事故案例：主机重装后轴承失效与火灾,MAIB_2018_14_Wight_Sky_engine_bearing_fire.pdf,物理第14页；PDF page 14,https://assets.publishing.service.gov.uk/media/5b5217c7ed915d0b81e003df/MAIBInvReport14_2018.pdf,shipkg:case:00057f56fe39,INVOLVES,shipkg:consequence:bcd3a732b87d,edge:9b4b0272e8704850,ev:d2ddab6cf68a9801,4.3
主机重装后轴承失效与火灾,事故案例,船型：滚装客船；数据性质：实船调查报告,涉及运维措施,在洁净环境装配并整体安装主机,运维措施,,非因果（归属、分类、检查或建议等）,报告明确记载,事故案例：主机重装后轴承失效与火灾,MAIB_2018_14_Wight_Sky_engine_bearing_fire.pdf,物理第14页；PDF page 14,https://assets.publishing.service.gov.uk/media/5b5217c7ed915d0b81e003df/MAIBInvReport14_2018.pdf,shipkg:case:00057f56fe39,INVOLVES,shipkg:action:752d3ce3e403,edge:4329884f77eb369a,ev:c2745665875d9964,4.3
主机重装后轴承失效与火灾,事故案例,船型：滚装客船；数据性质：实船调查报告,涉及后果,机舱火灾,后果,,非因果（归属、分类、检查或建议等）,报告明确记载,事故案例：主机重装后轴承失效与火灾,MAIB_2018_14_Wight_Sky_engine_bearing_fire.pdf,物理第1页；PDF page 1,https://assets.publishing.service.gov.uk/media/5b5217c7ed915d0b81e003df/MAIBInvReport14_2018.pdf,shipkg:case:00057f56fe39,INVOLVES,shipkg:consequence:775549e4c085,edge:b15cee873e9d5efd,ev:feb3c28c6560bd03,4.3
主机重装后轴承失效与火灾,事故案例,船型：滚装客船；数据性质：实船调查报告,涉及原因,油道残留碎屑,原因,,非因果（归属、分类、检查或建议等）,报告明确记载,事故案例：主机重装后轴承失效与火灾,MAIB_2018_14_Wight_Sky_engine_bearing_fire.pdf,物理第14页；PDF page 14,https://assets.publishing.service.gov.uk/media/5b5217c7ed915d0b81e003df/MAIBInvReport14_2018.pdf,shipkg:case:00057f56fe39,INVOLVES,shipkg:cause:cf3cb78b47cf,edge:11e5f29a1f7dfe4f,ev:7407bf8cf7722325,4.3
主机重装后轴承失效与火灾,事故案例,船型：滚装客船；数据性质：实船调查报告,涉及工况与状态,缺少磨粒预警装置,工况与状态,,非因果（归属、分类、检查或建议等）,报告明确记载,事故案例：主机重装后轴承失效与火灾,MAIB_2018_14_Wight_Sky_engine_bearing_fire.pdf,物理第14页；PDF page 14,https://assets.publishing.service.gov.uk/media/5b5217c7ed915d0b81e003df/MAIBInvReport14_2018.pdf,shipkg:case:00057f56fe39,INVOLVES,shipkg:condition:19ae439543bd,edge:2f2a629e62f4e00e,ev:9094aa614ec060db,4.3
主机重装后轴承失效与火灾,事故案例,船型：滚装客船；数据性质：实船调查报告,涉及故障,轴承快速磨损,故障,故障层级：具体故障或事件,非因果（归属、分类、检查或建议等）,报告明确记载,事故案例：主机重装后轴承失效与火灾,MAIB_2018_14_Wight_Sky_engine_bearing_fire.pdf,物理第14页；PDF page 14,https://assets.publishing.service.gov.uk/media/5b5217c7ed915d0b81e003df/MAIBInvReport14_2018.pdf,shipkg:case:00057f56fe39,INVOLVES,shipkg:fault:5f59e6b3ca42,edge:9fd3b3bba35df042,ev:9094aa614ec060db,4.3
主机重装后轴承失效与火灾,事故案例,船型：滚装客船；数据性质：实船调查报告,涉及故障,连杆大端轴承断油,故障,故障层级：具体故障或事件,非因果（归属、分类、检查或建议等）,报告明确记载,事故案例：主机重装后轴承失效与火灾,MAIB_2018_14_Wight_Sky_engine_bearing_fire.pdf,物理第14页；PDF page 14,https://assets.publishing.service.gov.uk/media/5b5217c7ed915d0b81e003df/MAIBInvReport14_2018.pdf,shipkg:case:00057f56fe39,INVOLVES,shipkg:fault:d047fdea9ee9,edge:11ef722062ee75f5,ev:dcba2393344bd01c,4.3
主机重装后轴承失效与火灾,事故案例,船型：滚装客船；数据性质：实船调查报告,涉及系统,传动与推进系统,系统,系统层级：功能系统,非因果（归属、分类、检查或建议等）,研究者分类（非因果结论）,事故案例：主机重装后轴承失效与火灾,MAIB_2018_14_Wight_Sky_engine_bearing_fire.pdf,物理第1页；PDF page 1,https://assets.publishing.service.gov.uk/media/5b5217c7ed915d0b81e003df/MAIBInvReport14_2018.pdf,shipkg:case:00057f56fe39,IN_SYSTEM,shipkg:subsystem:5e357a568055,edge:d9089e8a6dbbce0d,ev:19d0b2283f62b511,4.3
主机重装后轴承失效与火灾,事故案例,船型：滚装客船；数据性质：实船调查报告,采用系统架构,柴油机机械推进系统,系统,系统层级：动力架构,非因果（归属、分类、检查或建议等）,报告明确记载,事故案例：主机重装后轴承失效与火灾,MAIB_2018_14_Wight_Sky_engine_bearing_fire.pdf,物理第1页；PDF page 1,https://assets.publishing.service.gov.uk/media/5b5217c7ed915d0b81e003df/MAIBInvReport14_2018.pdf,shipkg:case:00057f56fe39,IN_SYSTEM,shipkg:system:5d1dca19fd66,edge:cb7ed140bf8fa929,ev:19d0b2283f62b511,4.3
主机重装后轴承失效与火灾,事故案例,船型：滚装客船；数据性质：实船调查报告,涉及系统,润滑与轴承系统,系统,系统层级：功能系统,非因果（归属、分类、检查或建议等）,研究者分类（非因果结论）,事故案例：主机重装后轴承失效与火灾,MAIB_2018_14_Wight_Sky_engine_bearing_fire.pdf,物理第1页；PDF page 1,https://assets.publishing.service.gov.uk/media/5b5217c7ed915d0b81e003df/MAIBInvReport14_2018.pdf,shipkg:case:00057f56fe39,IN_SYSTEM,shipkg:subsystem:d08eaf16cc46,edge:8781522c263e23c5,ev:19d0b2283f62b511,4.3
主机重装后轴承失效与火灾,事故案例,船型：滚装客船；数据性质：实船调查报告,涉及系统,电力与控制系统,系统,系统层级：功能系统,非因果（归属、分类、检查或建议等）,研究者分类（非因果结论）,事故案例：主机重装后轴承失效与火灾,MAIB_2018_14_Wight_Sky_engine_bearing_fire.pdf,物理第1页；PDF page 1,https://assets.publishing.service.gov.uk/media/5b5217c7ed915d0b81e003df/MAIBInvReport14_2018.pdf,shipkg:case:00057f56fe39,IN_SYSTEM,shipkg:subsystem:4539c38d0a84,edge:ead8467351a90af8,ev:19d0b2283f62b511,4.3
压载泵检修隔离失效与机舱进水,事故案例,船舶身份说明：船名未公开；保留来源案例编号，不推定真实船名；数据性质：实船调查报告,来源于,MAIB Safety Digest 2016 generator oil fire case,资料来源,来源层级：资料级,非因果（归属、分类、检查或建议等）,报告明确记载,事故案例：压载泵检修隔离失效与机舱进水,MAIB_2016_Safety_Digest_generator_oil_fire.pdf,物理第40页；PDF page 40,https://assets.publishing.service.gov.uk/media/5e81e5d2d3bf7f13416961fa/2016-SD1-MAIBSafetyDigest.pdf,shipkg:case:ad49b658b30b,DOCUMENTED_BY,shipkg:source:3f597b4acabc,edge:7ad4fbbe7b0435da,ev:b7715f5c139d9453,4.3
压载泵检修隔离失效与机舱进水,事故案例,船舶身份说明：船名未公开；保留来源案例编号，不推定真实船名；数据性质：实船调查报告,涉及设备,海水压载与机舱排水装置,设备,设备范围：设备装置集合（非功能系统分类）,非因果（归属、分类、检查或建议等）,报告明确记载,事故案例：压载泵检修隔离失效与机舱进水,MAIB_2016_Safety_Digest_generator_oil_fire.pdf,物理第40页；PDF page 40,https://assets.publishing.service.gov.uk/media/5e81e5d2d3bf7f13416961fa/2016-SD1-MAIBSafetyDigest.pdf,shipkg:case:ad49b658b30b,HAS_EQUIPMENT,shipkg:equipment:361590fc68c0,edge:9c3b9940d47470b3,ev:b7715f5c139d9453,4.3
压载泵检修隔离失效与机舱进水,事故案例,船舶身份说明：船名未公开；保留来源案例编号，不推定真实船名；数据性质：实船调查报告,涉及故障,应急供电无法启动便携泵,故障,故障层级：具体故障或事件,非因果（归属、分类、检查或建议等）,报告明确记载,事故案例：压载泵检修隔离失效与机舱进水,MAIB_2016_Safety_Digest_generator_oil_fire.pdf,物理第40页；PDF page 40,https://assets.publishing.service.gov.uk/media/5e81e5d2d3bf7f13416961fa/2016-SD1-MAIBSafetyDigest.pdf,shipkg:case:ad49b658b30b,INVOLVES,shipkg:fault:15fa82225a89,edge:6c4f11ad59c41da3,ev:951a6820ce2d0fc6,4.3
压载泵检修隔离失效与机舱进水,事故案例,船舶身份说明：船名未公开；保留来源案例编号，不推定真实船名；数据性质：实船调查报告,涉及运维措施,开展机舱进水应急演练,运维措施,,非因果（归属、分类、检查或建议等）,报告明确记载,事故案例：压载泵检修隔离失效与机舱进水,MAIB_2016_Safety_Digest_generator_oil_fire.pdf,物理第41页；PDF page 41,https://assets.publishing.service.gov.uk/media/5e81e5d2d3bf7f13416961fa/2016-SD1-MAIBSafetyDigest.pdf,shipkg:case:ad49b658b30b,INVOLVES,shipkg:action:07654f6d6a9b,edge:2aa27c4d75451e83,ev:0e5aaddc8a474eee,4.3
压载泵检修隔离失效与机舱进水,事故案例,船舶身份说明：船名未公开；保留来源案例编号，不推定真实船名；数据性质：实船调查报告,涉及检查方法,拆法兰前核对隔离阀实际位置,检查方法,,非因果（归属、分类、检查或建议等）,报告明确记载,事故案例：压载泵检修隔离失效与机舱进水,MAIB_2016_Safety_Digest_generator_oil_fire.pdf,物理第41页；PDF page 41,https://assets.publishing.service.gov.uk/media/5e81e5d2d3bf7f13416961fa/2016-SD1-MAIBSafetyDigest.pdf,shipkg:case:ad49b658b30b,INVOLVES,shipkg:check:b9cd13a70a15,edge:98a5f307f9fea11b,ev:e7382090fee9962a,4.3
压载泵检修隔离失效与机舱进水,事故案例,船舶身份说明：船名未公开；保留来源案例编号，不推定真实船名；数据性质：实船调查报告,涉及工况与状态,未核对阀位即拆进口法兰,工况与状态,,非因果（归属、分类、检查或建议等）,报告明确记载,事故案例：压载泵检修隔离失效与机舱进水,MAIB_2016_Safety_Digest_generator_oil_fire.pdf,物理第40页；PDF page 40,https://assets.publishing.service.gov.uk/media/5e81e5d2d3bf7f13416961fa/2016-SD1-MAIBSafetyDigest.pdf,shipkg:case:ad49b658b30b,INVOLVES,shipkg:condition:b290b6459200,edge:fef8f4c4663670cd,ev:9bfb29365e610d09,4.3
压载泵检修隔离失效与机舱进水,事故案例,船舶身份说明：船名未公开；保留来源案例编号，不推定真实船名；数据性质：实船调查报告,涉及工况与状态,机舱水密门敞开,工况与状态,,非因果（归属、分类、检查或建议等）,报告明确记载,事故案例：压载泵检修隔离失效与机舱进水,MAIB_2016_Safety_Digest_generator_oil_fire.pdf,物理第40页；PDF page 40,https://assets.publishing.service.gov.uk/media/5e81e5d2d3bf7f13416961fa/2016-SD1-MAIBSafetyDigest.pdf,shipkg:case:ad49b658b30b,INVOLVES,shipkg:condition:f4f364d25a5d,edge:d83dfce415fccb49,ev:fb6cf34a58c7fe85,4.3
压载泵检修隔离失效与机舱进水,事故案例,船舶身份说明：船名未公开；保留来源案例编号，不推定真实船名；数据性质：实船调查报告,涉及后果,机舱进水,后果,,非因果（归属、分类、检查或建议等）,报告明确记载,事故案例：压载泵检修隔离失效与机舱进水,MAIB_2016_Safety_Digest_generator_oil_fire.pdf,物理第40页；PDF page 40,https://assets.publishing.service.gov.uk/media/5e81e5d2d3bf7f13416961fa/2016-SD1-MAIBSafetyDigest.pdf,shipkg:case:ad49b658b30b,INVOLVES,shipkg:consequence:81fff36694d8,edge:1495616155627afc,ev:a7f4aefea80b44c7,4.3
压载泵检修隔离失效与机舱进水,事故案例,船舶身份说明：船名未公开；保留来源案例编号，不推定真实船名；数据性质：实船调查报告,涉及运维措施,检修前泄压并控制法兰拆开幅度,运维措施,,非因果（归属、分类、检查或建议等）,报告明确记载,事故案例：压载泵检修隔离失效与机舱进水,MAIB_2016_Safety_Digest_generator_oil_fire.pdf,物理第41页；PDF page 41,https://assets.publishing.service.gov.uk/media/5e81e5d2d3bf7f13416961fa/2016-SD1-MAIBSafetyDigest.pdf,shipkg:case:ad49b658b30b,INVOLVES,shipkg:action:84a87c035a24,edge:f5b76f3c5a125c98,ev:d1a2571c248baad4,4.3
压载泵检修隔离失效与机舱进水,事故案例,船舶身份说明：船名未公开；保留来源案例编号，不推定真实船名；数据性质：实船调查报告,涉及故障,海水经泵进口管大量流入,故障,故障层级：具体故障或事件,非因果（归属、分类、检查或建议等）,报告明确记载,事故案例：压载泵检修隔离失效与机舱进水,MAIB_2016_Safety_Digest_generator_oil_fire.pdf,物理第40页；PDF page 40,https://assets.publishing.service.gov.uk/media/5e81e5d2d3bf7f13416961fa/2016-SD1-MAIBSafetyDigest.pdf,shipkg:case:ad49b658b30b,INVOLVES,shipkg:fault:86ef7d39fd57,edge:1d0bd0949cf8eae1,ev:9bfb29365e610d09,4.3
压载泵检修隔离失效与机舱进水,事故案例,船舶身份说明：船名未公开；保留来源案例编号，不推定真实船名；数据性质：实船调查报告,涉及故障,海水隔离阀执行器缺陷,故障,故障层级：具体故障或事件,非因果（归属、分类、检查或建议等）,报告明确记载,事故案例：压载泵检修隔离失效与机舱进水,MAIB_2016_Safety_Digest_generator_oil_fire.pdf,物理第41页；PDF page 41,https://assets.publishing.service.gov.uk/media/5e81e5d2d3bf7f13416961fa/2016-SD1-MAIBSafetyDigest.pdf,shipkg:case:ad49b658b30b,INVOLVES,shipkg:fault:db9b4536b139,edge:f5f7e253a9fb05b7,ev:e8101941c0ddc6d2,4.3
压载泵检修隔离失效与机舱进水,事故案例,船舶身份说明：船名未公开；保留来源案例编号，不推定真实船名；数据性质：实船调查报告,涉及故障,海水隔离阀未完全关闭,故障,故障层级：具体故障或事件,非因果（归属、分类、检查或建议等）,报告明确记载,事故案例：压载泵检修隔离失效与机舱进水,MAIB_2016_Safety_Digest_generator_oil_fire.pdf,物理第41页；PDF page 41,https://assets.publishing.service.gov.uk/media/5e81e5d2d3bf7f13416961fa/2016-SD1-MAIBSafetyDigest.pdf,shipkg:case:ad49b658b30b,INVOLVES,shipkg:fault:c1ffab11185c,edge:79a5db0475c1e820,ev:e8101941c0ddc6d2,4.3
压载泵检修隔离失效与机舱进水,事故案例,船舶身份说明：船名未公开；保留来源案例编号，不推定真实船名；数据性质：实船调查报告,涉及运维措施,船员停止主机与发电机,运维措施,,非因果（归属、分类、检查或建议等）,报告明确记载,事故案例：压载泵检修隔离失效与机舱进水,MAIB_2016_Safety_Digest_generator_oil_fire.pdf,物理第40页；PDF page 40,https://assets.publishing.service.gov.uk/media/5e81e5d2d3bf7f13416961fa/2016-SD1-MAIBSafetyDigest.pdf,shipkg:case:ad49b658b30b,INVOLVES,shipkg:action:fa948d692647,edge:5b6b187f0b5cd4b8,ev:7331136605690ccd,4.3
压载泵检修隔离失效与机舱进水,事故案例,船舶身份说明：船名未公开；保留来源案例编号，不推定真实船名；数据性质：实船调查报告,涉及工况与状态,船舶仅剩应急电源,工况与状态,,非因果（归属、分类、检查或建议等）,报告明确记载,事故案例：压载泵检修隔离失效与机舱进水,MAIB_2016_Safety_Digest_generator_oil_fire.pdf,物理第40页；PDF page 40,https://assets.publishing.service.gov.uk/media/5e81e5d2d3bf7f13416961fa/2016-SD1-MAIBSafetyDigest.pdf,shipkg:case:ad49b658b30b,INVOLVES,shipkg:condition:553e318feb99,edge:a002b79f5ebb756e,ev:951a6820ce2d0fc6,4.3
压载泵检修隔离失效与机舱进水,事故案例,船舶身份说明：船名未公开；保留来源案例编号，不推定真实船名；数据性质：实船调查报告,涉及后果,进水蔓延至住舱,后果,,非因果（归属、分类、检查或建议等）,报告明确记载,事故案例：压载泵检修隔离失效与机舱进水,MAIB_2016_Safety_Digest_generator_oil_fire.pdf,物理第40页；PDF page 40,https://assets.publishing.service.gov.uk/media/5e81e5d2d3bf7f13416961fa/2016-SD1-MAIBSafetyDigest.pdf,shipkg:case:ad49b658b30b,INVOLVES,shipkg:consequence:196ff2650762,edge:14a2d2737f32e8e3,ev:fb6cf34a58c7fe85,4.3
压载泵检修隔离失效与机舱进水,事故案例,船舶身份说明：船名未公开；保留来源案例编号，不推定真实船名；数据性质：实船调查报告,涉及系统,冷却与海水系统,系统,系统层级：功能系统,非因果（归属、分类、检查或建议等）,研究者分类（非因果结论）,事故案例：压载泵检修隔离失效与机舱进水,MAIB_2016_Safety_Digest_generator_oil_fire.pdf,物理第40页；PDF page 40,https://assets.publishing.service.gov.uk/media/5e81e5d2d3bf7f13416961fa/2016-SD1-MAIBSafetyDigest.pdf,shipkg:case:ad49b658b30b,IN_SYSTEM,shipkg:subsystem:512427f592b7,edge:137bedc55f074afb,ev:b7715f5c139d9453,4.3
压载泵检修隔离失效与机舱进水,事故案例,船舶身份说明：船名未公开；保留来源案例编号，不推定真实船名；数据性质：实船调查报告,涉及系统,电力与控制系统,系统,系统层级：功能系统,非因果（归属、分类、检查或建议等）,研究者分类（非因果结论）,事故案例：压载泵检修隔离失效与机舱进水,MAIB_2016_Safety_Digest_generator_oil_fire.pdf,物理第40页；PDF page 40,https://assets.publishing.service.gov.uk/media/5e81e5d2d3bf7f13416961fa/2016-SD1-MAIBSafetyDigest.pdf,shipkg:case:ad49b658b30b,IN_SYSTEM,shipkg:subsystem:4539c38d0a84,edge:c89dff9ee6dba3b7,ev:b7715f5c139d9453,4.3
发电机滑油泵堵头松脱火灾,事故案例,船型：滚装客船；船舶身份说明：船名未公开；保留来源案例编号，不推定真实船名；数据性质：实船调查报告,来源于,MAIB Safety Digest 2016 generator oil fire case,资料来源,来源层级：资料级,非因果（归属、分类、检查或建议等）,报告明确记载,事故案例：发电机滑油泵堵头松脱火灾,MAIB_2016_Safety_Digest_generator_oil_fire.pdf,物理第26页；PDF page 26,https://assets.publishing.service.gov.uk/media/5e81e5d2d3bf7f13416961fa/2016-SD1-MAIBSafetyDigest.pdf,shipkg:case:7a1c0165bb56,DOCUMENTED_BY,shipkg:source:3f597b4acabc,edge:8d6898174c890ba2,ev:7e21ab64015c1360,4.3
发电机滑油泵堵头松脱火灾,事故案例,船型：滚装客船；船舶身份说明：船名未公开；保留来源案例编号，不推定真实船名；数据性质：实船调查报告,涉及设备,柴油发电机润滑与排气装置,设备,设备范围：设备装置集合（非功能系统分类）,非因果（归属、分类、检查或建议等）,报告明确记载,事故案例：发电机滑油泵堵头松脱火灾,MAIB_2016_Safety_Digest_generator_oil_fire.pdf,物理第26页；PDF page 26,https://assets.publishing.service.gov.uk/media/5e81e5d2d3bf7f13416961fa/2016-SD1-MAIBSafetyDigest.pdf,shipkg:case:7a1c0165bb56,HAS_EQUIPMENT,shipkg:equipment:00688defba1b,edge:6b45075de9331f83,ev:7e21ab64015c1360,4.3
发电机滑油泵堵头松脱火灾,事故案例,船型：滚装客船；船舶身份说明：船名未公开；保留来源案例编号，不推定真实船名；数据性质：实船调查报告,涉及故障,压力滑油喷漏,故障,故障层级：具体故障或事件,非因果（归属、分类、检查或建议等）,报告明确记载,事故案例：发电机滑油泵堵头松脱火灾,MAIB_2016_Safety_Digest_generator_oil_fire.pdf,物理第26页；PDF page 26,https://assets.publishing.service.gov.uk/media/5e81e5d2d3bf7f13416961fa/2016-SD1-MAIBSafetyDigest.pdf,shipkg:case:7a1c0165bb56,INVOLVES,shipkg:fault:d26785dacafa,edge:ad18834d976ae608,ev:fc2a120321a8291a,4.3
发电机滑油泵堵头松脱火灾,事故案例,船型：滚装客船；船舶身份说明：船名未公开；保留来源案例编号，不推定真实船名；数据性质：实船调查报告,涉及症状,发电机滑油低压报警,症状,,非因果（归属、分类、检查或建议等）,报告明确记载,事故案例：发电机滑油泵堵头松脱火灾,MAIB_2016_Safety_Digest_generator_oil_fire.pdf,物理第26页；PDF page 26,https://assets.publishing.service.gov.uk/media/5e81e5d2d3bf7f13416961fa/2016-SD1-MAIBSafetyDigest.pdf,shipkg:case:7a1c0165bb56,INVOLVES,shipkg:symptom:9d91c2845b73,edge:72ff96202cf72397,ev:5a52dfb1b2f1d73b,4.3
发电机滑油泵堵头松脱火灾,事故案例,船型：滚装客船；船舶身份说明：船名未公开；保留来源案例编号，不推定真实船名；数据性质：实船调查报告,涉及原因,坞修后滑油泵堵头紧固不足,原因,,非因果（归属、分类、检查或建议等）,报告明确记载,事故案例：发电机滑油泵堵头松脱火灾,MAIB_2016_Safety_Digest_generator_oil_fire.pdf,物理第26页；PDF page 26,https://assets.publishing.service.gov.uk/media/5e81e5d2d3bf7f13416961fa/2016-SD1-MAIBSafetyDigest.pdf,shipkg:case:7a1c0165bb56,INVOLVES,shipkg:cause:2152c85364f8,edge:e797ec5ada8c03e1,ev:4925b6b6f40f4c21,4.3
发电机滑油泵堵头松脱火灾,事故案例,船型：滚装客船；船舶身份说明：船名未公开；保留来源案例编号，不推定真实船名；数据性质：实船调查报告,涉及工况与状态,排气护罩存在高温表面,工况与状态,,非因果（归属、分类、检查或建议等）,报告明确记载,事故案例：发电机滑油泵堵头松脱火灾,MAIB_2016_Safety_Digest_generator_oil_fire.pdf,物理第28页；PDF page 28,https://assets.publishing.service.gov.uk/media/5e81e5d2d3bf7f13416961fa/2016-SD1-MAIBSafetyDigest.pdf,shipkg:case:7a1c0165bb56,INVOLVES,shipkg:condition:52a5771f68ca,edge:f46de1d1d512d556,ev:59a2040fb754c1d5,4.3
发电机滑油泵堵头松脱火灾,事故案例,船型：滚装客船；船舶身份说明：船名未公开；保留来源案例编号，不推定真实船名；数据性质：实船调查报告,涉及故障,排气管未恢复保温,故障,故障层级：具体故障或事件,非因果（归属、分类、检查或建议等）,报告明确记载,事故案例：发电机滑油泵堵头松脱火灾,MAIB_2016_Safety_Digest_generator_oil_fire.pdf,物理第28页；PDF page 28,https://assets.publishing.service.gov.uk/media/5e81e5d2d3bf7f13416961fa/2016-SD1-MAIBSafetyDigest.pdf,shipkg:case:7a1c0165bb56,INVOLVES,shipkg:fault:020786dc9fd0,edge:9a53d8ba8a365433,ev:59a2040fb754c1d5,4.3
发电机滑油泵堵头松脱火灾,事故案例,船型：滚装客船；船舶身份说明：船名未公开；保留来源案例编号，不推定真实船名；数据性质：实船调查报告,涉及后果,机舱火灾,后果,,非因果（归属、分类、检查或建议等）,报告明确记载,事故案例：发电机滑油泵堵头松脱火灾,MAIB_2016_Safety_Digest_generator_oil_fire.pdf,物理第26页；PDF page 26,https://assets.publishing.service.gov.uk/media/5e81e5d2d3bf7f13416961fa/2016-SD1-MAIBSafetyDigest.pdf,shipkg:case:7a1c0165bb56,INVOLVES,shipkg:consequence:775549e4c085,edge:5cd100dfe147469c,ev:2937d3b0bfe9d29f,4.3
发电机滑油泵堵头松脱火灾,事故案例,船型：滚装客船；船舶身份说明：船名未公开；保留来源案例编号，不推定真实船名；数据性质：实船调查报告,涉及运维措施,检修后核验堵头紧固与排气保温,运维措施,,非因果（归属、分类、检查或建议等）,报告明确记载,事故案例：发电机滑油泵堵头松脱火灾,MAIB_2016_Safety_Digest_generator_oil_fire.pdf,物理第26页；PDF page 26,https://assets.publishing.service.gov.uk/media/5e81e5d2d3bf7f13416961fa/2016-SD1-MAIBSafetyDigest.pdf,shipkg:case:7a1c0165bb56,INVOLVES,shipkg:action:32b0fb5f9f2b,edge:7289037472eac8df,ev:e9d71048b791d31a,4.3
发电机滑油泵堵头松脱火灾,事故案例,船型：滚装客船；船舶身份说明：船名未公开；保留来源案例编号，不推定真实船名；数据性质：实船调查报告,涉及检查方法,测量总体振动并分析频谱,检查方法,,非因果（归属、分类、检查或建议等）,报告明确记载,事故案例：发电机滑油泵堵头松脱火灾,MAIB_2016_Safety_Digest_generator_oil_fire.pdf,物理第28页；PDF page 28,https://assets.publishing.service.gov.uk/media/5e81e5d2d3bf7f13416961fa/2016-SD1-MAIBSafetyDigest.pdf,shipkg:case:7a1c0165bb56,INVOLVES,shipkg:check:3b1fdbe04792,edge:07c4866d3d32227d,ev:7732c1387876e1fb,4.3
发电机滑油泵堵头松脱火灾,事故案例,船型：滚装客船；船舶身份说明：船名未公开；保留来源案例编号，不推定真实船名；数据性质：实船调查报告,涉及故障,滑油喷雾接触高温排气护罩,故障,故障层级：具体故障或事件,非因果（归属、分类、检查或建议等）,报告明确记载,事故案例：发电机滑油泵堵头松脱火灾,MAIB_2016_Safety_Digest_generator_oil_fire.pdf,物理第26页；PDF page 26,https://assets.publishing.service.gov.uk/media/5e81e5d2d3bf7f13416961fa/2016-SD1-MAIBSafetyDigest.pdf,shipkg:case:7a1c0165bb56,INVOLVES,shipkg:fault:5bc176965c58,edge:fe9cd56fb06fbf29,ev:a36fbb3ebb9e478c,4.3
发电机滑油泵堵头松脱火灾,事故案例,船型：滚装客船；船舶身份说明：船名未公开；保留来源案例编号，不推定真实船名；数据性质：实船调查报告,涉及故障,滑油泵堵头振松,故障,故障层级：具体故障或事件,非因果（归属、分类、检查或建议等）,报告明确记载,事故案例：发电机滑油泵堵头松脱火灾,MAIB_2016_Safety_Digest_generator_oil_fire.pdf,物理第26页；PDF page 26,https://assets.publishing.service.gov.uk/media/5e81e5d2d3bf7f13416961fa/2016-SD1-MAIBSafetyDigest.pdf,shipkg:case:7a1c0165bb56,INVOLVES,shipkg:fault:f2f9d4b10a0b,edge:9a95cc71b3b29c9b,ev:4925b6b6f40f4c21,4.3
发电机滑油泵堵头松脱火灾,事故案例,船型：滚装客船；船舶身份说明：船名未公开；保留来源案例编号，不推定真实船名；数据性质：实船调查报告,涉及检查方法,热成像检查排气未保温热点,检查方法,,非因果（归属、分类、检查或建议等）,报告明确记载,事故案例：发电机滑油泵堵头松脱火灾,MAIB_2016_Safety_Digest_generator_oil_fire.pdf,物理第28页；PDF page 28,https://assets.publishing.service.gov.uk/media/5e81e5d2d3bf7f13416961fa/2016-SD1-MAIBSafetyDigest.pdf,shipkg:case:7a1c0165bb56,INVOLVES,shipkg:check:050d6770cfa0,edge:c73d2b17b6de92f7,ev:1e3e12480476352c,4.3
发电机滑油泵堵头松脱火灾,事故案例,船型：滚装客船；船舶身份说明：船名未公开；保留来源案例编号，不推定真实船名；数据性质：实船调查报告,涉及运维措施,隔离滑油泄漏来源,运维措施,,非因果（归属、分类、检查或建议等）,报告明确记载,事故案例：发电机滑油泵堵头松脱火灾,MAIB_2016_Safety_Digest_generator_oil_fire.pdf,物理第26页；PDF page 26,https://assets.publishing.service.gov.uk/media/5e81e5d2d3bf7f13416961fa/2016-SD1-MAIBSafetyDigest.pdf,shipkg:case:7a1c0165bb56,INVOLVES,shipkg:action:fa72ffe2b82b,edge:508dce207c93fa46,ev:05847d350f09dacc,4.3
发电机滑油泵堵头松脱火灾,事故案例,船型：滚装客船；船舶身份说明：船名未公开；保留来源案例编号，不推定真实船名；数据性质：实船调查报告,涉及系统,润滑与轴承系统,系统,系统层级：功能系统,非因果（归属、分类、检查或建议等）,研究者分类（非因果结论）,事故案例：发电机滑油泵堵头松脱火灾,MAIB_2016_Safety_Digest_generator_oil_fire.pdf,物理第26页；PDF page 26,https://assets.publishing.service.gov.uk/media/5e81e5d2d3bf7f13416961fa/2016-SD1-MAIBSafetyDigest.pdf,shipkg:case:7a1c0165bb56,IN_SYSTEM,shipkg:subsystem:d08eaf16cc46,edge:ce4a0d48291ac815,ev:7e21ab64015c1360,4.3
发电机滑油泵堵头松脱火灾,事故案例,船型：滚装客船；船舶身份说明：船名未公开；保留来源案例编号，不推定真实船名；数据性质：实船调查报告,涉及系统,燃油与进排气系统,系统,系统层级：功能系统,非因果（归属、分类、检查或建议等）,研究者分类（非因果结论）,事故案例：发电机滑油泵堵头松脱火灾,MAIB_2016_Safety_Digest_generator_oil_fire.pdf,物理第26页；PDF page 26,https://assets.publishing.service.gov.uk/media/5e81e5d2d3bf7f13416961fa/2016-SD1-MAIBSafetyDigest.pdf,shipkg:case:7a1c0165bb56,IN_SYSTEM,shipkg:subsystem:52e7560c8465,edge:cc3fa7856e3a5b9a,ev:7e21ab64015c1360,4.3
发电机滑油泵堵头松脱火灾,事故案例,船型：滚装客船；船舶身份说明：船名未公开；保留来源案例编号，不推定真实船名；数据性质：实船调查报告,涉及系统,电力与控制系统,系统,系统层级：功能系统,非因果（归属、分类、检查或建议等）,研究者分类（非因果结论）,事故案例：发电机滑油泵堵头松脱火灾,MAIB_2016_Safety_Digest_generator_oil_fire.pdf,物理第26页；PDF page 26,https://assets.publishing.service.gov.uk/media/5e81e5d2d3bf7f13416961fa/2016-SD1-MAIBSafetyDigest.pdf,shipkg:case:7a1c0165bb56,IN_SYSTEM,shipkg:subsystem:4539c38d0a84,edge:fce2cc0d319e4881,ev:7e21ab64015c1360,4.3
可调螺距桨倒车响应迟缓与码头碰撞,事故案例,船型：化学品船；船舶身份说明：船名未公开；保留来源案例编号，不推定真实船名；数据性质：实船调查报告,来源于,MAIB Safety Digest 2016 generator oil fire case,资料来源,来源层级：资料级,非因果（归属、分类、检查或建议等）,报告明确记载,事故案例：可调螺距桨倒车响应迟缓与码头碰撞,MAIB_2016_Safety_Digest_generator_oil_fire.pdf,物理第29页；PDF page 29,https://assets.publishing.service.gov.uk/media/5e81e5d2d3bf7f13416961fa/2016-SD1-MAIBSafetyDigest.pdf,shipkg:case:8b13bdb1a5bc,DOCUMENTED_BY,shipkg:source:3f597b4acabc,edge:9c72d39d5a2669a9,ev:e1dce2948e24adc9,4.3
可调螺距桨倒车响应迟缓与码头碰撞,事故案例,船型：化学品船；船舶身份说明：船名未公开；保留来源案例编号，不推定真实船名；数据性质：实船调查报告,涉及设备,可调螺距桨推进装置,设备,设备范围：设备装置集合（非功能系统分类）,非因果（归属、分类、检查或建议等）,报告明确记载,事故案例：可调螺距桨倒车响应迟缓与码头碰撞,MAIB_2016_Safety_Digest_generator_oil_fire.pdf,物理第29页；PDF page 29,https://assets.publishing.service.gov.uk/media/5e81e5d2d3bf7f13416961fa/2016-SD1-MAIBSafetyDigest.pdf,shipkg:case:8b13bdb1a5bc,HAS_EQUIPMENT,shipkg:equipment:8c8343c45190,edge:468bbb6d0b21ad7a,ev:e1dce2948e24adc9,4.3
可调螺距桨倒车响应迟缓与码头碰撞,事故案例,船型：化学品船；船舶身份说明：船名未公开；保留来源案例编号，不推定真实船名；数据性质：实船调查报告,涉及运维措施,使用备用螺距控制,运维措施,,非因果（归属、分类、检查或建议等）,报告明确记载,事故案例：可调螺距桨倒车响应迟缓与码头碰撞,MAIB_2016_Safety_Digest_generator_oil_fire.pdf,物理第29页；PDF page 29,https://assets.publishing.service.gov.uk/media/5e81e5d2d3bf7f13416961fa/2016-SD1-MAIBSafetyDigest.pdf,shipkg:case:8b13bdb1a5bc,INVOLVES,shipkg:action:6e0e5173ee8f,edge:7949bbaafc812272,ev:1ed28429bcfc3816,4.3
可调螺距桨倒车响应迟缓与码头碰撞,事故案例,船型：化学品船；船舶身份说明：船名未公开；保留来源案例编号，不推定真实船名；数据性质：实船调查报告,涉及原因,可调螺距桨倒车参数设置错误,原因,,非因果（归属、分类、检查或建议等）,报告明确记载,事故案例：可调螺距桨倒车响应迟缓与码头碰撞,MAIB_2016_Safety_Digest_generator_oil_fire.pdf,物理第29页；PDF page 29,https://assets.publishing.service.gov.uk/media/5e81e5d2d3bf7f13416961fa/2016-SD1-MAIBSafetyDigest.pdf,shipkg:case:8b13bdb1a5bc,INVOLVES,shipkg:cause:3667d8d2e0ca,edge:920c8e3b95f55394,ev:88dffcc589cf9235,4.3
可调螺距桨倒车响应迟缓与码头碰撞,事故案例,船型：化学品船；船舶身份说明：船名未公开；保留来源案例编号，不推定真实船名；数据性质：实船调查报告,涉及故障,可调螺距桨倒车响应迟缓,故障,故障层级：具体故障或事件,非因果（归属、分类、检查或建议等）,报告明确记载,事故案例：可调螺距桨倒车响应迟缓与码头碰撞,MAIB_2016_Safety_Digest_generator_oil_fire.pdf,物理第29页；PDF page 29,https://assets.publishing.service.gov.uk/media/5e81e5d2d3bf7f13416961fa/2016-SD1-MAIBSafetyDigest.pdf,shipkg:case:8b13bdb1a5bc,INVOLVES,shipkg:fault:fce2f501a499,edge:66f3a7463cabf09f,ev:88dffcc589cf9235,4.3
可调螺距桨倒车响应迟缓与码头碰撞,事故案例,船型：化学品船；船舶身份说明：船名未公开；保留来源案例编号，不推定真实船名；数据性质：实船调查报告,涉及运维措施,定期演练推进失效与恢复,运维措施,,非因果（归属、分类、检查或建议等）,报告明确记载,事故案例：可调螺距桨倒车响应迟缓与码头碰撞,MAIB_2016_Safety_Digest_generator_oil_fire.pdf,物理第29页；PDF page 29,https://assets.publishing.service.gov.uk/media/5e81e5d2d3bf7f13416961fa/2016-SD1-MAIBSafetyDigest.pdf,shipkg:case:8b13bdb1a5bc,INVOLVES,shipkg:action:13d66975b925,edge:6bb7cda14120b20d,ev:9663fdde50e013ce,4.3
可调螺距桨倒车响应迟缓与码头碰撞,事故案例,船型：化学品船；船舶身份说明：船名未公开；保留来源案例编号，不推定真实船名；数据性质：实船调查报告,涉及检查方法,核验可调螺距桨倒车控制参数,检查方法,,非因果（归属、分类、检查或建议等）,报告明确记载,事故案例：可调螺距桨倒车响应迟缓与码头碰撞,MAIB_2016_Safety_Digest_generator_oil_fire.pdf,物理第29页；PDF page 29,https://assets.publishing.service.gov.uk/media/5e81e5d2d3bf7f13416961fa/2016-SD1-MAIBSafetyDigest.pdf,shipkg:case:8b13bdb1a5bc,INVOLVES,shipkg:check:52bfc5553a79,edge:816852e6b1b6d63f,ev:88dffcc589cf9235,4.3
可调螺距桨倒车响应迟缓与码头碰撞,事故案例,船型：化学品船；船舶身份说明：船名未公开；保留来源案例编号，不推定真实船名；数据性质：实船调查报告,涉及后果,球鼻艏破损,后果,,非因果（归属、分类、检查或建议等）,报告明确记载,事故案例：可调螺距桨倒车响应迟缓与码头碰撞,MAIB_2016_Safety_Digest_generator_oil_fire.pdf,物理第29页；PDF page 29,https://assets.publishing.service.gov.uk/media/5e81e5d2d3bf7f13416961fa/2016-SD1-MAIBSafetyDigest.pdf,shipkg:case:8b13bdb1a5bc,INVOLVES,shipkg:consequence:ec261d7a91d6,edge:b94672f9cb6e6af1,ev:085bb3fe51ea11cc,4.3
可调螺距桨倒车响应迟缓与码头碰撞,事故案例,船型：化学品船；船舶身份说明：船名未公开；保留来源案例编号，不推定真实船名；数据性质：实船调查报告,涉及后果,船艏撞击码头,后果,,非因果（归属、分类、检查或建议等）,报告明确记载,事故案例：可调螺距桨倒车响应迟缓与码头碰撞,MAIB_2016_Safety_Digest_generator_oil_fire.pdf,物理第29页；PDF page 29,https://assets.publishing.service.gov.uk/media/5e81e5d2d3bf7f13416961fa/2016-SD1-MAIBSafetyDigest.pdf,shipkg:case:8b13bdb1a5bc,INVOLVES,shipkg:consequence:2597a77f75b3,edge:263ecee819bf904e,ev:de42c2cda585b232,4.3
可调螺距桨倒车响应迟缓与码头碰撞,事故案例,船型：化学品船；船舶身份说明：船名未公开；保留来源案例编号，不推定真实船名；数据性质：实船调查报告,涉及工况与状态,船长不熟悉可调螺距桨备用按钮,工况与状态,,非因果（归属、分类、检查或建议等）,报告明确记载,事故案例：可调螺距桨倒车响应迟缓与码头碰撞,MAIB_2016_Safety_Digest_generator_oil_fire.pdf,物理第29页；PDF page 29,https://assets.publishing.service.gov.uk/media/5e81e5d2d3bf7f13416961fa/2016-SD1-MAIBSafetyDigest.pdf,shipkg:case:8b13bdb1a5bc,INVOLVES,shipkg:condition:a40db02fd2fa,edge:a5d9b52c8786b552,ev:1ed28429bcfc3816,4.3
可调螺距桨倒车响应迟缓与码头碰撞,事故案例,船型：化学品船；船舶身份说明：船名未公开；保留来源案例编号，不推定真实船名；数据性质：实船调查报告,涉及检查方法,进出港前测试正倒车响应,检查方法,,非因果（归属、分类、检查或建议等）,报告明确记载,事故案例：可调螺距桨倒车响应迟缓与码头碰撞,MAIB_2016_Safety_Digest_generator_oil_fire.pdf,物理第29页；PDF page 29,https://assets.publishing.service.gov.uk/media/5e81e5d2d3bf7f13416961fa/2016-SD1-MAIBSafetyDigest.pdf,shipkg:case:8b13bdb1a5bc,INVOLVES,shipkg:check:470049664913,edge:0e7bd1419d3d64a0,ev:ec533ae27276b674,4.3
可调螺距桨倒车响应迟缓与码头碰撞,事故案例,船型：化学品船；船舶身份说明：船名未公开；保留来源案例编号，不推定真实船名；数据性质：实船调查报告,涉及系统,传动与推进系统,系统,系统层级：功能系统,非因果（归属、分类、检查或建议等）,研究者分类（非因果结论）,事故案例：可调螺距桨倒车响应迟缓与码头碰撞,MAIB_2016_Safety_Digest_generator_oil_fire.pdf,物理第29页；PDF page 29,https://assets.publishing.service.gov.uk/media/5e81e5d2d3bf7f13416961fa/2016-SD1-MAIBSafetyDigest.pdf,shipkg:case:8b13bdb1a5bc,IN_SYSTEM,shipkg:subsystem:5e357a568055,edge:9cc5937f83460761,ev:e1dce2948e24adc9,4.3
可调螺距桨倒车响应迟缓与码头碰撞,事故案例,船型：化学品船；船舶身份说明：船名未公开；保留来源案例编号，不推定真实船名；数据性质：实船调查报告,涉及系统,电力与控制系统,系统,系统层级：功能系统,非因果（归属、分类、检查或建议等）,研究者分类（非因果结论）,事故案例：可调螺距桨倒车响应迟缓与码头碰撞,MAIB_2016_Safety_Digest_generator_oil_fire.pdf,物理第29页；PDF page 29,https://assets.publishing.service.gov.uk/media/5e81e5d2d3bf7f13416961fa/2016-SD1-MAIBSafetyDigest.pdf,shipkg:case:8b13bdb1a5bc,IN_SYSTEM,shipkg:subsystem:4539c38d0a84,edge:b0859aec17e2a7be,ev:e1dce2948e24adc9,4.3
大风浪中吊舱推进丧失,事故案例,数据性质：实船调查报告,来源于,Spirit of Discovery loss of propulsion in heavy weather,资料来源,来源层级：资料级,非因果（归属、分类、检查或建议等）,报告明确记载,事故案例：大风浪中吊舱推进丧失,MAIB_2026_06_Spirit_of_Discovery_propulsion_loss.pdf,物理第42页；PDF page 42,https://www.gov.uk/maib-reports/loss-of-propulsion-in-heavy-weather-experienced-by-the-passenger-vessel-spirit-of-discovery-leading-to-over-100-injuries-and-one-fatality,shipkg:case:187dc871fbd5,DOCUMENTED_BY,shipkg:source:d52922af3fc9,edge:cd4443bced5710fe,ev:c3429f0fc22579e1,4.3
大风浪中吊舱推进丧失,事故案例,数据性质：实船调查报告,涉及设备,吊舱推进装置,设备,设备范围：设备装置集合（非功能系统分类）,非因果（归属、分类、检查或建议等）,报告明确记载,事故案例：大风浪中吊舱推进丧失,MAIB_2026_06_Spirit_of_Discovery_propulsion_loss.pdf,物理第42页；PDF page 42,https://www.gov.uk/maib-reports/loss-of-propulsion-in-heavy-weather-experienced-by-the-passenger-vessel-spirit-of-discovery-leading-to-over-100-injuries-and-one-fatality,shipkg:case:187dc871fbd5,HAS_EQUIPMENT,shipkg:equipment:710361995928,edge:5e7a6c288d988ead,ev:c3429f0fc22579e1,4.3
大风浪中吊舱推进丧失,事故案例,数据性质：实船调查报告,涉及运维措施,修订进水停机序列并允许船员干预,运维措施,,非因果（归属、分类、检查或建议等）,报告明确记载,事故案例：大风浪中吊舱推进丧失,MAIB_2026_06_Spirit_of_Discovery_propulsion_loss.pdf,物理第53页；PDF page 53,https://www.gov.uk/maib-reports/loss-of-propulsion-in-heavy-weather-experienced-by-the-passenger-vessel-spirit-of-discovery-leading-to-over-100-injuries-and-one-fatality,shipkg:case:187dc871fbd5,INVOLVES,shipkg:action:b1b278b9bbdd,edge:ec34500d561a3beb,ev:c7e7236b07b0d8d2,4.3
大风浪中吊舱推进丧失,事故案例,数据性质：实船调查报告,涉及工况与状态,吊舱舱底传感器位置偏低,工况与状态,,非因果（归属、分类、检查或建议等）,报告明确记载,事故案例：大风浪中吊舱推进丧失,MAIB_2026_06_Spirit_of_Discovery_propulsion_loss.pdf,物理第43页；PDF page 43,https://www.gov.uk/maib-reports/loss-of-propulsion-in-heavy-weather-experienced-by-the-passenger-vessel-spirit-of-discovery-leading-to-over-100-injuries-and-one-fatality,shipkg:case:187dc871fbd5,INVOLVES,shipkg:condition:7fb8a1a33328,edge:7d59998bfaf8fb98,ev:91f76498fecf4e21,4.3
大风浪中吊舱推进丧失,事故案例,数据性质：实船调查报告,涉及故障,吊舱转至90度停放,故障,故障层级：具体故障或事件；语义类别：保护动作事件,非因果（归属、分类、检查或建议等）,报告明确记载,事故案例：大风浪中吊舱推进丧失,MAIB_2026_06_Spirit_of_Discovery_propulsion_loss.pdf,物理第42页；PDF page 42,https://www.gov.uk/maib-reports/loss-of-propulsion-in-heavy-weather-experienced-by-the-passenger-vessel-spirit-of-discovery-leading-to-over-100-injuries-and-one-fatality,shipkg:case:187dc871fbd5,INVOLVES,shipkg:fault:d005e46c6652,edge:3540543d2a826525,ev:bcc74e57d3088cc6,4.3
大风浪中吊舱推进丧失,事故案例,数据性质：实船调查报告,涉及工况与状态,大风浪中剧烈纵摇,工况与状态,,非因果（归属、分类、检查或建议等）,报告明确记载,事故案例：大风浪中吊舱推进丧失,MAIB_2026_06_Spirit_of_Discovery_propulsion_loss.pdf,物理第42页；PDF page 42,https://www.gov.uk/maib-reports/loss-of-propulsion-in-heavy-weather-experienced-by-the-passenger-vessel-spirit-of-discovery-leading-to-over-100-injuries-and-one-fatality,shipkg:case:187dc871fbd5,INVOLVES,shipkg:condition:0a605c97371c,edge:5f9cae20edd98540,ev:9d2abeeb05ea44b5,4.3
大风浪中吊舱推进丧失,事故案例,数据性质：实船调查报告,涉及后果,失去推进,后果,,非因果（归属、分类、检查或建议等）,报告明确记载,事故案例：大风浪中吊舱推进丧失,MAIB_2026_06_Spirit_of_Discovery_propulsion_loss.pdf,物理第42页；PDF page 42,https://www.gov.uk/maib-reports/loss-of-propulsion-in-heavy-weather-experienced-by-the-passenger-vessel-spirit-of-discovery-leading-to-over-100-injuries-and-one-fatality,shipkg:case:187dc871fbd5,INVOLVES,shipkg:consequence:d1c468a6b34b,edge:70aa583bbf239778,ev:166a2a0932391029,4.3
大风浪中吊舱推进丧失,事故案例,数据性质：实船调查报告,涉及后果,失去操纵能力,后果,,非因果（归属、分类、检查或建议等）,报告明确记载,事故案例：大风浪中吊舱推进丧失,MAIB_2026_06_Spirit_of_Discovery_propulsion_loss.pdf,物理第51页；PDF page 51,https://www.gov.uk/maib-reports/loss-of-propulsion-in-heavy-weather-experienced-by-the-passenger-vessel-spirit-of-discovery-leading-to-over-100-injuries-and-one-fatality,shipkg:case:187dc871fbd5,INVOLVES,shipkg:consequence:7de07882b364,edge:f7f3e6ed5fcb1562,ev:a61057fac0fe1035,4.3
大风浪中吊舱推进丧失,事故案例,数据性质：实船调查报告,涉及运维措施,将螺旋桨出水风险纳入耐波决策,运维措施,,非因果（归属、分类、检查或建议等）,报告明确记载,事故案例：大风浪中吊舱推进丧失,MAIB_2026_06_Spirit_of_Discovery_propulsion_loss.pdf,物理第53页；PDF page 53,https://www.gov.uk/maib-reports/loss-of-propulsion-in-heavy-weather-experienced-by-the-passenger-vessel-spirit-of-discovery-leading-to-over-100-injuries-and-one-fatality,shipkg:case:187dc871fbd5,INVOLVES,shipkg:action:4f7d85454ee0,edge:a32459f38be8571e,ev:5e9ac17b88449c65,4.3
大风浪中吊舱推进丧失,事故案例,数据性质：实船调查报告,涉及故障,推进电机保护跳闸,故障,故障层级：具体故障或事件；语义类别：保护动作事件,非因果（归属、分类、检查或建议等）,报告明确记载,事故案例：大风浪中吊舱推进丧失,MAIB_2026_06_Spirit_of_Discovery_propulsion_loss.pdf,物理第42页；PDF page 42,https://www.gov.uk/maib-reports/loss-of-propulsion-in-heavy-weather-experienced-by-the-passenger-vessel-spirit-of-discovery-leading-to-over-100-injuries-and-one-fatality,shipkg:case:187dc871fbd5,INVOLVES,shipkg:fault:c830e7992f26,edge:ee29e9d5aa94c5ec,ev:5d3cde311b090a6a,4.3
大风浪中吊舱推进丧失,事故案例,数据性质：实船调查报告,涉及故障,推进电机扭矩骤降,故障,故障层级：具体故障或事件,非因果（归属、分类、检查或建议等）,报告明确记载,事故案例：大风浪中吊舱推进丧失,MAIB_2026_06_Spirit_of_Discovery_propulsion_loss.pdf,物理第42页；PDF page 42,https://www.gov.uk/maib-reports/loss-of-propulsion-in-heavy-weather-experienced-by-the-passenger-vessel-spirit-of-discovery-leading-to-over-100-injuries-and-one-fatality,shipkg:case:187dc871fbd5,INVOLVES,shipkg:fault:c9a34bd46532,edge:659bbf10be517468,ev:b6540313ab8acd21,4.3
大风浪中吊舱推进丧失,事故案例,数据性质：实船调查报告,涉及故障,推进电机超速,故障,故障层级：具体故障或事件,非因果（归属、分类、检查或建议等）,报告明确记载,事故案例：大风浪中吊舱推进丧失,MAIB_2026_06_Spirit_of_Discovery_propulsion_loss.pdf,物理第42页；PDF page 42,https://www.gov.uk/maib-reports/loss-of-propulsion-in-heavy-weather-experienced-by-the-passenger-vessel-spirit-of-discovery-leading-to-over-100-injuries-and-one-fatality,shipkg:case:187dc871fbd5,INVOLVES,shipkg:fault:e97eee073fc6,edge:a4cdf2d395f09c13,ev:755b4102fd859a55,4.3
大风浪中吊舱推进丧失,事故案例,数据性质：实船调查报告,涉及运维措施,改进吊舱舱底传感器布置,运维措施,,非因果（归属、分类、检查或建议等）,报告明确记载,事故案例：大风浪中吊舱推进丧失,MAIB_2026_06_Spirit_of_Discovery_propulsion_loss.pdf,物理第53页；PDF page 53,https://www.gov.uk/maib-reports/loss-of-propulsion-in-heavy-weather-experienced-by-the-passenger-vessel-spirit-of-discovery-leading-to-over-100-injuries-and-one-fatality,shipkg:case:187dc871fbd5,INVOLVES,shipkg:action:b39684450af7,edge:cf91d9f25181f963,ev:808bd8d1dd9e51f9,4.3
大风浪中吊舱推进丧失,事故案例,数据性质：实船调查报告,涉及工况与状态,螺旋桨出水,工况与状态,,非因果（归属、分类、检查或建议等）,报告明确记载,事故案例：大风浪中吊舱推进丧失,MAIB_2026_06_Spirit_of_Discovery_propulsion_loss.pdf,物理第42页；PDF page 42,https://www.gov.uk/maib-reports/loss-of-propulsion-in-heavy-weather-experienced-by-the-passenger-vessel-spirit-of-discovery-leading-to-over-100-injuries-and-one-fatality,shipkg:case:187dc871fbd5,INVOLVES,shipkg:condition:2ee58a9a8fad,edge:12639aeeb7d3d60d,ev:9d2abeeb05ea44b5,4.3
大风浪中吊舱推进丧失,事故案例,数据性质：实船调查报告,涉及故障,进水停机序列启动,故障,故障层级：具体故障或事件；语义类别：保护动作事件,非因果（归属、分类、检查或建议等）,报告明确记载,事故案例：大风浪中吊舱推进丧失,MAIB_2026_06_Spirit_of_Discovery_propulsion_loss.pdf,物理第43页；PDF page 43,https://www.gov.uk/maib-reports/loss-of-propulsion-in-heavy-weather-experienced-by-the-passenger-vessel-spirit-of-discovery-leading-to-over-100-injuries-and-one-fatality,shipkg:case:187dc871fbd5,INVOLVES,shipkg:fault:cdf116929c39,edge:6e209903c83a94e7,ev:91f76498fecf4e21,4.3
大风浪中吊舱推进丧失,事故案例,数据性质：实船调查报告,涉及系统,传动与推进系统,系统,系统层级：功能系统,非因果（归属、分类、检查或建议等）,研究者分类（非因果结论）,事故案例：大风浪中吊舱推进丧失,MAIB_2026_06_Spirit_of_Discovery_propulsion_loss.pdf,物理第42页；PDF page 42,https://www.gov.uk/maib-reports/loss-of-propulsion-in-heavy-weather-experienced-by-the-passenger-vessel-spirit-of-discovery-leading-to-over-100-injuries-and-one-fatality,shipkg:case:187dc871fbd5,IN_SYSTEM,shipkg:subsystem:5e357a568055,edge:73493089b1df8228,ev:c3429f0fc22579e1,4.3
大风浪中吊舱推进丧失,事故案例,数据性质：实船调查报告,采用系统架构,电力-吊舱推进系统,系统,系统层级：动力架构,非因果（归属、分类、检查或建议等）,报告明确记载,事故案例：大风浪中吊舱推进丧失,MAIB_2026_06_Spirit_of_Discovery_propulsion_loss.pdf,物理第42页；PDF page 42,https://www.gov.uk/maib-reports/loss-of-propulsion-in-heavy-weather-experienced-by-the-passenger-vessel-spirit-of-discovery-leading-to-over-100-injuries-and-one-fatality,shipkg:case:187dc871fbd5,IN_SYSTEM,shipkg:system:dacba8b43ef4,edge:1900f0977ec59f80,ev:c3429f0fc22579e1,4.3
大风浪中吊舱推进丧失,事故案例,数据性质：实船调查报告,涉及系统,电力与控制系统,系统,系统层级：功能系统,非因果（归属、分类、检查或建议等）,研究者分类（非因果结论）,事故案例：大风浪中吊舱推进丧失,MAIB_2026_06_Spirit_of_Discovery_propulsion_loss.pdf,物理第42页；PDF page 42,https://www.gov.uk/maib-reports/loss-of-propulsion-in-heavy-weather-experienced-by-the-passenger-vessel-spirit-of-discovery-leading-to-over-100-injuries-and-one-fatality,shipkg:case:187dc871fbd5,IN_SYSTEM,shipkg:subsystem:4539c38d0a84,edge:47f51d2126c05caf,ev:c3429f0fc22579e1,4.3
左舷主机轴瓦失效与火灾,事故案例,数据性质：实船调查报告,来源于,Windcat 8 connecting rod big-end bearing failure,资料来源,来源层级：资料级,非因果（归属、分类、检查或建议等）,报告明确记载,事故案例：左舷主机轴瓦失效与火灾,MAIB_2018_01_Windcat8_bearing_failure_fire.pdf,物理第1页；PDF page 1,https://assets.publishing.service.gov.uk/government/uploads/system/uploads/attachment_data/file/683922/MAIBInvReport01_2018.pdf,shipkg:case:9792cd36162e,DOCUMENTED_BY,shipkg:source:af4bce0c23cd,edge:d74ebf20cc5e3892,ev:4e45851ecc9eb9f4,4.3
左舷主机轴瓦失效与火灾,事故案例,数据性质：实船调查报告,涉及设备,左舷主机,设备,,非因果（归属、分类、检查或建议等）,报告明确记载,事故案例：左舷主机轴瓦失效与火灾,MAIB_2018_01_Windcat8_bearing_failure_fire.pdf,物理第1页；PDF page 1,https://assets.publishing.service.gov.uk/government/uploads/system/uploads/attachment_data/file/683922/MAIBInvReport01_2018.pdf,shipkg:case:9792cd36162e,HAS_EQUIPMENT,shipkg:equipment:563809ad0932,edge:ce93f8439e66ac3c,ev:4e45851ecc9eb9f4,4.3
左舷主机轴瓦失效与火灾,事故案例,数据性质：实船调查报告,涉及运维措施,停用故障主机并查明报警原因,运维措施,,非因果（归属、分类、检查或建议等）,报告明确记载,事故案例：左舷主机轴瓦失效与火灾,MAIB_2018_01_Windcat8_bearing_failure_fire.pdf,物理第11页；PDF page 11,https://assets.publishing.service.gov.uk/government/uploads/system/uploads/attachment_data/file/683922/MAIBInvReport01_2018.pdf,shipkg:case:9792cd36162e,INVOLVES,shipkg:action:4a27034a0842,edge:60450c763db70e7c,ev:a14d5a0a3ae37d97,4.3
左舷主机轴瓦失效与火灾,事故案例,数据性质：实船调查报告,涉及运维措施,固定灭火系统灭火,运维措施,,非因果（归属、分类、检查或建议等）,报告明确记载,事故案例：左舷主机轴瓦失效与火灾,MAIB_2018_01_Windcat8_bearing_failure_fire.pdf,物理第11页；PDF page 11,https://assets.publishing.service.gov.uk/government/uploads/system/uploads/attachment_data/file/683922/MAIBInvReport01_2018.pdf,shipkg:case:9792cd36162e,INVOLVES,shipkg:action:9fa28e4c4571,edge:c73b68793ef21e47,ev:e678a8a1bb3f1aec,4.3
左舷主机轴瓦失效与火灾,事故案例,数据性质：实船调查报告,涉及工况与状态,固定灭火系统释放前通风口未关闭,工况与状态,,非因果（归属、分类、检查或建议等）,报告明确记载,事故案例：左舷主机轴瓦失效与火灾,MAIB_2018_01_Windcat8_bearing_failure_fire.pdf,物理第11页；PDF page 11,https://assets.publishing.service.gov.uk/government/uploads/system/uploads/attachment_data/file/683922/MAIBInvReport01_2018.pdf,shipkg:case:9792cd36162e,INVOLVES,shipkg:condition:7a0e4d2405ef,edge:6004491261f8dd90,ev:e678a8a1bb3f1aec,4.3
左舷主机轴瓦失效与火灾,事故案例,数据性质：实船调查报告,涉及故障,曲轴箱被连杆击穿,故障,故障层级：具体故障或事件,非因果（归属、分类、检查或建议等）,报告明确记载,事故案例：左舷主机轴瓦失效与火灾,MAIB_2018_01_Windcat8_bearing_failure_fire.pdf,物理第1页；PDF page 1,https://assets.publishing.service.gov.uk/government/uploads/system/uploads/attachment_data/file/683922/MAIBInvReport01_2018.pdf,shipkg:case:9792cd36162e,INVOLVES,shipkg:fault:8d2d73a67f71,edge:132a3aef440a9e86,ev:921221ff746c010e,4.3
左舷主机轴瓦失效与火灾,事故案例,数据性质：实船调查报告,涉及症状,机油高温报警,症状,,非因果（归属、分类、检查或建议等）,报告明确记载,事故案例：左舷主机轴瓦失效与火灾,MAIB_2018_01_Windcat8_bearing_failure_fire.pdf,物理第1页；PDF page 1,https://assets.publishing.service.gov.uk/government/uploads/system/uploads/attachment_data/file/683922/MAIBInvReport01_2018.pdf,shipkg:case:9792cd36162e,INVOLVES,shipkg:symptom:d2a57b31e287,edge:1c226d729369d0f6,ev:caaf8005d66a8fbb,4.3
左舷主机轴瓦失效与火灾,事故案例,数据性质：实船调查报告,涉及后果,机舱火灾,后果,,非因果（归属、分类、检查或建议等）,报告明确记载,事故案例：左舷主机轴瓦失效与火灾,MAIB_2018_01_Windcat8_bearing_failure_fire.pdf,物理第11页；PDF page 11,https://assets.publishing.service.gov.uk/government/uploads/system/uploads/attachment_data/file/683922/MAIBInvReport01_2018.pdf,shipkg:case:9792cd36162e,INVOLVES,shipkg:consequence:775549e4c085,edge:3aa989245b5650ef,ev:f55562c55772b4c1,4.3
左舷主机轴瓦失效与火灾,事故案例,数据性质：实船调查报告,涉及工况与状态,轴瓦本体可能存在薄弱点,工况与状态,,非因果（归属、分类、检查或建议等）,报告明确记载,事故案例：左舷主机轴瓦失效与火灾,MAIB_2018_01_Windcat8_bearing_failure_fire.pdf,物理第9页；PDF page 9,https://assets.publishing.service.gov.uk/government/uploads/system/uploads/attachment_data/file/683922/MAIBInvReport01_2018.pdf,shipkg:case:9792cd36162e,INVOLVES,shipkg:condition:ff44ed04fc9f,edge:c738aa985d178c94,ev:1143f5b1ae869724,4.3
左舷主机轴瓦失效与火灾,事故案例,数据性质：实船调查报告,涉及故障,连杆大端轴瓦失效,故障,故障层级：具体故障或事件,非因果（归属、分类、检查或建议等）,报告明确记载,事故案例：左舷主机轴瓦失效与火灾,MAIB_2018_01_Windcat8_bearing_failure_fire.pdf,物理第1页；PDF page 1,https://assets.publishing.service.gov.uk/government/uploads/system/uploads/attachment_data/file/683922/MAIBInvReport01_2018.pdf,shipkg:case:9792cd36162e,INVOLVES,shipkg:fault:2c644dcfc770,edge:215927f377f46931,ev:caaf8005d66a8fbb,4.3
左舷主机轴瓦失效与火灾,事故案例,数据性质：实船调查报告,涉及系统,传动与推进系统,系统,系统层级：功能系统,非因果（归属、分类、检查或建议等）,研究者分类（非因果结论）,事故案例：左舷主机轴瓦失效与火灾,MAIB_2018_01_Windcat8_bearing_failure_fire.pdf,物理第1页；PDF page 1,https://assets.publishing.service.gov.uk/government/uploads/system/uploads/attachment_data/file/683922/MAIBInvReport01_2018.pdf,shipkg:case:9792cd36162e,IN_SYSTEM,shipkg:subsystem:5e357a568055,edge:af669d0519eb12fc,ev:4e45851ecc9eb9f4,4.3
左舷主机轴瓦失效与火灾,事故案例,数据性质：实船调查报告,采用系统架构,柴油机机械推进系统,系统,系统层级：动力架构,非因果（归属、分类、检查或建议等）,报告明确记载,事故案例：左舷主机轴瓦失效与火灾,MAIB_2018_01_Windcat8_bearing_failure_fire.pdf,物理第1页；PDF page 1,https://assets.publishing.service.gov.uk/government/uploads/system/uploads/attachment_data/file/683922/MAIBInvReport01_2018.pdf,shipkg:case:9792cd36162e,IN_SYSTEM,shipkg:system:5d1dca19fd66,edge:72203146f77ec8eb,ev:4e45851ecc9eb9f4,4.3
左舷主机轴瓦失效与火灾,事故案例,数据性质：实船调查报告,涉及系统,润滑与轴承系统,系统,系统层级：功能系统,非因果（归属、分类、检查或建议等）,研究者分类（非因果结论）,事故案例：左舷主机轴瓦失效与火灾,MAIB_2018_01_Windcat8_bearing_failure_fire.pdf,物理第1页；PDF page 1,https://assets.publishing.service.gov.uk/government/uploads/system/uploads/attachment_data/file/683922/MAIBInvReport01_2018.pdf,shipkg:case:9792cd36162e,IN_SYSTEM,shipkg:subsystem:d08eaf16cc46,edge:44e6ad50114682ee,ev:4e45851ecc9eb9f4,4.3
左舷主机轴瓦失效与火灾,事故案例,数据性质：实船调查报告,涉及系统,燃油与进排气系统,系统,系统层级：功能系统,非因果（归属、分类、检查或建议等）,研究者分类（非因果结论）,事故案例：左舷主机轴瓦失效与火灾,MAIB_2018_01_Windcat8_bearing_failure_fire.pdf,物理第1页；PDF page 1,https://assets.publishing.service.gov.uk/government/uploads/system/uploads/attachment_data/file/683922/MAIBInvReport01_2018.pdf,shipkg:case:9792cd36162e,IN_SYSTEM,shipkg:subsystem:52e7560c8465,edge:f5a05d14308ae52a,ev:4e45851ecc9eb9f4,4.3
控制空气不足与离合器脱开,事故案例,船型：滚装客船；船舶身份说明：船名未公开；保留来源案例编号，不推定真实船名；数据性质：实船调查报告,来源于,MAIB Safety Digest 2013 lubrication and bearing cases,资料来源,来源层级：资料级,非因果（归属、分类、检查或建议等）,报告明确记载,事故案例：控制空气不足与离合器脱开,MAIB_2013_Safety_Digest_lubrication_bearing_cases.pdf,物理第14页；PDF page 14,https://assets.publishing.service.gov.uk/government/uploads/system/uploads/attachment_data/file/876748/2013-SD2-MAIBSafetyDigest.pdf,shipkg:case:551512d967af,DOCUMENTED_BY,shipkg:source:a583fceecb4c,edge:aac4e83652fb56a4,ev:8b57dbab2f3af128,4.3
控制空气不足与离合器脱开,事故案例,船型：滚装客船；船舶身份说明：船名未公开；保留来源案例编号，不推定真实船名；数据性质：实船调查报告,涉及设备,控制空气供给与主机离合装置,设备,设备范围：设备装置集合（非功能系统分类）,非因果（归属、分类、检查或建议等）,报告明确记载,事故案例：控制空气不足与离合器脱开,MAIB_2013_Safety_Digest_lubrication_bearing_cases.pdf,物理第14页；PDF page 14,https://assets.publishing.service.gov.uk/government/uploads/system/uploads/attachment_data/file/876748/2013-SD2-MAIBSafetyDigest.pdf,shipkg:case:551512d967af,HAS_EQUIPMENT,shipkg:equipment:5d25f4bda048,edge:29e795201e06206f,ev:8b57dbab2f3af128,4.3
控制空气不足与离合器脱开,事故案例,船型：滚装客船；船舶身份说明：船名未公开；保留来源案例编号，不推定真实船名；数据性质：实船调查报告,涉及工况与状态,两台压缩机供气不足,工况与状态,,非因果（归属、分类、检查或建议等）,报告明确记载,事故案例：控制空气不足与离合器脱开,MAIB_2013_Safety_Digest_lubrication_bearing_cases.pdf,物理第15页；PDF page 15,https://assets.publishing.service.gov.uk/government/uploads/system/uploads/attachment_data/file/876748/2013-SD2-MAIBSafetyDigest.pdf,shipkg:case:551512d967af,INVOLVES,shipkg:condition:ed8375f7583f,edge:6ae54d8a164aef2b,ev:c0ffd1edc9aa8938,4.3
控制空气不足与离合器脱开,事故案例,船型：滚装客船；船舶身份说明：船名未公开；保留来源案例编号，不推定真实船名；数据性质：实船调查报告,涉及故障,主机离合器脱开,故障,故障层级：具体故障或事件,非因果（归属、分类、检查或建议等）,报告明确记载,事故案例：控制空气不足与离合器脱开,MAIB_2013_Safety_Digest_lubrication_bearing_cases.pdf,物理第14页；PDF page 14,https://assets.publishing.service.gov.uk/government/uploads/system/uploads/attachment_data/file/876748/2013-SD2-MAIBSafetyDigest.pdf,shipkg:case:551512d967af,INVOLVES,shipkg:fault:4cb7be531584,edge:ba193c8283f2f49a,ev:88a04930502bf0c9,4.3
控制空气不足与离合器脱开,事故案例,船型：滚装客船；船舶身份说明：船名未公开；保留来源案例编号，不推定真实船名；数据性质：实船调查报告,涉及故障,二号压缩机排气阀损坏,故障,故障层级：具体故障或事件,非因果（归属、分类、检查或建议等）,报告明确记载,事故案例：控制空气不足与离合器脱开,MAIB_2013_Safety_Digest_lubrication_bearing_cases.pdf,物理第15页；PDF page 15,https://assets.publishing.service.gov.uk/government/uploads/system/uploads/attachment_data/file/876748/2013-SD2-MAIBSafetyDigest.pdf,shipkg:case:551512d967af,INVOLVES,shipkg:fault:40958d8dddba,edge:99bf71e0bf124707,ev:c0ffd1edc9aa8938,4.3
控制空气不足与离合器脱开,事故案例,船型：滚装客船；船舶身份说明：船名未公开；保留来源案例编号，不推定真实船名；数据性质：实船调查报告,涉及运维措施,修订备用气瓶切换与隔离检查卡,运维措施,,非因果（归属、分类、检查或建议等）,报告明确记载,事故案例：控制空气不足与离合器脱开,MAIB_2013_Safety_Digest_lubrication_bearing_cases.pdf,物理第15页；PDF page 15,https://assets.publishing.service.gov.uk/government/uploads/system/uploads/attachment_data/file/876748/2013-SD2-MAIBSafetyDigest.pdf,shipkg:case:551512d967af,INVOLVES,shipkg:action:8076c8558f20,edge:e991dcc60de6485a,ev:a9d1c3390e834930,4.3
控制空气不足与离合器脱开,事故案例,船型：滚装客船；船舶身份说明：船名未公开；保留来源案例编号，不推定真实船名；数据性质：实船调查报告,涉及检查方法,切换后核验压缩机供气能力,检查方法,,非因果（归属、分类、检查或建议等）,报告明确记载,事故案例：控制空气不足与离合器脱开,MAIB_2013_Safety_Digest_lubrication_bearing_cases.pdf,物理第15页；PDF page 15,https://assets.publishing.service.gov.uk/government/uploads/system/uploads/attachment_data/file/876748/2013-SD2-MAIBSafetyDigest.pdf,shipkg:case:551512d967af,INVOLVES,shipkg:check:f420d80dbf17,edge:e6b696047a99c943,ev:3f0c5814259eb000,4.3
控制空气不足与离合器脱开,事故案例,船型：滚装客船；船舶身份说明：船名未公开；保留来源案例编号，不推定真实船名；数据性质：实船调查报告,涉及故障,压缩机下端轴承过热失效,故障,故障层级：具体故障或事件,非因果（归属、分类、检查或建议等）,报告明确记载,事故案例：控制空气不足与离合器脱开,MAIB_2013_Safety_Digest_lubrication_bearing_cases.pdf,物理第14页；PDF page 14,https://assets.publishing.service.gov.uk/government/uploads/system/uploads/attachment_data/file/876748/2013-SD2-MAIBSafetyDigest.pdf,shipkg:case:551512d967af,INVOLVES,shipkg:fault:ccbff4c4e10b,edge:c0134842aaaa9af1,ev:5bedf556e2401880,4.3
控制空气不足与离合器脱开,事故案例,船型：滚装客船；船舶身份说明：船名未公开；保留来源案例编号，不推定真实船名；数据性质：实船调查报告,涉及故障,压缩机滑油排出管脱开,故障,故障层级：具体故障或事件,非因果（归属、分类、检查或建议等）,报告明确记载,事故案例：控制空气不足与离合器脱开,MAIB_2013_Safety_Digest_lubrication_bearing_cases.pdf,物理第14页；PDF page 14,https://assets.publishing.service.gov.uk/government/uploads/system/uploads/attachment_data/file/876748/2013-SD2-MAIBSafetyDigest.pdf,shipkg:case:551512d967af,INVOLVES,shipkg:fault:2ac2de665aa1,edge:8f4e09068ca037ea,ev:5bedf556e2401880,4.3
控制空气不足与离合器脱开,事故案例,船型：滚装客船；船舶身份说明：船名未公开；保留来源案例编号，不推定真实船名；数据性质：实船调查报告,涉及工况与状态,备用气瓶上线时未隔离主气瓶,工况与状态,,非因果（归属、分类、检查或建议等）,报告明确记载,事故案例：控制空气不足与离合器脱开,MAIB_2013_Safety_Digest_lubrication_bearing_cases.pdf,物理第15页；PDF page 15,https://assets.publishing.service.gov.uk/government/uploads/system/uploads/attachment_data/file/876748/2013-SD2-MAIBSafetyDigest.pdf,shipkg:case:551512d967af,INVOLVES,shipkg:condition:be80fb98e414,edge:7dfcf57bdf379f1c,ev:c8e14e20edb4d870,4.3
控制空气不足与离合器脱开,事故案例,船型：滚装客船；船舶身份说明：船名未公开；保留来源案例编号，不推定真实船名；数据性质：实船调查报告,涉及故障,备用空气均压后仍不足,故障,故障层级：具体故障或事件,非因果（归属、分类、检查或建议等）,报告明确记载,事故案例：控制空气不足与离合器脱开,MAIB_2013_Safety_Digest_lubrication_bearing_cases.pdf,物理第15页；PDF page 15,https://assets.publishing.service.gov.uk/government/uploads/system/uploads/attachment_data/file/876748/2013-SD2-MAIBSafetyDigest.pdf,shipkg:case:551512d967af,INVOLVES,shipkg:fault:3dabb05debb4,edge:7a0a161daa004c6f,ev:c8e14e20edb4d870,4.3
控制空气不足与离合器脱开,事故案例,船型：滚装客船；船舶身份说明：船名未公开；保留来源案例编号，不推定真实船名；数据性质：实船调查报告,涉及运维措施,开展机舱与驾驶台故障沟通演练,运维措施,,非因果（归属、分类、检查或建议等）,报告明确记载,事故案例：控制空气不足与离合器脱开,MAIB_2013_Safety_Digest_lubrication_bearing_cases.pdf,物理第15页；PDF page 15,https://assets.publishing.service.gov.uk/government/uploads/system/uploads/attachment_data/file/876748/2013-SD2-MAIBSafetyDigest.pdf,shipkg:case:551512d967af,INVOLVES,shipkg:action:94c3bd7ec403,edge:c265fc9b04899aba,ev:0f3029c8ff2b1f75,4.3
控制空气不足与离合器脱开,事故案例,船型：滚装客船；船舶身份说明：船名未公开；保留来源案例编号，不推定真实船名；数据性质：实船调查报告,涉及症状,控制空气低压报警,症状,,非因果（归属、分类、检查或建议等）,报告明确记载,事故案例：控制空气不足与离合器脱开,MAIB_2013_Safety_Digest_lubrication_bearing_cases.pdf,物理第14页；PDF page 14,https://assets.publishing.service.gov.uk/government/uploads/system/uploads/attachment_data/file/876748/2013-SD2-MAIBSafetyDigest.pdf,shipkg:case:551512d967af,INVOLVES,shipkg:symptom:13f0f30403ca,edge:60b43025dcf3cc94,ev:9fa6115be15d0d77,4.3
控制空气不足与离合器脱开,事故案例,船型：滚装客船；船舶身份说明：船名未公开；保留来源案例编号，不推定真实船名；数据性质：实船调查报告,涉及故障,控制空气压力不足,故障,故障层级：具体故障或事件,非因果（归属、分类、检查或建议等）,报告明确记载,事故案例：控制空气不足与离合器脱开,MAIB_2013_Safety_Digest_lubrication_bearing_cases.pdf,物理第14页；PDF page 14,https://assets.publishing.service.gov.uk/government/uploads/system/uploads/attachment_data/file/876748/2013-SD2-MAIBSafetyDigest.pdf,shipkg:case:551512d967af,INVOLVES,shipkg:fault:b6b2c9f08149,edge:71d295f3dea12315,ev:008f983201b4fd11,4.3
控制空气不足与离合器脱开,事故案例,船型：滚装客船；船舶身份说明：船名未公开；保留来源案例编号，不推定真实船名；数据性质：实船调查报告,涉及后果,船艏撞击泊位,后果,,非因果（归属、分类、检查或建议等）,报告明确记载,事故案例：控制空气不足与离合器脱开,MAIB_2013_Safety_Digest_lubrication_bearing_cases.pdf,物理第15页；PDF page 15,https://assets.publishing.service.gov.uk/government/uploads/system/uploads/attachment_data/file/876748/2013-SD2-MAIBSafetyDigest.pdf,shipkg:case:551512d967af,INVOLVES,shipkg:consequence:fd1e977000c3,edge:efb389cfdce36b21,ev:7009d03f4c6f89d9,4.3
控制空气不足与离合器脱开,事故案例,船型：滚装客船；船舶身份说明：船名未公开；保留来源案例编号，不推定真实船名；数据性质：实船调查报告,涉及后果,靠泊推进制动能力丧失,后果,,非因果（归属、分类、检查或建议等）,报告明确记载,事故案例：控制空气不足与离合器脱开,MAIB_2013_Safety_Digest_lubrication_bearing_cases.pdf,物理第15页；PDF page 15,https://assets.publishing.service.gov.uk/government/uploads/system/uploads/attachment_data/file/876748/2013-SD2-MAIBSafetyDigest.pdf,shipkg:case:551512d967af,INVOLVES,shipkg:consequence:c5047807b300,edge:4ad4724fd72c9dac,ev:16e773b397fb6388,4.3
控制空气不足与离合器脱开,事故案例,船型：滚装客船；船舶身份说明：船名未公开；保留来源案例编号，不推定真实船名；数据性质：实船调查报告,涉及系统,传动与推进系统,系统,系统层级：功能系统,非因果（归属、分类、检查或建议等）,研究者分类（非因果结论）,事故案例：控制空气不足与离合器脱开,MAIB_2013_Safety_Digest_lubrication_bearing_cases.pdf,物理第14页；PDF page 14,https://assets.publishing.service.gov.uk/government/uploads/system/uploads/attachment_data/file/876748/2013-SD2-MAIBSafetyDigest.pdf,shipkg:case:551512d967af,IN_SYSTEM,shipkg:subsystem:5e357a568055,edge:ddfe38de303e54df,ev:8b57dbab2f3af128,4.3
控制空气不足与离合器脱开,事故案例,船型：滚装客船；船舶身份说明：船名未公开；保留来源案例编号，不推定真实船名；数据性质：实船调查报告,涉及系统,润滑与轴承系统,系统,系统层级：功能系统,非因果（归属、分类、检查或建议等）,研究者分类（非因果结论）,事故案例：控制空气不足与离合器脱开,MAIB_2013_Safety_Digest_lubrication_bearing_cases.pdf,物理第14页；PDF page 14,https://assets.publishing.service.gov.uk/government/uploads/system/uploads/attachment_data/file/876748/2013-SD2-MAIBSafetyDigest.pdf,shipkg:case:551512d967af,IN_SYSTEM,shipkg:subsystem:d08eaf16cc46,edge:fd16ad255f22091c,ev:8b57dbab2f3af128,4.3
控制空气不足与离合器脱开,事故案例,船型：滚装客船；船舶身份说明：船名未公开；保留来源案例编号，不推定真实船名；数据性质：实船调查报告,涉及系统,电力与控制系统,系统,系统层级：功能系统,非因果（归属、分类、检查或建议等）,研究者分类（非因果结论）,事故案例：控制空气不足与离合器脱开,MAIB_2013_Safety_Digest_lubrication_bearing_cases.pdf,物理第14页；PDF page 14,https://assets.publishing.service.gov.uk/government/uploads/system/uploads/attachment_data/file/876748/2013-SD2-MAIBSafetyDigest.pdf,shipkg:case:551512d967af,IN_SYSTEM,shipkg:subsystem:4539c38d0a84,edge:69d47ba823685724,ev:8b57dbab2f3af128,4.3
油抹布落至排气歧管起火,事故案例,船型：双体客船；船舶身份说明：船名未公开；保留来源案例编号，不推定真实船名；数据性质：实船调查报告,来源于,MAIB Safety Digest 2013 lubrication and bearing cases,资料来源,来源层级：资料级,非因果（归属、分类、检查或建议等）,报告明确记载,事故案例：油抹布落至排气歧管起火,MAIB_2013_Safety_Digest_lubrication_bearing_cases.pdf,物理第40页；PDF page 40,https://assets.publishing.service.gov.uk/government/uploads/system/uploads/attachment_data/file/876748/2013-SD2-MAIBSafetyDigest.pdf,shipkg:case:ffc594a9fab7,DOCUMENTED_BY,shipkg:source:a583fceecb4c,edge:9b94cb30ae59d0ec,ev:7293e870a8d5467f,4.3
油抹布落至排气歧管起火,事故案例,船型：双体客船；船舶身份说明：船名未公开；保留来源案例编号，不推定真实船名；数据性质：实船调查报告,涉及设备,左舷主机排气装置,设备,设备范围：设备装置集合（非功能系统分类）,非因果（归属、分类、检查或建议等）,报告明确记载,事故案例：油抹布落至排气歧管起火,MAIB_2013_Safety_Digest_lubrication_bearing_cases.pdf,物理第40页；PDF page 40,https://assets.publishing.service.gov.uk/government/uploads/system/uploads/attachment_data/file/876748/2013-SD2-MAIBSafetyDigest.pdf,shipkg:case:ffc594a9fab7,HAS_EQUIPMENT,shipkg:equipment:0d7957f0c12c,edge:0d5aaf13da7e3b16,ev:7293e870a8d5467f,4.3
油抹布落至排气歧管起火,事故案例,船型：双体客船；船舶身份说明：船名未公开；保留来源案例编号，不推定真实船名；数据性质：实船调查报告,涉及症状,主机高温报警,症状,,非因果（归属、分类、检查或建议等）,报告明确记载,事故案例：油抹布落至排气歧管起火,MAIB_2013_Safety_Digest_lubrication_bearing_cases.pdf,物理第41页；PDF page 41,https://assets.publishing.service.gov.uk/government/uploads/system/uploads/attachment_data/file/876748/2013-SD2-MAIBSafetyDigest.pdf,shipkg:case:ffc594a9fab7,INVOLVES,shipkg:symptom:674bee46af7f,edge:dbc55013832a5dd9,ev:0e28dc346f51844d,4.3
油抹布落至排气歧管起火,事故案例,船型：双体客船；船舶身份说明：船名未公开；保留来源案例编号，不推定真实船名；数据性质：实船调查报告,涉及后果,机舱火灾,后果,,非因果（归属、分类、检查或建议等）,报告明确记载,事故案例：油抹布落至排气歧管起火,MAIB_2013_Safety_Digest_lubrication_bearing_cases.pdf,物理第41页；PDF page 41,https://assets.publishing.service.gov.uk/government/uploads/system/uploads/attachment_data/file/876748/2013-SD2-MAIBSafetyDigest.pdf,shipkg:case:ffc594a9fab7,INVOLVES,shipkg:consequence:775549e4c085,edge:15375aa4d0128108,ev:1abb50030379f9ee,4.3
油抹布落至排气歧管起火,事故案例,船型：双体客船；船舶身份说明：船名未公开；保留来源案例编号，不推定真实船名；数据性质：实船调查报告,涉及故障,油抹布接触高温排气歧管,故障,故障层级：具体故障或事件,非因果（归属、分类、检查或建议等）,报告明确记载,事故案例：油抹布落至排气歧管起火,MAIB_2013_Safety_Digest_lubrication_bearing_cases.pdf,物理第41页；PDF page 41,https://assets.publishing.service.gov.uk/government/uploads/system/uploads/attachment_data/file/876748/2013-SD2-MAIBSafetyDigest.pdf,shipkg:case:ffc594a9fab7,INVOLVES,shipkg:fault:b7f3d0b1bf24,edge:4387396797703972,ev:c6b798ec4934dc08,4.3
油抹布落至排气歧管起火,事故案例,船型：双体客船；船舶身份说明：船名未公开；保留来源案例编号，不推定真实船名；数据性质：实船调查报告,涉及工况与状态,油污抹布遗留在歧管上方,工况与状态,,非因果（归属、分类、检查或建议等）,报告明确记载,事故案例：油抹布落至排气歧管起火,MAIB_2013_Safety_Digest_lubrication_bearing_cases.pdf,物理第41页；PDF page 41,https://assets.publishing.service.gov.uk/government/uploads/system/uploads/attachment_data/file/876748/2013-SD2-MAIBSafetyDigest.pdf,shipkg:case:ffc594a9fab7,INVOLVES,shipkg:condition:d96dbed6a05c,edge:30ec4f84b22ce4cc,ev:c6b798ec4934dc08,4.3
油抹布落至排气歧管起火,事故案例,船型：双体客船；船舶身份说明：船名未公开；保留来源案例编号，不推定真实船名；数据性质：实船调查报告,涉及工况与状态,火烟尚未到达远处报警探头,工况与状态,,非因果（归属、分类、检查或建议等）,报告明确记载,事故案例：油抹布落至排气歧管起火,MAIB_2013_Safety_Digest_lubrication_bearing_cases.pdf,物理第41页；PDF page 41,https://assets.publishing.service.gov.uk/government/uploads/system/uploads/attachment_data/file/876748/2013-SD2-MAIBSafetyDigest.pdf,shipkg:case:ffc594a9fab7,INVOLVES,shipkg:condition:94ebbaf1c3c4,edge:8e29af42afcde05b,ev:db9d3c4ba46b3f43,4.3
油抹布落至排气歧管起火,事故案例,船型：双体客船；船舶身份说明：船名未公开；保留来源案例编号，不推定真实船名；数据性质：实船调查报告,涉及运维措施,规范收集处置含油废物,运维措施,,非因果（归属、分类、检查或建议等）,报告明确记载,事故案例：油抹布落至排气歧管起火,MAIB_2013_Safety_Digest_lubrication_bearing_cases.pdf,物理第42页；PDF page 42,https://assets.publishing.service.gov.uk/government/uploads/system/uploads/attachment_data/file/876748/2013-SD2-MAIBSafetyDigest.pdf,shipkg:case:ffc594a9fab7,INVOLVES,shipkg:action:1b28685e1f2a,edge:79cd69b193217e96,ev:59fee15f97a89579,4.3
油抹布落至排气歧管起火,事故案例,船型：双体客船；船舶身份说明：船名未公开；保留来源案例编号，不推定真实船名；数据性质：实船调查报告,涉及检查方法,首启后巡视机舱泄漏与火灾隐患,检查方法,,非因果（归属、分类、检查或建议等）,报告明确记载,事故案例：油抹布落至排气歧管起火,MAIB_2013_Safety_Digest_lubrication_bearing_cases.pdf,物理第42页；PDF page 42,https://assets.publishing.service.gov.uk/government/uploads/system/uploads/attachment_data/file/876748/2013-SD2-MAIBSafetyDigest.pdf,shipkg:case:ffc594a9fab7,INVOLVES,shipkg:check:2ae63dd081a2,edge:7d535036592d5a35,ev:f5fbae0eb047725b,4.3
油抹布落至排气歧管起火,事故案例,船型：双体客船；船舶身份说明：船名未公开；保留来源案例编号，不推定真实船名；数据性质：实船调查报告,涉及故障,高温报警线束烧损短路,故障,故障层级：具体故障或事件,非因果（归属、分类、检查或建议等）,报告明确记载,事故案例：油抹布落至排气歧管起火,MAIB_2013_Safety_Digest_lubrication_bearing_cases.pdf,物理第41页；PDF page 41,https://assets.publishing.service.gov.uk/government/uploads/system/uploads/attachment_data/file/876748/2013-SD2-MAIBSafetyDigest.pdf,shipkg:case:ffc594a9fab7,INVOLVES,shipkg:fault:999defd690d8,edge:e8ca5aec715faadd,ev:e3771166c08962b6,4.3
油抹布落至排气歧管起火,事故案例,船型：双体客船；船舶身份说明：船名未公开；保留来源案例编号，不推定真实船名；数据性质：实船调查报告,涉及系统,燃油与进排气系统,系统,系统层级：功能系统,非因果（归属、分类、检查或建议等）,研究者分类（非因果结论）,事故案例：油抹布落至排气歧管起火,MAIB_2013_Safety_Digest_lubrication_bearing_cases.pdf,物理第40页；PDF page 40,https://assets.publishing.service.gov.uk/government/uploads/system/uploads/attachment_data/file/876748/2013-SD2-MAIBSafetyDigest.pdf,shipkg:case:ffc594a9fab7,IN_SYSTEM,shipkg:subsystem:52e7560c8465,edge:1bbb91e1fb7034b8,ev:7293e870a8d5467f,4.3
油抹布落至排气歧管起火,事故案例,船型：双体客船；船舶身份说明：船名未公开；保留来源案例编号，不推定真实船名；数据性质：实船调查报告,涉及系统,电力与控制系统,系统,系统层级：功能系统,非因果（归属、分类、检查或建议等）,研究者分类（非因果结论）,事故案例：油抹布落至排气歧管起火,MAIB_2013_Safety_Digest_lubrication_bearing_cases.pdf,物理第40页；PDF page 40,https://assets.publishing.service.gov.uk/government/uploads/system/uploads/attachment_data/file/876748/2013-SD2-MAIBSafetyDigest.pdf,shipkg:case:ffc594a9fab7,IN_SYSTEM,shipkg:subsystem:4539c38d0a84,edge:f8708991db8070bf,ev:7293e870a8d5467f,4.3
海水冷却管疑似失效与沉没,事故案例,船型：拖网渔船；船舶身份说明：船名未公开；保留来源案例编号，不推定真实船名；数据性质：实船调查报告,来源于,MAIB Safety Digest 2016 generator oil fire case,资料来源,来源层级：资料级,非因果（归属、分类、检查或建议等）,报告明确记载,事故案例：海水冷却管疑似失效与沉没,MAIB_2016_Safety_Digest_generator_oil_fire.pdf,物理第59页；PDF page 59,https://assets.publishing.service.gov.uk/media/5e81e5d2d3bf7f13416961fa/2016-SD1-MAIBSafetyDigest.pdf,shipkg:case:6f58fb8a8b17,DOCUMENTED_BY,shipkg:source:3f597b4acabc,edge:a77cfe20056960be,ev:fe1c60aff6da4452,4.3
海水冷却管疑似失效与沉没,事故案例,船型：拖网渔船；船舶身份说明：船名未公开；保留来源案例编号，不推定真实船名；数据性质：实船调查报告,涉及设备,主机海水冷却与舱底排水装置,设备,设备范围：设备装置集合（非功能系统分类）,非因果（归属、分类、检查或建议等）,报告明确记载,事故案例：海水冷却管疑似失效与沉没,MAIB_2016_Safety_Digest_generator_oil_fire.pdf,物理第59页；PDF page 59,https://assets.publishing.service.gov.uk/media/5e81e5d2d3bf7f13416961fa/2016-SD1-MAIBSafetyDigest.pdf,shipkg:case:6f58fb8a8b17,HAS_EQUIPMENT,shipkg:equipment:3e7f89ac810b,edge:0c9b494dada80d37,ev:fe1c60aff6da4452,4.3
海水冷却管疑似失效与沉没,事故案例,船型：拖网渔船；船舶身份说明：船名未公开；保留来源案例编号，不推定真实船名；数据性质：实船调查报告,涉及故障,主机停止,故障,故障层级：具体故障或事件,非因果（归属、分类、检查或建议等）,报告明确记载,事故案例：海水冷却管疑似失效与沉没,MAIB_2016_Safety_Digest_generator_oil_fire.pdf,物理第59页；PDF page 59,https://assets.publishing.service.gov.uk/media/5e81e5d2d3bf7f13416961fa/2016-SD1-MAIBSafetyDigest.pdf,shipkg:case:6f58fb8a8b17,INVOLVES,shipkg:fault:34646312c70d,edge:2374f0fb0067bcfd,ev:f99011c1bd987967,4.3
海水冷却管疑似失效与沉没,事故案例,船型：拖网渔船；船舶身份说明：船名未公开；保留来源案例编号，不推定真实船名；数据性质：实船调查报告,涉及故障,主机海水冷却管疑似失效,故障,故障层级：具体故障或事件,非因果（归属、分类、检查或建议等）,报告明确记载,事故案例：海水冷却管疑似失效与沉没,MAIB_2016_Safety_Digest_generator_oil_fire.pdf,物理第60页；PDF page 60,https://assets.publishing.service.gov.uk/media/5e81e5d2d3bf7f13416961fa/2016-SD1-MAIBSafetyDigest.pdf,shipkg:case:6f58fb8a8b17,INVOLVES,shipkg:fault:72c71c94ca13,edge:71dfe99b39f72e50,ev:e235f3eb9480640d,4.3
海水冷却管疑似失效与沉没,事故案例,船型：拖网渔船；船舶身份说明：船名未公开；保留来源案例编号，不推定真实船名；数据性质：实船调查报告,涉及后果,机舱进水,后果,,非因果（归属、分类、检查或建议等）,报告明确记载,事故案例：海水冷却管疑似失效与沉没,MAIB_2016_Safety_Digest_generator_oil_fire.pdf,物理第60页；PDF page 60,https://assets.publishing.service.gov.uk/media/5e81e5d2d3bf7f13416961fa/2016-SD1-MAIBSafetyDigest.pdf,shipkg:case:6f58fb8a8b17,INVOLVES,shipkg:consequence:81fff36694d8,edge:c7ec08c7ad27397c,ev:e235f3eb9480640d,4.3
海水冷却管疑似失效与沉没,事故案例,船型：拖网渔船；船舶身份说明：船名未公开；保留来源案例编号，不推定真实船名；数据性质：实船调查报告,涉及工况与状态,海水管多年未检查更新,工况与状态,,非因果（归属、分类、检查或建议等）,报告明确记载,事故案例：海水冷却管疑似失效与沉没,MAIB_2016_Safety_Digest_generator_oil_fire.pdf,物理第60页；PDF page 60,https://assets.publishing.service.gov.uk/media/5e81e5d2d3bf7f13416961fa/2016-SD1-MAIBSafetyDigest.pdf,shipkg:case:6f58fb8a8b17,INVOLVES,shipkg:condition:5d3ac9abb37a,edge:91f5e2de171310bc,ev:383cc33975e2e37e,4.3
海水冷却管疑似失效与沉没,事故案例,船型：拖网渔船；船舶身份说明：船名未公开；保留来源案例编号，不推定真实船名；数据性质：实船调查报告,涉及故障,海水进口阀被淹无法接近,故障,故障层级：具体故障或事件,非因果（归属、分类、检查或建议等）,报告明确记载,事故案例：海水冷却管疑似失效与沉没,MAIB_2016_Safety_Digest_generator_oil_fire.pdf,物理第59页；PDF page 59,https://assets.publishing.service.gov.uk/media/5e81e5d2d3bf7f13416961fa/2016-SD1-MAIBSafetyDigest.pdf,shipkg:case:6f58fb8a8b17,INVOLVES,shipkg:fault:511d6ce8c125,edge:e7605f1ab5e66db2,ev:8bf90883ea90543a,4.3
海水冷却管疑似失效与沉没,事故案例,船型：拖网渔船；船舶身份说明：船名未公开；保留来源案例编号，不推定真实船名；数据性质：实船调查报告,涉及运维措施,航行中保持驾驶台值守与报警响应,运维措施,,非因果（归属、分类、检查或建议等）,报告明确记载,事故案例：海水冷却管疑似失效与沉没,MAIB_2016_Safety_Digest_generator_oil_fire.pdf,物理第60页；PDF page 60,https://assets.publishing.service.gov.uk/media/5e81e5d2d3bf7f13416961fa/2016-SD1-MAIBSafetyDigest.pdf,shipkg:case:6f58fb8a8b17,INVOLVES,shipkg:action:f1e90ec0f59b,edge:2fcce99768197f87,ev:6d6d03a1efd0d418,4.3
海水冷却管疑似失效与沉没,事故案例,船型：拖网渔船；船舶身份说明：船名未公开；保留来源案例编号，不推定真实船名；数据性质：实船调查报告,涉及症状,舱底高液位报警,症状,,非因果（归属、分类、检查或建议等）,报告明确记载,事故案例：海水冷却管疑似失效与沉没,MAIB_2016_Safety_Digest_generator_oil_fire.pdf,物理第59页；PDF page 59,https://assets.publishing.service.gov.uk/media/5e81e5d2d3bf7f13416961fa/2016-SD1-MAIBSafetyDigest.pdf,shipkg:case:6f58fb8a8b17,INVOLVES,shipkg:symptom:89c72d5dc590,edge:800d5ddca452c848,ev:e7c09d475a3dc5ea,4.3
海水冷却管疑似失效与沉没,事故案例,船型：拖网渔船；船舶身份说明：船名未公开；保留来源案例编号，不推定真实船名；数据性质：实船调查报告,涉及后果,船舶沉没,后果,,非因果（归属、分类、检查或建议等）,报告明确记载,事故案例：海水冷却管疑似失效与沉没,MAIB_2016_Safety_Digest_generator_oil_fire.pdf,物理第60页；PDF page 60,https://assets.publishing.service.gov.uk/media/5e81e5d2d3bf7f13416961fa/2016-SD1-MAIBSafetyDigest.pdf,shipkg:case:6f58fb8a8b17,INVOLVES,shipkg:consequence:cae4f7ac3ba9,edge:d369e4ac588c90d2,ev:069c961d11b53b1c,4.3
海水冷却管疑似失效与沉没,事故案例,船型：拖网渔船；船舶身份说明：船名未公开；保留来源案例编号，不推定真实船名；数据性质：实船调查报告,涉及检查方法,计划维护检查海水进口管路,检查方法,,非因果（归属、分类、检查或建议等）,报告明确记载,事故案例：海水冷却管疑似失效与沉没,MAIB_2016_Safety_Digest_generator_oil_fire.pdf,物理第60页；PDF page 60,https://assets.publishing.service.gov.uk/media/5e81e5d2d3bf7f13416961fa/2016-SD1-MAIBSafetyDigest.pdf,shipkg:case:6f58fb8a8b17,INVOLVES,shipkg:check:7bc4821b359e,edge:0bb0af8bc5dccadd,ev:f402f62ae7b113ec,4.3
海水冷却管疑似失效与沉没,事故案例,船型：拖网渔船；船舶身份说明：船名未公开；保留来源案例编号，不推定真实船名；数据性质：实船调查报告,涉及工况与状态,驾驶台无人导致舱底报警漏察,工况与状态,,非因果（归属、分类、检查或建议等）,报告明确记载,事故案例：海水冷却管疑似失效与沉没,MAIB_2016_Safety_Digest_generator_oil_fire.pdf,物理第60页；PDF page 60,https://assets.publishing.service.gov.uk/media/5e81e5d2d3bf7f13416961fa/2016-SD1-MAIBSafetyDigest.pdf,shipkg:case:6f58fb8a8b17,INVOLVES,shipkg:condition:133adfa97595,edge:96e30e323354ad53,ev:6a6ede2b06a7fa26,4.3
海水冷却管疑似失效与沉没,事故案例,船型：拖网渔船；船舶身份说明：船名未公开；保留来源案例编号，不推定真实船名；数据性质：实船调查报告,涉及系统,传动与推进系统,系统,系统层级：功能系统,非因果（归属、分类、检查或建议等）,研究者分类（非因果结论）,事故案例：海水冷却管疑似失效与沉没,MAIB_2016_Safety_Digest_generator_oil_fire.pdf,物理第59页；PDF page 59,https://assets.publishing.service.gov.uk/media/5e81e5d2d3bf7f13416961fa/2016-SD1-MAIBSafetyDigest.pdf,shipkg:case:6f58fb8a8b17,IN_SYSTEM,shipkg:subsystem:5e357a568055,edge:27408755db4716c5,ev:fe1c60aff6da4452,4.3
海水冷却管疑似失效与沉没,事故案例,船型：拖网渔船；船舶身份说明：船名未公开；保留来源案例编号，不推定真实船名；数据性质：实船调查报告,涉及系统,冷却与海水系统,系统,系统层级：功能系统,非因果（归属、分类、检查或建议等）,研究者分类（非因果结论）,事故案例：海水冷却管疑似失效与沉没,MAIB_2016_Safety_Digest_generator_oil_fire.pdf,物理第59页；PDF page 59,https://assets.publishing.service.gov.uk/media/5e81e5d2d3bf7f13416961fa/2016-SD1-MAIBSafetyDigest.pdf,shipkg:case:6f58fb8a8b17,IN_SYSTEM,shipkg:subsystem:512427f592b7,edge:4af0e99d2faed71b,ev:fe1c60aff6da4452,4.3
液压背压阀卡滞与火灾,事故案例,船型：滚装客船；数据性质：实船调查报告,来源于,Pride of Canterbury CPP hydraulic overpressure and fire,资料来源,来源层级：资料级,非因果（归属、分类、检查或建议等）,报告明确记载,事故案例：液压背压阀卡滞与火灾,MAIB_2015_22_Pride_of_Canterbury_CPP_hydraulic_fire.pdf,物理第30页；PDF page 30,https://assets.digital.cabinet-office.gov.uk/media/563092daed915d566d000002/MAIBInvReport-22_2015.pdf,shipkg:case:1f8ffc7c55c3,DOCUMENTED_BY,shipkg:source:c33d7f8e3fb6,edge:af433c11952ed610,ev:8c30394060f9cd2e,4.3
液压背压阀卡滞与火灾,事故案例,船型：滚装客船；数据性质：实船调查报告,涉及设备,右舷可调螺距桨液压装置,设备,设备范围：设备装置集合（非功能系统分类）,非因果（归属、分类、检查或建议等）,报告明确记载,事故案例：液压背压阀卡滞与火灾,MAIB_2015_22_Pride_of_Canterbury_CPP_hydraulic_fire.pdf,物理第30页；PDF page 30,https://assets.digital.cabinet-office.gov.uk/media/563092daed915d566d000002/MAIBInvReport-22_2015.pdf,shipkg:case:1f8ffc7c55c3,HAS_EQUIPMENT,shipkg:equipment:23fe6c4f1acc,edge:934d4b0ac0cc971f,ev:8c30394060f9cd2e,4.3
液压背压阀卡滞与火灾,事故案例,船型：滚装客船；数据性质：实船调查报告,涉及故障,可调螺距桨回油法兰破裂,故障,故障层级：具体故障或事件,非因果（归属、分类、检查或建议等）,报告明确记载,事故案例：液压背压阀卡滞与火灾,MAIB_2015_22_Pride_of_Canterbury_CPP_hydraulic_fire.pdf,物理第29页；PDF page 29,https://assets.digital.cabinet-office.gov.uk/media/563092daed915d566d000002/MAIBInvReport-22_2015.pdf,shipkg:case:1f8ffc7c55c3,INVOLVES,shipkg:fault:dd6aba2caf5a,edge:2154e85207766498,ev:9cb1e1609e478a6f,4.3
液压背压阀卡滞与火灾,事故案例,船型：滚装客船；数据性质：实船调查报告,涉及故障,可调螺距桨系统超压,故障,故障层级：具体故障或事件,非因果（归属、分类、检查或建议等）,报告明确记载,事故案例：液压背压阀卡滞与火灾,MAIB_2015_22_Pride_of_Canterbury_CPP_hydraulic_fire.pdf,物理第29页；PDF page 29,https://assets.digital.cabinet-office.gov.uk/media/563092daed915d566d000002/MAIBInvReport-22_2015.pdf,shipkg:case:1f8ffc7c55c3,INVOLVES,shipkg:fault:ae4a492efe41,edge:0a3e1ac1f171f110,ev:fbf6ef7897c61557,4.3
液压背压阀卡滞与火灾,事故案例,船型：滚装客船；数据性质：实船调查报告,涉及故障,可调螺距桨背压阀磨损卡滞,故障,故障层级：具体故障或事件,非因果（归属、分类、检查或建议等）,报告明确记载,事故案例：液压背压阀卡滞与火灾,MAIB_2015_22_Pride_of_Canterbury_CPP_hydraulic_fire.pdf,物理第29页；PDF page 29,https://assets.digital.cabinet-office.gov.uk/media/563092daed915d566d000002/MAIBInvReport-22_2015.pdf,shipkg:case:1f8ffc7c55c3,INVOLVES,shipkg:fault:1e5a23a200ad,edge:c1f34997d40e15b9,ev:fbf6ef7897c61557,4.3
液压背压阀卡滞与火灾,事故案例,船型：滚装客船；数据性质：实船调查报告,涉及工况与状态,回油法兰未设喷溅保护,工况与状态,,非因果（归属、分类、检查或建议等）,报告明确记载,事故案例：液压背压阀卡滞与火灾,MAIB_2015_22_Pride_of_Canterbury_CPP_hydraulic_fire.pdf,物理第30页；PDF page 30,https://assets.digital.cabinet-office.gov.uk/media/563092daed915d566d000002/MAIBInvReport-22_2015.pdf,shipkg:case:1f8ffc7c55c3,INVOLVES,shipkg:condition:37dbebf86df6,edge:204a741a8d15342d,ev:169a62f5f3bc2de6,4.3
液压背压阀卡滞与火灾,事故案例,船型：滚装客船；数据性质：实船调查报告,涉及工况与状态,回油管缺少有效超压释放,工况与状态,,非因果（归属、分类、检查或建议等）,报告明确记载,事故案例：液压背压阀卡滞与火灾,MAIB_2015_22_Pride_of_Canterbury_CPP_hydraulic_fire.pdf,物理第29页；PDF page 29,https://assets.digital.cabinet-office.gov.uk/media/563092daed915d566d000002/MAIBInvReport-22_2015.pdf,shipkg:case:1f8ffc7c55c3,INVOLVES,shipkg:condition:ff505693e52e,edge:5a9102d3a07c1238,ev:c2f0061fd7fa1953,4.3
液压背压阀卡滞与火灾,事故案例,船型：滚装客船；数据性质：实船调查报告,涉及运维措施,增设可调螺距桨回油旁通止回阀与高压报警,运维措施,,非因果（归属、分类、检查或建议等）,报告明确记载,事故案例：液压背压阀卡滞与火灾,MAIB_2015_22_Pride_of_Canterbury_CPP_hydraulic_fire.pdf,物理第35页；PDF page 35,https://assets.digital.cabinet-office.gov.uk/media/563092daed915d566d000002/MAIBInvReport-22_2015.pdf,shipkg:case:1f8ffc7c55c3,INVOLVES,shipkg:action:ddf392fcaa6c,edge:8d8816361e273f26,ev:53344f366942bb5f,4.3
液压背压阀卡滞与火灾,事故案例,船型：滚装客船；数据性质：实船调查报告,涉及工况与状态,安全阀长期未功能检查,工况与状态,,非因果（归属、分类、检查或建议等）,报告明确记载,事故案例：液压背压阀卡滞与火灾,MAIB_2015_22_Pride_of_Canterbury_CPP_hydraulic_fire.pdf,物理第29页；PDF page 29,https://assets.digital.cabinet-office.gov.uk/media/563092daed915d566d000002/MAIBInvReport-22_2015.pdf,shipkg:case:1f8ffc7c55c3,INVOLVES,shipkg:condition:4fe499c68172,edge:eefb148231b37a54,ev:a761595279b52f7c,4.3
液压背压阀卡滞与火灾,事故案例,船型：滚装客船；数据性质：实船调查报告,涉及运维措施,按厂商通告更换背压阀,运维措施,,非因果（归属、分类、检查或建议等）,报告明确记载,事故案例：液压背压阀卡滞与火灾,MAIB_2015_22_Pride_of_Canterbury_CPP_hydraulic_fire.pdf,物理第35页；PDF page 35,https://assets.digital.cabinet-office.gov.uk/media/563092daed915d566d000002/MAIBInvReport-22_2015.pdf,shipkg:case:1f8ffc7c55c3,INVOLVES,shipkg:action:b6c45b2c3ead,edge:0a2756d92ff951d1,ev:51d27e03785728b6,4.3
液压背压阀卡滞与火灾,事故案例,船型：滚装客船；数据性质：实船调查报告,涉及后果,机舱火灾,后果,,非因果（归属、分类、检查或建议等）,报告明确记载,事故案例：液压背压阀卡滞与火灾,MAIB_2015_22_Pride_of_Canterbury_CPP_hydraulic_fire.pdf,物理第29页；PDF page 29,https://assets.digital.cabinet-office.gov.uk/media/563092daed915d566d000002/MAIBInvReport-22_2015.pdf,shipkg:case:1f8ffc7c55c3,INVOLVES,shipkg:consequence:775549e4c085,edge:31dfd344abe4c50d,ev:45f3ae7b802f6792,4.3
液压背压阀卡滞与火灾,事故案例,船型：滚装客船；数据性质：实船调查报告,涉及运维措施,核查可调螺距桨法兰额定压力与喷溅防护,运维措施,,非因果（归属、分类、检查或建议等）,报告明确记载,事故案例：液压背压阀卡滞与火灾,MAIB_2015_22_Pride_of_Canterbury_CPP_hydraulic_fire.pdf,物理第35页；PDF page 35,https://assets.digital.cabinet-office.gov.uk/media/563092daed915d566d000002/MAIBInvReport-22_2015.pdf,shipkg:case:1f8ffc7c55c3,INVOLVES,shipkg:action:ee6e6a9b5e59,edge:8aba503c2f7f68d2,ev:10c92776735ce916,4.3
液压背压阀卡滞与火灾,事故案例,船型：滚装客船；数据性质：实船调查报告,涉及检查方法,检查可调螺距桨背压阀和安全阀功能,检查方法,,非因果（归属、分类、检查或建议等）,报告明确记载,事故案例：液压背压阀卡滞与火灾,MAIB_2015_22_Pride_of_Canterbury_CPP_hydraulic_fire.pdf,物理第35页；PDF page 35,https://assets.digital.cabinet-office.gov.uk/media/563092daed915d566d000002/MAIBInvReport-22_2015.pdf,shipkg:case:1f8ffc7c55c3,INVOLVES,shipkg:check:b6e1865763c1,edge:f9868eeca0e99d78,ev:ccd29d6aeef2b43d,4.3
液压背压阀卡滞与火灾,事故案例,船型：滚装客船；数据性质：实船调查报告,涉及工况与状态,液压油取样未检出背压阀磨损,工况与状态,,非因果（归属、分类、检查或建议等）,报告明确记载,事故案例：液压背压阀卡滞与火灾,MAIB_2015_22_Pride_of_Canterbury_CPP_hydraulic_fire.pdf,物理第30页；PDF page 30,https://assets.digital.cabinet-office.gov.uk/media/563092daed915d566d000002/MAIBInvReport-22_2015.pdf,shipkg:case:1f8ffc7c55c3,INVOLVES,shipkg:condition:4dcab8c954bb,edge:ee3a3fd7da059efd,ev:7058770c39736963,4.3
液压背压阀卡滞与火灾,事故案例,船型：滚装客船；数据性质：实船调查报告,涉及故障,液压油喷向高温排气管,故障,故障层级：具体故障或事件,非因果（归属、分类、检查或建议等）,报告明确记载,事故案例：液压背压阀卡滞与火灾,MAIB_2015_22_Pride_of_Canterbury_CPP_hydraulic_fire.pdf,物理第29页；PDF page 29,https://assets.digital.cabinet-office.gov.uk/media/563092daed915d566d000002/MAIBInvReport-22_2015.pdf,shipkg:case:1f8ffc7c55c3,INVOLVES,shipkg:fault:562580f2bf5a,edge:ce639523e98e94d6,ev:b1d5068e305409aa,4.3
液压背压阀卡滞与火灾,事故案例,船型：滚装客船；数据性质：实船调查报告,涉及系统,传动与推进系统,系统,系统层级：功能系统,非因果（归属、分类、检查或建议等）,研究者分类（非因果结论）,事故案例：液压背压阀卡滞与火灾,MAIB_2015_22_Pride_of_Canterbury_CPP_hydraulic_fire.pdf,物理第30页；PDF page 30,https://assets.digital.cabinet-office.gov.uk/media/563092daed915d566d000002/MAIBInvReport-22_2015.pdf,shipkg:case:1f8ffc7c55c3,IN_SYSTEM,shipkg:subsystem:5e357a568055,edge:25c0522a8c76df29,ev:8c30394060f9cd2e,4.3
液压背压阀卡滞与火灾,事故案例,船型：滚装客船；数据性质：实船调查报告,采用系统架构,柴油机机械推进系统,系统,系统层级：动力架构,非因果（归属、分类、检查或建议等）,报告明确记载,事故案例：液压背压阀卡滞与火灾,MAIB_2015_22_Pride_of_Canterbury_CPP_hydraulic_fire.pdf,物理第30页；PDF page 30,https://assets.digital.cabinet-office.gov.uk/media/563092daed915d566d000002/MAIBInvReport-22_2015.pdf,shipkg:case:1f8ffc7c55c3,IN_SYSTEM,shipkg:system:5d1dca19fd66,edge:9f1f784fb8e94b71,ev:8c30394060f9cd2e,4.3
液压背压阀卡滞与火灾,事故案例,船型：滚装客船；数据性质：实船调查报告,涉及系统,润滑与轴承系统,系统,系统层级：功能系统,非因果（归属、分类、检查或建议等）,研究者分类（非因果结论）,事故案例：液压背压阀卡滞与火灾,MAIB_2015_22_Pride_of_Canterbury_CPP_hydraulic_fire.pdf,物理第30页；PDF page 30,https://assets.digital.cabinet-office.gov.uk/media/563092daed915d566d000002/MAIBInvReport-22_2015.pdf,shipkg:case:1f8ffc7c55c3,IN_SYSTEM,shipkg:subsystem:d08eaf16cc46,edge:517349323e30576f,ev:8c30394060f9cd2e,4.3
液压背压阀卡滞与火灾,事故案例,船型：滚装客船；数据性质：实船调查报告,涉及系统,电力与控制系统,系统,系统层级：功能系统,非因果（归属、分类、检查或建议等）,研究者分类（非因果结论）,事故案例：液压背压阀卡滞与火灾,MAIB_2015_22_Pride_of_Canterbury_CPP_hydraulic_fire.pdf,物理第30页；PDF page 30,https://assets.digital.cabinet-office.gov.uk/media/563092daed915d566d000002/MAIBInvReport-22_2015.pdf,shipkg:case:1f8ffc7c55c3,IN_SYSTEM,shipkg:subsystem:4539c38d0a84,edge:53d505e7c840b877,ev:8c30394060f9cd2e,4.3
滑油滤芯漏装与主机抱轴,事故案例,船舶身份说明：船名未公开；保留来源案例编号，不推定真实船名；数据性质：实船调查报告,来源于,MAIB Safety Digest 2013 lubrication and bearing cases,资料来源,来源层级：资料级,非因果（归属、分类、检查或建议等）,报告明确记载,事故案例：滑油滤芯漏装与主机抱轴,MAIB_2013_Safety_Digest_lubrication_bearing_cases.pdf,物理第21页；PDF page 21,https://assets.publishing.service.gov.uk/government/uploads/system/uploads/attachment_data/file/876748/2013-SD2-MAIBSafetyDigest.pdf,shipkg:case:9676bd22b5e5,DOCUMENTED_BY,shipkg:source:a583fceecb4c,edge:74362812a3d7c57b,ev:7116308e5054c090,4.3
滑油滤芯漏装与主机抱轴,事故案例,船舶身份说明：船名未公开；保留来源案例编号，不推定真实船名；数据性质：实船调查报告,涉及设备,主机润滑装置,设备,设备范围：设备装置集合（非功能系统分类）,非因果（归属、分类、检查或建议等）,报告明确记载,事故案例：滑油滤芯漏装与主机抱轴,MAIB_2013_Safety_Digest_lubrication_bearing_cases.pdf,物理第21页；PDF page 21,https://assets.publishing.service.gov.uk/government/uploads/system/uploads/attachment_data/file/876748/2013-SD2-MAIBSafetyDigest.pdf,shipkg:case:9676bd22b5e5,HAS_EQUIPMENT,shipkg:equipment:5ed28aa334b7,edge:1c02eb3bc76cbd7f,ev:7116308e5054c090,4.3
滑油滤芯漏装与主机抱轴,事故案例,船舶身份说明：船名未公开；保留来源案例编号，不推定真实船名；数据性质：实船调查报告,涉及故障,主机无法继续运行,故障,故障层级：具体故障或事件,非因果（归属、分类、检查或建议等）,报告明确记载,事故案例：滑油滤芯漏装与主机抱轴,MAIB_2013_Safety_Digest_lubrication_bearing_cases.pdf,物理第21页；PDF page 21,https://assets.publishing.service.gov.uk/government/uploads/system/uploads/attachment_data/file/876748/2013-SD2-MAIBSafetyDigest.pdf,shipkg:case:9676bd22b5e5,INVOLVES,shipkg:fault:4865d7c855d8,edge:48373db8b29a2bfe,ev:76540dbe3ce4a2dc,4.3
滑油滤芯漏装与主机抱轴,事故案例,船舶身份说明：船名未公开；保留来源案例编号，不推定真实船名；数据性质：实船调查报告,涉及故障,主轴承咬死,故障,故障层级：具体故障或事件,非因果（归属、分类、检查或建议等）,报告明确记载,事故案例：滑油滤芯漏装与主机抱轴,MAIB_2013_Safety_Digest_lubrication_bearing_cases.pdf,物理第21页；PDF page 21,https://assets.publishing.service.gov.uk/government/uploads/system/uploads/attachment_data/file/876748/2013-SD2-MAIBSafetyDigest.pdf,shipkg:case:9676bd22b5e5,INVOLVES,shipkg:fault:ce4fe75e21d8,edge:5a2e7fc343b02236,ev:f82c24711a999936,4.3
滑油滤芯漏装与主机抱轴,事故案例,船舶身份说明：船名未公开；保留来源案例编号，不推定真实船名；数据性质：实船调查报告,涉及故障,主轴承瓦片转位,故障,故障层级：具体故障或事件,非因果（归属、分类、检查或建议等）,报告明确记载,事故案例：滑油滤芯漏装与主机抱轴,MAIB_2013_Safety_Digest_lubrication_bearing_cases.pdf,物理第21页；PDF page 21,https://assets.publishing.service.gov.uk/government/uploads/system/uploads/attachment_data/file/876748/2013-SD2-MAIBSafetyDigest.pdf,shipkg:case:9676bd22b5e5,INVOLVES,shipkg:fault:aba0717d72a0,edge:bff36626d49dda35,ev:09940c64e5709cec,4.3
滑油滤芯漏装与主机抱轴,事故案例,船舶身份说明：船名未公开；保留来源案例编号，不推定真实船名；数据性质：实船调查报告,涉及运维措施,加强维修承包商关键步骤监督,运维措施,,非因果（归属、分类、检查或建议等）,报告明确记载,事故案例：滑油滤芯漏装与主机抱轴,MAIB_2013_Safety_Digest_lubrication_bearing_cases.pdf,物理第23页；PDF page 23,https://assets.publishing.service.gov.uk/government/uploads/system/uploads/attachment_data/file/876748/2013-SD2-MAIBSafetyDigest.pdf,shipkg:case:9676bd22b5e5,INVOLVES,shipkg:action:ac5834891dd6,edge:8bf69ea181bbe34d,ev:79bf750178d19ebb,4.3
滑油滤芯漏装与主机抱轴,事故案例,船舶身份说明：船名未公开；保留来源案例编号，不推定真实船名；数据性质：实船调查报告,涉及故障,在线滑油滤器缺少滤芯,故障,故障层级：具体故障或事件,非因果（归属、分类、检查或建议等）,报告明确记载,事故案例：滑油滤芯漏装与主机抱轴,MAIB_2013_Safety_Digest_lubrication_bearing_cases.pdf,物理第21页；PDF page 21,https://assets.publishing.service.gov.uk/government/uploads/system/uploads/attachment_data/file/876748/2013-SD2-MAIBSafetyDigest.pdf,shipkg:case:9676bd22b5e5,INVOLVES,shipkg:fault:58d32c38d0ac,edge:6c39217d80e284a8,ev:7d233ab71e7cf2a1,4.3
滑油滤芯漏装与主机抱轴,事故案例,船舶身份说明：船名未公开；保留来源案例编号，不推定真实船名；数据性质：实船调查报告,涉及后果,失去推进,后果,,非因果（归属、分类、检查或建议等）,报告明确记载,事故案例：滑油滤芯漏装与主机抱轴,MAIB_2013_Safety_Digest_lubrication_bearing_cases.pdf,物理第21页；PDF page 21,https://assets.publishing.service.gov.uk/government/uploads/system/uploads/attachment_data/file/876748/2013-SD2-MAIBSafetyDigest.pdf,shipkg:case:9676bd22b5e5,INVOLVES,shipkg:consequence:d1c468a6b34b,edge:c56bd633add30006,ev:893e7a7822c901f6,4.3
滑油滤芯漏装与主机抱轴,事故案例,船舶身份说明：船名未公开；保留来源案例编号，不推定真实船名；数据性质：实船调查报告,涉及检查方法,核实在线滤腔滤芯实际安装,检查方法,,非因果（归属、分类、检查或建议等）,报告明确记载,事故案例：滑油滤芯漏装与主机抱轴,MAIB_2013_Safety_Digest_lubrication_bearing_cases.pdf,物理第21页；PDF page 21,https://assets.publishing.service.gov.uk/government/uploads/system/uploads/attachment_data/file/876748/2013-SD2-MAIBSafetyDigest.pdf,shipkg:case:9676bd22b5e5,INVOLVES,shipkg:check:02ead897029b,edge:48e40c5d0538a595,ev:b10e854dd960072c,4.3
滑油滤芯漏装与主机抱轴,事故案例,船舶身份说明：船名未公开；保留来源案例编号，不推定真实船名；数据性质：实船调查报告,涉及故障,油道堵塞,故障,故障层级：具体故障或事件,非因果（归属、分类、检查或建议等）,报告明确记载,事故案例：滑油滤芯漏装与主机抱轴,MAIB_2013_Safety_Digest_lubrication_bearing_cases.pdf,物理第21页；PDF page 21,https://assets.publishing.service.gov.uk/government/uploads/system/uploads/attachment_data/file/876748/2013-SD2-MAIBSafetyDigest.pdf,shipkg:case:9676bd22b5e5,INVOLVES,shipkg:fault:8969204ea965,edge:d1a9dac1bb71f950,ev:09940c64e5709cec,4.3
滑油滤芯漏装与主机抱轴,事故案例,船舶身份说明：船名未公开；保留来源案例编号，不推定真实船名；数据性质：实船调查报告,涉及运维措施,油雾报警后尽快停机检查,运维措施,,非因果（归属、分类、检查或建议等）,报告明确记载,事故案例：滑油滤芯漏装与主机抱轴,MAIB_2013_Safety_Digest_lubrication_bearing_cases.pdf,物理第23页；PDF page 23,https://assets.publishing.service.gov.uk/government/uploads/system/uploads/attachment_data/file/876748/2013-SD2-MAIBSafetyDigest.pdf,shipkg:case:9676bd22b5e5,INVOLVES,shipkg:action:d556abb4fcfa,edge:03d12ed508f7286d,ev:dee08b2e20581c60,4.3
滑油滤芯漏装与主机抱轴,事故案例,船舶身份说明：船名未公开；保留来源案例编号，不推定真实船名；数据性质：实船调查报告,涉及症状,油雾探测器反复报警,症状,,非因果（归属、分类、检查或建议等）,报告明确记载,事故案例：滑油滤芯漏装与主机抱轴,MAIB_2013_Safety_Digest_lubrication_bearing_cases.pdf,物理第21页；PDF page 21,https://assets.publishing.service.gov.uk/government/uploads/system/uploads/attachment_data/file/876748/2013-SD2-MAIBSafetyDigest.pdf,shipkg:case:9676bd22b5e5,INVOLVES,shipkg:symptom:ea2cdd59ea5c,edge:b9eb58605a6a7f1b,ev:31361433815a45d9,4.3
滑油滤芯漏装与主机抱轴,事故案例,船舶身份说明：船名未公开；保留来源案例编号，不推定真实船名；数据性质：实船调查报告,涉及故障,活塞咬死,故障,故障层级：具体故障或事件,非因果（归属、分类、检查或建议等）,报告明确记载,事故案例：滑油滤芯漏装与主机抱轴,MAIB_2013_Safety_Digest_lubrication_bearing_cases.pdf,物理第21页；PDF page 21,https://assets.publishing.service.gov.uk/government/uploads/system/uploads/attachment_data/file/876748/2013-SD2-MAIBSafetyDigest.pdf,shipkg:case:9676bd22b5e5,INVOLVES,shipkg:fault:6ade8daa881a,edge:9b6cccbb6adec25b,ev:82256a9ee8fd56dd,4.3
滑油滤芯漏装与主机抱轴,事故案例,船舶身份说明：船名未公开；保留来源案例编号，不推定真实船名；数据性质：实船调查报告,涉及工况与状态,润滑油系统污染,工况与状态,,非因果（归属、分类、检查或建议等）,报告明确记载,事故案例：滑油滤芯漏装与主机抱轴,MAIB_2013_Safety_Digest_lubrication_bearing_cases.pdf,物理第21页；PDF page 21,https://assets.publishing.service.gov.uk/government/uploads/system/uploads/attachment_data/file/876748/2013-SD2-MAIBSafetyDigest.pdf,shipkg:case:9676bd22b5e5,INVOLVES,shipkg:condition:32eb7154ffd7,edge:6419fdcefc2e3875,ev:7d233ab71e7cf2a1,4.3
滑油滤芯漏装与主机抱轴,事故案例,船舶身份说明：船名未公开；保留来源案例编号，不推定真实船名；数据性质：实船调查报告,涉及症状,滤器压差持续偏低,症状,,非因果（归属、分类、检查或建议等）,报告明确记载,事故案例：滑油滤芯漏装与主机抱轴,MAIB_2013_Safety_Digest_lubrication_bearing_cases.pdf,物理第23页；PDF page 23,https://assets.publishing.service.gov.uk/government/uploads/system/uploads/attachment_data/file/876748/2013-SD2-MAIBSafetyDigest.pdf,shipkg:case:9676bd22b5e5,INVOLVES,shipkg:symptom:ff3b8fa9a284,edge:e1f11fdd3d805260,ev:0c984e504147698d,4.3
滑油滤芯漏装与主机抱轴,事故案例,船舶身份说明：船名未公开；保留来源案例编号，不推定真实船名；数据性质：实船调查报告,涉及故障,轴承与活塞断油过热,故障,故障层级：具体故障或事件,非因果（归属、分类、检查或建议等）,报告明确记载,事故案例：滑油滤芯漏装与主机抱轴,MAIB_2013_Safety_Digest_lubrication_bearing_cases.pdf,物理第21页；PDF page 21,https://assets.publishing.service.gov.uk/government/uploads/system/uploads/attachment_data/file/876748/2013-SD2-MAIBSafetyDigest.pdf,shipkg:case:9676bd22b5e5,INVOLVES,shipkg:fault:401ffd7724bc,edge:4ee4a7ac66de8329,ev:0fb80ad604213aad,4.3
滑油滤芯漏装与主机抱轴,事故案例,船舶身份说明：船名未公开；保留来源案例编号，不推定真实船名；数据性质：实船调查报告,涉及系统,传动与推进系统,系统,系统层级：功能系统,非因果（归属、分类、检查或建议等）,研究者分类（非因果结论）,事故案例：滑油滤芯漏装与主机抱轴,MAIB_2013_Safety_Digest_lubrication_bearing_cases.pdf,物理第21页；PDF page 21,https://assets.publishing.service.gov.uk/government/uploads/system/uploads/attachment_data/file/876748/2013-SD2-MAIBSafetyDigest.pdf,shipkg:case:9676bd22b5e5,IN_SYSTEM,shipkg:subsystem:5e357a568055,edge:adfa5401a60945c3,ev:7116308e5054c090,4.3
滑油滤芯漏装与主机抱轴,事故案例,船舶身份说明：船名未公开；保留来源案例编号，不推定真实船名；数据性质：实船调查报告,涉及系统,润滑与轴承系统,系统,系统层级：功能系统,非因果（归属、分类、检查或建议等）,研究者分类（非因果结论）,事故案例：滑油滤芯漏装与主机抱轴,MAIB_2013_Safety_Digest_lubrication_bearing_cases.pdf,物理第21页；PDF page 21,https://assets.publishing.service.gov.uk/government/uploads/system/uploads/attachment_data/file/876748/2013-SD2-MAIBSafetyDigest.pdf,shipkg:case:9676bd22b5e5,IN_SYSTEM,shipkg:subsystem:d08eaf16cc46,edge:9215fd3e60167e1d,ev:7116308e5054c090,4.3
燃油法兰松动与主机火灾,事故案例,船型：滚装客船；数据性质：实船调查报告,来源于,Stena Europe pressurised fuel spray and engine-room fire,资料来源,来源层级：资料级,非因果（归属、分类、检查或建议等）,报告明确记载,事故案例：燃油法兰松动与主机火灾,MAIB_2024_20_Stena_Europe_fuel_spray_fire.pdf,物理第7页；PDF page 7,https://assets.publishing.service.gov.uk/media/6756db0ba63e1781efb87793/2024-20-StenaEurope.pdf,shipkg:case:63aa8b018e0d,DOCUMENTED_BY,shipkg:source:3d83d6ceacd0,edge:d719d5360fcfd4ea,ev:57049bc52d7488e2,4.3
燃油法兰松动与主机火灾,事故案例,船型：滚装客船；数据性质：实船调查报告,涉及设备,ME3主机燃油供给与排气装置,设备,设备范围：设备装置集合（非功能系统分类）,非因果（归属、分类、检查或建议等）,报告明确记载,事故案例：燃油法兰松动与主机火灾,MAIB_2024_20_Stena_Europe_fuel_spray_fire.pdf,物理第7页；PDF page 7,https://assets.publishing.service.gov.uk/media/6756db0ba63e1781efb87793/2024-20-StenaEurope.pdf,shipkg:case:63aa8b018e0d,HAS_EQUIPMENT,shipkg:equipment:385291025daa,edge:e102149719c30b36,ev:57049bc52d7488e2,4.3
燃油法兰松动与主机火灾,事故案例,船型：滚装客船；数据性质：实船调查报告,涉及后果,一台主机数周不能运行,后果,,非因果（归属、分类、检查或建议等）,报告明确记载,事故案例：燃油法兰松动与主机火灾,MAIB_2024_20_Stena_Europe_fuel_spray_fire.pdf,物理第7页；PDF page 7,https://assets.publishing.service.gov.uk/media/6756db0ba63e1781efb87793/2024-20-StenaEurope.pdf,shipkg:case:63aa8b018e0d,INVOLVES,shipkg:consequence:66c2df24581f,edge:cd53ca4f8bd19d68,ev:db2b2fa6744312cc,4.3
燃油法兰松动与主机火灾,事故案例,船型：滚装客船；数据性质：实船调查报告,涉及运维措施,修复保温屏蔽并加防喷溅带,运维措施,,非因果（归属、分类、检查或建议等）,报告明确记载,事故案例：燃油法兰松动与主机火灾,MAIB_2024_20_Stena_Europe_fuel_spray_fire.pdf,物理第31页；PDF page 31,https://assets.publishing.service.gov.uk/media/6756db0ba63e1781efb87793/2024-20-StenaEurope.pdf,shipkg:case:63aa8b018e0d,INVOLVES,shipkg:action:4e32ee36eba1,edge:692cd6f5c446cb5f,ev:a7a96386e16a8f7e,4.3
燃油法兰松动与主机火灾,事故案例,船型：滚装客船；数据性质：实船调查报告,涉及故障,压力燃油泄漏,故障,故障层级：具体故障或事件,非因果（归属、分类、检查或建议等）,报告明确记载,事故案例：燃油法兰松动与主机火灾,MAIB_2024_20_Stena_Europe_fuel_spray_fire.pdf,物理第29页；PDF page 29,https://assets.publishing.service.gov.uk/media/6756db0ba63e1781efb87793/2024-20-StenaEurope.pdf,shipkg:case:63aa8b018e0d,INVOLVES,shipkg:fault:3349e319bedc,edge:9495f0de1540411d,ev:38b5d9eb759b1681,4.3
燃油法兰松动与主机火灾,事故案例,船型：滚装客船；数据性质：实船调查报告,涉及工况与状态,反复燃油漏泄未完整报告,工况与状态,,非因果（归属、分类、检查或建议等）,报告明确记载,事故案例：燃油法兰松动与主机火灾,MAIB_2024_20_Stena_Europe_fuel_spray_fire.pdf,物理第27页；PDF page 27,https://assets.publishing.service.gov.uk/media/6756db0ba63e1781efb87793/2024-20-StenaEurope.pdf,shipkg:case:63aa8b018e0d,INVOLVES,shipkg:condition:4ae93bca9f29,edge:1ea6a0499635645c,ev:9d1bc8efb3c65396,4.3
燃油法兰松动与主机火灾,事故案例,船型：滚装客船；数据性质：实船调查报告,涉及工况与状态,排气歧管裸露高温,工况与状态,,非因果（归属、分类、检查或建议等）,报告明确记载,事故案例：燃油法兰松动与主机火灾,MAIB_2024_20_Stena_Europe_fuel_spray_fire.pdf,物理第29页；PDF page 29,https://assets.publishing.service.gov.uk/media/6756db0ba63e1781efb87793/2024-20-StenaEurope.pdf,shipkg:case:63aa8b018e0d,INVOLVES,shipkg:condition:4277de3a84c9,edge:30663730625e9bfa,ev:446e44bf86c01e9d,4.3
燃油法兰松动与主机火灾,事故案例,船型：滚装客船；数据性质：实船调查报告,涉及工况与状态,排气隔热与屏蔽缺失损坏,工况与状态,,非因果（归属、分类、检查或建议等）,报告明确记载,事故案例：燃油法兰松动与主机火灾,MAIB_2024_20_Stena_Europe_fuel_spray_fire.pdf,物理第29页；PDF page 29,https://assets.publishing.service.gov.uk/media/6756db0ba63e1781efb87793/2024-20-StenaEurope.pdf,shipkg:case:63aa8b018e0d,INVOLVES,shipkg:condition:fc22b54510b9,edge:a89be5302fe7253d,ev:446e44bf86c01e9d,4.3
燃油法兰松动与主机火灾,事故案例,船型：滚装客船；数据性质：实船调查报告,涉及运维措施,改装ME3四螺钉燃油法兰,运维措施,,非因果（归属、分类、检查或建议等）,报告明确记载,事故案例：燃油法兰松动与主机火灾,MAIB_2024_20_Stena_Europe_fuel_spray_fire.pdf,物理第31页；PDF page 31,https://assets.publishing.service.gov.uk/media/6756db0ba63e1781efb87793/2024-20-StenaEurope.pdf,shipkg:case:63aa8b018e0d,INVOLVES,shipkg:action:4578c5b2c727,edge:4bc0d6c9bab364b8,ev:1ba466d574203869,4.3
燃油法兰松动与主机火灾,事故案例,船型：滚装客船；数据性质：实船调查报告,涉及工况与状态,未完成厂商四螺钉法兰改造,工况与状态,,非因果（归属、分类、检查或建议等）,报告明确记载,事故案例：燃油法兰松动与主机火灾,MAIB_2024_20_Stena_Europe_fuel_spray_fire.pdf,物理第29页；PDF page 29,https://assets.publishing.service.gov.uk/media/6756db0ba63e1781efb87793/2024-20-StenaEurope.pdf,shipkg:case:63aa8b018e0d,INVOLVES,shipkg:condition:ef4f2a093081,edge:c06886f9f7e57f88,ev:fc52e39e8b1fe63a,4.3
燃油法兰松动与主机火灾,事故案例,船型：滚装客船；数据性质：实船调查报告,涉及后果,机舱火灾,后果,,非因果（归属、分类、检查或建议等）,报告明确记载,事故案例：燃油法兰松动与主机火灾,MAIB_2024_20_Stena_Europe_fuel_spray_fire.pdf,物理第7页；PDF page 7,https://assets.publishing.service.gov.uk/media/6756db0ba63e1781efb87793/2024-20-StenaEurope.pdf,shipkg:case:63aa8b018e0d,INVOLVES,shipkg:consequence:775549e4c085,edge:d5aa2d44d6009bb2,ev:b0b9daf02ad1af6f,4.3
燃油法兰松动与主机火灾,事故案例,船型：滚装客船；数据性质：实船调查报告,涉及工况与状态,点式红外测温未发现热点,工况与状态,,非因果（归属、分类、检查或建议等）,报告明确记载,事故案例：燃油法兰松动与主机火灾,MAIB_2024_20_Stena_Europe_fuel_spray_fire.pdf,物理第27页；PDF page 27,https://assets.publishing.service.gov.uk/media/6756db0ba63e1781efb87793/2024-20-StenaEurope.pdf,shipkg:case:63aa8b018e0d,INVOLVES,shipkg:condition:96f46a0b1ef9,edge:9ba5aecd12bda1bb,ev:412268fc761e9960,4.3
燃油法兰松动与主机火灾,事故案例,船型：滚装客船；数据性质：实船调查报告,涉及检查方法,热成像巡检运行机组裸露热点,检查方法,,非因果（归属、分类、检查或建议等）,报告明确记载,事故案例：燃油法兰松动与主机火灾,MAIB_2024_20_Stena_Europe_fuel_spray_fire.pdf,物理第32页；PDF page 32,https://assets.publishing.service.gov.uk/media/6756db0ba63e1781efb87793/2024-20-StenaEurope.pdf,shipkg:case:63aa8b018e0d,INVOLVES,shipkg:check:b9b23cb93dc6,edge:6d59e335291686df,ev:0917ec321d12afd2,4.3
燃油法兰松动与主机火灾,事故案例,船型：滚装客船；数据性质：实船调查报告,涉及故障,燃油喷向裸露高温排气歧管,故障,故障层级：具体故障或事件,非因果（归属、分类、检查或建议等）,报告明确记载,事故案例：燃油法兰松动与主机火灾,MAIB_2024_20_Stena_Europe_fuel_spray_fire.pdf,物理第29页；PDF page 29,https://assets.publishing.service.gov.uk/media/6756db0ba63e1781efb87793/2024-20-StenaEurope.pdf,shipkg:case:63aa8b018e0d,INVOLVES,shipkg:fault:256ba55c5fb2,edge:135acd7b707d34d5,ev:2d2994aad520a17a,4.3
燃油法兰松动与主机火灾,事故案例,船型：滚装客船；数据性质：实船调查报告,涉及工况与状态,燃油接头喷溅保护缺失,工况与状态,,非因果（归属、分类、检查或建议等）,报告明确记载,事故案例：燃油法兰松动与主机火灾,MAIB_2024_20_Stena_Europe_fuel_spray_fire.pdf,物理第29页；PDF page 29,https://assets.publishing.service.gov.uk/media/6756db0ba63e1781efb87793/2024-20-StenaEurope.pdf,shipkg:case:63aa8b018e0d,INVOLVES,shipkg:condition:8012db626950,edge:2733fac75d04cfac,ev:3b167c1e7ff25a89,4.3
燃油法兰松动与主机火灾,事故案例,船型：滚装客船；数据性质：实船调查报告,涉及故障,燃油法兰螺钉松动,故障,故障层级：具体故障或事件,非因果（归属、分类、检查或建议等）,报告明确记载,事故案例：燃油法兰松动与主机火灾,MAIB_2024_20_Stena_Europe_fuel_spray_fire.pdf,物理第29页；PDF page 29,https://assets.publishing.service.gov.uk/media/6756db0ba63e1781efb87793/2024-20-StenaEurope.pdf,shipkg:case:63aa8b018e0d,INVOLVES,shipkg:fault:7b886d9d51c3,edge:1f82a0c4bfb7661d,ev:38b5d9eb759b1681,4.3
燃油法兰松动与主机火灾,事故案例,船型：滚装客船；数据性质：实船调查报告,涉及运维措施,追踪缺陷记录与厂家技术通告,运维措施,,非因果（归属、分类、检查或建议等）,报告明确记载,事故案例：燃油法兰松动与主机火灾,MAIB_2024_20_Stena_Europe_fuel_spray_fire.pdf,物理第31页；PDF page 31,https://assets.publishing.service.gov.uk/media/6756db0ba63e1781efb87793/2024-20-StenaEurope.pdf,shipkg:case:63aa8b018e0d,INVOLVES,shipkg:action:f8d140a40b2e,edge:12919a648d0ee1b2,ev:27210f9a269e08cf,4.3
燃油法兰松动与主机火灾,事故案例,船型：滚装客船；数据性质：实船调查报告,涉及系统,传动与推进系统,系统,系统层级：功能系统,非因果（归属、分类、检查或建议等）,研究者分类（非因果结论）,事故案例：燃油法兰松动与主机火灾,MAIB_2024_20_Stena_Europe_fuel_spray_fire.pdf,物理第7页；PDF page 7,https://assets.publishing.service.gov.uk/media/6756db0ba63e1781efb87793/2024-20-StenaEurope.pdf,shipkg:case:63aa8b018e0d,IN_SYSTEM,shipkg:subsystem:5e357a568055,edge:3d599eb3a886ff5a,ev:57049bc52d7488e2,4.3
燃油法兰松动与主机火灾,事故案例,船型：滚装客船；数据性质：实船调查报告,采用系统架构,柴油机机械推进系统,系统,系统层级：动力架构,非因果（归属、分类、检查或建议等）,报告明确记载,事故案例：燃油法兰松动与主机火灾,MAIB_2024_20_Stena_Europe_fuel_spray_fire.pdf,物理第7页；PDF page 7,https://assets.publishing.service.gov.uk/media/6756db0ba63e1781efb87793/2024-20-StenaEurope.pdf,shipkg:case:63aa8b018e0d,IN_SYSTEM,shipkg:system:5d1dca19fd66,edge:da1de62ebf808696,ev:57049bc52d7488e2,4.3
燃油法兰松动与主机火灾,事故案例,船型：滚装客船；数据性质：实船调查报告,涉及系统,燃油与进排气系统,系统,系统层级：功能系统,非因果（归属、分类、检查或建议等）,研究者分类（非因果结论）,事故案例：燃油法兰松动与主机火灾,MAIB_2024_20_Stena_Europe_fuel_spray_fire.pdf,物理第7页；PDF page 7,https://assets.publishing.service.gov.uk/media/6756db0ba63e1781efb87793/2024-20-StenaEurope.pdf,shipkg:case:63aa8b018e0d,IN_SYSTEM,shipkg:subsystem:52e7560c8465,edge:14dc19c5ae0a6cd0,ev:57049bc52d7488e2,4.3
盘车联锁失效与启动损坏,事故案例,船型：专用货船；船舶身份说明：船名未公开；保留来源案例编号，不推定真实船名；数据性质：实船调查报告,来源于,MAIB Safety Digest 2013 lubrication and bearing cases,资料来源,来源层级：资料级,非因果（归属、分类、检查或建议等）,报告明确记载,事故案例：盘车联锁失效与启动损坏,MAIB_2013_Safety_Digest_lubrication_bearing_cases.pdf,物理第16页；PDF page 16,https://assets.publishing.service.gov.uk/government/uploads/system/uploads/attachment_data/file/876748/2013-SD2-MAIBSafetyDigest.pdf,shipkg:case:537a034e93e3,DOCUMENTED_BY,shipkg:source:a583fceecb4c,edge:94095f6ec6140b68,ev:b840391c6c40b9b8,4.3
盘车联锁失效与启动损坏,事故案例,船型：专用货船；船舶身份说明：船名未公开；保留来源案例编号，不推定真实船名；数据性质：实船调查报告,涉及设备,主机启动与盘车装置,设备,设备范围：设备装置集合（非功能系统分类）,非因果（归属、分类、检查或建议等）,报告明确记载,事故案例：盘车联锁失效与启动损坏,MAIB_2013_Safety_Digest_lubrication_bearing_cases.pdf,物理第16页；PDF page 16,https://assets.publishing.service.gov.uk/government/uploads/system/uploads/attachment_data/file/876748/2013-SD2-MAIBSafetyDigest.pdf,shipkg:case:537a034e93e3,HAS_EQUIPMENT,shipkg:equipment:38482b664e19,edge:f1548e829e0af365,ev:b840391c6c40b9b8,4.3
盘车联锁失效与启动损坏,事故案例,船型：专用货船；船舶身份说明：船名未公开；保留来源案例编号，不推定真实船名；数据性质：实船调查报告,涉及运维措施,保持机组状态与日志及状态板一致,运维措施,,非因果（归属、分类、检查或建议等）,报告明确记载,事故案例：盘车联锁失效与启动损坏,MAIB_2013_Safety_Digest_lubrication_bearing_cases.pdf,物理第18页；PDF page 18,https://assets.publishing.service.gov.uk/government/uploads/system/uploads/attachment_data/file/876748/2013-SD2-MAIBSafetyDigest.pdf,shipkg:case:537a034e93e3,INVOLVES,shipkg:action:3a42e9e6e745,edge:04838774cf46ba51,ev:bbdf7e438bd85b80,4.3
盘车联锁失效与启动损坏,事故案例,船型：专用货船；船舶身份说明：船名未公开；保留来源案例编号，不推定真实船名；数据性质：实船调查报告,涉及运维措施,修复并定期测试控制台指示照明,运维措施,,非因果（归属、分类、检查或建议等）,报告明确记载,事故案例：盘车联锁失效与启动损坏,MAIB_2013_Safety_Digest_lubrication_bearing_cases.pdf,物理第18页；PDF page 18,https://assets.publishing.service.gov.uk/government/uploads/system/uploads/attachment_data/file/876748/2013-SD2-MAIBSafetyDigest.pdf,shipkg:case:537a034e93e3,INVOLVES,shipkg:action:4a5960af425f,edge:8f475ea8da323af4,ev:6374a9e189a094d1,4.3
盘车联锁失效与启动损坏,事故案例,船型：专用货船；船舶身份说明：船名未公开；保留来源案例编号，不推定真实船名；数据性质：实船调查报告,涉及检查方法,定期功能测试盘车启动联锁,检查方法,,非因果（归属、分类、检查或建议等）,报告明确记载,事故案例：盘车联锁失效与启动损坏,MAIB_2013_Safety_Digest_lubrication_bearing_cases.pdf,物理第18页；PDF page 18,https://assets.publishing.service.gov.uk/government/uploads/system/uploads/attachment_data/file/876748/2013-SD2-MAIBSafetyDigest.pdf,shipkg:case:537a034e93e3,INVOLVES,shipkg:check:de8a5b9844ad,edge:1cb99c9ff8f33678,ev:d2bfff6df47b53cc,4.3
盘车联锁失效与启动损坏,事故案例,船型：专用货船；船舶身份说明：船名未公开；保留来源案例编号，不推定真实船名；数据性质：实船调查报告,涉及故障,盘车安全联锁失效,故障,故障层级：具体故障或事件,非因果（归属、分类、检查或建议等）,报告明确记载,事故案例：盘车联锁失效与启动损坏,MAIB_2013_Safety_Digest_lubrication_bearing_cases.pdf,物理第16页；PDF page 16,https://assets.publishing.service.gov.uk/government/uploads/system/uploads/attachment_data/file/876748/2013-SD2-MAIBSafetyDigest.pdf,shipkg:case:537a034e93e3,INVOLVES,shipkg:fault:8027eb707475,edge:2ace6735cf364daf,ev:157ede421b19ee3a,4.3
盘车联锁失效与启动损坏,事故案例,船型：专用货船；船舶身份说明：船名未公开；保留来源案例编号，不推定真实船名；数据性质：实船调查报告,涉及工况与状态,盘车指示灯照明不足,工况与状态,,非因果（归属、分类、检查或建议等）,报告明确记载,事故案例：盘车联锁失效与启动损坏,MAIB_2013_Safety_Digest_lubrication_bearing_cases.pdf,物理第16页；PDF page 16,https://assets.publishing.service.gov.uk/government/uploads/system/uploads/attachment_data/file/876748/2013-SD2-MAIBSafetyDigest.pdf,shipkg:case:537a034e93e3,INVOLVES,shipkg:condition:bdbca1b8295e,edge:98d30903a2fed30b,ev:6522054ba5597880,4.3
盘车联锁失效与启动损坏,事故案例,船型：专用货船；船舶身份说明：船名未公开；保留来源案例编号，不推定真实船名；数据性质：实船调查报告,涉及故障,盘车机构未脱开启动,故障,故障层级：具体故障或事件,非因果（归属、分类、检查或建议等）,报告明确记载,事故案例：盘车联锁失效与启动损坏,MAIB_2013_Safety_Digest_lubrication_bearing_cases.pdf,物理第16页；PDF page 16,https://assets.publishing.service.gov.uk/government/uploads/system/uploads/attachment_data/file/876748/2013-SD2-MAIBSafetyDigest.pdf,shipkg:case:537a034e93e3,INVOLVES,shipkg:fault:439f73a406a0,edge:126b6700643453b3,ev:85dce6df90ffbd20,4.3
盘车联锁失效与启动损坏,事故案例,船型：专用货船；船舶身份说明：船名未公开；保留来源案例编号，不推定真实船名；数据性质：实船调查报告,涉及工况与状态,盘车状态未标识与操作说明被涂覆,工况与状态,,非因果（归属、分类、检查或建议等）,报告明确记载,事故案例：盘车联锁失效与启动损坏,MAIB_2013_Safety_Digest_lubrication_bearing_cases.pdf,物理第16页；PDF page 16,https://assets.publishing.service.gov.uk/government/uploads/system/uploads/attachment_data/file/876748/2013-SD2-MAIBSafetyDigest.pdf,shipkg:case:537a034e93e3,INVOLVES,shipkg:condition:7da9174934f9,edge:54dee65c4e08657c,ev:85dce6df90ffbd20,4.3
盘车联锁失效与启动损坏,事故案例,船型：专用货船；船舶身份说明：船名未公开；保留来源案例编号，不推定真实船名；数据性质：实船调查报告,涉及工况与状态,盘车联锁未纳入计划维护,工况与状态,,非因果（归属、分类、检查或建议等）,报告明确记载,事故案例：盘车联锁失效与启动损坏,MAIB_2013_Safety_Digest_lubrication_bearing_cases.pdf,物理第18页；PDF page 18,https://assets.publishing.service.gov.uk/government/uploads/system/uploads/attachment_data/file/876748/2013-SD2-MAIBSafetyDigest.pdf,shipkg:case:537a034e93e3,INVOLVES,shipkg:condition:7d61f4e32250,edge:92fa17d9fe661124,ev:4ed3569c8bb32f4f,4.3
盘车联锁失效与启动损坏,事故案例,船型：专用货船；船舶身份说明：船名未公开；保留来源案例编号，不推定真实船名；数据性质：实船调查报告,涉及故障,盘车轴与齿轮损坏,故障,故障层级：具体故障或事件,非因果（归属、分类、检查或建议等）,报告明确记载,事故案例：盘车联锁失效与启动损坏,MAIB_2013_Safety_Digest_lubrication_bearing_cases.pdf,物理第16页；PDF page 16,https://assets.publishing.service.gov.uk/government/uploads/system/uploads/attachment_data/file/876748/2013-SD2-MAIBSafetyDigest.pdf,shipkg:case:537a034e93e3,INVOLVES,shipkg:fault:1a73f1a1e185,edge:8f097c39f22f3c8a,ev:543d0b7392fa5ff2,4.3
盘车联锁失效与启动损坏,事故案例,船型：专用货船；船舶身份说明：船名未公开；保留来源案例编号，不推定真实船名；数据性质：实船调查报告,涉及后果,船舶停航一个月,后果,,非因果（归属、分类、检查或建议等）,报告明确记载,事故案例：盘车联锁失效与启动损坏,MAIB_2013_Safety_Digest_lubrication_bearing_cases.pdf,物理第16页；PDF page 16,https://assets.publishing.service.gov.uk/government/uploads/system/uploads/attachment_data/file/876748/2013-SD2-MAIBSafetyDigest.pdf,shipkg:case:537a034e93e3,INVOLVES,shipkg:consequence:2cba0fdbf1dd,edge:95e0b816528962dc,ev:1f80efa15bdc4c0e,4.3
盘车联锁失效与启动损坏,事故案例,船型：专用货船；船舶身份说明：船名未公开；保留来源案例编号，不推定真实船名；数据性质：实船调查报告,涉及系统,传动与推进系统,系统,系统层级：功能系统,非因果（归属、分类、检查或建议等）,研究者分类（非因果结论）,事故案例：盘车联锁失效与启动损坏,MAIB_2013_Safety_Digest_lubrication_bearing_cases.pdf,物理第16页；PDF page 16,https://assets.publishing.service.gov.uk/government/uploads/system/uploads/attachment_data/file/876748/2013-SD2-MAIBSafetyDigest.pdf,shipkg:case:537a034e93e3,IN_SYSTEM,shipkg:subsystem:5e357a568055,edge:5d277f82f4945fdd,ev:b840391c6c40b9b8,4.3
盘车联锁失效与启动损坏,事故案例,船型：专用货船；船舶身份说明：船名未公开；保留来源案例编号，不推定真实船名；数据性质：实船调查报告,涉及系统,电力与控制系统,系统,系统层级：功能系统,非因果（归属、分类、检查或建议等）,研究者分类（非因果结论）,事故案例：盘车联锁失效与启动损坏,MAIB_2013_Safety_Digest_lubrication_bearing_cases.pdf,物理第16页；PDF page 16,https://assets.publishing.service.gov.uk/government/uploads/system/uploads/attachment_data/file/876748/2013-SD2-MAIBSafetyDigest.pdf,shipkg:case:537a034e93e3,IN_SYSTEM,shipkg:subsystem:4539c38d0a84,edge:fb00168862e5f699,ev:b840391c6c40b9b8,4.3
误选可调螺距桨备用模式与泊位碰撞,事故案例,船型：滚装客船；船舶身份说明：船名未公开；保留来源案例编号，不推定真实船名；数据性质：实船调查报告,来源于,MAIB Safety Digest 2016 generator oil fire case,资料来源,来源层级：资料级,非因果（归属、分类、检查或建议等）,报告明确记载,事故案例：误选可调螺距桨备用模式与泊位碰撞,MAIB_2016_Safety_Digest_generator_oil_fire.pdf,物理第19页；PDF page 19,https://assets.publishing.service.gov.uk/media/5e81e5d2d3bf7f13416961fa/2016-SD1-MAIBSafetyDigest.pdf,shipkg:case:597875e258c6,DOCUMENTED_BY,shipkg:source:3f597b4acabc,edge:8444e8fe0865219b,ev:96829240b9d90823,4.3
误选可调螺距桨备用模式与泊位碰撞,事故案例,船型：滚装客船；船舶身份说明：船名未公开；保留来源案例编号，不推定真实船名；数据性质：实船调查报告,涉及设备,可调螺距桨推进控制装置,设备,设备范围：设备装置集合（非功能系统分类）,非因果（归属、分类、检查或建议等）,报告明确记载,事故案例：误选可调螺距桨备用模式与泊位碰撞,MAIB_2016_Safety_Digest_generator_oil_fire.pdf,物理第19页；PDF page 19,https://assets.publishing.service.gov.uk/media/5e81e5d2d3bf7f13416961fa/2016-SD1-MAIBSafetyDigest.pdf,shipkg:case:597875e258c6,HAS_EQUIPMENT,shipkg:equipment:47a6f6945bb5,edge:c31bc9dea9652958,ev:96829240b9d90823,4.3
误选可调螺距桨备用模式与泊位碰撞,事故案例,船型：滚装客船；船舶身份说明：船名未公开；保留来源案例编号，不推定真实船名；数据性质：实船调查报告,涉及症状,可调螺距桨备用模式指示灯点亮,症状,,非因果（归属、分类、检查或建议等）,报告明确记载,事故案例：误选可调螺距桨备用模式与泊位碰撞,MAIB_2016_Safety_Digest_generator_oil_fire.pdf,物理第19页；PDF page 19,https://assets.publishing.service.gov.uk/media/5e81e5d2d3bf7f13416961fa/2016-SD1-MAIBSafetyDigest.pdf,shipkg:case:597875e258c6,INVOLVES,shipkg:symptom:fa4424a6b543,edge:edb07dad430e24d4,ev:b0c29f0e315a7acd,4.3
误选可调螺距桨备用模式与泊位碰撞,事故案例,船型：滚装客船；船舶身份说明：船名未公开；保留来源案例编号，不推定真实船名；数据性质：实船调查报告,涉及故障,右舷螺距保持前进,故障,故障层级：具体故障或事件,非因果（归属、分类、检查或建议等）,报告明确记载,事故案例：误选可调螺距桨备用模式与泊位碰撞,MAIB_2016_Safety_Digest_generator_oil_fire.pdf,物理第20页；PDF page 20,https://assets.publishing.service.gov.uk/media/5e81e5d2d3bf7f13416961fa/2016-SD1-MAIBSafetyDigest.pdf,shipkg:case:597875e258c6,INVOLVES,shipkg:fault:c44e6c4545bf,edge:6aa3d158fac4fc87,ev:a33dab8e3476ce99,4.3
误选可调螺距桨备用模式与泊位碰撞,事故案例,船型：滚装客船；船舶身份说明：船名未公开；保留来源案例编号，不推定真实船名；数据性质：实船调查报告,涉及运维措施,推进安全按钮设置防误操作保护,运维措施,,非因果（归属、分类、检查或建议等）,报告明确记载,事故案例：误选可调螺距桨备用模式与泊位碰撞,MAIB_2016_Safety_Digest_generator_oil_fire.pdf,物理第21页；PDF page 21,https://assets.publishing.service.gov.uk/media/5e81e5d2d3bf7f13416961fa/2016-SD1-MAIBSafetyDigest.pdf,shipkg:case:597875e258c6,INVOLVES,shipkg:action:8f48968a672d,edge:ae11319705675ade,ev:43a7cad5a93294eb,4.3
误选可调螺距桨备用模式与泊位碰撞,事故案例,船型：滚装客船；船舶身份说明：船名未公开；保留来源案例编号，不推定真实船名；数据性质：实船调查报告,涉及运维措施,机舱及时通报推进控制异常,运维措施,,非因果（归属、分类、检查或建议等）,报告明确记载,事故案例：误选可调螺距桨备用模式与泊位碰撞,MAIB_2016_Safety_Digest_generator_oil_fire.pdf,物理第21页；PDF page 21,https://assets.publishing.service.gov.uk/media/5e81e5d2d3bf7f13416961fa/2016-SD1-MAIBSafetyDigest.pdf,shipkg:case:597875e258c6,INVOLVES,shipkg:action:2c60146dc1a8,edge:fe66d3f252c52257,ev:74d39332305ecab7,4.3
误选可调螺距桨备用模式与泊位碰撞,事故案例,船型：滚装客船；船舶身份说明：船名未公开；保留来源案例编号，不推定真实船名；数据性质：实船调查报告,涉及检查方法,测试备用和应急推进控制,检查方法,,非因果（归属、分类、检查或建议等）,报告明确记载,事故案例：误选可调螺距桨备用模式与泊位碰撞,MAIB_2016_Safety_Digest_generator_oil_fire.pdf,物理第21页；PDF page 21,https://assets.publishing.service.gov.uk/media/5e81e5d2d3bf7f13416961fa/2016-SD1-MAIBSafetyDigest.pdf,shipkg:case:597875e258c6,INVOLVES,shipkg:check:64ccf3c3f401,edge:b139337ce7b3d157,ev:aee93ed7c1866eb1,4.3
误选可调螺距桨备用模式与泊位碰撞,事故案例,船型：滚装客船；船舶身份说明：船名未公开；保留来源案例编号，不推定真实船名；数据性质：实船调查报告,涉及后果,船舶撞击跳板与泊位,后果,,非因果（归属、分类、检查或建议等）,报告明确记载,事故案例：误选可调螺距桨备用模式与泊位碰撞,MAIB_2016_Safety_Digest_generator_oil_fire.pdf,物理第19页；PDF page 19,https://assets.publishing.service.gov.uk/media/5e81e5d2d3bf7f13416961fa/2016-SD1-MAIBSafetyDigest.pdf,shipkg:case:597875e258c6,INVOLVES,shipkg:consequence:5c4ffe048cb7,edge:08271517ea215b52,ev:a2b206da94882af3,4.3
误选可调螺距桨备用模式与泊位碰撞,事故案例,船型：滚装客船；船舶身份说明：船名未公开；保留来源案例编号，不推定真实船名；数据性质：实船调查报告,涉及后果,船艏进水,后果,,非因果（归属、分类、检查或建议等）,报告明确记载,事故案例：误选可调螺距桨备用模式与泊位碰撞,MAIB_2016_Safety_Digest_generator_oil_fire.pdf,物理第19页；PDF page 19,https://assets.publishing.service.gov.uk/media/5e81e5d2d3bf7f13416961fa/2016-SD1-MAIBSafetyDigest.pdf,shipkg:case:597875e258c6,INVOLVES,shipkg:consequence:35c015f940ee,edge:354679b4a77737e2,ev:d11a787d7d142f9d,4.3
误选可调螺距桨备用模式与泊位碰撞,事故案例,船型：滚装客船；船舶身份说明：船名未公开；保留来源案例编号，不推定真实船名；数据性质：实船调查报告,涉及工况与状态,船长未核对螺距指示,工况与状态,,非因果（归属、分类、检查或建议等）,报告明确记载,事故案例：误选可调螺距桨备用模式与泊位碰撞,MAIB_2016_Safety_Digest_generator_oil_fire.pdf,物理第21页；PDF page 21,https://assets.publishing.service.gov.uk/media/5e81e5d2d3bf7f13416961fa/2016-SD1-MAIBSafetyDigest.pdf,shipkg:case:597875e258c6,INVOLVES,shipkg:condition:290bfe38530e,edge:419343fd4e4b08fa,ev:2d8d8f05ec0d8390,4.3
误选可调螺距桨备用模式与泊位碰撞,事故案例,船型：滚装客船；船舶身份说明：船名未公开；保留来源案例编号，不推定真实船名；数据性质：实船调查报告,涉及故障,误选CPP备用控制模式,故障,故障层级：具体故障或事件,非因果（归属、分类、检查或建议等）,报告明确记载,事故案例：误选可调螺距桨备用模式与泊位碰撞,MAIB_2016_Safety_Digest_generator_oil_fire.pdf,物理第21页；PDF page 21,https://assets.publishing.service.gov.uk/media/5e81e5d2d3bf7f13416961fa/2016-SD1-MAIBSafetyDigest.pdf,shipkg:case:597875e258c6,INVOLVES,shipkg:fault:f078b5a27275,edge:eed5662c75c14263,ev:4812bf9684b2b7ad,4.3
误选可调螺距桨备用模式与泊位碰撞,事故案例,船型：滚装客船；船舶身份说明：船名未公开；保留来源案例编号，不推定真实船名；数据性质：实船调查报告,涉及工况与状态,调光与推进安全按钮相邻相似,工况与状态,,非因果（归属、分类、检查或建议等）,报告明确记载,事故案例：误选可调螺距桨备用模式与泊位碰撞,MAIB_2016_Safety_Digest_generator_oil_fire.pdf,物理第21页；PDF page 21,https://assets.publishing.service.gov.uk/media/5e81e5d2d3bf7f13416961fa/2016-SD1-MAIBSafetyDigest.pdf,shipkg:case:597875e258c6,INVOLVES,shipkg:condition:7647f12090ef,edge:10a8437270c808e2,ev:4812bf9684b2b7ad,4.3
误选可调螺距桨备用模式与泊位碰撞,事故案例,船型：滚装客船；船舶身份说明：船名未公开；保留来源案例编号，不推定真实船名；数据性质：实船调查报告,涉及故障,驾驶台丧失右舷螺距控制,故障,故障层级：具体故障或事件,非因果（归属、分类、检查或建议等）,报告明确记载,事故案例：误选可调螺距桨备用模式与泊位碰撞,MAIB_2016_Safety_Digest_generator_oil_fire.pdf,物理第20页；PDF page 20,https://assets.publishing.service.gov.uk/media/5e81e5d2d3bf7f13416961fa/2016-SD1-MAIBSafetyDigest.pdf,shipkg:case:597875e258c6,INVOLVES,shipkg:fault:dddb0abee018,edge:3039557ef9ebcbab,ev:738f5c3dde53a776,4.3
误选可调螺距桨备用模式与泊位碰撞,事故案例,船型：滚装客船；船舶身份说明：船名未公开；保留来源案例编号，不推定真实船名；数据性质：实船调查报告,涉及系统,传动与推进系统,系统,系统层级：功能系统,非因果（归属、分类、检查或建议等）,研究者分类（非因果结论）,事故案例：误选可调螺距桨备用模式与泊位碰撞,MAIB_2016_Safety_Digest_generator_oil_fire.pdf,物理第19页；PDF page 19,https://assets.publishing.service.gov.uk/media/5e81e5d2d3bf7f13416961fa/2016-SD1-MAIBSafetyDigest.pdf,shipkg:case:597875e258c6,IN_SYSTEM,shipkg:subsystem:5e357a568055,edge:8611ffcafe7de2fd,ev:96829240b9d90823,4.3
误选可调螺距桨备用模式与泊位碰撞,事故案例,船型：滚装客船；船舶身份说明：船名未公开；保留来源案例编号，不推定真实船名；数据性质：实船调查报告,涉及系统,电力与控制系统,系统,系统层级：功能系统,非因果（归属、分类、检查或建议等）,研究者分类（非因果结论）,事故案例：误选可调螺距桨备用模式与泊位碰撞,MAIB_2016_Safety_Digest_generator_oil_fire.pdf,物理第19页；PDF page 19,https://assets.publishing.service.gov.uk/media/5e81e5d2d3bf7f13416961fa/2016-SD1-MAIBSafetyDigest.pdf,shipkg:case:597875e258c6,IN_SYSTEM,shipkg:subsystem:4539c38d0a84,edge:e6ea05c9d949f8c2,ev:96829240b9d90823,4.3
谐波滤波电容失效与全船失电,事故案例,数据性质：实船调查报告,来源于,RMS Queen Mary 2 harmonic-filter capacitor failure and blackout,资料来源,来源层级：资料级,非因果（归属、分类、检查或建议等）,报告明确记载,事故案例：谐波滤波电容失效与全船失电,MAIB_2011_28_Queen_Mary_2_harmonic_filter_failure.pdf,物理第13页；PDF page 13,https://assets.digital.cabinet-office.gov.uk/media/547c6fa6ed915d4c10000031/QM2Report.pdf,shipkg:case:213f8edb92c2,DOCUMENTED_BY,shipkg:source:b7a22b866ab1,edge:4afc5cad2d503644,ev:af6ff177f229c6a2,4.3
谐波滤波电容失效与全船失电,事故案例,数据性质：实船调查报告,涉及设备,艉部谐波滤波器,设备,,非因果（归属、分类、检查或建议等）,报告明确记载,事故案例：谐波滤波电容失效与全船失电,MAIB_2011_28_Queen_Mary_2_harmonic_filter_failure.pdf,物理第13页；PDF page 13,https://assets.digital.cabinet-office.gov.uk/media/547c6fa6ed915d4c10000031/QM2Report.pdf,shipkg:case:213f8edb92c2,HAS_EQUIPMENT,shipkg:equipment:024350fd8dee,edge:092b3e8ee71be8c8,ev:af6ff177f229c6a2,4.3
谐波滤波电容失效与全船失电,事故案例,数据性质：实船调查报告,涉及工况与状态,保护测试绕过互感器绕组,工况与状态,,非因果（归属、分类、检查或建议等）,报告明确记载,事故案例：谐波滤波电容失效与全船失电,MAIB_2011_28_Queen_Mary_2_harmonic_filter_failure.pdf,物理第64页；PDF page 64,https://assets.digital.cabinet-office.gov.uk/media/547c6fa6ed915d4c10000031/QM2Report.pdf,shipkg:case:213f8edb92c2,INVOLVES,shipkg:condition:db2e89c50479,edge:1b5a5a4f3d4170ea,ev:3bea0430b472030b,4.3
谐波滤波电容失效与全船失电,事故案例,数据性质：实船调查报告,涉及后果,全船失电,后果,,非因果（归属、分类、检查或建议等）,报告明确记载,事故案例：谐波滤波电容失效与全船失电,MAIB_2011_28_Queen_Mary_2_harmonic_filter_failure.pdf,物理第13页；PDF page 13,https://assets.digital.cabinet-office.gov.uk/media/547c6fa6ed915d4c10000031/QM2Report.pdf,shipkg:case:213f8edb92c2,INVOLVES,shipkg:consequence:4016217446bf,edge:f969f426eeb89319,ev:488cfef2b71e970c,4.3
谐波滤波电容失效与全船失电,事故案例,数据性质：实船调查报告,涉及故障,全部推进电机停机,故障,故障层级：具体故障或事件,非因果（归属、分类、检查或建议等）,报告明确记载,事故案例：谐波滤波电容失效与全船失电,MAIB_2011_28_Queen_Mary_2_harmonic_filter_failure.pdf,物理第13页；PDF page 13,https://assets.digital.cabinet-office.gov.uk/media/547c6fa6ed915d4c10000031/QM2Report.pdf,shipkg:case:213f8edb92c2,INVOLVES,shipkg:fault:7d56f05dfb4b,edge:60e080a3ec2c5c94,ev:f4ea99f2d07cb7c1,4.3
谐波滤波电容失效与全船失电,事故案例,数据性质：实船调查报告,涉及后果,失去推进,后果,,非因果（归属、分类、检查或建议等）,报告明确记载,事故案例：谐波滤波电容失效与全船失电,MAIB_2011_28_Queen_Mary_2_harmonic_filter_failure.pdf,物理第13页；PDF page 13,https://assets.digital.cabinet-office.gov.uk/media/547c6fa6ed915d4c10000031/QM2Report.pdf,shipkg:case:213f8edb92c2,INVOLVES,shipkg:consequence:d1c468a6b34b,edge:651a2c88e2a183f7,ev:c1d3874bb4a2345c,4.3
谐波滤波电容失效与全船失电,事故案例,数据性质：实船调查报告,涉及检查方法,定期监测谐波畸变和运行参数,检查方法,,非因果（归属、分类、检查或建议等）,报告明确记载,事故案例：谐波滤波电容失效与全船失电,MAIB_2011_28_Queen_Mary_2_harmonic_filter_failure.pdf,物理第69页；PDF page 69,https://assets.digital.cabinet-office.gov.uk/media/547c6fa6ed915d4c10000031/QM2Report.pdf,shipkg:case:213f8edb92c2,INVOLVES,shipkg:check:c55d526e8c4c,edge:ab44237dacc29eaf,ev:8d208881ac72d263,4.3
谐波滤波电容失效与全船失电,事故案例,数据性质：实船调查报告,涉及检查方法,定期验证保护系统全部子部件,检查方法,,非因果（归属、分类、检查或建议等）,报告明确记载,事故案例：谐波滤波电容失效与全船失电,MAIB_2011_28_Queen_Mary_2_harmonic_filter_failure.pdf,物理第69页；PDF page 69,https://assets.digital.cabinet-office.gov.uk/media/547c6fa6ed915d4c10000031/QM2Report.pdf,shipkg:case:213f8edb92c2,INVOLVES,shipkg:check:5a2af85dcbf4,edge:ed933a1ae04c11c1,ev:38d40fe90e8b2dbf,4.3
谐波滤波电容失效与全船失电,事故案例,数据性质：实船调查报告,涉及运维措施,将谐波滤波器纳入关键设备与保护测试,运维措施,,非因果（归属、分类、检查或建议等）,报告明确记载,事故案例：谐波滤波电容失效与全船失电,MAIB_2011_28_Queen_Mary_2_harmonic_filter_failure.pdf,物理第70页；PDF page 70,https://assets.digital.cabinet-office.gov.uk/media/547c6fa6ed915d4c10000031/QM2Report.pdf,shipkg:case:213f8edb92c2,INVOLVES,shipkg:action:bb1cd030e27b,edge:ea57d95758074a21,ev:7ce8bf353caf8467,4.3
谐波滤波电容失效与全船失电,事故案例,数据性质：实船调查报告,涉及运维措施,更换改进设计的滤波电容,运维措施,,非因果（归属、分类、检查或建议等）,报告明确记载,事故案例：谐波滤波电容失效与全船失电,MAIB_2011_28_Queen_Mary_2_harmonic_filter_failure.pdf,物理第70页；PDF page 70,https://assets.digital.cabinet-office.gov.uk/media/547c6fa6ed915d4c10000031/QM2Report.pdf,shipkg:case:213f8edb92c2,INVOLVES,shipkg:action:04317a406bca,edge:86447f51ce898523,ev:54970b12e1896794,4.3
谐波滤波电容失效与全船失电,事故案例,数据性质：实船调查报告,涉及故障,电容内压升高与壳体破裂,故障,故障层级：具体故障或事件,非因果（归属、分类、检查或建议等）,报告明确记载,事故案例：谐波滤波电容失效与全船失电,MAIB_2011_28_Queen_Mary_2_harmonic_filter_failure.pdf,物理第13页；PDF page 13,https://assets.digital.cabinet-office.gov.uk/media/547c6fa6ed915d4c10000031/QM2Report.pdf,shipkg:case:213f8edb92c2,INVOLVES,shipkg:fault:c8fa85d36573,edge:e3d72c9785c554dc,ev:90e6711ec8bfcb6f,4.3
谐波滤波电容失效与全船失电,事故案例,数据性质：实船调查报告,涉及故障,电容内部电弧与介质汽化,故障,故障层级：具体故障或事件,非因果（归属、分类、检查或建议等）,报告明确记载,事故案例：谐波滤波电容失效与全船失电,MAIB_2011_28_Queen_Mary_2_harmonic_filter_failure.pdf,物理第13页；PDF page 13,https://assets.digital.cabinet-office.gov.uk/media/547c6fa6ed915d4c10000031/QM2Report.pdf,shipkg:case:213f8edb92c2,INVOLVES,shipkg:fault:73da5c52ce5d,edge:3da61367b2966ed4,ev:a0ea937863e1a2df,4.3
谐波滤波电容失效与全船失电,事故案例,数据性质：实船调查报告,涉及工况与状态,电容经历超额电压或频繁开关瞬态,工况与状态,,非因果（归属、分类、检查或建议等）,报告明确记载,事故案例：谐波滤波电容失效与全船失电,MAIB_2011_28_Queen_Mary_2_harmonic_filter_failure.pdf,物理第62页；PDF page 62,https://assets.digital.cabinet-office.gov.uk/media/547c6fa6ed915d4c10000031/QM2Report.pdf,shipkg:case:213f8edb92c2,INVOLVES,shipkg:condition:f61e4eef7cce,edge:4c53bfc05ebec355,ev:1caa6757e63a8feb,4.3
谐波滤波电容失效与全船失电,事故案例,数据性质：实船调查报告,涉及故障,电流不平衡保护失效,故障,故障层级：具体故障或事件,非因果（归属、分类、检查或建议等）,报告明确记载,事故案例：谐波滤波电容失效与全船失电,MAIB_2011_28_Queen_Mary_2_harmonic_filter_failure.pdf,物理第64页；PDF page 64,https://assets.digital.cabinet-office.gov.uk/media/547c6fa6ed915d4c10000031/QM2Report.pdf,shipkg:case:213f8edb92c2,INVOLVES,shipkg:fault:b2aa91be158b,edge:689722a468f575a5,ev:ab39293c5f3260fc,4.3
谐波滤波电容失效与全船失电,事故案例,数据性质：实船调查报告,涉及工况与状态,缺少失电断路器历史记录,工况与状态,,非因果（归属、分类、检查或建议等）,报告明确记载,事故案例：谐波滤波电容失效与全船失电,MAIB_2011_28_Queen_Mary_2_harmonic_filter_failure.pdf,物理第13页；PDF page 13,https://assets.digital.cabinet-office.gov.uk/media/547c6fa6ed915d4c10000031/QM2Report.pdf,shipkg:case:213f8edb92c2,INVOLVES,shipkg:condition:4a944c6dd633,edge:64c00d1e6c14aab4,ev:d82fabc2bbd1fcf1,4.3
谐波滤波电容失效与全船失电,事故案例,数据性质：实船调查报告,涉及工况与状态,船舶高压电网不稳定,工况与状态,,非因果（归属、分类、检查或建议等）,报告明确记载,事故案例：谐波滤波电容失效与全船失电,MAIB_2011_28_Queen_Mary_2_harmonic_filter_failure.pdf,物理第13页；PDF page 13,https://assets.digital.cabinet-office.gov.uk/media/547c6fa6ed915d4c10000031/QM2Report.pdf,shipkg:case:213f8edb92c2,INVOLVES,shipkg:condition:2d0261049d78,edge:5ffce834e8f66d51,ev:2bd29efb1b18cf94,4.3
谐波滤波电容失效与全船失电,事故案例,数据性质：实船调查报告,涉及后果,谐波滤波器爆炸,后果,,非因果（归属、分类、检查或建议等）,报告明确记载,事故案例：谐波滤波电容失效与全船失电,MAIB_2011_28_Queen_Mary_2_harmonic_filter_failure.pdf,物理第13页；PDF page 13,https://assets.digital.cabinet-office.gov.uk/media/547c6fa6ed915d4c10000031/QM2Report.pdf,shipkg:case:213f8edb92c2,INVOLVES,shipkg:consequence:fc1835efb5ca,edge:177f6419aee60b9d,ev:f17ab4bbdcec2bfc,4.3
谐波滤波电容失效与全船失电,事故案例,数据性质：实船调查报告,涉及故障,谐波滤波电容退化,故障,故障层级：具体故障或事件；语义类别：性能退化,非因果（归属、分类、检查或建议等）,报告明确记载,事故案例：谐波滤波电容失效与全船失电,MAIB_2011_28_Queen_Mary_2_harmonic_filter_failure.pdf,物理第62页；PDF page 62,https://assets.digital.cabinet-office.gov.uk/media/547c6fa6ed915d4c10000031/QM2Report.pdf,shipkg:case:213f8edb92c2,INVOLVES,shipkg:fault:5737f3610967,edge:81bc37da1dbdfc7b,ev:1caa6757e63a8feb,4.3
谐波滤波电容失效与全船失电,事故案例,数据性质：实船调查报告,涉及系统,传动与推进系统,系统,系统层级：功能系统,非因果（归属、分类、检查或建议等）,研究者分类（非因果结论）,事故案例：谐波滤波电容失效与全船失电,MAIB_2011_28_Queen_Mary_2_harmonic_filter_failure.pdf,物理第13页；PDF page 13,https://assets.digital.cabinet-office.gov.uk/media/547c6fa6ed915d4c10000031/QM2Report.pdf,shipkg:case:213f8edb92c2,IN_SYSTEM,shipkg:subsystem:5e357a568055,edge:c7bdc63e3eec79d6,ev:af6ff177f229c6a2,4.3
谐波滤波电容失效与全船失电,事故案例,数据性质：实船调查报告,采用系统架构,柴油发电-电力推进系统,系统,系统层级：动力架构,非因果（归属、分类、检查或建议等）,报告明确记载,事故案例：谐波滤波电容失效与全船失电,MAIB_2011_28_Queen_Mary_2_harmonic_filter_failure.pdf,物理第13页；PDF page 13,https://assets.digital.cabinet-office.gov.uk/media/547c6fa6ed915d4c10000031/QM2Report.pdf,shipkg:case:213f8edb92c2,IN_SYSTEM,shipkg:system:9bf053394931,edge:9c51926f5fb93ee6,ev:af6ff177f229c6a2,4.3
谐波滤波电容失效与全船失电,事故案例,数据性质：实船调查报告,涉及系统,电力与控制系统,系统,系统层级：功能系统,非因果（归属、分类、检查或建议等）,研究者分类（非因果结论）,事故案例：谐波滤波电容失效与全船失电,MAIB_2011_28_Queen_Mary_2_harmonic_filter_failure.pdf,物理第13页；PDF page 13,https://assets.digital.cabinet-office.gov.uk/media/547c6fa6ed915d4c10000031/QM2Report.pdf,shipkg:case:213f8edb92c2,IN_SYSTEM,shipkg:subsystem:4539c38d0a84,edge:0711483a996071c6,ev:af6ff177f229c6a2,4.3
Finlandia Seaways,船舶,实体层级：实船记录；船舶身份未公开：否,发生案例,主机连杆小端疲劳断裂,事故案例,数据性质：实船调查报告,非因果（归属、分类、检查或建议等）,报告明确记载,事故案例：主机连杆小端疲劳断裂,MAIB_2021_02_Finlandia_Seaways_connecting_rod_failure.pdf,物理第9页；PDF page 9,https://www.gov.uk/maib-reports/engine-failure-and-subsequent-fire-on-ro-ro-cargo-vessel-finlandia-seaways-with-1-person-injured,shipkg:vessel:db8f8f17b349,HAS_CASE,shipkg:case:d6e9f8f8ade2,edge:68dbd2748e6de55c,ev:eb8d9ba0db21fede,4.3
Finlandia Seaways,船舶,实体层级：实船记录；船舶身份未公开：否,船型为,滚装货船,船舶,实体层级：船型,非因果（归属、分类、检查或建议等）,研究者分类（非因果结论）,事故案例：主机连杆小端疲劳断裂,MAIB_2021_02_Finlandia_Seaways_connecting_rod_failure.pdf,物理第9页；PDF page 9,https://www.gov.uk/maib-reports/engine-failure-and-subsequent-fire-on-ro-ro-cargo-vessel-finlandia-seaways-with-1-person-injured,shipkg:vessel:db8f8f17b349,OF_VESSEL_TYPE,shipkg:vesseltype:2973e45389fb,edge:ab0e830c01ac6e7b,ev:eb8d9ba0db21fede,4.3
Kommandor Susan,船舶,实体层级：实船记录；船舶身份未公开：否,发生案例,DG1发电机故障与失电,事故案例,数据性质：实船调查报告,非因果（归属、分类、检查或建议等）,报告明确记载,事故案例：DG1发电机故障与失电,MAIB_2026_10_Kommandor_Susan_generator_bearing_failure.pdf,物理第1页；PDF page 1,https://www.gov.uk/maib-reports/catastrophic-engine-failure-and-subsequent-fire-on-board-the-site-investigation-vessel-kommandor-susan,shipkg:vessel:2ee30864aa2d,HAS_CASE,shipkg:case:1e6479e108d9,edge:dbb7fc5be3025318,ev:01f3913bd9c46899,4.3
Kommandor Susan,船舶,实体层级：实船记录；船舶身份未公开：否,船型为,工程调查船,船舶,实体层级：船型,非因果（归属、分类、检查或建议等）,研究者分类（非因果结论）,事故案例：DG1发电机故障与失电,MAIB_2026_10_Kommandor_Susan_generator_bearing_failure.pdf,物理第1页；PDF page 1,https://www.gov.uk/maib-reports/catastrophic-engine-failure-and-subsequent-fire-on-board-the-site-investigation-vessel-kommandor-susan,shipkg:vessel:2ee30864aa2d,OF_VESSEL_TYPE,shipkg:vesseltype:1baadd7689d1,edge:2c6f1a13391788b4,ev:01f3913bd9c46899,4.3
Pride of Canterbury,船舶,实体层级：实船记录；船型：滚装客船；船舶身份未公开：否,发生案例,液压背压阀卡滞与火灾,事故案例,船型：滚装客船；数据性质：实船调查报告,非因果（归属、分类、检查或建议等）,报告明确记载,事故案例：液压背压阀卡滞与火灾,MAIB_2015_22_Pride_of_Canterbury_CPP_hydraulic_fire.pdf,物理第30页；PDF page 30,https://assets.digital.cabinet-office.gov.uk/media/563092daed915d566d000002/MAIBInvReport-22_2015.pdf,shipkg:vessel:2ed46421a269,HAS_CASE,shipkg:case:1f8ffc7c55c3,edge:c3ad4a1a4e545e67,ev:8c30394060f9cd2e,4.3
Queen Mary 2,船舶,实体层级：实船记录；船舶身份未公开：否,发生案例,谐波滤波电容失效与全船失电,事故案例,数据性质：实船调查报告,非因果（归属、分类、检查或建议等）,报告明确记载,事故案例：谐波滤波电容失效与全船失电,MAIB_2011_28_Queen_Mary_2_harmonic_filter_failure.pdf,物理第13页；PDF page 13,https://assets.digital.cabinet-office.gov.uk/media/547c6fa6ed915d4c10000031/QM2Report.pdf,shipkg:vessel:3cb736742ac6,HAS_CASE,shipkg:case:213f8edb92c2,edge:8942987f1ce37075,ev:af6ff177f229c6a2,4.3
Queen Mary 2,船舶,实体层级：实船记录；船舶身份未公开：否,船型为,邮轮,船舶,实体层级：船型,非因果（归属、分类、检查或建议等）,研究者分类（非因果结论）,事故案例：谐波滤波电容失效与全船失电,MAIB_2011_28_Queen_Mary_2_harmonic_filter_failure.pdf,物理第13页；PDF page 13,https://assets.digital.cabinet-office.gov.uk/media/547c6fa6ed915d4c10000031/QM2Report.pdf,shipkg:vessel:3cb736742ac6,OF_VESSEL_TYPE,shipkg:vesseltype:bbb73c8d697d,edge:cfa8f58ac479e8ae,ev:af6ff177f229c6a2,4.3
Spirit of Discovery,船舶,实体层级：实船记录；船舶身份未公开：否,发生案例,大风浪中吊舱推进丧失,事故案例,数据性质：实船调查报告,非因果（归属、分类、检查或建议等）,报告明确记载,事故案例：大风浪中吊舱推进丧失,MAIB_2026_06_Spirit_of_Discovery_propulsion_loss.pdf,物理第42页；PDF page 42,https://www.gov.uk/maib-reports/loss-of-propulsion-in-heavy-weather-experienced-by-the-passenger-vessel-spirit-of-discovery-leading-to-over-100-injuries-and-one-fatality,shipkg:vessel:5466bfcfc864,HAS_CASE,shipkg:case:187dc871fbd5,edge:b6bc3f8a3d0ccec3,ev:c3429f0fc22579e1,4.3
Spirit of Discovery,船舶,实体层级：实船记录；船舶身份未公开：否,船型为,邮轮,船舶,实体层级：船型,非因果（归属、分类、检查或建议等）,研究者分类（非因果结论）,事故案例：大风浪中吊舱推进丧失,MAIB_2026_06_Spirit_of_Discovery_propulsion_loss.pdf,物理第42页；PDF page 42,https://www.gov.uk/maib-reports/loss-of-propulsion-in-heavy-weather-experienced-by-the-passenger-vessel-spirit-of-discovery-leading-to-over-100-injuries-and-one-fatality,shipkg:vessel:5466bfcfc864,OF_VESSEL_TYPE,shipkg:vesseltype:bbb73c8d697d,edge:949e25f70b41b18e,ev:c3429f0fc22579e1,4.3
Stena Europe,船舶,实体层级：实船记录；船型：滚装客船；船舶身份未公开：否,发生案例,燃油法兰松动与主机火灾,事故案例,船型：滚装客船；数据性质：实船调查报告,非因果（归属、分类、检查或建议等）,报告明确记载,事故案例：燃油法兰松动与主机火灾,MAIB_2024_20_Stena_Europe_fuel_spray_fire.pdf,物理第7页；PDF page 7,https://assets.publishing.service.gov.uk/media/6756db0ba63e1781efb87793/2024-20-StenaEurope.pdf,shipkg:vessel:9f37ba0a1a27,HAS_CASE,shipkg:case:63aa8b018e0d,edge:dbf24fe0f3995583,ev:57049bc52d7488e2,4.3
Wight Sky,船舶,实体层级：实船记录；船型：滚装客船；船舶身份未公开：否,发生案例,ME2主轴承断油失效,事故案例,船型：滚装客船；数据性质：实船调查报告,非因果（归属、分类、检查或建议等）,报告明确记载,事故案例：ME2主轴承断油失效,MAIB_2022_04_Wight_Sky_multiple_engine_failures.pdf,物理第84页；PDF page 84,https://assets.publishing.service.gov.uk/media/6267cc85e90e071690c1b679/2022-4-WightSky-Report.pdf,shipkg:vessel:fa10fa0f80d3,HAS_CASE,shipkg:case:adf367a46f33,edge:b0a7b8cd30d6fc97,ev:4846a9af2b7e6456,4.3
Wight Sky,船舶,实体层级：实船记录；船型：滚装客船；船舶身份未公开：否,发生案例,ME4连杆轴承盖错装失效,事故案例,船型：滚装客船；数据性质：实船调查报告,非因果（归属、分类、检查或建议等）,报告明确记载,事故案例：ME4连杆轴承盖错装失效,MAIB_2022_04_Wight_Sky_multiple_engine_failures.pdf,物理第84页；PDF page 84,https://assets.publishing.service.gov.uk/media/6267cc85e90e071690c1b679/2022-4-WightSky-Report.pdf,shipkg:vessel:fa10fa0f80d3,HAS_CASE,shipkg:case:278d7572ef08,edge:3387676e26c9f1cc,ev:3ca79df2a0332a1a,4.3
Wight Sky,船舶,实体层级：实船记录；船型：滚装客船；船舶身份未公开：否,发生案例,主机重装后轴承失效与火灾,事故案例,船型：滚装客船；数据性质：实船调查报告,非因果（归属、分类、检查或建议等）,报告明确记载,事故案例：主机重装后轴承失效与火灾,MAIB_2018_14_Wight_Sky_engine_bearing_fire.pdf,物理第1页；PDF page 1,https://assets.publishing.service.gov.uk/media/5b5217c7ed915d0b81e003df/MAIBInvReport14_2018.pdf,shipkg:vessel:fa10fa0f80d3,HAS_CASE,shipkg:case:00057f56fe39,edge:8187c11f67a30611,ev:19d0b2283f62b511,4.3
Windcat 8,船舶,实体层级：实船记录；船舶身份未公开：否,发生案例,左舷主机轴瓦失效与火灾,事故案例,数据性质：实船调查报告,非因果（归属、分类、检查或建议等）,报告明确记载,事故案例：左舷主机轴瓦失效与火灾,MAIB_2018_01_Windcat8_bearing_failure_fire.pdf,物理第1页；PDF page 1,https://assets.publishing.service.gov.uk/government/uploads/system/uploads/attachment_data/file/683922/MAIBInvReport01_2018.pdf,shipkg:vessel:ce08d017f5c9,HAS_CASE,shipkg:case:9792cd36162e,edge:46fa980554b1dcb7,ev:4e45851ecc9eb9f4,4.3
Windcat 8,船舶,实体层级：实船记录；船舶身份未公开：否,船型为,风电船员转运船,船舶,实体层级：船型,非因果（归属、分类、检查或建议等）,研究者分类（非因果结论）,事故案例：左舷主机轴瓦失效与火灾,MAIB_2018_01_Windcat8_bearing_failure_fire.pdf,物理第1页；PDF page 1,https://assets.publishing.service.gov.uk/government/uploads/system/uploads/attachment_data/file/683922/MAIBInvReport01_2018.pdf,shipkg:vessel:ce08d017f5c9,OF_VESSEL_TYPE,shipkg:vesseltype:3309438ef854,edge:22cc33617b12a5be,ev:4e45851ecc9eb9f4,4.3
专用货船（SD2013-03）,船舶,实体层级：实船记录；船型：专用货船；船舶身份说明：船名未公开；保留来源案例编号，不推定真实船名；船舶身份未公开：是,发生案例,盘车联锁失效与启动损坏,事故案例,船型：专用货船；船舶身份说明：船名未公开；保留来源案例编号，不推定真实船名；数据性质：实船调查报告,非因果（归属、分类、检查或建议等）,报告明确记载,事故案例：盘车联锁失效与启动损坏,MAIB_2013_Safety_Digest_lubrication_bearing_cases.pdf,物理第16页；PDF page 16,https://assets.publishing.service.gov.uk/government/uploads/system/uploads/attachment_data/file/876748/2013-SD2-MAIBSafetyDigest.pdf,shipkg:vessel:5d3e7e7eb367,HAS_CASE,shipkg:case:537a034e93e3,edge:62105b1b63c965d1,ev:b840391c6c40b9b8,4.3
化学品船（SD2016-09）,船舶,实体层级：实船记录；船型：化学品船；船舶身份说明：船名未公开；保留来源案例编号，不推定真实船名；船舶身份未公开：是,发生案例,可调螺距桨倒车响应迟缓与码头碰撞,事故案例,船型：化学品船；船舶身份说明：船名未公开；保留来源案例编号，不推定真实船名；数据性质：实船调查报告,非因果（归属、分类、检查或建议等）,报告明确记载,事故案例：可调螺距桨倒车响应迟缓与码头碰撞,MAIB_2016_Safety_Digest_generator_oil_fire.pdf,物理第29页；PDF page 29,https://assets.publishing.service.gov.uk/media/5e81e5d2d3bf7f13416961fa/2016-SD1-MAIBSafetyDigest.pdf,shipkg:vessel:e9dd95119f56,HAS_CASE,shipkg:case:8b13bdb1a5bc,edge:cdb206943226e856,ev:e1dce2948e24adc9,4.3
双体客船（SD2013-12）,船舶,实体层级：实船记录；船型：双体客船；船舶身份说明：船名未公开；保留来源案例编号，不推定真实船名；船舶身份未公开：是,发生案例,油抹布落至排气歧管起火,事故案例,船型：双体客船；船舶身份说明：船名未公开；保留来源案例编号，不推定真实船名；数据性质：实船调查报告,非因果（归属、分类、检查或建议等）,报告明确记载,事故案例：油抹布落至排气歧管起火,MAIB_2013_Safety_Digest_lubrication_bearing_cases.pdf,物理第40页；PDF page 40,https://assets.publishing.service.gov.uk/government/uploads/system/uploads/attachment_data/file/876748/2013-SD2-MAIBSafetyDigest.pdf,shipkg:vessel:32aaec3208ad,HAS_CASE,shipkg:case:ffc594a9fab7,edge:19940803c75a7df5,ev:7293e870a8d5467f,4.3
拖网渔船（SD2016-22）,船舶,实体层级：实船记录；船型：拖网渔船；船舶身份说明：船名未公开；保留来源案例编号，不推定真实船名；船舶身份未公开：是,发生案例,海水冷却管疑似失效与沉没,事故案例,船型：拖网渔船；船舶身份说明：船名未公开；保留来源案例编号，不推定真实船名；数据性质：实船调查报告,非因果（归属、分类、检查或建议等）,报告明确记载,事故案例：海水冷却管疑似失效与沉没,MAIB_2016_Safety_Digest_generator_oil_fire.pdf,物理第59页；PDF page 59,https://assets.publishing.service.gov.uk/media/5e81e5d2d3bf7f13416961fa/2016-SD1-MAIBSafetyDigest.pdf,shipkg:vessel:ea737bd37b3c,HAS_CASE,shipkg:case:6f58fb8a8b17,edge:97738208d5370376,ev:fe1c60aff6da4452,4.3
滚装客船（SD2013-02）,船舶,实体层级：实船记录；船型：滚装客船；船舶身份说明：船名未公开；保留来源案例编号，不推定真实船名；船舶身份未公开：是,发生案例,控制空气不足与离合器脱开,事故案例,船型：滚装客船；船舶身份说明：船名未公开；保留来源案例编号，不推定真实船名；数据性质：实船调查报告,非因果（归属、分类、检查或建议等）,报告明确记载,事故案例：控制空气不足与离合器脱开,MAIB_2013_Safety_Digest_lubrication_bearing_cases.pdf,物理第14页；PDF page 14,https://assets.publishing.service.gov.uk/government/uploads/system/uploads/attachment_data/file/876748/2013-SD2-MAIBSafetyDigest.pdf,shipkg:vessel:e9a9185f76f9,HAS_CASE,shipkg:case:551512d967af,edge:69d1b0f047210221,ev:8b57dbab2f3af128,4.3
滚装客船（SD2016-05）,船舶,实体层级：实船记录；船型：滚装客船；船舶身份说明：船名未公开；保留来源案例编号，不推定真实船名；船舶身份未公开：是,发生案例,误选可调螺距桨备用模式与泊位碰撞,事故案例,船型：滚装客船；船舶身份说明：船名未公开；保留来源案例编号，不推定真实船名；数据性质：实船调查报告,非因果（归属、分类、检查或建议等）,报告明确记载,事故案例：误选可调螺距桨备用模式与泊位碰撞,MAIB_2016_Safety_Digest_generator_oil_fire.pdf,物理第19页；PDF page 19,https://assets.publishing.service.gov.uk/media/5e81e5d2d3bf7f13416961fa/2016-SD1-MAIBSafetyDigest.pdf,shipkg:vessel:808ea34d5772,HAS_CASE,shipkg:case:597875e258c6,edge:800b300fcff167a1,ev:96829240b9d90823,4.3
滚装客船（SD2016-08）,船舶,实体层级：实船记录；船型：滚装客船；船舶身份说明：船名未公开；保留来源案例编号，不推定真实船名；船舶身份未公开：是,发生案例,发电机滑油泵堵头松脱火灾,事故案例,船型：滚装客船；船舶身份说明：船名未公开；保留来源案例编号，不推定真实船名；数据性质：实船调查报告,非因果（归属、分类、检查或建议等）,报告明确记载,事故案例：发电机滑油泵堵头松脱火灾,MAIB_2016_Safety_Digest_generator_oil_fire.pdf,物理第26页；PDF page 26,https://assets.publishing.service.gov.uk/media/5e81e5d2d3bf7f13416961fa/2016-SD1-MAIBSafetyDigest.pdf,shipkg:vessel:3fb5a9c954ef,HAS_CASE,shipkg:case:7a1c0165bb56,edge:3ca82b731174c223,ev:7e21ab64015c1360,4.3
货船（SD2013-05）,船舶,实体层级：实船记录；船舶身份说明：船名未公开；保留来源案例编号，不推定真实船名；船舶身份未公开：是,发生案例,滑油滤芯漏装与主机抱轴,事故案例,船舶身份说明：船名未公开；保留来源案例编号，不推定真实船名；数据性质：实船调查报告,非因果（归属、分类、检查或建议等）,报告明确记载,事故案例：滑油滤芯漏装与主机抱轴,MAIB_2013_Safety_Digest_lubrication_bearing_cases.pdf,物理第21页；PDF page 21,https://assets.publishing.service.gov.uk/government/uploads/system/uploads/attachment_data/file/876748/2013-SD2-MAIBSafetyDigest.pdf,shipkg:vessel:205954d6d86e,HAS_CASE,shipkg:case:9676bd22b5e5,edge:d1a33046210e8c90,ev:7116308e5054c090,4.3
货船（SD2013-05）,船舶,实体层级：实船记录；船舶身份说明：船名未公开；保留来源案例编号，不推定真实船名；船舶身份未公开：是,船型为,普通货船,船舶,实体层级：船型,非因果（归属、分类、检查或建议等）,研究者分类（非因果结论）,事故案例：滑油滤芯漏装与主机抱轴,MAIB_2013_Safety_Digest_lubrication_bearing_cases.pdf,物理第21页；PDF page 21,https://assets.publishing.service.gov.uk/government/uploads/system/uploads/attachment_data/file/876748/2013-SD2-MAIBSafetyDigest.pdf,shipkg:vessel:205954d6d86e,OF_VESSEL_TYPE,shipkg:vesseltype:f28be4be5375,edge:807b66dfcdd4bff8,ev:7116308e5054c090,4.3
货船（SD2016-14）,船舶,实体层级：实船记录；船舶身份说明：船名未公开；保留来源案例编号，不推定真实船名；船舶身份未公开：是,发生案例,压载泵检修隔离失效与机舱进水,事故案例,船舶身份说明：船名未公开；保留来源案例编号，不推定真实船名；数据性质：实船调查报告,非因果（归属、分类、检查或建议等）,报告明确记载,事故案例：压载泵检修隔离失效与机舱进水,MAIB_2016_Safety_Digest_generator_oil_fire.pdf,物理第40页；PDF page 40,https://assets.publishing.service.gov.uk/media/5e81e5d2d3bf7f13416961fa/2016-SD1-MAIBSafetyDigest.pdf,shipkg:vessel:a81974e78c4c,HAS_CASE,shipkg:case:ad49b658b30b,edge:3372e243650d990c,ev:b7715f5c139d9453,4.3
货船（SD2016-14）,船舶,实体层级：实船记录；船舶身份说明：船名未公开；保留来源案例编号，不推定真实船名；船舶身份未公开：是,船型为,普通货船,船舶,实体层级：船型,非因果（归属、分类、检查或建议等）,研究者分类（非因果结论）,事故案例：压载泵检修隔离失效与机舱进水,MAIB_2016_Safety_Digest_generator_oil_fire.pdf,物理第40页；PDF page 40,https://assets.publishing.service.gov.uk/media/5e81e5d2d3bf7f13416961fa/2016-SD1-MAIBSafetyDigest.pdf,shipkg:vessel:a81974e78c4c,OF_VESSEL_TYPE,shipkg:vesseltype:f28be4be5375,edge:3a331549a6929c8a,ev:b7715f5c139d9453,4.3
冷却水泵汽蚀试验（60%负载）,试验运行,数据性质：受控试验；异常状态：二值标注（0=异常前，1=异常）；数据行数：5845；数据列数：73；数据结构：试验工况；原始数据文件：Pump_Cavitation/CW_Pump_Cavitation_60_Load.csv,运行负载为,负载 60%,工况与状态,,非因果（归属、分类、检查或建议等）,报告明确记载,,Marine_Engine_Fault_Data_v1.zip,dataset_index.csv:Pump_Cavitation/CW_Pump_Cavitation_60_Load.csv,https://zenodo.org/records/19857425,shipkg:run:bd1a1e06b4eb,AT_LOAD,shipkg:condition:df365e2b0777,edge:f1e601e66751d624,ev:879c069ed129535a,4.3
冷却水泵汽蚀试验（60%负载）,试验运行,数据性质：受控试验；异常状态：二值标注（0=异常前，1=异常）；数据行数：5845；数据列数：73；数据结构：试验工况；原始数据文件：Pump_Cavitation/CW_Pump_Cavitation_60_Load.csv,来源于,Marine Engine Fault Dataset,资料来源,来源层级：资料级,非因果（归属、分类、检查或建议等）,报告明确记载,,Marine_Engine_Fault_Data_v1.zip,dataset_index.csv:Pump_Cavitation/CW_Pump_Cavitation_60_Load.csv,https://zenodo.org/records/19857425,shipkg:run:bd1a1e06b4eb,DOCUMENTED_BY,shipkg:source:e12fe2e83b8d,edge:e8c8577267a9233d,ev:879c069ed129535a,4.3
冷却水泵汽蚀试验（60%负载）,试验运行,数据性质：受控试验；异常状态：二值标注（0=异常前，1=异常）；数据行数：5845；数据列数：73；数据结构：试验工况；原始数据文件：Pump_Cavitation/CW_Pump_Cavitation_60_Load.csv,试验故障为,冷却水泵汽蚀,故障,故障层级：具体故障或事件,非因果（归属、分类、检查或建议等）,报告明确记载,,Marine_Engine_Fault_Data_v1.zip,dataset_index.csv:Pump_Cavitation/CW_Pump_Cavitation_60_Load.csv,https://zenodo.org/records/19857425,shipkg:run:bd1a1e06b4eb,TESTS_FAULT,shipkg:fault:e03af5ed68c1,edge:314f1984c1930931,ev:879c069ed129535a,4.3
冷却水泵汽蚀试验（85%负载）,试验运行,数据性质：受控试验；异常状态：二值标注（0=异常前，1=异常）；数据行数：6263；数据列数：73；数据结构：试验工况；原始数据文件：Pump_Cavitation/CW_Pump_Cavitation_85_Load.csv,运行负载为,负载 85%,工况与状态,,非因果（归属、分类、检查或建议等）,报告明确记载,,Marine_Engine_Fault_Data_v1.zip,dataset_index.csv:Pump_Cavitation/CW_Pump_Cavitation_85_Load.csv,https://zenodo.org/records/19857425,shipkg:run:a54e4f2dfd8d,AT_LOAD,shipkg:condition:103a0ae5358b,edge:8281fc7890092d08,ev:234ecd08fe047445,4.3
冷却水泵汽蚀试验（85%负载）,试验运行,数据性质：受控试验；异常状态：二值标注（0=异常前，1=异常）；数据行数：6263；数据列数：73；数据结构：试验工况；原始数据文件：Pump_Cavitation/CW_Pump_Cavitation_85_Load.csv,来源于,Marine Engine Fault Dataset,资料来源,来源层级：资料级,非因果（归属、分类、检查或建议等）,报告明确记载,,Marine_Engine_Fault_Data_v1.zip,dataset_index.csv:Pump_Cavitation/CW_Pump_Cavitation_85_Load.csv,https://zenodo.org/records/19857425,shipkg:run:a54e4f2dfd8d,DOCUMENTED_BY,shipkg:source:e12fe2e83b8d,edge:081a15901d300d4e,ev:234ecd08fe047445,4.3
冷却水泵汽蚀试验（85%负载）,试验运行,数据性质：受控试验；异常状态：二值标注（0=异常前，1=异常）；数据行数：6263；数据列数：73；数据结构：试验工况；原始数据文件：Pump_Cavitation/CW_Pump_Cavitation_85_Load.csv,试验故障为,冷却水泵汽蚀,故障,故障层级：具体故障或事件,非因果（归属、分类、检查或建议等）,报告明确记载,,Marine_Engine_Fault_Data_v1.zip,dataset_index.csv:Pump_Cavitation/CW_Pump_Cavitation_85_Load.csv,https://zenodo.org/records/19857425,shipkg:run:a54e4f2dfd8d,TESTS_FAULT,shipkg:fault:e03af5ed68c1,edge:123deda463edf92b,ev:234ecd08fe047445,4.3
参考运行（正常基线）,试验运行,数据性质：受控试验；异常状态：正常基线（无异常）；数据行数：25302；数据列数：70；数据结构：参考；原始数据文件：Reference_Data.csv,运行负载为,参考运行负载范围,工况与状态,,非因果（归属、分类、检查或建议等）,报告明确记载,,Marine_Engine_Fault_Data_v1.zip,dataset_index.csv:Reference_Data.csv,https://zenodo.org/records/19857425,shipkg:run:2c8ac4d016f4,AT_LOAD,shipkg:condition:0f0bb607da60,edge:db0088fe22e7b9d8,ev:339fcaeb186a01d1,4.3
参考运行（正常基线）,试验运行,数据性质：受控试验；异常状态：正常基线（无异常）；数据行数：25302；数据列数：70；数据结构：参考；原始数据文件：Reference_Data.csv,来源于,Marine Engine Fault Dataset,资料来源,来源层级：资料级,非因果（归属、分类、检查或建议等）,报告明确记载,,Marine_Engine_Fault_Data_v1.zip,dataset_index.csv:Reference_Data.csv,https://zenodo.org/records/19857425,shipkg:run:2c8ac4d016f4,DOCUMENTED_BY,shipkg:source:e12fe2e83b8d,edge:26403b326b714b90,ev:339fcaeb186a01d1,4.3
喷油器喷嘴堵塞试验（单喷孔堵塞、40%／60%／85%阶梯负载）,试验运行,数据性质：受控试验；异常状态：全部为异常（无正常基线段）；数据行数：6492；数据列数：73；数据结构：试验工况；原始数据文件：Injector_Nozzle/Clogged_Injector_Nozzle1_40_60_85_Load.csv,运行负载为,阶梯负载（40%、60%、85%）,工况与状态,,非因果（归属、分类、检查或建议等）,报告明确记载,,Marine_Engine_Fault_Data_v1.zip,dataset_index.csv:Injector_Nozzle/Clogged_Injector_Nozzle1_40_60_85_Load.csv,https://zenodo.org/records/19857425,shipkg:run:9690a0157fb9,AT_LOAD,shipkg:condition:8f4ca3980ed8,edge:6028ca25550d0ff9,ev:0fd78cc81d9681d2,4.3
喷油器喷嘴堵塞试验（单喷孔堵塞、40%／60%／85%阶梯负载）,试验运行,数据性质：受控试验；异常状态：全部为异常（无正常基线段）；数据行数：6492；数据列数：73；数据结构：试验工况；原始数据文件：Injector_Nozzle/Clogged_Injector_Nozzle1_40_60_85_Load.csv,来源于,Marine Engine Fault Dataset,资料来源,来源层级：资料级,非因果（归属、分类、检查或建议等）,报告明确记载,,Marine_Engine_Fault_Data_v1.zip,dataset_index.csv:Injector_Nozzle/Clogged_Injector_Nozzle1_40_60_85_Load.csv,https://zenodo.org/records/19857425,shipkg:run:9690a0157fb9,DOCUMENTED_BY,shipkg:source:e12fe2e83b8d,edge:b675bb7c1f4fc2de,ev:0fd78cc81d9681d2,4.3
喷油器喷嘴堵塞试验（单喷孔堵塞、40%／60%／85%阶梯负载）,试验运行,数据性质：受控试验；异常状态：全部为异常（无正常基线段）；数据行数：6492；数据列数：73；数据结构：试验工况；原始数据文件：Injector_Nozzle/Clogged_Injector_Nozzle1_40_60_85_Load.csv,试验故障为,喷油器喷嘴堵塞,故障,故障层级：具体故障或事件,非因果（归属、分类、检查或建议等）,报告明确记载,,Marine_Engine_Fault_Data_v1.zip,dataset_index.csv:Injector_Nozzle/Clogged_Injector_Nozzle1_40_60_85_Load.csv,https://zenodo.org/records/19857425,shipkg:run:9690a0157fb9,TESTS_FAULT,shipkg:fault:0a5da1da4336,edge:8aa09d71bdfa2547,ev:0fd78cc81d9681d2,4.3
喷油器喷嘴堵塞试验（双喷孔堵塞、程序变负载）,试验运行,数据性质：受控试验；异常状态：全部为异常（无正常基线段）；数据行数：6791；数据列数：73；数据结构：试验工况；原始数据文件：Injector_Nozzle/Clogged_Injector_Nozzle2_LoadProgram.csv,运行负载为,程序变负载（约40%～85%）,工况与状态,,非因果（归属、分类、检查或建议等）,报告明确记载,,Marine_Engine_Fault_Data_v1.zip,dataset_index.csv:Injector_Nozzle/Clogged_Injector_Nozzle2_LoadProgram.csv,https://zenodo.org/records/19857425,shipkg:run:265eab3b4373,AT_LOAD,shipkg:condition:8752a78e143c,edge:6985167100c8f387,ev:19d72a1ed6647ccd,4.3
喷油器喷嘴堵塞试验（双喷孔堵塞、程序变负载）,试验运行,数据性质：受控试验；异常状态：全部为异常（无正常基线段）；数据行数：6791；数据列数：73；数据结构：试验工况；原始数据文件：Injector_Nozzle/Clogged_Injector_Nozzle2_LoadProgram.csv,来源于,Marine Engine Fault Dataset,资料来源,来源层级：资料级,非因果（归属、分类、检查或建议等）,报告明确记载,,Marine_Engine_Fault_Data_v1.zip,dataset_index.csv:Injector_Nozzle/Clogged_Injector_Nozzle2_LoadProgram.csv,https://zenodo.org/records/19857425,shipkg:run:265eab3b4373,DOCUMENTED_BY,shipkg:source:e12fe2e83b8d,edge:c7489feb424fc12e,ev:19d72a1ed6647ccd,4.3
喷油器喷嘴堵塞试验（双喷孔堵塞、程序变负载）,试验运行,数据性质：受控试验；异常状态：全部为异常（无正常基线段）；数据行数：6791；数据列数：73；数据结构：试验工况；原始数据文件：Injector_Nozzle/Clogged_Injector_Nozzle2_LoadProgram.csv,试验故障为,喷油器喷嘴堵塞,故障,故障层级：具体故障或事件,非因果（归属、分类、检查或建议等）,报告明确记载,,Marine_Engine_Fault_Data_v1.zip,dataset_index.csv:Injector_Nozzle/Clogged_Injector_Nozzle2_LoadProgram.csv,https://zenodo.org/records/19857425,shipkg:run:265eab3b4373,TESTS_FAULT,shipkg:fault:0a5da1da4336,edge:0282634add32d0ba,ev:19d72a1ed6647ccd,4.3
增压器涡轮退化试验（40%负载）,试验运行,数据性质：受控试验；异常状态：二值标注（0=异常前，1=异常）；数据行数：6397；数据列数：73；数据结构：试验工况；原始数据文件：Turbine_Degradation/Turbine_Degradation_40_Load.csv,运行负载为,负载 40%,工况与状态,,非因果（归属、分类、检查或建议等）,报告明确记载,,Marine_Engine_Fault_Data_v1.zip,dataset_index.csv:Turbine_Degradation/Turbine_Degradation_40_Load.csv,https://zenodo.org/records/19857425,shipkg:run:6c075208cdc0,AT_LOAD,shipkg:condition:1bf60bc6ecb7,edge:62263a7850294b21,ev:9de953977942cbdf,4.3
增压器涡轮退化试验（40%负载）,试验运行,数据性质：受控试验；异常状态：二值标注（0=异常前，1=异常）；数据行数：6397；数据列数：73；数据结构：试验工况；原始数据文件：Turbine_Degradation/Turbine_Degradation_40_Load.csv,来源于,Marine Engine Fault Dataset,资料来源,来源层级：资料级,非因果（归属、分类、检查或建议等）,报告明确记载,,Marine_Engine_Fault_Data_v1.zip,dataset_index.csv:Turbine_Degradation/Turbine_Degradation_40_Load.csv,https://zenodo.org/records/19857425,shipkg:run:6c075208cdc0,DOCUMENTED_BY,shipkg:source:e12fe2e83b8d,edge:ec95dc1fa6992435,ev:9de953977942cbdf,4.3
增压器涡轮退化试验（40%负载）,试验运行,数据性质：受控试验；异常状态：二值标注（0=异常前，1=异常）；数据行数：6397；数据列数：73；数据结构：试验工况；原始数据文件：Turbine_Degradation/Turbine_Degradation_40_Load.csv,试验故障为,增压器涡轮退化（柴油机试验）,故障,故障层级：具体故障或事件；语义类别：性能退化,非因果（归属、分类、检查或建议等）,报告明确记载,,Marine_Engine_Fault_Data_v1.zip,dataset_index.csv:Turbine_Degradation/Turbine_Degradation_40_Load.csv,https://zenodo.org/records/19857425,shipkg:run:6c075208cdc0,TESTS_FAULT,shipkg:fault:3a609fe447a8,edge:15dbac98a016a502,ev:9de953977942cbdf,4.3
增压器涡轮退化试验（60%负载）,试验运行,数据性质：受控试验；异常状态：二值标注（0=异常前，1=异常）；数据行数：4905；数据列数：73；数据结构：试验工况；原始数据文件：Turbine_Degradation/Turbine_Degradation_60_Load.csv,运行负载为,负载 60%,工况与状态,,非因果（归属、分类、检查或建议等）,报告明确记载,,Marine_Engine_Fault_Data_v1.zip,dataset_index.csv:Turbine_Degradation/Turbine_Degradation_60_Load.csv,https://zenodo.org/records/19857425,shipkg:run:9969547fcdfa,AT_LOAD,shipkg:condition:df365e2b0777,edge:e1dbbf16bba0de0d,ev:7d06646b52c25b16,4.3
增压器涡轮退化试验（60%负载）,试验运行,数据性质：受控试验；异常状态：二值标注（0=异常前，1=异常）；数据行数：4905；数据列数：73；数据结构：试验工况；原始数据文件：Turbine_Degradation/Turbine_Degradation_60_Load.csv,来源于,Marine Engine Fault Dataset,资料来源,来源层级：资料级,非因果（归属、分类、检查或建议等）,报告明确记载,,Marine_Engine_Fault_Data_v1.zip,dataset_index.csv:Turbine_Degradation/Turbine_Degradation_60_Load.csv,https://zenodo.org/records/19857425,shipkg:run:9969547fcdfa,DOCUMENTED_BY,shipkg:source:e12fe2e83b8d,edge:376720fbff4125a2,ev:7d06646b52c25b16,4.3
增压器涡轮退化试验（60%负载）,试验运行,数据性质：受控试验；异常状态：二值标注（0=异常前，1=异常）；数据行数：4905；数据列数：73；数据结构：试验工况；原始数据文件：Turbine_Degradation/Turbine_Degradation_60_Load.csv,试验故障为,增压器涡轮退化（柴油机试验）,故障,故障层级：具体故障或事件；语义类别：性能退化,非因果（归属、分类、检查或建议等）,报告明确记载,,Marine_Engine_Fault_Data_v1.zip,dataset_index.csv:Turbine_Degradation/Turbine_Degradation_60_Load.csv,https://zenodo.org/records/19857425,shipkg:run:9969547fcdfa,TESTS_FAULT,shipkg:fault:3a609fe447a8,edge:b5b9a8f6a11c57df,ev:7d06646b52c25b16,4.3
增压器涡轮退化试验（85%负载）,试验运行,数据性质：受控试验；异常状态：二值标注（0=异常前，1=异常）；数据行数：5289；数据列数：73；数据结构：试验工况；原始数据文件：Turbine_Degradation/Turbine_Degradation_85_Load.csv,运行负载为,负载 85%,工况与状态,,非因果（归属、分类、检查或建议等）,报告明确记载,,Marine_Engine_Fault_Data_v1.zip,dataset_index.csv:Turbine_Degradation/Turbine_Degradation_85_Load.csv,https://zenodo.org/records/19857425,shipkg:run:cd33f80ecd69,AT_LOAD,shipkg:condition:103a0ae5358b,edge:4eedf3573d684193,ev:5ae484b55bc9bc82,4.3
增压器涡轮退化试验（85%负载）,试验运行,数据性质：受控试验；异常状态：二值标注（0=异常前，1=异常）；数据行数：5289；数据列数：73；数据结构：试验工况；原始数据文件：Turbine_Degradation/Turbine_Degradation_85_Load.csv,来源于,Marine Engine Fault Dataset,资料来源,来源层级：资料级,非因果（归属、分类、检查或建议等）,报告明确记载,,Marine_Engine_Fault_Data_v1.zip,dataset_index.csv:Turbine_Degradation/Turbine_Degradation_85_Load.csv,https://zenodo.org/records/19857425,shipkg:run:cd33f80ecd69,DOCUMENTED_BY,shipkg:source:e12fe2e83b8d,edge:bc42dd4b0e37d4eb,ev:5ae484b55bc9bc82,4.3
增压器涡轮退化试验（85%负载）,试验运行,数据性质：受控试验；异常状态：二值标注（0=异常前，1=异常）；数据行数：5289；数据列数：73；数据结构：试验工况；原始数据文件：Turbine_Degradation/Turbine_Degradation_85_Load.csv,试验故障为,增压器涡轮退化（柴油机试验）,故障,故障层级：具体故障或事件；语义类别：性能退化,非因果（归属、分类、检查或建议等）,报告明确记载,,Marine_Engine_Fault_Data_v1.zip,dataset_index.csv:Turbine_Degradation/Turbine_Degradation_85_Load.csv,https://zenodo.org/records/19857425,shipkg:run:cd33f80ecd69,TESTS_FAULT,shipkg:fault:3a609fe447a8,edge:98bbe8fc1a7058f4,ev:5ae484b55bc9bc82,4.3
增压空气冷却器污损试验（40%负载）,试验运行,数据性质：受控试验；异常状态：二值标注（0=异常前，1=异常）；数据行数：4678；数据列数：73；数据结构：试验工况；原始数据文件：AC_Fouling/AC_Fouling_40_Load.csv,运行负载为,负载 40%,工况与状态,,非因果（归属、分类、检查或建议等）,报告明确记载,,Marine_Engine_Fault_Data_v1.zip,dataset_index.csv:AC_Fouling/AC_Fouling_40_Load.csv,https://zenodo.org/records/19857425,shipkg:run:6b05eccd173f,AT_LOAD,shipkg:condition:1bf60bc6ecb7,edge:8607e2b32381e3c7,ev:4a59b715e39bd236,4.3
增压空气冷却器污损试验（40%负载）,试验运行,数据性质：受控试验；异常状态：二值标注（0=异常前，1=异常）；数据行数：4678；数据列数：73；数据结构：试验工况；原始数据文件：AC_Fouling/AC_Fouling_40_Load.csv,来源于,Marine Engine Fault Dataset,资料来源,来源层级：资料级,非因果（归属、分类、检查或建议等）,报告明确记载,,Marine_Engine_Fault_Data_v1.zip,dataset_index.csv:AC_Fouling/AC_Fouling_40_Load.csv,https://zenodo.org/records/19857425,shipkg:run:6b05eccd173f,DOCUMENTED_BY,shipkg:source:e12fe2e83b8d,edge:62d57ee2f3704c0d,ev:4a59b715e39bd236,4.3
增压空气冷却器污损试验（40%负载）,试验运行,数据性质：受控试验；异常状态：二值标注（0=异常前，1=异常）；数据行数：4678；数据列数：73；数据结构：试验工况；原始数据文件：AC_Fouling/AC_Fouling_40_Load.csv,试验故障为,增压空气冷却器污损,故障,故障层级：具体故障或事件,非因果（归属、分类、检查或建议等）,报告明确记载,,Marine_Engine_Fault_Data_v1.zip,dataset_index.csv:AC_Fouling/AC_Fouling_40_Load.csv,https://zenodo.org/records/19857425,shipkg:run:6b05eccd173f,TESTS_FAULT,shipkg:fault:91dfc7218234,edge:4e94809cc83cc3af,ev:4a59b715e39bd236,4.3
增压空气冷却器污损试验（60%负载）,试验运行,数据性质：受控试验；异常状态：二值标注（0=异常前，1=异常）；数据行数：6698；数据列数：73；数据结构：试验工况；原始数据文件：AC_Fouling/AC_Fouling_60_Load.csv,运行负载为,负载 60%,工况与状态,,非因果（归属、分类、检查或建议等）,报告明确记载,,Marine_Engine_Fault_Data_v1.zip,dataset_index.csv:AC_Fouling/AC_Fouling_60_Load.csv,https://zenodo.org/records/19857425,shipkg:run:77a7092fcc4e,AT_LOAD,shipkg:condition:df365e2b0777,edge:885d4b7ffa8db622,ev:70e667f09b8fc0d1,4.3
增压空气冷却器污损试验（60%负载）,试验运行,数据性质：受控试验；异常状态：二值标注（0=异常前，1=异常）；数据行数：6698；数据列数：73；数据结构：试验工况；原始数据文件：AC_Fouling/AC_Fouling_60_Load.csv,来源于,Marine Engine Fault Dataset,资料来源,来源层级：资料级,非因果（归属、分类、检查或建议等）,报告明确记载,,Marine_Engine_Fault_Data_v1.zip,dataset_index.csv:AC_Fouling/AC_Fouling_60_Load.csv,https://zenodo.org/records/19857425,shipkg:run:77a7092fcc4e,DOCUMENTED_BY,shipkg:source:e12fe2e83b8d,edge:50217468aa7c2916,ev:70e667f09b8fc0d1,4.3
增压空气冷却器污损试验（60%负载）,试验运行,数据性质：受控试验；异常状态：二值标注（0=异常前，1=异常）；数据行数：6698；数据列数：73；数据结构：试验工况；原始数据文件：AC_Fouling/AC_Fouling_60_Load.csv,试验故障为,增压空气冷却器污损,故障,故障层级：具体故障或事件,非因果（归属、分类、检查或建议等）,报告明确记载,,Marine_Engine_Fault_Data_v1.zip,dataset_index.csv:AC_Fouling/AC_Fouling_60_Load.csv,https://zenodo.org/records/19857425,shipkg:run:77a7092fcc4e,TESTS_FAULT,shipkg:fault:91dfc7218234,edge:740f05e54dc174ba,ev:70e667f09b8fc0d1,4.3
增压空气冷却器污损试验（75%负载）,试验运行,数据性质：受控试验；异常状态：二值标注（0=异常前，1=异常）；数据行数：6354；数据列数：73；数据结构：试验工况；原始数据文件：AC_Fouling/AC_Fouling_75_Load.csv,运行负载为,负载 75%,工况与状态,,非因果（归属、分类、检查或建议等）,报告明确记载,,Marine_Engine_Fault_Data_v1.zip,dataset_index.csv:AC_Fouling/AC_Fouling_75_Load.csv,https://zenodo.org/records/19857425,shipkg:run:0a0b95755e65,AT_LOAD,shipkg:condition:6fc146bc433f,edge:0307cafb7e2f681b,ev:79a139cd88957e11,4.3
增压空气冷却器污损试验（75%负载）,试验运行,数据性质：受控试验；异常状态：二值标注（0=异常前，1=异常）；数据行数：6354；数据列数：73；数据结构：试验工况；原始数据文件：AC_Fouling/AC_Fouling_75_Load.csv,来源于,Marine Engine Fault Dataset,资料来源,来源层级：资料级,非因果（归属、分类、检查或建议等）,报告明确记载,,Marine_Engine_Fault_Data_v1.zip,dataset_index.csv:AC_Fouling/AC_Fouling_75_Load.csv,https://zenodo.org/records/19857425,shipkg:run:0a0b95755e65,DOCUMENTED_BY,shipkg:source:e12fe2e83b8d,edge:8fc5d9e12519404f,ev:79a139cd88957e11,4.3
增压空气冷却器污损试验（75%负载）,试验运行,数据性质：受控试验；异常状态：二值标注（0=异常前，1=异常）；数据行数：6354；数据列数：73；数据结构：试验工况；原始数据文件：AC_Fouling/AC_Fouling_75_Load.csv,试验故障为,增压空气冷却器污损,故障,故障层级：具体故障或事件,非因果（归属、分类、检查或建议等）,报告明确记载,,Marine_Engine_Fault_Data_v1.zip,dataset_index.csv:AC_Fouling/AC_Fouling_75_Load.csv,https://zenodo.org/records/19857425,shipkg:run:0a0b95755e65,TESTS_FAULT,shipkg:fault:91dfc7218234,edge:3dd5af79ed75a435,ev:79a139cd88957e11,4.3
增压空气冷却器污损试验（85%负载）,试验运行,数据性质：受控试验；异常状态：二值标注（0=异常前，1=异常）；数据行数：5801；数据列数：73；数据结构：试验工况；原始数据文件：AC_Fouling/AC_Fouling_85_Load.csv,运行负载为,负载 85%,工况与状态,,非因果（归属、分类、检查或建议等）,报告明确记载,,Marine_Engine_Fault_Data_v1.zip,dataset_index.csv:AC_Fouling/AC_Fouling_85_Load.csv,https://zenodo.org/records/19857425,shipkg:run:c2058b46e618,AT_LOAD,shipkg:condition:103a0ae5358b,edge:f019e5835fab2c46,ev:4369bc44687256ab,4.3
增压空气冷却器污损试验（85%负载）,试验运行,数据性质：受控试验；异常状态：二值标注（0=异常前，1=异常）；数据行数：5801；数据列数：73；数据结构：试验工况；原始数据文件：AC_Fouling/AC_Fouling_85_Load.csv,来源于,Marine Engine Fault Dataset,资料来源,来源层级：资料级,非因果（归属、分类、检查或建议等）,报告明确记载,,Marine_Engine_Fault_Data_v1.zip,dataset_index.csv:AC_Fouling/AC_Fouling_85_Load.csv,https://zenodo.org/records/19857425,shipkg:run:c2058b46e618,DOCUMENTED_BY,shipkg:source:e12fe2e83b8d,edge:32526435fe30bfd2,ev:4369bc44687256ab,4.3
增压空气冷却器污损试验（85%负载）,试验运行,数据性质：受控试验；异常状态：二值标注（0=异常前，1=异常）；数据行数：5801；数据列数：73；数据结构：试验工况；原始数据文件：AC_Fouling/AC_Fouling_85_Load.csv,试验故障为,增压空气冷却器污损,故障,故障层级：具体故障或事件,非因果（归属、分类、检查或建议等）,报告明确记载,,Marine_Engine_Fault_Data_v1.zip,dataset_index.csv:AC_Fouling/AC_Fouling_85_Load.csv,https://zenodo.org/records/19857425,shipkg:run:c2058b46e618,TESTS_FAULT,shipkg:fault:91dfc7218234,edge:b55b6cc776deffeb,ev:4369bc44687256ab,4.3
空气滤清器堵塞试验（40%负载）,试验运行,数据性质：受控试验；异常状态：二值标注（0=异常前，1=异常）；数据行数：4820；数据列数：73；数据结构：试验工况；原始数据文件：AF_Clogging/AF_Clogging_40_Load.csv,运行负载为,负载 40%,工况与状态,,非因果（归属、分类、检查或建议等）,报告明确记载,,Marine_Engine_Fault_Data_v1.zip,dataset_index.csv:AF_Clogging/AF_Clogging_40_Load.csv,https://zenodo.org/records/19857425,shipkg:run:a43d97ac9f94,AT_LOAD,shipkg:condition:1bf60bc6ecb7,edge:53899ce13cba2d7c,ev:04e94cee9be565df,4.3
空气滤清器堵塞试验（40%负载）,试验运行,数据性质：受控试验；异常状态：二值标注（0=异常前，1=异常）；数据行数：4820；数据列数：73；数据结构：试验工况；原始数据文件：AF_Clogging/AF_Clogging_40_Load.csv,来源于,Marine Engine Fault Dataset,资料来源,来源层级：资料级,非因果（归属、分类、检查或建议等）,报告明确记载,,Marine_Engine_Fault_Data_v1.zip,dataset_index.csv:AF_Clogging/AF_Clogging_40_Load.csv,https://zenodo.org/records/19857425,shipkg:run:a43d97ac9f94,DOCUMENTED_BY,shipkg:source:e12fe2e83b8d,edge:102a13c903708c04,ev:04e94cee9be565df,4.3
空气滤清器堵塞试验（40%负载）,试验运行,数据性质：受控试验；异常状态：二值标注（0=异常前，1=异常）；数据行数：4820；数据列数：73；数据结构：试验工况；原始数据文件：AF_Clogging/AF_Clogging_40_Load.csv,试验故障为,压气机空气滤清器堵塞,故障,故障层级：具体故障或事件,非因果（归属、分类、检查或建议等）,报告明确记载,,Marine_Engine_Fault_Data_v1.zip,dataset_index.csv:AF_Clogging/AF_Clogging_40_Load.csv,https://zenodo.org/records/19857425,shipkg:run:a43d97ac9f94,TESTS_FAULT,shipkg:fault:0e24c2957173,edge:5044a5a20833e063,ev:04e94cee9be565df,4.3
空气滤清器堵塞试验（60%负载）,试验运行,数据性质：受控试验；异常状态：二值标注（0=异常前，1=异常）；数据行数：6819；数据列数：73；数据结构：试验工况；原始数据文件：AF_Clogging/AF_Clogging_60_Load.csv,运行负载为,负载 60%,工况与状态,,非因果（归属、分类、检查或建议等）,报告明确记载,,Marine_Engine_Fault_Data_v1.zip,dataset_index.csv:AF_Clogging/AF_Clogging_60_Load.csv,https://zenodo.org/records/19857425,shipkg:run:0024b0cf204d,AT_LOAD,shipkg:condition:df365e2b0777,edge:85078bc503bba6b0,ev:64a3e1d72c1647d2,4.3
空气滤清器堵塞试验（60%负载）,试验运行,数据性质：受控试验；异常状态：二值标注（0=异常前，1=异常）；数据行数：6819；数据列数：73；数据结构：试验工况；原始数据文件：AF_Clogging/AF_Clogging_60_Load.csv,来源于,Marine Engine Fault Dataset,资料来源,来源层级：资料级,非因果（归属、分类、检查或建议等）,报告明确记载,,Marine_Engine_Fault_Data_v1.zip,dataset_index.csv:AF_Clogging/AF_Clogging_60_Load.csv,https://zenodo.org/records/19857425,shipkg:run:0024b0cf204d,DOCUMENTED_BY,shipkg:source:e12fe2e83b8d,edge:dea8c1a697e532a0,ev:64a3e1d72c1647d2,4.3
空气滤清器堵塞试验（60%负载）,试验运行,数据性质：受控试验；异常状态：二值标注（0=异常前，1=异常）；数据行数：6819；数据列数：73；数据结构：试验工况；原始数据文件：AF_Clogging/AF_Clogging_60_Load.csv,试验故障为,压气机空气滤清器堵塞,故障,故障层级：具体故障或事件,非因果（归属、分类、检查或建议等）,报告明确记载,,Marine_Engine_Fault_Data_v1.zip,dataset_index.csv:AF_Clogging/AF_Clogging_60_Load.csv,https://zenodo.org/records/19857425,shipkg:run:0024b0cf204d,TESTS_FAULT,shipkg:fault:0e24c2957173,edge:e8fb5d6d9da903c6,ev:64a3e1d72c1647d2,4.3
空气滤清器堵塞试验（75%负载）,试验运行,数据性质：受控试验；异常状态：二值标注（0=异常前，1=异常）；数据行数：5918；数据列数：73；数据结构：试验工况；原始数据文件：AF_Clogging/AF_Clogging_75_Load.csv,运行负载为,负载 75%,工况与状态,,非因果（归属、分类、检查或建议等）,报告明确记载,,Marine_Engine_Fault_Data_v1.zip,dataset_index.csv:AF_Clogging/AF_Clogging_75_Load.csv,https://zenodo.org/records/19857425,shipkg:run:ce8ec71106fb,AT_LOAD,shipkg:condition:6fc146bc433f,edge:1ae77cc39d2c3647,ev:f6bc70bef0a65cb3,4.3
空气滤清器堵塞试验（75%负载）,试验运行,数据性质：受控试验；异常状态：二值标注（0=异常前，1=异常）；数据行数：5918；数据列数：73；数据结构：试验工况；原始数据文件：AF_Clogging/AF_Clogging_75_Load.csv,来源于,Marine Engine Fault Dataset,资料来源,来源层级：资料级,非因果（归属、分类、检查或建议等）,报告明确记载,,Marine_Engine_Fault_Data_v1.zip,dataset_index.csv:AF_Clogging/AF_Clogging_75_Load.csv,https://zenodo.org/records/19857425,shipkg:run:ce8ec71106fb,DOCUMENTED_BY,shipkg:source:e12fe2e83b8d,edge:75da217ae54634ea,ev:f6bc70bef0a65cb3,4.3
空气滤清器堵塞试验（75%负载）,试验运行,数据性质：受控试验；异常状态：二值标注（0=异常前，1=异常）；数据行数：5918；数据列数：73；数据结构：试验工况；原始数据文件：AF_Clogging/AF_Clogging_75_Load.csv,试验故障为,压气机空气滤清器堵塞,故障,故障层级：具体故障或事件,非因果（归属、分类、检查或建议等）,报告明确记载,,Marine_Engine_Fault_Data_v1.zip,dataset_index.csv:AF_Clogging/AF_Clogging_75_Load.csv,https://zenodo.org/records/19857425,shipkg:run:ce8ec71106fb,TESTS_FAULT,shipkg:fault:0e24c2957173,edge:3f169ae7c0bee360,ev:f6bc70bef0a65cb3,4.3
空气滤清器堵塞试验（85%负载）,试验运行,数据性质：受控试验；异常状态：二值标注（0=异常前，1=异常）；数据行数：6398；数据列数：73；数据结构：试验工况；原始数据文件：AF_Clogging/AF_Clogging_85_Load.csv,运行负载为,负载 85%,工况与状态,,非因果（归属、分类、检查或建议等）,报告明确记载,,Marine_Engine_Fault_Data_v1.zip,dataset_index.csv:AF_Clogging/AF_Clogging_85_Load.csv,https://zenodo.org/records/19857425,shipkg:run:a4c3017972ca,AT_LOAD,shipkg:condition:103a0ae5358b,edge:a918c8c57b76ba09,ev:1f2e716415ec2a7c,4.3
空气滤清器堵塞试验（85%负载）,试验运行,数据性质：受控试验；异常状态：二值标注（0=异常前，1=异常）；数据行数：6398；数据列数：73；数据结构：试验工况；原始数据文件：AF_Clogging/AF_Clogging_85_Load.csv,来源于,Marine Engine Fault Dataset,资料来源,来源层级：资料级,非因果（归属、分类、检查或建议等）,报告明确记载,,Marine_Engine_Fault_Data_v1.zip,dataset_index.csv:AF_Clogging/AF_Clogging_85_Load.csv,https://zenodo.org/records/19857425,shipkg:run:a4c3017972ca,DOCUMENTED_BY,shipkg:source:e12fe2e83b8d,edge:366e11a509d15229,ev:1f2e716415ec2a7c,4.3
空气滤清器堵塞试验（85%负载）,试验运行,数据性质：受控试验；异常状态：二值标注（0=异常前，1=异常）；数据行数：6398；数据列数：73；数据结构：试验工况；原始数据文件：AF_Clogging/AF_Clogging_85_Load.csv,试验故障为,压气机空气滤清器堵塞,故障,故障层级：具体故障或事件,非因果（归属、分类、检查或建议等）,报告明确记载,,Marine_Engine_Fault_Data_v1.zip,dataset_index.csv:AF_Clogging/AF_Clogging_85_Load.csv,https://zenodo.org/records/19857425,shipkg:run:a4c3017972ca,TESTS_FAULT,shipkg:fault:0e24c2957173,edge:634131f76f12f441,ev:1f2e716415ec2a7c,4.3
1缸排气温度,测点,数据性质：受控试验；单位：°C；原始测点字段：No.1 Exh.Gas Temp.；测点保留理由：保留热状态、润滑冷却、燃烧与轴功率核心诊断变量；不是实船电气测点,归属系统,燃油与进排气系统,系统,系统层级：功能系统,非因果（归属、分类、检查或建议等）,研究者分类（非因果结论）,,Marine_Engine_Fault_Data_v1.zip,variable_dictionary.csv:No.1 Exh.Gas Temp.,https://zenodo.org/records/19857425,shipkg:sensor:366f77564e58,BELONGS_TO_SYSTEM,shipkg:subsystem:52e7560c8465,edge:a7f4dd9bfed5ba37,ev:1fe44331fadb665a,4.3
1缸排气温度,测点,数据性质：受控试验；单位：°C；原始测点字段：No.1 Exh.Gas Temp.；测点保留理由：保留热状态、润滑冷却、燃烧与轴功率核心诊断变量；不是实船电气测点,来源于,Marine Engine Fault Dataset,资料来源,来源层级：资料级,非因果（归属、分类、检查或建议等）,报告明确记载,,Marine_Engine_Fault_Data_v1.zip,variable_dictionary.csv:No.1 Exh.Gas Temp.,https://zenodo.org/records/19857425,shipkg:sensor:366f77564e58,DOCUMENTED_BY,shipkg:source:e12fe2e83b8d,edge:f331bb2d23d88bfe,ev:1fe44331fadb665a,4.3
1缸最高缸压,测点,数据性质：受控试验；单位：MPa；原始测点字段：Max. In-Cylinder Press. No.1；测点保留理由：保留热状态、润滑冷却、燃烧与轴功率核心诊断变量；不是实船电气测点；说明：shorthand label is reused across cylinder-resolved and/or aggregate variables; use the full variable-name row during preprocessing,来源于,Marine Engine Fault Dataset,资料来源,来源层级：资料级,非因果（归属、分类、检查或建议等）,报告明确记载,,Marine_Engine_Fault_Data_v1.zip,variable_dictionary.csv:Max. In-Cylinder Press. No.1,https://zenodo.org/records/19857425,shipkg:sensor:54ce9804e4f4,DOCUMENTED_BY,shipkg:source:e12fe2e83b8d,edge:062801f83d96feec,ev:84d6807ed9f68df0,4.3
主机冷却水出口温度Ⅰ,测点,数据性质：受控试验；单位：°C；原始测点字段：Cooling Water Temp. Engine Out I；测点保留理由：保留热状态、润滑冷却、燃烧与轴功率核心诊断变量；不是实船电气测点,归属系统,冷却与海水系统,系统,系统层级：功能系统,非因果（归属、分类、检查或建议等）,研究者分类（非因果结论）,,Marine_Engine_Fault_Data_v1.zip,variable_dictionary.csv:Cooling Water Temp. Engine Out I,https://zenodo.org/records/19857425,shipkg:sensor:baa3a7477b53,BELONGS_TO_SYSTEM,shipkg:subsystem:512427f592b7,edge:be70720064713019,ev:ce3d007f69985f9f,4.3
主机冷却水出口温度Ⅰ,测点,数据性质：受控试验；单位：°C；原始测点字段：Cooling Water Temp. Engine Out I；测点保留理由：保留热状态、润滑冷却、燃烧与轴功率核心诊断变量；不是实船电气测点,来源于,Marine Engine Fault Dataset,资料来源,来源层级：资料级,非因果（归属、分类、检查或建议等）,报告明确记载,,Marine_Engine_Fault_Data_v1.zip,variable_dictionary.csv:Cooling Water Temp. Engine Out I,https://zenodo.org/records/19857425,shipkg:sensor:baa3a7477b53,DOCUMENTED_BY,shipkg:source:e12fe2e83b8d,edge:7508d061b6587515,ev:ce3d007f69985f9f,4.3
主机冷却水流量,测点,数据性质：受控试验；单位：m3/h；原始测点字段：Engine Cooling water flow；测点保留理由：保留热状态、润滑冷却、燃烧与轴功率核心诊断变量；不是实船电气测点,归属系统,冷却与海水系统,系统,系统层级：功能系统,非因果（归属、分类、检查或建议等）,研究者分类（非因果结论）,,Marine_Engine_Fault_Data_v1.zip,variable_dictionary.csv:Engine Cooling water flow,https://zenodo.org/records/19857425,shipkg:sensor:8ab013653446,BELONGS_TO_SYSTEM,shipkg:subsystem:512427f592b7,edge:d3f31e2b9e6900a7,ev:e404f4ecf4526f44,4.3
主机冷却水流量,测点,数据性质：受控试验；单位：m3/h；原始测点字段：Engine Cooling water flow；测点保留理由：保留热状态、润滑冷却、燃烧与轴功率核心诊断变量；不是实船电气测点,来源于,Marine Engine Fault Dataset,资料来源,来源层级：资料级,非因果（归属、分类、检查或建议等）,报告明确记载,,Marine_Engine_Fault_Data_v1.zip,variable_dictionary.csv:Engine Cooling water flow,https://zenodo.org/records/19857425,shipkg:sensor:8ab013653446,DOCUMENTED_BY,shipkg:source:e12fe2e83b8d,edge:e0b43824fecda57c,ev:e404f4ecf4526f44,4.3
主机冷却水进口温度,测点,数据性质：受控试验；单位：°C；原始测点字段：Cooling Water Temp. Engine In；测点保留理由：保留热状态、润滑冷却、燃烧与轴功率核心诊断变量；不是实船电气测点,归属系统,冷却与海水系统,系统,系统层级：功能系统,非因果（归属、分类、检查或建议等）,研究者分类（非因果结论）,,Marine_Engine_Fault_Data_v1.zip,variable_dictionary.csv:Cooling Water Temp. Engine In,https://zenodo.org/records/19857425,shipkg:sensor:7675b8a8bef8,BELONGS_TO_SYSTEM,shipkg:subsystem:512427f592b7,edge:338c172fac81555c,ev:3356e199bb43f210,4.3
主机冷却水进口温度,测点,数据性质：受控试验；单位：°C；原始测点字段：Cooling Water Temp. Engine In；测点保留理由：保留热状态、润滑冷却、燃烧与轴功率核心诊断变量；不是实船电气测点,来源于,Marine Engine Fault Dataset,资料来源,来源层级：资料级,非因果（归属、分类、检查或建议等）,报告明确记载,,Marine_Engine_Fault_Data_v1.zip,variable_dictionary.csv:Cooling Water Temp. Engine In,https://zenodo.org/records/19857425,shipkg:sensor:7675b8a8bef8,DOCUMENTED_BY,shipkg:source:e12fe2e83b8d,edge:e6111625394e9a53,ev:3356e199bb43f210,4.3
主机滑油出口温度,测点,数据性质：受控试验；单位：°C；原始测点字段：LO Temp. Engine Out；测点保留理由：保留热状态、润滑冷却、燃烧与轴功率核心诊断变量；不是实船电气测点,归属系统,润滑与轴承系统,系统,系统层级：功能系统,非因果（归属、分类、检查或建议等）,研究者分类（非因果结论）,,Marine_Engine_Fault_Data_v1.zip,variable_dictionary.csv:LO Temp. Engine Out,https://zenodo.org/records/19857425,shipkg:sensor:5c7b83264f58,BELONGS_TO_SYSTEM,shipkg:subsystem:d08eaf16cc46,edge:d882b3b91b7cc765,ev:942baa3ea69a9e36,4.3
主机滑油出口温度,测点,数据性质：受控试验；单位：°C；原始测点字段：LO Temp. Engine Out；测点保留理由：保留热状态、润滑冷却、燃烧与轴功率核心诊断变量；不是实船电气测点,来源于,Marine Engine Fault Dataset,资料来源,来源层级：资料级,非因果（归属、分类、检查或建议等）,报告明确记载,,Marine_Engine_Fault_Data_v1.zip,variable_dictionary.csv:LO Temp. Engine Out,https://zenodo.org/records/19857425,shipkg:sensor:5c7b83264f58,DOCUMENTED_BY,shipkg:source:e12fe2e83b8d,edge:5a4a453ccb62f51c,ev:942baa3ea69a9e36,4.3
主机滑油进口温度,测点,数据性质：受控试验；单位：°C；原始测点字段：LO Temp. Engine In；测点保留理由：保留热状态、润滑冷却、燃烧与轴功率核心诊断变量；不是实船电气测点,归属系统,润滑与轴承系统,系统,系统层级：功能系统,非因果（归属、分类、检查或建议等）,研究者分类（非因果结论）,,Marine_Engine_Fault_Data_v1.zip,variable_dictionary.csv:LO Temp. Engine In,https://zenodo.org/records/19857425,shipkg:sensor:0acc03533547,BELONGS_TO_SYSTEM,shipkg:subsystem:d08eaf16cc46,edge:9a9cb75a3996b262,ev:dbf929510c13652e,4.3
主机滑油进口温度,测点,数据性质：受控试验；单位：°C；原始测点字段：LO Temp. Engine In；测点保留理由：保留热状态、润滑冷却、燃烧与轴功率核心诊断变量；不是实船电气测点,来源于,Marine Engine Fault Dataset,资料来源,来源层级：资料级,非因果（归属、分类、检查或建议等）,报告明确记载,,Marine_Engine_Fault_Data_v1.zip,variable_dictionary.csv:LO Temp. Engine In,https://zenodo.org/records/19857425,shipkg:sensor:0acc03533547,DOCUMENTED_BY,shipkg:source:e12fe2e83b8d,edge:275d59fbfcdac99f,ev:dbf929510c13652e,4.3
发动机转速,测点,数据性质：受控试验；单位：rpm；原始测点字段：Engine Speed；测点保留理由：保留热状态、润滑冷却、燃烧与轴功率核心诊断变量；不是实船电气测点,归属系统,传动与推进系统,系统,系统层级：功能系统,非因果（归属、分类、检查或建议等）,研究者分类（非因果结论）,,Marine_Engine_Fault_Data_v1.zip,variable_dictionary.csv:Engine Speed,https://zenodo.org/records/19857425,shipkg:sensor:d9ffd75bfab4,BELONGS_TO_SYSTEM,shipkg:subsystem:5e357a568055,edge:11e1dca3c36d2860,ev:bb4c3f647e81f1d2,4.3
发动机转速,测点,数据性质：受控试验；单位：rpm；原始测点字段：Engine Speed；测点保留理由：保留热状态、润滑冷却、燃烧与轴功率核心诊断变量；不是实船电气测点,来源于,Marine Engine Fault Dataset,资料来源,来源层级：资料级,非因果（归属、分类、检查或建议等）,报告明确记载,,Marine_Engine_Fault_Data_v1.zip,variable_dictionary.csv:Engine Speed,https://zenodo.org/records/19857425,shipkg:sensor:d9ffd75bfab4,DOCUMENTED_BY,shipkg:source:e12fe2e83b8d,edge:8b2de4d98a15c5a7,ev:bb4c3f647e81f1d2,4.3
增压空气冷却器出口空气温度,测点,数据性质：受控试验；单位：°C；原始测点字段：Charge Air IC Air Temp. Out；测点保留理由：保留热状态、润滑冷却、燃烧与轴功率核心诊断变量；不是实船电气测点,归属系统,冷却与海水系统,系统,系统层级：功能系统,非因果（归属、分类、检查或建议等）,研究者分类（非因果结论）,,Marine_Engine_Fault_Data_v1.zip,variable_dictionary.csv:Charge Air IC Air Temp. Out,https://zenodo.org/records/19857425,shipkg:sensor:2ea813c04f69,BELONGS_TO_SYSTEM,shipkg:subsystem:512427f592b7,edge:3fd0a6aa7959fb5a,ev:a7fb6cfa2c672a77,4.3
增压空气冷却器出口空气温度,测点,数据性质：受控试验；单位：°C；原始测点字段：Charge Air IC Air Temp. Out；测点保留理由：保留热状态、润滑冷却、燃烧与轴功率核心诊断变量；不是实船电气测点,归属系统,燃油与进排气系统,系统,系统层级：功能系统,非因果（归属、分类、检查或建议等）,研究者分类（非因果结论）,,Marine_Engine_Fault_Data_v1.zip,variable_dictionary.csv:Charge Air IC Air Temp. Out,https://zenodo.org/records/19857425,shipkg:sensor:2ea813c04f69,BELONGS_TO_SYSTEM,shipkg:subsystem:52e7560c8465,edge:abe3671795dbdb19,ev:a7fb6cfa2c672a77,4.3
增压空气冷却器出口空气温度,测点,数据性质：受控试验；单位：°C；原始测点字段：Charge Air IC Air Temp. Out；测点保留理由：保留热状态、润滑冷却、燃烧与轴功率核心诊断变量；不是实船电气测点,来源于,Marine Engine Fault Dataset,资料来源,来源层级：资料级,非因果（归属、分类、检查或建议等）,报告明确记载,,Marine_Engine_Fault_Data_v1.zip,variable_dictionary.csv:Charge Air IC Air Temp. Out,https://zenodo.org/records/19857425,shipkg:sensor:2ea813c04f69,DOCUMENTED_BY,shipkg:source:e12fe2e83b8d,edge:0a24bd303dcf92da,ev:a7fb6cfa2c672a77,4.3
增压空气压力,测点,数据性质：受控试验；单位：kgf/cm2；原始测点字段：Charge Air Press.；测点保留理由：保留热状态、润滑冷却、燃烧与轴功率核心诊断变量；不是实船电气测点,归属系统,燃油与进排气系统,系统,系统层级：功能系统,非因果（归属、分类、检查或建议等）,研究者分类（非因果结论）,,Marine_Engine_Fault_Data_v1.zip,variable_dictionary.csv:Charge Air Press.,https://zenodo.org/records/19857425,shipkg:sensor:65ae734da9ec,BELONGS_TO_SYSTEM,shipkg:subsystem:52e7560c8465,edge:bdcf42a553da6f7f,ev:400d60e3617603ce,4.3
增压空气压力,测点,数据性质：受控试验；单位：kgf/cm2；原始测点字段：Charge Air Press.；测点保留理由：保留热状态、润滑冷却、燃烧与轴功率核心诊断变量；不是实船电气测点,来源于,Marine Engine Fault Dataset,资料来源,来源层级：资料级,非因果（归属、分类、检查或建议等）,报告明确记载,,Marine_Engine_Fault_Data_v1.zip,variable_dictionary.csv:Charge Air Press.,https://zenodo.org/records/19857425,shipkg:sensor:65ae734da9ec,DOCUMENTED_BY,shipkg:source:e12fe2e83b8d,edge:64948e1ebd01df51,ev:400d60e3617603ce,4.3
淡水冷却压力原始电压信号,测点,数据性质：受控试验；单位：V；原始测点字段：Fresh Cooling Water Press.；测点保留理由：保留热状态、润滑冷却、燃烧与轴功率核心诊断变量；不是实船电气测点；说明：raw voltage signal associated with HT cooling-water pump pressure; not converted to engineering pressure units,归属系统,冷却与海水系统,系统,系统层级：功能系统,非因果（归属、分类、检查或建议等）,研究者分类（非因果结论）,,Marine_Engine_Fault_Data_v1.zip,variable_dictionary.csv:Fresh Cooling Water Press.,https://zenodo.org/records/19857425,shipkg:sensor:5007e1617236,BELONGS_TO_SYSTEM,shipkg:subsystem:512427f592b7,edge:565a48b97ba817d6,ev:c31d55ce6b8d61c0,4.3
淡水冷却压力原始电压信号,测点,数据性质：受控试验；单位：V；原始测点字段：Fresh Cooling Water Press.；测点保留理由：保留热状态、润滑冷却、燃烧与轴功率核心诊断变量；不是实船电气测点；说明：raw voltage signal associated with HT cooling-water pump pressure; not converted to engineering pressure units,来源于,Marine Engine Fault Dataset,资料来源,来源层级：资料级,非因果（归属、分类、检查或建议等）,报告明确记载,,Marine_Engine_Fault_Data_v1.zip,variable_dictionary.csv:Fresh Cooling Water Press.,https://zenodo.org/records/19857425,shipkg:sensor:5007e1617236,DOCUMENTED_BY,shipkg:source:e12fe2e83b8d,edge:2d4ab44518b3d476,ev:c31d55ce6b8d61c0,4.3
滑油循环泵压力原始电压信号,测点,数据性质：受控试验；单位：V；原始测点字段：LO Circulating Pump Press.；测点保留理由：保留热状态、润滑冷却、燃烧与轴功率核心诊断变量；不是实船电气测点；说明：raw voltage signal associated with main LO pump pressure; not converted to engineering pressure units,归属系统,润滑与轴承系统,系统,系统层级：功能系统,非因果（归属、分类、检查或建议等）,研究者分类（非因果结论）,,Marine_Engine_Fault_Data_v1.zip,variable_dictionary.csv:LO Circulating Pump Press.,https://zenodo.org/records/19857425,shipkg:sensor:d07e7ed33e29,BELONGS_TO_SYSTEM,shipkg:subsystem:d08eaf16cc46,edge:a9ad1fec8587819d,ev:99afa4fd2c7cca53,4.3
滑油循环泵压力原始电压信号,测点,数据性质：受控试验；单位：V；原始测点字段：LO Circulating Pump Press.；测点保留理由：保留热状态、润滑冷却、燃烧与轴功率核心诊断变量；不是实船电气测点；说明：raw voltage signal associated with main LO pump pressure; not converted to engineering pressure units,来源于,Marine Engine Fault Dataset,资料来源,来源层级：资料级,非因果（归属、分类、检查或建议等）,报告明确记载,,Marine_Engine_Fault_Data_v1.zip,variable_dictionary.csv:LO Circulating Pump Press.,https://zenodo.org/records/19857425,shipkg:sensor:d07e7ed33e29,DOCUMENTED_BY,shipkg:source:e12fe2e83b8d,edge:7295ba48ef93039c,ev:99afa4fd2c7cca53,4.3
燃油流量,测点,数据性质：受控试验；单位：m3/h；原始测点字段：Fuel Flow；测点保留理由：保留热状态、润滑冷却、燃烧与轴功率核心诊断变量；不是实船电气测点,归属系统,燃油与进排气系统,系统,系统层级：功能系统,非因果（归属、分类、检查或建议等）,研究者分类（非因果结论）,,Marine_Engine_Fault_Data_v1.zip,variable_dictionary.csv:Fuel Flow,https://zenodo.org/records/19857425,shipkg:sensor:9785e5456d03,BELONGS_TO_SYSTEM,shipkg:subsystem:52e7560c8465,edge:8f56086f6d96387f,ev:76e4e727d9b7b527,4.3
燃油流量,测点,数据性质：受控试验；单位：m3/h；原始测点字段：Fuel Flow；测点保留理由：保留热状态、润滑冷却、燃烧与轴功率核心诊断变量；不是实船电气测点,来源于,Marine Engine Fault Dataset,资料来源,来源层级：资料级,非因果（归属、分类、检查或建议等）,报告明确记载,,Marine_Engine_Fault_Data_v1.zip,variable_dictionary.csv:Fuel Flow,https://zenodo.org/records/19857425,shipkg:sensor:9785e5456d03,DOCUMENTED_BY,shipkg:source:e12fe2e83b8d,edge:e2129d57449bdc1b,ev:76e4e727d9b7b527,4.3
轴功率,测点,数据性质：受控试验；单位：kW；原始测点字段：Shaft Power；测点保留理由：保留热状态、润滑冷却、燃烧与轴功率核心诊断变量；不是实船电气测点,归属系统,传动与推进系统,系统,系统层级：功能系统,非因果（归属、分类、检查或建议等）,研究者分类（非因果结论）,,Marine_Engine_Fault_Data_v1.zip,variable_dictionary.csv:Shaft Power,https://zenodo.org/records/19857425,shipkg:sensor:482eb47f8513,BELONGS_TO_SYSTEM,shipkg:subsystem:5e357a568055,edge:655b00c83ae1791a,ev:c9d838c8d843eeee,4.3
轴功率,测点,数据性质：受控试验；单位：kW；原始测点字段：Shaft Power；测点保留理由：保留热状态、润滑冷却、燃烧与轴功率核心诊断变量；不是实船电气测点,归属系统,电力与控制系统,系统,系统层级：功能系统,非因果（归属、分类、检查或建议等）,研究者分类（非因果结论）,,Marine_Engine_Fault_Data_v1.zip,variable_dictionary.csv:Shaft Power,https://zenodo.org/records/19857425,shipkg:sensor:482eb47f8513,BELONGS_TO_SYSTEM,shipkg:subsystem:4539c38d0a84,edge:e56d6bd22a576411,ev:c9d838c8d843eeee,4.3
轴功率,测点,数据性质：受控试验；单位：kW；原始测点字段：Shaft Power；测点保留理由：保留热状态、润滑冷却、燃烧与轴功率核心诊断变量；不是实船电气测点,来源于,Marine Engine Fault Dataset,资料来源,来源层级：资料级,非因果（归属、分类、检查或建议等）,报告明确记载,,Marine_Engine_Fault_Data_v1.zip,variable_dictionary.csv:Shaft Power,https://zenodo.org/records/19857425,shipkg:sensor:482eb47f8513,DOCUMENTED_BY,shipkg:source:e12fe2e83b8d,edge:a95ad793386ee8d9,ev:c9d838c8d843eeee,4.3
轴转矩,测点,数据性质：受控试验；单位：Nm；原始测点字段：Shaft Torque；测点保留理由：保留热状态、润滑冷却、燃烧与轴功率核心诊断变量；不是实船电气测点,归属系统,传动与推进系统,系统,系统层级：功能系统,非因果（归属、分类、检查或建议等）,研究者分类（非因果结论）,,Marine_Engine_Fault_Data_v1.zip,variable_dictionary.csv:Shaft Torque,https://zenodo.org/records/19857425,shipkg:sensor:ae5a2be19a3b,BELONGS_TO_SYSTEM,shipkg:subsystem:5e357a568055,edge:68bbaaead8b15625,ev:023a00d310521c01,4.3
轴转矩,测点,数据性质：受控试验；单位：Nm；原始测点字段：Shaft Torque；测点保留理由：保留热状态、润滑冷却、燃烧与轴功率核心诊断变量；不是实船电气测点,来源于,Marine Engine Fault Dataset,资料来源,来源层级：资料级,非因果（归属、分类、检查或建议等）,报告明确记载,,Marine_Engine_Fault_Data_v1.zip,variable_dictionary.csv:Shaft Torque,https://zenodo.org/records/19857425,shipkg:sensor:ae5a2be19a3b,DOCUMENTED_BY,shipkg:source:e12fe2e83b8d,edge:6afbc52a8d356e95,ev:023a00d310521c01,4.3
油品课堂第六讲某船使用假冒润滑油导致主机烧瓦事故案例,资料来源,来源可靠性层级：二次语料；专家核验状态：待核验；使用限制：二次语料；仅已核对原文，待专业人员复核；不得替代厂家手册或实船检验；知识层级：二次中文语料知识；适用范围：二次转载文章，船舶/原始报告身份未核实；不计入正式事故案例；来源层级：文章级,来源于,Marine diesel intelligent operation and maintenance RAG corpus,资料来源,来源可靠性层级：二次语料；专家核验状态：待核验；使用限制：二次语料；仅已核对原文，待专业人员复核；不得替代厂家手册或实船检验；来源层级：资料级,非因果（归属、分类、检查或建议等）,中文二次语料记载（原文核对，待专家确认）,corpus:a4dd6412481f,marine_diesel_RAG_corpus_All_data.zip,train/油品课堂第六讲某船使用假冒润滑油导致主机烧瓦事故案例.md:normalized_chars=133:164,https://zenodo.org/records/20258638,shipkg:source:c43373084e8b,DOCUMENTED_BY,shipkg:source:2b82c5707b27,edge:08de729d5a6677bd,ev:5c6fc42dbba8b104,4.3
油品课堂第六讲某船使用假冒润滑油导致主机烧瓦事故案例,资料来源,来源可靠性层级：二次语料；专家核验状态：待核验；使用限制：二次语料；仅已核对原文，待专业人员复核；不得替代厂家手册或实船检验；知识层级：二次中文语料知识；适用范围：二次转载文章，船舶/原始报告身份未核实；不计入正式事故案例；来源层级：文章级,来源于,Marine diesel intelligent operation and maintenance RAG corpus,资料来源,来源可靠性层级：二次语料；专家核验状态：待核验；使用限制：二次语料；仅已核对原文，待专业人员复核；不得替代厂家手册或实船检验；来源层级：资料级,非因果（归属、分类、检查或建议等）,中文二次语料记载（原文核对，待专家确认）,corpus:a4dd6412481f,marine_diesel_RAG_corpus_All_data.zip,train/油品课堂第六讲某船使用假冒润滑油导致主机烧瓦事故案例.md:normalized_chars=801:855,https://zenodo.org/records/20258638,shipkg:source:c43373084e8b,DOCUMENTED_BY,shipkg:source:2b82c5707b27,edge:9af5b70b06ad345f,ev:52b30ba4186f4924,4.3
油品课堂第六讲某船使用假冒润滑油导致主机烧瓦事故案例,资料来源,来源可靠性层级：二次语料；专家核验状态：待核验；使用限制：二次语料；仅已核对原文，待专业人员复核；不得替代厂家手册或实船检验；知识层级：二次中文语料知识；适用范围：二次转载文章，船舶/原始报告身份未核实；不计入正式事故案例；来源层级：文章级,来源于,Marine diesel intelligent operation and maintenance RAG corpus,资料来源,来源可靠性层级：二次语料；专家核验状态：待核验；使用限制：二次语料；仅已核对原文，待专业人员复核；不得替代厂家手册或实船检验；来源层级：资料级,非因果（归属、分类、检查或建议等）,中文二次语料记载（原文核对，待专家确认）,corpus:a4dd6412481f,marine_diesel_RAG_corpus_All_data.zip,train/油品课堂第六讲某船使用假冒润滑油导致主机烧瓦事故案例.md:normalized_chars=758:799,https://zenodo.org/records/20258638,shipkg:source:c43373084e8b,DOCUMENTED_BY,shipkg:source:2b82c5707b27,edge:c4cfd8454d10a95d,ev:917b8bb501937d8c,4.3
油品课堂第六讲某船使用假冒润滑油导致主机烧瓦事故案例,资料来源,来源可靠性层级：二次语料；专家核验状态：待核验；使用限制：二次语料；仅已核对原文，待专业人员复核；不得替代厂家手册或实船检验；知识层级：二次中文语料知识；适用范围：二次转载文章，船舶/原始报告身份未核实；不计入正式事故案例；来源层级：文章级,来源于,Marine diesel intelligent operation and maintenance RAG corpus,资料来源,来源可靠性层级：二次语料；专家核验状态：待核验；使用限制：二次语料；仅已核对原文，待专业人员复核；不得替代厂家手册或实船检验；来源层级：资料级,非因果（归属、分类、检查或建议等）,中文二次语料记载（原文核对，待专家确认）,corpus:a4dd6412481f,marine_diesel_RAG_corpus_All_data.zip,train/油品课堂第六讲某船使用假冒润滑油导致主机烧瓦事故案例.md:normalized_chars=833:855,https://zenodo.org/records/20258638,shipkg:source:c43373084e8b,DOCUMENTED_BY,shipkg:source:2b82c5707b27,edge:d31e1453b8a66bca,ev:2e3e9d1a590644e2,4.3
油品课堂第六讲某船使用假冒润滑油导致主机烧瓦事故案例,资料来源,来源可靠性层级：二次语料；专家核验状态：待核验；使用限制：二次语料；仅已核对原文，待专业人员复核；不得替代厂家手册或实船检验；知识层级：二次中文语料知识；适用范围：二次转载文章，船舶/原始报告身份未核实；不计入正式事故案例；来源层级：文章级,来源于,Marine diesel intelligent operation and maintenance RAG corpus,资料来源,来源可靠性层级：二次语料；专家核验状态：待核验；使用限制：二次语料；仅已核对原文，待专业人员复核；不得替代厂家手册或实船检验；来源层级：资料级,非因果（归属、分类、检查或建议等）,中文二次语料记载（原文核对，待专家确认）,corpus:a4dd6412481f,marine_diesel_RAG_corpus_All_data.zip,train/油品课堂第六讲某船使用假冒润滑油导致主机烧瓦事故案例.md:normalized_chars=1030:1048,https://zenodo.org/records/20258638,shipkg:source:c43373084e8b,DOCUMENTED_BY,shipkg:source:2b82c5707b27,edge:fb4b7d87cd5c71f7,ev:68e442e6761084d0,4.3
油品课堂第六讲某船使用假冒润滑油导致主机烧瓦事故案例,资料来源,来源可靠性层级：二次语料；专家核验状态：待核验；使用限制：二次语料；仅已核对原文，待专业人员复核；不得替代厂家手册或实船检验；知识层级：二次中文语料知识；适用范围：二次转载文章，船舶/原始报告身份未核实；不计入正式事故案例；来源层级：文章级,涉及,核验润滑油质量并按厂家规格选油,运维措施,来源可靠性层级：二次语料；专家核验状态：待核验；知识层级：二次中文语料知识；适用范围：二次转载文章，船舶/原始报告身份未核实；不计入正式事故案例,非因果（归属、分类、检查或建议等）,中文二次语料记载（原文核对，待专家确认）,corpus:a4dd6412481f,marine_diesel_RAG_corpus_All_data.zip,train/油品课堂第六讲某船使用假冒润滑油导致主机烧瓦事故案例.md:normalized_chars=1030:1048,https://zenodo.org/records/20258638,shipkg:source:c43373084e8b,INVOLVES,shipkg:action:9ab5f7b43951,edge:85707516c5468fb9,ev:68e442e6761084d0,4.3
油品课堂第六讲某船使用假冒润滑油导致主机烧瓦事故案例,资料来源,来源可靠性层级：二次语料；专家核验状态：待核验；使用限制：二次语料；仅已核对原文，待专业人员复核；不得替代厂家手册或实船检验；知识层级：二次中文语料知识；适用范围：二次转载文章，船舶/原始报告身份未核实；不计入正式事故案例；来源层级：文章级,涉及,检查滑油滤清器与油道沉积,检查方法,来源可靠性层级：二次语料；专家核验状态：待核验；知识层级：二次中文语料知识；适用范围：二次转载文章，船舶/原始报告身份未核实；不计入正式事故案例,非因果（归属、分类、检查或建议等）,中文二次语料记载（原文核对，待专家确认）,corpus:a4dd6412481f,marine_diesel_RAG_corpus_All_data.zip,train/油品课堂第六讲某船使用假冒润滑油导致主机烧瓦事故案例.md:normalized_chars=133:164,https://zenodo.org/records/20258638,shipkg:source:c43373084e8b,INVOLVES,shipkg:check:b5200c97fde0,edge:7c491e1a5ed5dbf3,ev:5c6fc42dbba8b104,4.3
油品课堂第六讲某船使用假冒润滑油导致主机烧瓦事故案例,资料来源,来源可靠性层级：二次语料；专家核验状态：待核验；使用限制：二次语料；仅已核对原文，待专业人员复核；不得替代厂家手册或实船检验；知识层级：二次中文语料知识；适用范围：二次转载文章，船舶/原始报告身份未核实；不计入正式事故案例；来源层级：文章级,涉及,润滑油质量不符合要求,原因,来源可靠性层级：二次语料；专家核验状态：待核验；知识层级：二次中文语料知识；适用范围：二次转载文章，船舶/原始报告身份未核实；不计入正式事故案例,非因果（归属、分类、检查或建议等）,中文二次语料记载（原文核对，待专家确认）,corpus:a4dd6412481f,marine_diesel_RAG_corpus_All_data.zip,train/油品课堂第六讲某船使用假冒润滑油导致主机烧瓦事故案例.md:normalized_chars=801:855,https://zenodo.org/records/20258638,shipkg:source:c43373084e8b,INVOLVES,shipkg:cause:fa8278a58b01,edge:2c7d2413333ffe0e,ev:52b30ba4186f4924,4.3
油品课堂第六讲某船使用假冒润滑油导致主机烧瓦事故案例,资料来源,来源可靠性层级：二次语料；专家核验状态：待核验；使用限制：二次语料；仅已核对原文，待专业人员复核；不得替代厂家手册或实船检验；知识层级：二次中文语料知识；适用范围：二次转载文章，船舶/原始报告身份未核实；不计入正式事故案例；来源层级：文章级,涉及,滑油滤清器与油道堵塞,故障,来源可靠性层级：二次语料；专家核验状态：待核验；故障层级：事件/状态；知识层级：二次中文语料知识；适用范围：二次转载文章，船舶/原始报告身份未核实；不计入正式事故案例,非因果（归属、分类、检查或建议等）,中文二次语料记载（原文核对，待专家确认）,corpus:a4dd6412481f,marine_diesel_RAG_corpus_All_data.zip,train/油品课堂第六讲某船使用假冒润滑油导致主机烧瓦事故案例.md:normalized_chars=801:855,https://zenodo.org/records/20258638,shipkg:source:c43373084e8b,INVOLVES,shipkg:fault:85aa68cd2748,edge:57f3dfaafc35f579,ev:52b30ba4186f4924,4.3
油品课堂第六讲某船使用假冒润滑油导致主机烧瓦事故案例,资料来源,来源可靠性层级：二次语料；专家核验状态：待核验；使用限制：二次语料；仅已核对原文，待专业人员复核；不得替代厂家手册或实船检验；知识层级：二次中文语料知识；适用范围：二次转载文章，船舶/原始报告身份未核实；不计入正式事故案例；来源层级：文章级,涉及,滑油系统油泥沉积,工况与状态,来源可靠性层级：二次语料；专家核验状态：待核验；知识层级：二次中文语料知识；适用范围：二次转载文章，船舶/原始报告身份未核实；不计入正式事故案例,非因果（归属、分类、检查或建议等）,中文二次语料记载（原文核对，待专家确认）,corpus:a4dd6412481f,marine_diesel_RAG_corpus_All_data.zip,train/油品课堂第六讲某船使用假冒润滑油导致主机烧瓦事故案例.md:normalized_chars=801:855,https://zenodo.org/records/20258638,shipkg:source:c43373084e8b,INVOLVES,shipkg:condition:08a6b875af93,edge:7aee7fe02aa525c5,ev:52b30ba4186f4924,4.3
油品课堂第六讲某船使用假冒润滑油导致主机烧瓦事故案例,资料来源,来源可靠性层级：二次语料；专家核验状态：待核验；使用限制：二次语料；仅已核对原文，待专业人员复核；不得替代厂家手册或实船检验；知识层级：二次中文语料知识；适用范围：二次转载文章，船舶/原始报告身份未核实；不计入正式事故案例；来源层级：文章级,涉及,轴承滑油供给不足,工况与状态,来源可靠性层级：二次语料；专家核验状态：待核验；知识层级：二次中文语料知识；适用范围：二次转载文章，船舶/原始报告身份未核实；不计入正式事故案例,非因果（归属、分类、检查或建议等）,中文二次语料记载（原文核对，待专家确认）,corpus:a4dd6412481f,marine_diesel_RAG_corpus_All_data.zip,train/油品课堂第六讲某船使用假冒润滑油导致主机烧瓦事故案例.md:normalized_chars=833:855,https://zenodo.org/records/20258638,shipkg:source:c43373084e8b,INVOLVES,shipkg:condition:74557e033406,edge:81492b5a471617dd,ev:2e3e9d1a590644e2,4.3
油品课堂第六讲某船使用假冒润滑油导致主机烧瓦事故案例,资料来源,来源可靠性层级：二次语料；专家核验状态：待核验；使用限制：二次语料；仅已核对原文，待专业人员复核；不得替代厂家手册或实船检验；知识层级：二次中文语料知识；适用范围：二次转载文章，船舶/原始报告身份未核实；不计入正式事故案例；来源层级：文章级,涉及,轴瓦烧伤,故障,来源可靠性层级：二次语料；专家核验状态：待核验；故障层级：事件/状态；知识层级：二次中文语料知识；适用范围：二次转载文章，船舶/原始报告身份未核实；不计入正式事故案例,非因果（归属、分类、检查或建议等）,中文二次语料记载（原文核对，待专家确认）,corpus:a4dd6412481f,marine_diesel_RAG_corpus_All_data.zip,train/油品课堂第六讲某船使用假冒润滑油导致主机烧瓦事故案例.md:normalized_chars=758:799,https://zenodo.org/records/20258638,shipkg:source:c43373084e8b,INVOLVES,shipkg:fault:c1790903ec79,edge:ac92b0a125fdd70c,ev:917b8bb501937d8c,4.3
油品课堂第六讲某船使用假冒润滑油导致主机烧瓦事故案例,资料来源,来源可靠性层级：二次语料；专家核验状态：待核验；使用限制：二次语料；仅已核对原文，待专业人员复核；不得替代厂家手册或实船检验；知识层级：二次中文语料知识；适用范围：二次转载文章，船舶/原始报告身份未核实；不计入正式事故案例；来源层级：文章级,涉及系统,润滑与轴承系统,系统,系统层级：功能系统,非因果（归属、分类、检查或建议等）,研究者分类（非因果结论）,corpus:a4dd6412481f,marine_diesel_RAG_corpus_All_data.zip,train/油品课堂第六讲某船使用假冒润滑油导致主机烧瓦事故案例.md:normalized_chars=1030:1048,https://zenodo.org/records/20258638,shipkg:source:c43373084e8b,IN_SYSTEM,shipkg:subsystem:d08eaf16cc46,edge:e33059d053f8eb7c,ev:68e442e6761084d0,4.3
船机帮5S60ME船用柴油机喷油器故障分析与对策,资料来源,来源可靠性层级：二次语料；专家核验状态：待核验；使用限制：二次语料；仅已核对原文，待专业人员复核；不得替代厂家手册或实船检验；知识层级：二次中文语料知识；适用范围：MAN B&W 5S60ME-C7；不可套用具体装配尺寸、压力或紧固参数到其他机型；来源层级：文章级,来源于,Marine diesel intelligent operation and maintenance RAG corpus,资料来源,来源可靠性层级：二次语料；专家核验状态：待核验；使用限制：二次语料；仅已核对原文，待专业人员复核；不得替代厂家手册或实船检验；来源层级：资料级,非因果（归属、分类、检查或建议等）,中文二次语料记载（原文核对，待专家确认）,corpus:52b5fd5582ce,marine_diesel_RAG_corpus_All_data.zip,test/船机帮5S60ME船用柴油机喷油器故障分析与对策.md:normalized_chars=3257:3305,https://zenodo.org/records/20258638,shipkg:source:11240c91949b,DOCUMENTED_BY,shipkg:source:2b82c5707b27,edge:3546b65ec9e59a6d,ev:6aefb83d57eca3f4,4.3
船机帮5S60ME船用柴油机喷油器故障分析与对策,资料来源,来源可靠性层级：二次语料；专家核验状态：待核验；使用限制：二次语料；仅已核对原文，待专业人员复核；不得替代厂家手册或实船检验；知识层级：二次中文语料知识；适用范围：MAN B&W 5S60ME-C7；不可套用具体装配尺寸、压力或紧固参数到其他机型；来源层级：文章级,来源于,Marine diesel intelligent operation and maintenance RAG corpus,资料来源,来源可靠性层级：二次语料；专家核验状态：待核验；使用限制：二次语料；仅已核对原文，待专业人员复核；不得替代厂家手册或实船检验；来源层级：资料级,非因果（归属、分类、检查或建议等）,中文二次语料记载（原文核对，待专家确认）,corpus:52b5fd5582ce,marine_diesel_RAG_corpus_All_data.zip,test/船机帮5S60ME船用柴油机喷油器故障分析与对策.md:normalized_chars=1897:1940,https://zenodo.org/records/20258638,shipkg:source:11240c91949b,DOCUMENTED_BY,shipkg:source:2b82c5707b27,edge:6cd2881f29c18a24,ev:9e99f9796f615fc6,4.3
船机帮5S60ME船用柴油机喷油器故障分析与对策,资料来源,来源可靠性层级：二次语料；专家核验状态：待核验；使用限制：二次语料；仅已核对原文，待专业人员复核；不得替代厂家手册或实船检验；知识层级：二次中文语料知识；适用范围：MAN B&W 5S60ME-C7；不可套用具体装配尺寸、压力或紧固参数到其他机型；来源层级：文章级,来源于,Marine diesel intelligent operation and maintenance RAG corpus,资料来源,来源可靠性层级：二次语料；专家核验状态：待核验；使用限制：二次语料；仅已核对原文，待专业人员复核；不得替代厂家手册或实船检验；来源层级：资料级,非因果（归属、分类、检查或建议等）,中文二次语料记载（原文核对，待专家确认）,corpus:52b5fd5582ce,marine_diesel_RAG_corpus_All_data.zip,test/船机帮5S60ME船用柴油机喷油器故障分析与对策.md:normalized_chars=1796:1849,https://zenodo.org/records/20258638,shipkg:source:11240c91949b,DOCUMENTED_BY,shipkg:source:2b82c5707b27,edge:7e805f5c4cb41c42,ev:84eae7025d813fa6,4.3
船机帮5S60ME船用柴油机喷油器故障分析与对策,资料来源,来源可靠性层级：二次语料；专家核验状态：待核验；使用限制：二次语料；仅已核对原文，待专业人员复核；不得替代厂家手册或实船检验；知识层级：二次中文语料知识；适用范围：MAN B&W 5S60ME-C7；不可套用具体装配尺寸、压力或紧固参数到其他机型；来源层级：文章级,涉及,保持燃油净化设备正常运行并核验油质,运维措施,来源可靠性层级：二次语料；专家核验状态：待核验；知识层级：二次中文语料知识；适用范围：MAN B&W 5S60ME-C7；不可套用具体装配尺寸、压力或紧固参数到其他机型,非因果（归属、分类、检查或建议等）,中文二次语料记载（原文核对，待专家确认）,corpus:52b5fd5582ce,marine_diesel_RAG_corpus_All_data.zip,test/船机帮5S60ME船用柴油机喷油器故障分析与对策.md:normalized_chars=3257:3305,https://zenodo.org/records/20258638,shipkg:source:11240c91949b,INVOLVES,shipkg:action:8b43a0d0771f,edge:ceffe25065a724ef,ev:6aefb83d57eca3f4,4.3
船机帮5S60ME船用柴油机喷油器故障分析与对策,资料来源,来源可靠性层级：二次语料；专家核验状态：待核验；使用限制：二次语料；仅已核对原文，待专业人员复核；不得替代厂家手册或实船检验；知识层级：二次中文语料知识；适用范围：MAN B&W 5S60ME-C7；不可套用具体装配尺寸、压力或紧固参数到其他机型；来源层级：文章级,涉及,单缸排气温度降低,症状,来源可靠性层级：二次语料；专家核验状态：待核验；知识层级：二次中文语料知识；适用范围：MAN B&W 5S60ME-C7；不可套用具体装配尺寸、压力或紧固参数到其他机型,非因果（归属、分类、检查或建议等）,中文二次语料记载（原文核对，待专家确认）,corpus:52b5fd5582ce,marine_diesel_RAG_corpus_All_data.zip,test/船机帮5S60ME船用柴油机喷油器故障分析与对策.md:normalized_chars=1897:1940,https://zenodo.org/records/20258638,shipkg:source:11240c91949b,INVOLVES,shipkg:symptom:d27e0dff0004,edge:e9aedece425e43fa,ev:9e99f9796f615fc6,4.3
船机帮5S60ME船用柴油机喷油器故障分析与对策,资料来源,来源可靠性层级：二次语料；专家核验状态：待核验；使用限制：二次语料；仅已核对原文，待专业人员复核；不得替代厂家手册或实船检验；知识层级：二次中文语料知识；适用范围：MAN B&W 5S60ME-C7；不可套用具体装配尺寸、压力或紧固参数到其他机型；来源层级：文章级,涉及,喷油器壳体密封锥面裂纹,故障,来源可靠性层级：二次语料；专家核验状态：待核验；故障层级：事件/状态；知识层级：二次中文语料知识；适用范围：MAN B&W 5S60ME-C7；不可套用具体装配尺寸、压力或紧固参数到其他机型,非因果（归属、分类、检查或建议等）,中文二次语料记载（原文核对，待专家确认）,corpus:52b5fd5582ce,marine_diesel_RAG_corpus_All_data.zip,test/船机帮5S60ME船用柴油机喷油器故障分析与对策.md:normalized_chars=1796:1849,https://zenodo.org/records/20258638,shipkg:source:11240c91949b,INVOLVES,shipkg:fault:3a4dcd0905d0,edge:fbba62afb97a5eed,ev:84eae7025d813fa6,4.3
船机帮5S60ME船用柴油机喷油器故障分析与对策,资料来源,来源可靠性层级：二次语料；专家核验状态：待核验；使用限制：二次语料；仅已核对原文，待专业人员复核；不得替代厂家手册或实船检验；知识层级：二次中文语料知识；适用范围：MAN B&W 5S60ME-C7；不可套用具体装配尺寸、压力或紧固参数到其他机型；来源层级：文章级,涉及,喷油器针阀过热卡死,故障,来源可靠性层级：二次语料；专家核验状态：待核验；故障层级：事件/状态；知识层级：二次中文语料知识；适用范围：MAN B&W 5S60ME-C7；不可套用具体装配尺寸、压力或紧固参数到其他机型,非因果（归属、分类、检查或建议等）,中文二次语料记载（原文核对，待专家确认）,corpus:52b5fd5582ce,marine_diesel_RAG_corpus_All_data.zip,test/船机帮5S60ME船用柴油机喷油器故障分析与对策.md:normalized_chars=1897:1940,https://zenodo.org/records/20258638,shipkg:source:11240c91949b,INVOLVES,shipkg:fault:9952999321ed,edge:21290f55a4eeafa4,ev:9e99f9796f615fc6,4.3
船机帮5S60ME船用柴油机喷油器故障分析与对策,资料来源,来源可靠性层级：二次语料；专家核验状态：待核验；使用限制：二次语料；仅已核对原文，待专业人员复核；不得替代厂家手册或实船检验；知识层级：二次中文语料知识；适用范围：MAN B&W 5S60ME-C7；不可套用具体装配尺寸、压力或紧固参数到其他机型；来源层级：文章级,涉及,燃油固体颗粒造成针阀运动受阻,原因,来源可靠性层级：二次语料；专家核验状态：待核验；知识层级：二次中文语料知识；适用范围：MAN B&W 5S60ME-C7；不可套用具体装配尺寸、压力或紧固参数到其他机型,非因果（归属、分类、检查或建议等）,中文二次语料记载（原文核对，待专家确认）,corpus:52b5fd5582ce,marine_diesel_RAG_corpus_All_data.zip,test/船机帮5S60ME船用柴油机喷油器故障分析与对策.md:normalized_chars=3257:3305,https://zenodo.org/records/20258638,shipkg:source:11240c91949b,INVOLVES,shipkg:cause:09b94e18611e,edge:75c476c891fd2e52,ev:6aefb83d57eca3f4,4.3
船机帮5S60ME船用柴油机喷油器故障分析与对策,资料来源,来源可靠性层级：二次语料；专家核验状态：待核验；使用限制：二次语料；仅已核对原文，待专业人员复核；不得替代厂家手册或实船检验；知识层级：二次中文语料知识；适用范围：MAN B&W 5S60ME-C7；不可套用具体装配尺寸、压力或紧固参数到其他机型；来源层级：文章级,涉及,燃油集油筒低液位报警,症状,来源可靠性层级：二次语料；专家核验状态：待核验；知识层级：二次中文语料知识；适用范围：MAN B&W 5S60ME-C7；不可套用具体装配尺寸、压力或紧固参数到其他机型,非因果（归属、分类、检查或建议等）,中文二次语料记载（原文核对，待专家确认）,corpus:52b5fd5582ce,marine_diesel_RAG_corpus_All_data.zip,test/船机帮5S60ME船用柴油机喷油器故障分析与对策.md:normalized_chars=1796:1849,https://zenodo.org/records/20258638,shipkg:source:11240c91949b,INVOLVES,shipkg:symptom:de5f9088f008,edge:4ac79deb0a197c7c,ev:84eae7025d813fa6,4.3
船机帮5S60ME船用柴油机喷油器故障分析与对策,资料来源,来源可靠性层级：二次语料；专家核验状态：待核验；使用限制：二次语料；仅已核对原文，待专业人员复核；不得替代厂家手册或实船检验；知识层级：二次中文语料知识；适用范围：MAN B&W 5S60ME-C7；不可套用具体装配尺寸、压力或紧固参数到其他机型；来源层级：文章级,涉及,高温燃气进入低压回油,工况与状态,来源可靠性层级：二次语料；专家核验状态：待核验；知识层级：二次中文语料知识；适用范围：MAN B&W 5S60ME-C7；不可套用具体装配尺寸、压力或紧固参数到其他机型,非因果（归属、分类、检查或建议等）,中文二次语料记载（原文核对，待专家确认）,corpus:52b5fd5582ce,marine_diesel_RAG_corpus_All_data.zip,test/船机帮5S60ME船用柴油机喷油器故障分析与对策.md:normalized_chars=1796:1849,https://zenodo.org/records/20258638,shipkg:source:11240c91949b,INVOLVES,shipkg:condition:77b5ca08736f,edge:84812df09500bec5,ev:84eae7025d813fa6,4.3
船机帮5S60ME船用柴油机喷油器故障分析与对策,资料来源,来源可靠性层级：二次语料；专家核验状态：待核验；使用限制：二次语料；仅已核对原文，待专业人员复核；不得替代厂家手册或实船检验；知识层级：二次中文语料知识；适用范围：MAN B&W 5S60ME-C7；不可套用具体装配尺寸、压力或紧固参数到其他机型；来源层级：文章级,涉及系统,燃油与进排气系统,系统,系统层级：功能系统,非因果（归属、分类、检查或建议等）,研究者分类（非因果结论）,corpus:52b5fd5582ce,marine_diesel_RAG_corpus_All_data.zip,test/船机帮5S60ME船用柴油机喷油器故障分析与对策.md:normalized_chars=3257:3305,https://zenodo.org/records/20258638,shipkg:source:11240c91949b,IN_SYSTEM,shipkg:subsystem:52e7560c8465,edge:35b21f4ed8f463f3,ev:6aefb83d57eca3f4,4.3
船机帮MANKSZ型柴油机活塞冷却系统故障分析,资料来源,来源可靠性层级：二次语料；专家核验状态：待核验；使用限制：二次语料；仅已核对原文，待专业人员复核；不得替代厂家手册或实船检验；知识层级：二次中文语料知识；适用范围：MAN K9SZ52/105B/BL活塞水冷机型，不能推广到油冷活塞；来源层级：文章级,来源于,Marine diesel intelligent operation and maintenance RAG corpus,资料来源,来源可靠性层级：二次语料；专家核验状态：待核验；使用限制：二次语料；仅已核对原文，待专业人员复核；不得替代厂家手册或实船检验；来源层级：资料级,非因果（归属、分类、检查或建议等）,中文二次语料记载（原文核对，待专家确认）,corpus:12ef93cebbe6,marine_diesel_RAG_corpus_All_data.zip,val/船机帮MANKSZ型柴油机活塞冷却系统故障分析.md:normalized_chars=1823:1860,https://zenodo.org/records/20258638,shipkg:source:43d1ed5b934e,DOCUMENTED_BY,shipkg:source:2b82c5707b27,edge:07bc46b578dc25a9,ev:c1fd17556af00004,4.3
船机帮MANKSZ型柴油机活塞冷却系统故障分析,资料来源,来源可靠性层级：二次语料；专家核验状态：待核验；使用限制：二次语料；仅已核对原文，待专业人员复核；不得替代厂家手册或实船检验；知识层级：二次中文语料知识；适用范围：MAN K9SZ52/105B/BL活塞水冷机型，不能推广到油冷活塞；来源层级：文章级,来源于,Marine diesel intelligent operation and maintenance RAG corpus,资料来源,来源可靠性层级：二次语料；专家核验状态：待核验；使用限制：二次语料；仅已核对原文，待专业人员复核；不得替代厂家手册或实船检验；来源层级：资料级,非因果（归属、分类、检查或建议等）,中文二次语料记载（原文核对，待专家确认）,corpus:12ef93cebbe6,marine_diesel_RAG_corpus_All_data.zip,val/船机帮MANKSZ型柴油机活塞冷却系统故障分析.md:normalized_chars=1772:1822,https://zenodo.org/records/20258638,shipkg:source:43d1ed5b934e,DOCUMENTED_BY,shipkg:source:2b82c5707b27,edge:b4da6d63d46a38e7,ev:42eae0adf1cf8624,4.3
船机帮MANKSZ型柴油机活塞冷却系统故障分析,资料来源,来源可靠性层级：二次语料；专家核验状态：待核验；使用限制：二次语料；仅已核对原文，待专业人员复核；不得替代厂家手册或实船检验；知识层级：二次中文语料知识；适用范围：MAN K9SZ52/105B/BL活塞水冷机型，不能推广到油冷活塞；来源层级：文章级,来源于,Marine diesel intelligent operation and maintenance RAG corpus,资料来源,来源可靠性层级：二次语料；专家核验状态：待核验；使用限制：二次语料；仅已核对原文，待专业人员复核；不得替代厂家手册或实船检验；来源层级：资料级,非因果（归属、分类、检查或建议等）,中文二次语料记载（原文核对，待专家确认）,corpus:12ef93cebbe6,marine_diesel_RAG_corpus_All_data.zip,val/船机帮MANKSZ型柴油机活塞冷却系统故障分析.md:normalized_chars=1719:1737,https://zenodo.org/records/20258638,shipkg:source:43d1ed5b934e,DOCUMENTED_BY,shipkg:source:2b82c5707b27,edge:f424fd6a3185d2a2,ev:a3bddcfd822cb1c3,4.3
船机帮MANKSZ型柴油机活塞冷却系统故障分析,资料来源,来源可靠性层级：二次语料；专家核验状态：待核验；使用限制：二次语料；仅已核对原文，待专业人员复核；不得替代厂家手册或实船检验；知识层级：二次中文语料知识；适用范围：MAN K9SZ52/105B/BL活塞水冷机型，不能推广到油冷活塞；来源层级：文章级,涉及,检查活塞顶部冷却喷孔通畅性,检查方法,来源可靠性层级：二次语料；专家核验状态：待核验；知识层级：二次中文语料知识；适用范围：MAN K9SZ52/105B/BL活塞水冷机型，不能推广到油冷活塞,非因果（归属、分类、检查或建议等）,中文二次语料记载（原文核对，待专家确认）,corpus:12ef93cebbe6,marine_diesel_RAG_corpus_All_data.zip,val/船机帮MANKSZ型柴油机活塞冷却系统故障分析.md:normalized_chars=1719:1737,https://zenodo.org/records/20258638,shipkg:source:43d1ed5b934e,INVOLVES,shipkg:check:8f22ecf20d3c,edge:b757911f1ac2669e,ev:a3bddcfd822cb1c3,4.3
船机帮MANKSZ型柴油机活塞冷却系统故障分析,资料来源,来源可靠性层级：二次语料；专家核验状态：待核验；使用限制：二次语料；仅已核对原文，待专业人员复核；不得替代厂家手册或实船检验；知识层级：二次中文语料知识；适用范围：MAN K9SZ52/105B/BL活塞水冷机型，不能推广到油冷活塞；来源层级：文章级,涉及,活塞冷却喷嘴板堵塞,故障,来源可靠性层级：二次语料；专家核验状态：待核验；故障层级：事件/状态；知识层级：二次中文语料知识；适用范围：MAN K9SZ52/105B/BL活塞水冷机型，不能推广到油冷活塞,非因果（归属、分类、检查或建议等）,中文二次语料记载（原文核对，待专家确认）,corpus:12ef93cebbe6,marine_diesel_RAG_corpus_All_data.zip,val/船机帮MANKSZ型柴油机活塞冷却系统故障分析.md:normalized_chars=1772:1822,https://zenodo.org/records/20258638,shipkg:source:43d1ed5b934e,INVOLVES,shipkg:fault:ae2f9abe8a1b,edge:e018d427a7d70a5b,ev:42eae0adf1cf8624,4.3
船机帮MANKSZ型柴油机活塞冷却系统故障分析,资料来源,来源可靠性层级：二次语料；专家核验状态：待核验；使用限制：二次语料；仅已核对原文，待专业人员复核；不得替代厂家手册或实船检验；知识层级：二次中文语料知识；适用范围：MAN K9SZ52/105B/BL活塞水冷机型，不能推广到油冷活塞；来源层级：文章级,涉及,活塞冷却水进口温度高于出口,症状,来源可靠性层级：二次语料；专家核验状态：待核验；知识层级：二次中文语料知识；适用范围：MAN K9SZ52/105B/BL活塞水冷机型，不能推广到油冷活塞,非因果（归属、分类、检查或建议等）,中文二次语料记载（原文核对，待专家确认）,corpus:12ef93cebbe6,marine_diesel_RAG_corpus_All_data.zip,val/船机帮MANKSZ型柴油机活塞冷却系统故障分析.md:normalized_chars=1823:1860,https://zenodo.org/records/20258638,shipkg:source:43d1ed5b934e,INVOLVES,shipkg:symptom:e390cb3d3b75,edge:d79e3de917ff32d1,ev:c1fd17556af00004,4.3
船机帮MANKSZ型柴油机活塞冷却系统故障分析,资料来源,来源可靠性层级：二次语料；专家核验状态：待核验；使用限制：二次语料；仅已核对原文，待专业人员复核；不得替代厂家手册或实船检验；知识层级：二次中文语料知识；适用范围：MAN K9SZ52/105B/BL活塞水冷机型，不能推广到油冷活塞；来源层级：文章级,涉及,活塞顶部冷却水量不足,工况与状态,来源可靠性层级：二次语料；专家核验状态：待核验；知识层级：二次中文语料知识；适用范围：MAN K9SZ52/105B/BL活塞水冷机型，不能推广到油冷活塞,非因果（归属、分类、检查或建议等）,中文二次语料记载（原文核对，待专家确认）,corpus:12ef93cebbe6,marine_diesel_RAG_corpus_All_data.zip,val/船机帮MANKSZ型柴油机活塞冷却系统故障分析.md:normalized_chars=1772:1822,https://zenodo.org/records/20258638,shipkg:source:43d1ed5b934e,INVOLVES,shipkg:condition:e80f40bef095,edge:4195adf4d3185868,ev:42eae0adf1cf8624,4.3
船机帮MANKSZ型柴油机活塞冷却系统故障分析,资料来源,来源可靠性层级：二次语料；专家核验状态：待核验；使用限制：二次语料；仅已核对原文，待专业人员复核；不得替代厂家手册或实船检验；知识层级：二次中文语料知识；适用范围：MAN K9SZ52/105B/BL活塞水冷机型，不能推广到油冷活塞；来源层级：文章级,涉及,活塞顶部过热,故障,来源可靠性层级：二次语料；专家核验状态：待核验；故障层级：事件/状态；知识层级：二次中文语料知识；适用范围：MAN K9SZ52/105B/BL活塞水冷机型，不能推广到油冷活塞,非因果（归属、分类、检查或建议等）,中文二次语料记载（原文核对，待专家确认）,corpus:12ef93cebbe6,marine_diesel_RAG_corpus_All_data.zip,val/船机帮MANKSZ型柴油机活塞冷却系统故障分析.md:normalized_chars=1772:1822,https://zenodo.org/records/20258638,shipkg:source:43d1ed5b934e,INVOLVES,shipkg:fault:a225362590b3,edge:686fd148134e0a64,ev:42eae0adf1cf8624,4.3
船机帮MANKSZ型柴油机活塞冷却系统故障分析,资料来源,来源可靠性层级：二次语料；专家核验状态：待核验；使用限制：二次语料；仅已核对原文，待专业人员复核；不得替代厂家手册或实船检验；知识层级：二次中文语料知识；适用范围：MAN K9SZ52/105B/BL活塞水冷机型，不能推广到油冷活塞；来源层级：文章级,涉及,进水套管内冷却水流通受阻,工况与状态,来源可靠性层级：二次语料；专家核验状态：待核验；知识层级：二次中文语料知识；适用范围：MAN K9SZ52/105B/BL活塞水冷机型，不能推广到油冷活塞,非因果（归属、分类、检查或建议等）,中文二次语料记载（原文核对，待专家确认）,corpus:12ef93cebbe6,marine_diesel_RAG_corpus_All_data.zip,val/船机帮MANKSZ型柴油机活塞冷却系统故障分析.md:normalized_chars=1823:1860,https://zenodo.org/records/20258638,shipkg:source:43d1ed5b934e,INVOLVES,shipkg:condition:e0733b813cb5,edge:c8c9f1b3c1d4de0a,ev:c1fd17556af00004,4.3
船机帮MANKSZ型柴油机活塞冷却系统故障分析,资料来源,来源可靠性层级：二次语料；专家核验状态：待核验；使用限制：二次语料；仅已核对原文，待专业人员复核；不得替代厂家手册或实船检验；知识层级：二次中文语料知识；适用范围：MAN K9SZ52/105B/BL活塞水冷机型，不能推广到油冷活塞；来源层级：文章级,涉及系统,冷却与海水系统,系统,系统层级：功能系统,非因果（归属、分类、检查或建议等）,研究者分类（非因果结论）,corpus:12ef93cebbe6,marine_diesel_RAG_corpus_All_data.zip,val/船机帮MANKSZ型柴油机活塞冷却系统故障分析.md:normalized_chars=1719:1737,https://zenodo.org/records/20258638,shipkg:source:43d1ed5b934e,IN_SYSTEM,shipkg:subsystem:512427f592b7,edge:f60eb2af2421b119,ev:a3bddcfd822cb1c3,4.3
船机帮一起副机冷却水失压停车故障的处理和原因分析,资料来源,来源可靠性层级：二次语料；专家核验状态：待核验；使用限制：二次语料；仅已核对原文，待专业人员复核；不得替代厂家手册或实船检验；知识层级：二次中文语料知识；适用范围：文中共享中央淡水冷却回路；须核对本船空压机冷却器与副机回路连接；来源层级：文章级,来源于,Marine diesel intelligent operation and maintenance RAG corpus,资料来源,来源可靠性层级：二次语料；专家核验状态：待核验；使用限制：二次语料；仅已核对原文，待专业人员复核；不得替代厂家手册或实船检验；来源层级：资料级,非因果（归属、分类、检查或建议等）,中文二次语料记载（原文核对，待专家确认）,corpus:3fc204fbafaf,marine_diesel_RAG_corpus_All_data.zip,test/船机帮一起副机冷却水失压停车故障的处理和原因分析.md:normalized_chars=1288:1348,https://zenodo.org/records/20258638,shipkg:source:63ae1de8222a,DOCUMENTED_BY,shipkg:source:2b82c5707b27,edge:1bfe8cac16b4c848,ev:66afec948afc4341,4.3
船机帮一起副机冷却水失压停车故障的处理和原因分析,资料来源,来源可靠性层级：二次语料；专家核验状态：待核验；使用限制：二次语料；仅已核对原文，待专业人员复核；不得替代厂家手册或实船检验；知识层级：二次中文语料知识；适用范围：文中共享中央淡水冷却回路；须核对本船空压机冷却器与副机回路连接；来源层级：文章级,来源于,Marine diesel intelligent operation and maintenance RAG corpus,资料来源,来源可靠性层级：二次语料；专家核验状态：待核验；使用限制：二次语料；仅已核对原文，待专业人员复核；不得替代厂家手册或实船检验；来源层级：资料级,非因果（归属、分类、检查或建议等）,中文二次语料记载（原文核对，待专家确认）,corpus:3fc204fbafaf,marine_diesel_RAG_corpus_All_data.zip,test/船机帮一起副机冷却水失压停车故障的处理和原因分析.md:normalized_chars=443:493,https://zenodo.org/records/20258638,shipkg:source:63ae1de8222a,DOCUMENTED_BY,shipkg:source:2b82c5707b27,edge:3655c21324b0dece,ev:5c40f5b749ac4235,4.3
船机帮一起副机冷却水失压停车故障的处理和原因分析,资料来源,来源可靠性层级：二次语料；专家核验状态：待核验；使用限制：二次语料；仅已核对原文，待专业人员复核；不得替代厂家手册或实船检验；知识层级：二次中文语料知识；适用范围：文中共享中央淡水冷却回路；须核对本船空压机冷却器与副机回路连接；来源层级：文章级,来源于,Marine diesel intelligent operation and maintenance RAG corpus,资料来源,来源可靠性层级：二次语料；专家核验状态：待核验；使用限制：二次语料；仅已核对原文，待专业人员复核；不得替代厂家手册或实船检验；来源层级：资料级,非因果（归属、分类、检查或建议等）,中文二次语料记载（原文核对，待专家确认）,corpus:3fc204fbafaf,marine_diesel_RAG_corpus_All_data.zip,test/船机帮一起副机冷却水失压停车故障的处理和原因分析.md:normalized_chars=2607:2636,https://zenodo.org/records/20258638,shipkg:source:63ae1de8222a,DOCUMENTED_BY,shipkg:source:2b82c5707b27,edge:4ac6e6b3385c9bef,ev:4e60794f7284f03e,4.3
船机帮一起副机冷却水失压停车故障的处理和原因分析,资料来源,来源可靠性层级：二次语料；专家核验状态：待核验；使用限制：二次语料；仅已核对原文，待专业人员复核；不得替代厂家手册或实船检验；知识层级：二次中文语料知识；适用范围：文中共享中央淡水冷却回路；须核对本船空压机冷却器与副机回路连接；来源层级：文章级,来源于,Marine diesel intelligent operation and maintenance RAG corpus,资料来源,来源可靠性层级：二次语料；专家核验状态：待核验；使用限制：二次语料；仅已核对原文，待专业人员复核；不得替代厂家手册或实船检验；来源层级：资料级,非因果（归属、分类、检查或建议等）,中文二次语料记载（原文核对，待专家确认）,corpus:3fc204fbafaf,marine_diesel_RAG_corpus_All_data.zip,test/船机帮一起副机冷却水失压停车故障的处理和原因分析.md:normalized_chars=2659:2683,https://zenodo.org/records/20258638,shipkg:source:63ae1de8222a,DOCUMENTED_BY,shipkg:source:2b82c5707b27,edge:621d2b7548bcdf29,ev:95be0e10b1cf4a14,4.3
船机帮一起副机冷却水失压停车故障的处理和原因分析,资料来源,来源可靠性层级：二次语料；专家核验状态：待核验；使用限制：二次语料；仅已核对原文，待专业人员复核；不得替代厂家手册或实船检验；知识层级：二次中文语料知识；适用范围：文中共享中央淡水冷却回路；须核对本船空压机冷却器与副机回路连接；来源层级：文章级,来源于,Marine diesel intelligent operation and maintenance RAG corpus,资料来源,来源可靠性层级：二次语料；专家核验状态：待核验；使用限制：二次语料；仅已核对原文，待专业人员复核；不得替代厂家手册或实船检验；来源层级：资料级,非因果（归属、分类、检查或建议等）,中文二次语料记载（原文核对，待专家确认）,corpus:3fc204fbafaf,marine_diesel_RAG_corpus_All_data.zip,test/船机帮一起副机冷却水失压停车故障的处理和原因分析.md:normalized_chars=1324:1348,https://zenodo.org/records/20258638,shipkg:source:63ae1de8222a,DOCUMENTED_BY,shipkg:source:2b82c5707b27,edge:c4a32a4edb1f0305,ev:5a20d40e7fad62d8,4.3
船机帮一起副机冷却水失压停车故障的处理和原因分析,资料来源,来源可靠性层级：二次语料；专家核验状态：待核验；使用限制：二次语料；仅已核对原文，待专业人员复核；不得替代厂家手册或实船检验；知识层级：二次中文语料知识；适用范围：文中共享中央淡水冷却回路；须核对本船空压机冷却器与副机回路连接；来源层级：文章级,来源于,Marine diesel intelligent operation and maintenance RAG corpus,资料来源,来源可靠性层级：二次语料；专家核验状态：待核验；使用限制：二次语料；仅已核对原文，待专业人员复核；不得替代厂家手册或实船检验；来源层级：资料级,非因果（归属、分类、检查或建议等）,中文二次语料记载（原文核对，待专家确认）,corpus:3fc204fbafaf,marine_diesel_RAG_corpus_All_data.zip,test/船机帮一起副机冷却水失压停车故障的处理和原因分析.md:normalized_chars=2638:2657,https://zenodo.org/records/20258638,shipkg:source:63ae1de8222a,DOCUMENTED_BY,shipkg:source:2b82c5707b27,edge:cb6899bceb720037,ev:ee063184a950352f,4.3
船机帮一起副机冷却水失压停车故障的处理和原因分析,资料来源,来源可靠性层级：二次语料；专家核验状态：待核验；使用限制：二次语料；仅已核对原文，待专业人员复核；不得替代厂家手册或实船检验；知识层级：二次中文语料知识；适用范围：文中共享中央淡水冷却回路；须核对本船空压机冷却器与副机回路连接；来源层级：文章级,涉及,冷却水泵吸空,故障,来源可靠性层级：二次语料；专家核验状态：待核验；故障层级：事件/状态；知识层级：二次中文语料知识；适用范围：文中共享中央淡水冷却回路；须核对本船空压机冷却器与副机回路连接,非因果（归属、分类、检查或建议等）,中文二次语料记载（原文核对，待专家确认）,corpus:3fc204fbafaf,marine_diesel_RAG_corpus_All_data.zip,test/船机帮一起副机冷却水失压停车故障的处理和原因分析.md:normalized_chars=1324:1348,https://zenodo.org/records/20258638,shipkg:source:63ae1de8222a,INVOLVES,shipkg:fault:1270ab231522,edge:3d9c416643a2fe29,ev:5a20d40e7fad62d8,4.3
船机帮一起副机冷却水失压停车故障的处理和原因分析,资料来源,来源可靠性层级：二次语料；专家核验状态：待核验；使用限制：二次语料；仅已核对原文，待专业人员复核；不得替代厂家手册或实船检验；知识层级：二次中文语料知识；适用范围：文中共享中央淡水冷却回路；须核对本船空压机冷却器与副机回路连接；来源层级：文章级,涉及,冷却淡水回路形成气囊,工况与状态,来源可靠性层级：二次语料；专家核验状态：待核验；知识层级：二次中文语料知识；适用范围：文中共享中央淡水冷却回路；须核对本船空压机冷却器与副机回路连接,非因果（归属、分类、检查或建议等）,中文二次语料记载（原文核对，待专家确认）,corpus:3fc204fbafaf,marine_diesel_RAG_corpus_All_data.zip,test/船机帮一起副机冷却水失压停车故障的处理和原因分析.md:normalized_chars=1288:1348,https://zenodo.org/records/20258638,shipkg:source:63ae1de8222a,INVOLVES,shipkg:condition:064a96919721,edge:6b4142b9bc18c3d9,ev:66afec948afc4341,4.3
船机帮一起副机冷却水失压停车故障的处理和原因分析,资料来源,来源可靠性层级：二次语料；专家核验状态：待核验；使用限制：二次语料；仅已核对原文，待专业人员复核；不得替代厂家手册或实船检验；知识层级：二次中文语料知识；适用范围：文中共享中央淡水冷却回路；须核对本船空压机冷却器与副机回路连接；来源层级：文章级,涉及,副机冷却水供给中断,工况与状态,来源可靠性层级：二次语料；专家核验状态：待核验；知识层级：二次中文语料知识；适用范围：文中共享中央淡水冷却回路；须核对本船空压机冷却器与副机回路连接,非因果（归属、分类、检查或建议等）,中文二次语料记载（原文核对，待专家确认）,corpus:3fc204fbafaf,marine_diesel_RAG_corpus_All_data.zip,test/船机帮一起副机冷却水失压停车故障的处理和原因分析.md:normalized_chars=1324:1348,https://zenodo.org/records/20258638,shipkg:source:63ae1de8222a,INVOLVES,shipkg:condition:c6be2b8a4cc5,edge:40fb144a96f08534,ev:5a20d40e7fad62d8,4.3
船机帮一起副机冷却水失压停车故障的处理和原因分析,资料来源,来源可靠性层级：二次语料；专家核验状态：待核验；使用限制：二次语料；仅已核对原文，待专业人员复核；不得替代厂家手册或实船检验；知识层级：二次中文语料知识；适用范围：文中共享中央淡水冷却回路；须核对本船空压机冷却器与副机回路连接；来源层级：文章级,涉及,副机高温保护停机,故障,来源可靠性层级：二次语料；专家核验状态：待核验；故障层级：事件/状态；知识层级：二次中文语料知识；适用范围：文中共享中央淡水冷却回路；须核对本船空压机冷却器与副机回路连接,非因果（归属、分类、检查或建议等）,中文二次语料记载（原文核对，待专家确认）,corpus:3fc204fbafaf,marine_diesel_RAG_corpus_All_data.zip,test/船机帮一起副机冷却水失压停车故障的处理和原因分析.md:normalized_chars=443:493,https://zenodo.org/records/20258638,shipkg:source:63ae1de8222a,INVOLVES,shipkg:fault:867357ffe291,edge:49641b6cfd57610f,ev:5c40f5b749ac4235,4.3
船机帮一起副机冷却水失压停车故障的处理和原因分析,资料来源,来源可靠性层级：二次语料；专家核验状态：待核验；使用限制：二次语料；仅已核对原文，待专业人员复核；不得替代厂家手册或实船检验；知识层级：二次中文语料知识；适用范围：文中共享中央淡水冷却回路；须核对本船空压机冷却器与副机回路连接；来源层级：文章级,涉及,压力空气进入共享冷却淡水回路,工况与状态,来源可靠性层级：二次语料；专家核验状态：待核验；知识层级：二次中文语料知识；适用范围：文中共享中央淡水冷却回路；须核对本船空压机冷却器与副机回路连接,非因果（归属、分类、检查或建议等）,中文二次语料记载（原文核对，待专家确认）,corpus:3fc204fbafaf,marine_diesel_RAG_corpus_All_data.zip,test/船机帮一起副机冷却水失压停车故障的处理和原因分析.md:normalized_chars=2638:2657,https://zenodo.org/records/20258638,shipkg:source:63ae1de8222a,INVOLVES,shipkg:condition:e79d7284b565,edge:401f55f044afbff6,ev:ee063184a950352f,4.3
船机帮一起副机冷却水失压停车故障的处理和原因分析,资料来源,来源可靠性层级：二次语料；专家核验状态：待核验；使用限制：二次语料；仅已核对原文，待专业人员复核；不得替代厂家手册或实船检验；知识层级：二次中文语料知识；适用范围：文中共享中央淡水冷却回路；须核对本船空压机冷却器与副机回路连接；来源层级：文章级,涉及,按机型规程隔离并检漏空压机冷却器,检查方法,来源可靠性层级：二次语料；专家核验状态：待核验；知识层级：二次中文语料知识；适用范围：文中共享中央淡水冷却回路；须核对本船空压机冷却器与副机回路连接,非因果（归属、分类、检查或建议等）,中文二次语料记载（原文核对，待专家确认）,corpus:3fc204fbafaf,marine_diesel_RAG_corpus_All_data.zip,test/船机帮一起副机冷却水失压停车故障的处理和原因分析.md:normalized_chars=2607:2636,https://zenodo.org/records/20258638,shipkg:source:63ae1de8222a,INVOLVES,shipkg:check:3e070698e3cd,edge:ec0df30ad19b0721,ev:4e60794f7284f03e,4.3
船机帮一起副机冷却水失压停车故障的处理和原因分析,资料来源,来源可靠性层级：二次语料；专家核验状态：待核验；使用限制：二次语料；仅已核对原文，待专业人员复核；不得替代厂家手册或实船检验；知识层级：二次中文语料知识；适用范围：文中共享中央淡水冷却回路；须核对本船空压机冷却器与副机回路连接；来源层级：文章级,涉及,由合格人员修复检验确认的空压机冷却器渗漏,运维措施,来源可靠性层级：二次语料；专家核验状态：待核验；知识层级：二次中文语料知识；适用范围：文中共享中央淡水冷却回路；须核对本船空压机冷却器与副机回路连接,非因果（归属、分类、检查或建议等）,中文二次语料记载（原文核对，待专家确认）,corpus:3fc204fbafaf,marine_diesel_RAG_corpus_All_data.zip,test/船机帮一起副机冷却水失压停车故障的处理和原因分析.md:normalized_chars=2659:2683,https://zenodo.org/records/20258638,shipkg:source:63ae1de8222a,INVOLVES,shipkg:action:39c3856aab87,edge:904a5a2567cd1d76,ev:95be0e10b1cf4a14,4.3
船机帮一起副机冷却水失压停车故障的处理和原因分析,资料来源,来源可靠性层级：二次语料；专家核验状态：待核验；使用限制：二次语料；仅已核对原文，待专业人员复核；不得替代厂家手册或实船检验；知识层级：二次中文语料知识；适用范围：文中共享中央淡水冷却回路；须核对本船空压机冷却器与副机回路连接；来源层级：文章级,涉及,空压机高压冷却器渗漏,故障,来源可靠性层级：二次语料；专家核验状态：待核验；故障层级：事件/状态；知识层级：二次中文语料知识；适用范围：文中共享中央淡水冷却回路；须核对本船空压机冷却器与副机回路连接,非因果（归属、分类、检查或建议等）,中文二次语料记载（原文核对，待专家确认）,corpus:3fc204fbafaf,marine_diesel_RAG_corpus_All_data.zip,test/船机帮一起副机冷却水失压停车故障的处理和原因分析.md:normalized_chars=2638:2657,https://zenodo.org/records/20258638,shipkg:source:63ae1de8222a,INVOLVES,shipkg:fault:2dae085915ff,edge:4fecca420f549641,ev:ee063184a950352f,4.3
船机帮一起副机冷却水失压停车故障的处理和原因分析,资料来源,来源可靠性层级：二次语料；专家核验状态：待核验；使用限制：二次语料；仅已核对原文，待专业人员复核；不得替代厂家手册或实船检验；知识层级：二次中文语料知识；适用范围：文中共享中央淡水冷却回路；须核对本船空压机冷却器与副机回路连接；来源层级：文章级,涉及系统,冷却与海水系统,系统,系统层级：功能系统,非因果（归属、分类、检查或建议等）,研究者分类（非因果结论）,corpus:3fc204fbafaf,marine_diesel_RAG_corpus_All_data.zip,test/船机帮一起副机冷却水失压停车故障的处理和原因分析.md:normalized_chars=2659:2683,https://zenodo.org/records/20258638,shipkg:source:63ae1de8222a,IN_SYSTEM,shipkg:subsystem:512427f592b7,edge:52f1ac041bbcb82b,ev:95be0e10b1cf4a14,4.3
